#        weight    minuslogpost         Omega_m   minuslogprior minuslogprior__0            chi2 chi2__functions_and_classes.SO_x_DESI_Likelihood_w_emulator
              1      -6365.0243      0.31677544      -3.2794303       -3.2794303       -12723.49                                                   -12723.49
              1      -6363.0319      0.32661585      -3.0303303       -3.0303303      -12720.003                                                  -12720.003
              3      -6363.8638      0.32397907      -3.1392874       -3.1392874      -12721.449                                                  -12721.449
              3      -6364.5976      0.32066908      -3.2323215       -3.2323215      -12722.731                                                  -12722.731
              1      -6364.4459       0.3214988      -3.2135737       -3.2135737      -12722.465                                                  -12722.465
              5      -6364.7414      0.31974479      -3.2496033       -3.2496033      -12722.984                                                  -12722.984
              2      -6364.6895      0.32009871      -3.2434346       -3.2434346      -12722.892                                                  -12722.892
              3      -6364.9047      0.31189255      -3.2432751       -3.2432751      -12723.323                                                  -12723.323
              1      -6364.6074      0.30963589      -3.1907624       -3.1907624      -12722.833                                                  -12722.833
              1       -6364.456      0.30878662       -3.165138        -3.165138      -12722.582                                                  -12722.582
              2      -6363.6077      0.30528063      -3.0254226       -3.0254226      -12721.165                                                  -12721.165
              1      -6363.8396      0.30610564      -3.0632145       -3.0632145      -12721.553                                                  -12721.553
              1      -6361.8336      0.30039725      -2.7397759       -2.7397759      -12718.188                                                  -12718.188
              1      -6362.5603      0.30217997      -2.8563372       -2.8563372      -12719.408                                                  -12719.408
              4      -6364.3559      0.32194319      -3.2022743       -3.2022743      -12722.307                                                  -12722.307
              1      -6364.3971      0.32174274      -3.2074797       -3.2074797      -12722.379                                                  -12722.379
              1       -6362.448      0.32814445      -2.9530159       -2.9530159       -12718.99                                                   -12718.99
              2      -6362.3314      0.32842814       -2.937525        -2.937525      -12718.788                                                  -12718.788
              1       -6363.046      0.32657632      -3.0321918       -3.0321918      -12720.028                                                  -12720.028
              1      -6362.9437      0.32685977      -3.0186897       -3.0186897       -12719.85                                                   -12719.85
              3      -6364.9902      0.31735905      -3.2766621       -3.2766621      -12723.427                                                  -12723.427
              1      -6364.8498      0.31137349      -3.2332008       -3.2332008      -12723.233                                                  -12723.233
              1      -6364.8201      0.31914879      -3.2587335       -3.2587335      -12723.123                                                  -12723.123
              1       -6365.018      0.31689765      -3.2789759       -3.2789759      -12723.478                                                  -12723.478
              1      -6365.0464      0.31624782      -3.2806301       -3.2806301      -12723.531                                                  -12723.531
              2      -6364.4828      0.32130587       -3.218206        -3.218206      -12722.529                                                  -12722.529
              1      -6365.0641      0.31492371      -3.2781923       -3.2781923      -12723.572                                                  -12723.572
              1      -6364.7704       0.3195344      -3.2530066       -3.2530066      -12723.035                                                  -12723.035
              2      -6364.9844      0.31744399      -3.2761329       -3.2761329      -12723.417                                                  -12723.417
              3      -6364.3985      0.30849122      -3.1554739       -3.1554739      -12722.486                                                  -12722.486
              3       -6363.609      0.30528506      -3.0256336       -3.0256336      -12721.167                                                  -12721.167
              1      -6364.8151      0.31108038      -3.2269829       -3.2269829      -12723.176                                                  -12723.176
              1      -6364.9461      0.31234488       -3.251078        -3.251078       -12723.39                                                   -12723.39
              2      -6364.8816      0.31166471      -3.2390004       -3.2390004      -12723.285                                                  -12723.285
              2      -6365.0207      0.31684538      -3.2791784       -3.2791784      -12723.483                                                  -12723.483
              1      -6364.9377      0.31224794      -3.2494822       -3.2494822      -12723.376                                                  -12723.376
              1      -6365.0648      0.31522547      -3.2794335       -3.2794335      -12723.571                                                  -12723.571
              1      -6364.9588      0.31778355      -3.2736975       -3.2736975       -12723.37                                                   -12723.37
              1       -6364.586      0.30950946      -3.1871507       -3.1871507      -12722.798                                                  -12722.798
              1      -6364.9239      0.31209218      -3.2468309       -3.2468309      -12723.354                                                  -12723.354
              2      -6364.1836      0.30748754        -3.11974         -3.11974      -12722.128                                                  -12722.128
              1      -6365.0494      0.31413695      -3.2730533       -3.2730533      -12723.553                                                  -12723.553
              2      -6365.0236      0.31678864      -3.2793844       -3.2793844      -12723.489                                                  -12723.489
              1      -6364.9765      0.31755437      -3.2753975       -3.2753975      -12723.402                                                  -12723.402
              1      -6363.7188      0.32449314        -3.12047         -3.12047      -12721.197                                                  -12721.197
              4      -6365.0049       0.3131575      -3.2628115       -3.2628115      -12723.484                                                  -12723.484
              1      -6365.0617      0.31560267      -3.2804157       -3.2804157      -12723.563                                                  -12723.563
              2      -6363.6328      0.32478504      -3.1092624       -3.1092624      -12721.047                                                  -12721.047
              3      -6364.1384      0.32290995      -3.1746611       -3.1746611      -12721.928                                                  -12721.928
              2      -6363.6009      0.32489131       -3.105088        -3.105088      -12720.992                                                  -12720.992
              1      -6364.0877      0.32311841      -3.1681626       -3.1681626      -12721.839                                                  -12721.839
              2      -6364.9342      0.31807268      -3.2712198       -3.2712198      -12723.326                                                  -12723.326
              1      -6364.8511      0.31888712      -3.2622433       -3.2622433      -12723.178                                                  -12723.178
              2      -6365.0544      0.31597636      -3.2807653       -3.2807653      -12723.547                                                  -12723.547
              1      -6365.0626      0.31476129      -3.2773568       -3.2773568       -12723.57                                                   -12723.57
              1      -6364.8854      0.31857465      -3.2660358       -3.2660358      -12723.239                                                  -12723.239
              2      -6365.0007      0.31719548      -3.2775906       -3.2775906      -12723.446                                                  -12723.446
              2      -6365.0645      0.31498956      -3.2784977       -3.2784977      -12723.572                                                  -12723.572
              5      -6364.9276      0.31814565      -3.2705359       -3.2705359      -12723.314                                                  -12723.314
              1      -6365.0124      0.31328668      -3.2644063       -3.2644063      -12723.496                                                  -12723.496
              1      -6364.2193      0.30764437      -3.1256185       -3.1256185      -12722.187                                                  -12722.187
              3      -6364.7091      0.31029029      -3.2083203       -3.2083203      -12723.002                                                  -12723.002
              1      -6365.0597      0.31572742      -3.2806014       -3.2806014      -12723.558                                                  -12723.558
              2      -6364.8321      0.31904848      -3.2601149       -3.2601149      -12723.144                                                  -12723.144
              3      -6364.0572      0.32324107      -3.1642485       -3.1642485      -12721.786                                                  -12721.786
              3      -6364.9106      0.31832505      -3.2687535       -3.2687535      -12723.284                                                  -12723.284
              1      -6364.9624      0.31773896      -3.2740466       -3.2740466      -12723.377                                                  -12723.377
              1      -6364.8427      0.31895958      -3.2613018       -3.2613018      -12723.163                                                  -12723.163
              3      -6365.0347      0.31373662      -3.2693824       -3.2693824      -12723.531                                                  -12723.531
              1      -6363.4317      0.30469652      -2.9968362       -2.9968362       -12720.87                                                   -12720.87
              1      -6361.8739      0.30049048      -2.7462217       -2.7462217      -12718.255                                                  -12718.255
              3      -6362.1274      0.30109177      -2.7868657       -2.7868657      -12718.681                                                  -12718.681
              2      -6359.8189      0.29629085      -2.4175434       -2.4175434      -12714.803                                                  -12714.803
              1      -6363.7765      0.30587422      -3.0529191       -3.0529191      -12721.447                                                  -12721.447
              1       -6362.086      0.30099214      -2.7802422       -2.7802422      -12718.612                                                  -12718.612
              2      -6363.4084      0.30462049      -2.9930036       -2.9930036      -12720.831                                                  -12720.831
              1      -6364.4349      0.30867714      -3.1616015       -3.1616015      -12722.547                                                  -12722.547
              2      -6364.8271      0.31117898      -3.2291171       -3.2291171      -12723.196                                                  -12723.196
              2      -6364.9194      0.31204377      -3.2459849       -3.2459849      -12723.347                                                  -12723.347
              1      -6365.0378      0.31380967      -3.2701053       -3.2701053      -12723.535                                                  -12723.535
              3      -6364.8285       0.3190784      -3.2597075       -3.2597075      -12723.137                                                  -12723.137
              1      -6364.6291      0.32048036      -3.2361586       -3.2361586      -12722.786                                                  -12722.786
              1      -6364.4737      0.30888017      -3.1681176       -3.1681176      -12722.611                                                  -12722.611
              1      -6364.9472      0.31235821       -3.251294        -3.251294      -12723.392                                                  -12723.392
              4      -6364.8519       0.3188803      -3.2623307       -3.2623307      -12723.179                                                  -12723.179
              1       -6365.048       0.3161999      -3.2806777       -3.2806777      -12723.535                                                  -12723.535
              1      -6365.0185       0.3133988      -3.2657304       -3.2657304      -12723.506                                                  -12723.506
              5        -6365.06      0.31458215      -3.2762992       -3.2762992      -12723.567                                                  -12723.567
              2      -6364.9079      0.31192522      -3.2438692       -3.2438692      -12723.328                                                  -12723.328
              3      -6364.7737      0.31075528      -3.2196398       -3.2196398      -12723.108                                                  -12723.108
              1      -6364.8655      0.31151531      -3.2360723       -3.2360723      -12723.259                                                  -12723.259
              1      -6365.0636      0.31542952      -3.2800433       -3.2800433      -12723.567                                                  -12723.567
              1      -6365.0392      0.31384572      -3.2704534       -3.2704534      -12723.537                                                  -12723.537
              2      -6364.7652       0.3195727      -3.2524016       -3.2524016      -12723.026                                                  -12723.026
              1      -6364.2261      0.32253592      -3.1858371       -3.1858371       -12722.08                                                   -12722.08
              3       -6364.885      0.31169747      -3.2396294       -3.2396294      -12723.291                                                  -12723.291
              2      -6364.1962      0.32266531      -3.1820414       -3.1820414      -12722.028                                                  -12722.028
              1      -6364.5433      0.32098004      -3.2256536       -3.2256536      -12722.635                                                  -12722.635
              2      -6364.9854      0.31742932      -3.2762266       -3.2762266      -12723.418                                                  -12723.418
              3      -6364.3114      0.32215203       -3.196661        -3.196661      -12722.229                                                  -12722.229
              5      -6363.2753      0.32591291      -3.0623982       -3.0623982      -12720.426                                                  -12720.426
              1      -6365.0608      0.31566418      -3.2805159       -3.2805159       -12723.56                                                   -12723.56
              2      -6364.0313      0.30684715      -3.0946007       -3.0946007      -12721.873                                                  -12721.873
              2      -6364.4941      0.32124713      -3.2195835       -3.2195835      -12722.549                                                  -12722.549
              1      -6365.0298      0.31362539      -3.2682359       -3.2682359      -12723.523                                                  -12723.523
              3      -6362.3064      0.32848841      -2.9341881       -2.9341881      -12718.744                                                  -12718.744
              2      -6363.7572      0.32436013      -3.1254515       -3.1254515      -12721.264                                                  -12721.264
              1      -6363.5348      0.32510722      -3.0964522       -3.0964522      -12720.877                                                  -12720.877
              2      -6364.3393      0.32202121         -3.2002          -3.2002      -12722.278                                                  -12722.278
              3      -6364.4402      0.30870416      -3.1624792       -3.1624792      -12722.555                                                  -12722.555
              1      -6364.6024      0.30960564      -3.1899046       -3.1899046      -12722.825                                                  -12722.825
              1      -6364.6626      0.30998199      -3.2002856       -3.2002856      -12722.925                                                  -12722.925
              2      -6365.0632      0.31481567      -3.2776496       -3.2776496      -12723.571                                                  -12723.571
              2      -6365.0586      0.31578699      -3.2806657       -3.2806657      -12723.556                                                  -12723.556
              1       -6364.738      0.31049343      -3.2133836       -3.2133836      -12723.049                                                  -12723.049
              1      -6364.7849      0.31942565      -3.2546885       -3.2546885       -12723.06                                                   -12723.06
              2      -6364.8432      0.31895531       -3.261358        -3.261358      -12723.164                                                  -12723.164
              1      -6364.9053      0.31837939      -3.2681854       -3.2681854      -12723.274                                                  -12723.274
              3       -6364.608      0.32060762      -3.2335884       -3.2335884      -12722.749                                                  -12722.749
              6      -6364.6917      0.32008398      -3.2437024       -3.2437024      -12722.896                                                  -12722.896
              4      -6364.3735      0.30836706      -3.1512959       -3.1512959      -12722.444                                                  -12722.444
              5      -6364.5675       0.3094011      -3.1839989       -3.1839989      -12722.767                                                  -12722.767
              4      -6363.3368      0.32572731      -3.0704987       -3.0704987      -12720.533                                                  -12720.533
              3       -6365.053      0.31426249      -3.2740578       -3.2740578      -12723.558                                                  -12723.558
              1      -6365.0639      0.31539665      -3.2799576       -3.2799576      -12723.568                                                  -12723.568
              1      -6364.3487      0.30824562      -3.1471434       -3.1471434      -12722.403                                                  -12722.403
              3      -6363.4238      0.32545944      -3.0819198       -3.0819198      -12720.684                                                  -12720.684
              3      -6365.0011      0.31718955       -3.277622        -3.277622      -12723.447                                                  -12723.447
              2      -6364.4512      0.30876147      -3.1643304       -3.1643304      -12722.574                                                  -12722.574
              2      -6365.0328      0.31369305      -3.2689398       -3.2689398      -12723.528                                                  -12723.528
              7      -6364.7802      0.31080431      -3.2207773       -3.2207773      -12723.119                                                  -12723.119
              3      -6364.8931       0.3117763      -3.2411228       -3.2411228      -12723.304                                                  -12723.304
              2      -6364.6523      0.32033694      -3.2389686       -3.2389686      -12722.827                                                  -12722.827
              1      -6364.6284      0.32048438      -3.2360784       -3.2360784      -12722.785                                                  -12722.785
              1      -6364.3005      0.30801627      -3.1391221       -3.1391221      -12722.323                                                  -12722.323
              5      -6364.9703      0.31264803      -3.2557983       -3.2557983      -12723.429                                                  -12723.429
              1      -6364.8621      0.31148416      -3.2354492       -3.2354492      -12723.253                                                  -12723.253
              2      -6364.2169       0.3225758      -3.1846751       -3.1846751      -12722.064                                                  -12722.064
              1      -6364.0336      0.32333449      -3.1612226       -3.1612226      -12721.745                                                  -12721.745
              2      -6364.6065      0.32061642       -3.233408        -3.233408      -12722.746                                                  -12722.746
              1      -6364.7864      0.31941393      -3.2548667       -3.2548667      -12723.063                                                  -12723.063
              1      -6364.9125      0.31197274      -3.2447247       -3.2447247      -12723.336                                                  -12723.336
              1      -6364.7563       0.3106253      -3.2165724       -3.2165724       -12723.08                                                   -12723.08
              1      -6365.0431      0.31395008      -3.2714284       -3.2714284      -12723.543                                                  -12723.543
              1      -6364.5464        0.320963      -3.2260301       -3.2260301      -12722.641                                                  -12722.641
              2      -6363.2154      0.32609035      -3.0545108       -3.0545108      -12720.322                                                  -12720.322
              1      -6363.2146      0.32609258      -3.0544107       -3.0544107       -12720.32                                                   -12720.32
              1      -6365.0645      0.31530816      -3.2797029       -3.2797029       -12723.57                                                   -12723.57
              1      -6364.5316      0.30919687      -3.1779163       -3.1779163      -12722.707                                                  -12722.707
              1      -6364.9874      0.31740018      -3.2764099       -3.2764099      -12723.422                                                  -12723.422
              2      -6364.7727      0.31951733      -3.2532741       -3.2532741      -12723.039                                                  -12723.039
              2      -6364.7779      0.31078704      -3.2203778       -3.2203778      -12723.115                                                  -12723.115
              2      -6363.2743      0.32591589       -3.062267        -3.062267      -12720.424                                                  -12720.424
              3      -6365.0115      0.31327027      -3.2642078       -3.2642078      -12723.495                                                  -12723.495
              2      -6364.8742      0.31159486      -3.2376438       -3.2376438      -12723.273                                                  -12723.273
              2      -6365.0621      0.31472066      -3.2771294       -3.2771294       -12723.57                                                   -12723.57
              1      -6364.6902      0.32009411      -3.2435182       -3.2435182      -12722.893                                                  -12722.893
              2      -6364.7537       0.3196567      -3.2510522       -3.2510522      -12723.005                                                  -12723.005
              2      -6364.8991      0.31183609      -3.2422374       -3.2422374      -12723.314                                                  -12723.314
              5      -6365.0087      0.31706378      -3.2782518       -3.2782518      -12723.461                                                  -12723.461
              1       -6365.006      0.31710962      -3.2780304       -3.2780304      -12723.456                                                  -12723.456
              2      -6364.7117      0.31030802      -3.2087696       -3.2087696      -12723.006                                                  -12723.006
              4      -6364.9885      0.31738475      -3.2765054       -3.2765054      -12723.424                                                  -12723.424
              1      -6364.8447      0.31894281      -3.2615217       -3.2615217      -12723.166                                                  -12723.166
              1      -6364.9378      0.31224943       -3.249507        -3.249507      -12723.377                                                  -12723.377
              2      -6364.9371      0.31224079      -3.2493629       -3.2493629      -12723.375                                                  -12723.375
              1      -6365.0538      0.31599702      -3.2807665       -3.2807665      -12723.546                                                  -12723.546
              1      -6365.0399       0.3164263      -3.2803627       -3.2803627      -12723.519                                                  -12723.519
              1      -6365.0586      0.31450127       -3.275775        -3.275775      -12723.566                                                  -12723.566
              1      -6364.6204      0.30971699      -3.1930417       -3.1930417      -12722.855                                                  -12722.855
              6      -6364.9773      0.31754366      -3.2754712       -3.2754712      -12723.404                                                  -12723.404
              1       -6364.847      0.31134942      -3.2327045       -3.2327045      -12723.229                                                  -12723.229
              4      -6365.0616      0.31468568      -3.2769278       -3.2769278      -12723.569                                                  -12723.569
              1      -6364.7163      0.31034003      -3.2095772       -3.2095772      -12723.013                                                  -12723.013
              1       -6364.622      0.30972684      -3.1933165       -3.1933165      -12722.857                                                  -12722.857
              1      -6365.0617      0.31560029      -3.2804115       -3.2804115      -12723.563                                                  -12723.563
              1      -6365.0057      0.31711492      -3.2780042       -3.2780042      -12723.455                                                  -12723.455
              1      -6364.7297      0.31982716      -3.2482173       -3.2482173      -12722.963                                                  -12722.963
              1      -6364.0092       0.3234289      -3.1581252       -3.1581252      -12721.702                                                  -12721.702
              1      -6365.0115      0.31701605      -3.2784724       -3.2784724      -12723.466                                                  -12723.466
              2      -6362.2957       0.3285142      -2.9327548       -2.9327548      -12718.726                                                  -12718.726
              2      -6362.5011      0.32801323      -2.9600606       -2.9600606      -12719.082                                                  -12719.082
              2      -6364.3091      0.32216261      -3.1963716       -3.1963716      -12722.225                                                  -12722.225
              1      -6363.8226       0.3060426      -3.0604338       -3.0604338      -12721.524                                                  -12721.524
              1      -6364.5131      0.30909311      -3.1747552       -3.1747552      -12722.677                                                  -12722.677
              1      -6364.9858      0.31742335      -3.2762645       -3.2762645      -12723.419                                                  -12723.419
              1      -6364.9718      0.31266789      -3.2560933       -3.2560933      -12723.431                                                  -12723.431
              1      -6365.0417      0.31391006      -3.2710602       -3.2710602      -12723.541                                                  -12723.541
              4      -6365.0648      0.31517898      -3.2792686       -3.2792686      -12723.571                                                  -12723.571
              2      -6364.8926      0.31177161      -3.2410348       -3.2410348      -12723.303                                                  -12723.303
              2       -6364.091      0.30709085      -3.1043821       -3.1043821      -12721.973                                                  -12721.973
              2      -6364.9791      0.31751873      -3.2756409       -3.2756409      -12723.407                                                  -12723.407
              1       -6364.358      0.30829081      -3.1486963       -3.1486963      -12722.419                                                  -12722.419
              1      -6364.4205       0.3086028      -3.1591696       -3.1591696      -12722.523                                                  -12722.523
              3       -6364.849      0.31890588      -3.2620018       -3.2620018      -12723.174                                                  -12723.174
              1      -6363.9583      0.32362655      -3.1515125       -3.1515125      -12721.614                                                  -12721.614
              1      -6364.1171      0.32299866      -3.1719192       -3.1719192       -12721.89                                                   -12721.89
              3       -6364.117      0.32299897      -3.1719096       -3.1719096       -12721.89                                                   -12721.89
              1      -6365.0567      0.31587946      -3.2807343       -3.2807343      -12723.552                                                  -12723.552
              1      -6365.0509      0.31418835      -3.2734731       -3.2734731      -12723.555                                                  -12723.555
              1      -6365.0623      0.31555441      -3.2803253       -3.2803253      -12723.564                                                  -12723.564
              4      -6364.9624      0.31773874      -3.2740483       -3.2740483      -12723.377                                                  -12723.377
              1      -6365.0508      0.31418362      -3.2734349       -3.2734349      -12723.555                                                  -12723.555
              1      -6365.0008      0.31719449      -3.2775959       -3.2775959      -12723.446                                                  -12723.446
              6      -6365.0272      0.31671658      -3.2796255       -3.2796255      -12723.495                                                  -12723.495
              2      -6364.6886      0.32010479      -3.2433237       -3.2433237       -12722.89                                                   -12722.89
              1      -6364.8574      0.31883219      -3.2629414       -3.2629414      -12723.189                                                  -12723.189
              1      -6364.9276      0.31814591      -3.2705334       -3.2705334      -12723.314                                                  -12723.314
              3      -6364.4329      0.30866657      -3.1612572       -3.1612572      -12722.543                                                  -12722.543
              3      -6364.2335      0.30770805      -3.1279745       -3.1279745      -12722.211                                                  -12722.211
              1      -6363.8826      0.30626658      -3.0702343       -3.0702343      -12721.625                                                  -12721.625
              1      -6364.7604      0.31065511      -3.2172825       -3.2172825      -12723.086                                                  -12723.086
              1      -6364.9055      0.31189995      -3.2434102       -3.2434102      -12723.324                                                  -12723.324
              4      -6364.9401       0.3122757      -3.2499434       -3.2499434       -12723.38                                                   -12723.38
              2      -6364.4948      0.32124331      -3.2196726       -3.2196726       -12722.55                                                   -12722.55
              1      -6364.7463      0.31055171      -3.2148023       -3.2148023      -12723.063                                                  -12723.063
              3      -6364.0997      0.30712693       -3.105808        -3.105808      -12721.988                                                  -12721.988
              2      -6365.0342      0.31372519      -3.2692671       -3.2692671       -12723.53                                                   -12723.53
              2      -6365.0152      0.31333716      -3.2650094       -3.2650094        -12723.5                                                    -12723.5
              1      -6365.0146      0.31695946      -3.2787209       -3.2787209      -12723.472                                                  -12723.472
              3      -6364.0705      0.30700766       -3.101073        -3.101073      -12721.939                                                  -12721.939
              2      -6364.7837      0.31943437      -3.2545557       -3.2545557      -12723.058                                                  -12723.058
              2      -6364.9428      0.31230652      -3.2504515       -3.2504515      -12723.385                                                  -12723.385
              1      -6365.0568       0.3144185      -3.2752084       -3.2752084      -12723.563                                                  -12723.563
              3      -6363.1517      0.30382827      -2.9515423       -2.9515423        -12720.4                                                    -12720.4
              3      -6363.7582      0.30580831      -3.0499432       -3.0499432      -12721.417                                                  -12721.417
              1      -6364.2955      0.30799288       -3.138291        -3.138291      -12722.315                                                  -12722.315
              1      -6364.7348       0.3197914      -3.2488227       -3.2488227      -12722.972                                                  -12722.972
              2      -6364.4996      0.32121818      -3.2202568       -3.2202568      -12722.559                                                  -12722.559
              1      -6364.2583      0.32239285      -3.1899475       -3.1899475      -12722.137                                                  -12722.137
              2      -6365.0648      0.31512375      -3.2790603       -3.2790603      -12723.572                                                  -12723.572
              2      -6365.0329      0.31369469      -3.2689567       -3.2689567      -12723.528                                                  -12723.528
              4      -6365.0553       0.3159381       -3.280758        -3.280758      -12723.549                                                  -12723.549
              1      -6364.8672      0.31153017       -3.236368        -3.236368      -12723.262                                                  -12723.262
              1      -6364.8206      0.31112518      -3.2279579       -3.2279579      -12723.185                                                  -12723.185
              1       -6364.122      0.30722277       -3.109567        -3.109567      -12722.025                                                  -12722.025
              2       -6364.453      0.32146233      -3.2144621       -3.2144621      -12722.477                                                  -12722.477
              1      -6364.2103       0.3226044      -3.1838375       -3.1838375      -12722.053                                                  -12722.053
              1       -6365.049      0.31616687      -3.2807047       -3.2807047      -12723.537                                                  -12723.537
              1      -6365.0107      0.31702944      -3.2784115       -3.2784115      -12723.465                                                  -12723.465
              2      -6364.9997       0.3130723      -3.2617189       -3.2617189      -12723.476                                                  -12723.476
              1       -6364.995       0.3129994      -3.2607586       -3.2607586      -12723.469                                                  -12723.469
              1      -6364.0946       0.3071057      -3.1049697       -3.1049697      -12721.979                                                  -12721.979
              1      -6363.9727      0.30661356       -3.084977        -3.084977      -12721.775                                                  -12721.775
              2      -6364.3692      0.30834584      -3.1505752       -3.1505752      -12722.437                                                  -12722.437
              2       -6365.032      0.31661434      -3.2799279       -3.2799279      -12723.504                                                  -12723.504
              1      -6365.0285      0.31669039      -3.2797073       -3.2797073      -12723.498                                                  -12723.498
              3      -6365.0417      0.31391155       -3.271074        -3.271074      -12723.541                                                  -12723.541
              3      -6364.4918      0.30897675       -3.171153        -3.171153      -12722.641                                                  -12722.641
              1      -6364.6935      0.31018512      -3.2056268       -3.2056268      -12722.976                                                  -12722.976
              5      -6364.6631      0.32026885      -3.2402709       -3.2402709      -12722.846                                                  -12722.846
              2      -6365.0574      0.31444561      -3.2753974       -3.2753974      -12723.564                                                  -12723.564
              1      -6364.4672      0.30884518      -3.1670079       -3.1670079        -12722.6                                                    -12722.6
              2      -6364.4694      0.30885683      -3.1673781       -3.1673781      -12722.604                                                  -12722.604
              2      -6365.0066      0.31709948      -3.2780802       -3.2780802      -12723.457                                                  -12723.457
              1      -6363.4273      0.32544874      -3.0823694       -3.0823694       -12720.69                                                   -12720.69
              1      -6365.0176      0.31338154      -3.2655303       -3.2655303      -12723.504                                                  -12723.504
              1      -6364.9064      0.31190973      -3.2435881       -3.2435881      -12723.326                                                  -12723.326
              5      -6364.9752      0.31271372      -3.2567674       -3.2567674      -12723.437                                                  -12723.437
              1      -6364.4667      0.30884274      -3.1669302       -3.1669302        -12722.6                                                    -12722.6
              1      -6363.7162      0.30565752      -3.0430623       -3.0430623      -12721.346                                                  -12721.346
              2      -6363.9256      0.30643111      -3.0772917       -3.0772917      -12721.697                                                  -12721.697
              2       -6362.785      0.30278117      -2.8924613       -2.8924613      -12719.785                                                  -12719.785
              2      -6363.5618      0.30512477       -3.017943        -3.017943      -12721.088                                                  -12721.088
              1       -6364.908      0.31835204       -3.268473        -3.268473      -12723.279                                                  -12723.279
              6      -6365.0638      0.31488847       -3.278021        -3.278021      -12723.572                                                  -12723.572
              1      -6364.9904       0.3173555      -3.2766835       -3.2766835      -12723.428                                                  -12723.428
              2      -6364.9684      0.31262309      -3.2554254       -3.2554254      -12723.426                                                  -12723.426
              3      -6364.9663      0.31768909      -3.2744265       -3.2744265      -12723.384                                                  -12723.384
              3      -6364.9583      0.31249435      -3.2534563       -3.2534563       -12723.41                                                   -12723.41
              2      -6365.0461      0.31625553      -3.2806214       -3.2806214      -12723.531                                                  -12723.531
              1      -6364.6706      0.31003393      -3.2016687       -3.2016687      -12722.938                                                  -12722.938
              2      -6364.7225       0.3103828      -3.2106489       -3.2106489      -12723.024                                                  -12723.024
              2      -6365.0186      0.31339932      -3.2657365       -3.2657365      -12723.506                                                  -12723.506
              1      -6364.0636      0.30697965      -3.0999516       -3.0999516      -12721.927                                                  -12721.927
              6       -6364.086      0.30707147      -3.1036139       -3.1036139      -12721.965                                                  -12721.965
              2      -6364.8926      0.31177171      -3.2410367       -3.2410367      -12723.303                                                  -12723.303
              1      -6364.7074      0.31027954      -3.2080473       -3.2080473      -12722.999                                                  -12722.999
              3      -6365.0316      0.31366634      -3.2686644       -3.2686644      -12723.526                                                  -12723.526
              1      -6364.6475      0.32036725      -3.2383823       -3.2383823      -12722.818                                                  -12722.818
              1      -6364.5616      0.32087719      -3.2279066       -3.2279066      -12722.667                                                  -12722.667
              2      -6363.8858      0.32389815      -3.1421424       -3.1421424      -12721.487                                                  -12721.487
              1       -6364.737      0.31977594      -3.2490827       -3.2490827      -12722.976                                                  -12722.976
              1      -6363.9768      0.32355597       -3.153894        -3.153894      -12721.646                                                  -12721.646
              1      -6363.9769      0.32355583      -3.1538985       -3.1538985      -12721.646                                                  -12721.646
              1      -6364.7838      0.31943393      -3.2545624       -3.2545624      -12723.058                                                  -12723.058
              1      -6364.4774      0.30889952       -3.168729        -3.168729      -12722.617                                                  -12722.617
              1        -6364.57      0.30941607      -3.1844373       -3.1844373      -12722.771                                                  -12722.771
              1      -6365.0514      0.31608557      -3.2807503       -3.2807503      -12723.541                                                  -12723.541
              1      -6364.8386      0.31127724       -3.231201        -3.231201      -12723.215                                                  -12723.215
              1      -6365.0009      0.31309101      -3.2619616       -3.2619616      -12723.478                                                  -12723.478
              1      -6365.0189       0.3134053      -3.2658055       -3.2658055      -12723.506                                                  -12723.506
              1      -6364.2629      0.32237236      -3.1905289       -3.1905289      -12722.145                                                  -12722.145
              1      -6364.2987       0.3080078      -3.1388214       -3.1388214       -12722.32                                                   -12722.32
              3      -6364.3276      0.30814453      -3.1436368       -3.1436368      -12722.368                                                  -12722.368
              4      -6364.0419      0.30688997      -3.0963384       -3.0963384      -12721.891                                                  -12721.891
              3      -6364.8338      0.31123503      -3.2303112       -3.2303112      -12723.207                                                  -12723.207
              1       -6364.561       0.3093633      -3.1828869       -3.1828869      -12722.756                                                  -12722.756
              3      -6363.5045      0.30493397      -3.0086398       -3.0086398      -12720.992                                                  -12720.992
              1      -6364.9891      0.31290892      -3.2595338       -3.2595338      -12723.459                                                  -12723.459
              1      -6364.9562      0.31246779       -3.253041        -3.253041      -12723.406                                                  -12723.406
              1      -6364.7485      0.31056808      -3.2151981       -3.2151981      -12723.067                                                  -12723.067
              1      -6365.0422      0.31392298      -3.2711798       -3.2711798      -12723.542                                                  -12723.542
              5      -6365.0441      0.31397686      -3.2716707       -3.2716707      -12723.545                                                  -12723.545
              3      -6365.0188      0.31688294      -3.2790341       -3.2790341       -12723.48                                                   -12723.48
              1      -6364.2357      0.30771826      -3.1283507       -3.1283507      -12722.215                                                  -12722.215
              3      -6365.0193      0.31341251      -3.2658885       -3.2658885      -12723.507                                                  -12723.507
              1      -6364.9217      0.31820909      -3.2699219       -3.2699219      -12723.304                                                  -12723.304
              1      -6364.3459      0.32199016      -3.2010288       -3.2010288       -12722.29                                                   -12722.29
              2       -6363.561       0.3250222      -3.0998773       -3.0998773      -12720.922                                                  -12720.922
              3      -6364.1596      0.30738262      -3.1157459       -3.1157459      -12722.088                                                  -12722.088
              2      -6364.9057      0.31190276      -3.2434612       -3.2434612      -12723.325                                                  -12723.325
              5      -6364.9458      0.31234216      -3.2510337       -3.2510337       -12723.39                                                   -12723.39
              2      -6364.1451      0.30732058      -3.1133612       -3.1133612      -12722.063                                                  -12722.063
              1      -6364.1498      0.30734049      -3.1141284       -3.1141284      -12722.071                                                  -12722.071
              1      -6364.3835      0.30841633      -3.1529621       -3.1529621      -12722.461                                                  -12722.461
              1      -6364.9991      0.31722173      -3.2774496       -3.2774496      -12723.443                                                  -12723.443
              2       -6365.062      0.31558161      -3.2803775       -3.2803775      -12723.563                                                  -12723.563
              1      -6365.0374      0.31380056      -3.2700164       -3.2700164      -12723.535                                                  -12723.535
              1       -6364.808      0.31102327      -3.2257269       -3.2257269      -12723.165                                                  -12723.165
              3      -6364.4437      0.32150947      -3.2133126       -3.2133126      -12722.461                                                  -12722.461
              1      -6365.0457      0.31626636      -3.2806089       -3.2806089       -12723.53                                                   -12723.53
              3      -6364.7368      0.31977708      -3.2490635       -3.2490635      -12722.975                                                  -12722.975
              2      -6364.4945      0.30899181      -3.1716227       -3.1716227      -12722.646                                                  -12722.646
              1      -6365.0012      0.31309564      -3.2620214       -3.2620214      -12723.478                                                  -12723.478
              1      -6365.0137      0.31697556      -3.2786516       -3.2786516       -12723.47                                                   -12723.47
              3      -6364.7976      0.31093921      -3.2238519       -3.2238519      -12723.147                                                  -12723.147
              1      -6365.0631      0.31548186      -3.2801699       -3.2801699      -12723.566                                                  -12723.566
              1      -6364.7755      0.31076921      -3.2199639       -3.2199639      -12723.111                                                  -12723.111
              2      -6365.0251      0.31352704      -3.2671765       -3.2671765      -12723.516                                                  -12723.516
              3      -6364.8793       0.3186319      -3.2653734       -3.2653734      -12723.228                                                  -12723.228
              1      -6364.3365       0.3081869       -3.145112        -3.145112      -12722.383                                                  -12722.383
              1      -6364.5461      0.30927799      -3.1803544       -3.1803544      -12722.732                                                  -12722.732
              3      -6364.9277      0.31213529      -3.2475754       -3.2475754       -12723.36                                                   -12723.36
              2      -6365.0593       0.3157519      -3.2806298       -3.2806298      -12723.557                                                  -12723.557
              4        -6364.46      0.30880727      -3.1657992       -3.1657992      -12722.588                                                  -12722.588
              1      -6364.7751      0.31076612      -3.2198922       -3.2198922       -12723.11                                                   -12723.11
              1      -6364.7063      0.31027197      -3.2078546       -3.2078546      -12722.997                                                  -12722.997
              1      -6365.0549      0.31433578      -3.2746118       -3.2746118      -12723.561                                                  -12723.561
              1       -6364.987      0.31740631      -3.2763716       -3.2763716      -12723.421                                                  -12723.421
              2      -6364.6944      0.32006585      -3.2440307       -3.2440307      -12722.901                                                  -12722.901
              1      -6365.0379      0.31381357      -3.2701432       -3.2701432      -12723.536                                                  -12723.536
              6      -6365.0638      0.31488096      -3.2779838       -3.2779838      -12723.572                                                  -12723.572
              1      -6365.0502      0.31612674      -3.2807309       -3.2807309      -12723.539                                                  -12723.539
              2      -6365.0648      0.31511886      -3.2790412       -3.2790412      -12723.572                                                  -12723.572
              2      -6364.9242      0.31818311      -3.2701755       -3.2701755      -12723.308                                                  -12723.308
              1      -6365.0287       0.3136011      -3.2679783       -3.2679783      -12723.521                                                  -12723.521
              1      -6364.2731      0.32232655      -3.1918215       -3.1918215      -12722.163                                                  -12722.163
              1      -6364.7135       0.3199381      -3.2463029       -3.2463029      -12722.934                                                  -12722.934
              1      -6364.8337      0.31903592      -3.2602848       -3.2602848      -12723.147                                                  -12723.147
              1      -6364.3138      0.30807914      -3.1413442       -3.1413442      -12722.345                                                  -12722.345
              2      -6363.4308      0.30469375      -2.9966969       -2.9966969      -12720.868                                                  -12720.868
              1       -6365.027      0.31356631      -3.2676047       -3.2676047      -12723.519                                                  -12723.519
              1      -6365.0519      0.31422142      -3.2737368       -3.2737368      -12723.556                                                  -12723.556
              1       -6364.802      0.31097432      -3.2246389       -3.2246389      -12723.155                                                  -12723.155
              2      -6364.5748      0.30944439      -3.1852643       -3.1852643      -12722.779                                                  -12722.779
              2      -6364.9728      0.31268156      -3.2562954       -3.2562954      -12723.433                                                  -12723.433
              2      -6365.0641      0.31536236       -3.279863        -3.279863      -12723.569                                                  -12723.569
              1       -6364.905      0.31189533      -3.2433258       -3.2433258      -12723.323                                                  -12723.323
              1      -6365.0523      0.31605403      -3.2807601       -3.2807601      -12723.543                                                  -12723.543
              2      -6364.8776      0.31864859      -3.2651776       -3.2651776      -12723.225                                                  -12723.225
              1      -6365.0591      0.31576037      -3.2806389       -3.2806389      -12723.557                                                  -12723.557
              2      -6364.7098      0.31996314      -3.2458633       -3.2458633      -12722.928                                                  -12722.928
              1      -6364.8899      0.31853142      -3.2665263       -3.2665263      -12723.247                                                  -12723.247
              2      -6364.2801      0.32229498       -3.192707        -3.192707      -12722.175                                                  -12722.175
              1      -6364.1876      0.32270216      -3.1809467       -3.1809467      -12722.013                                                  -12722.013
              2      -6365.0362      0.31651773      -3.2801709       -3.2801709      -12723.512                                                  -12723.512
              1      -6364.5069      0.32117885      -3.2211654       -3.2211654      -12722.572                                                  -12722.572
              1      -6365.0533      0.31601778      -3.2807658       -3.2807658      -12723.545                                                  -12723.545
              2       -6365.064      0.31490471      -3.2781006       -3.2781006      -12723.572                                                  -12723.572
              1      -6364.8275      0.31908632       -3.259599        -3.259599      -12723.136                                                  -12723.136
              2      -6365.0563      0.31589739      -3.2807431       -3.2807431      -12723.551                                                  -12723.551
              1      -6364.3995      0.30849626      -3.1556417       -3.1556417      -12722.488                                                  -12722.488
              1      -6364.7658      0.31956864      -3.2524661       -3.2524661      -12723.027                                                  -12723.027
              2      -6364.3488      0.32197642      -3.2013941       -3.2013941      -12722.295                                                  -12722.295
              1      -6364.0536      0.32325583      -3.1637731       -3.1637731       -12721.78                                                   -12721.78
              1       -6365.039      0.31384077      -3.2704059       -3.2704059      -12723.537                                                  -12723.537
              2      -6364.4689      0.30885444      -3.1673022       -3.1673022      -12722.603                                                  -12722.603
              1      -6363.4326      0.30469948      -2.9969848       -2.9969848      -12720.871                                                  -12720.871
              2      -6365.0582      0.31580791      -3.2806845       -3.2806845      -12723.555                                                  -12723.555
              1      -6364.8747      0.31159933      -3.2377313       -3.2377313      -12723.274                                                  -12723.274
              1      -6363.4223      0.30466621      -2.9953113       -2.9953113      -12720.854                                                  -12720.854
              1      -6362.6254      0.30235117      -2.8667872       -2.8667872      -12719.517                                                  -12719.517
              1      -6364.2161      0.30763015        -3.12509         -3.12509      -12722.182                                                  -12722.182
              2      -6365.0159      0.31334867      -3.2651453       -3.2651453      -12723.501                                                  -12723.501
              1      -6365.0255      0.31353595      -3.2672742       -3.2672742      -12723.517                                                  -12723.517
              2      -6365.0281      0.31358862      -3.2678448       -3.2678448       -12723.52                                                   -12723.52
              1      -6364.8824      0.31860287      -3.2657111       -3.2657111      -12723.233                                                  -12723.233
              1      -6364.5966      0.32067528      -3.2321926       -3.2321926      -12722.729                                                  -12722.729
              1      -6365.0504       0.3141721      -3.2733416       -3.2733416      -12723.554                                                  -12723.554
              1      -6365.0376      0.31380512       -3.270061        -3.270061      -12723.535                                                  -12723.535
              1      -6364.9828      0.31281869       -3.258276        -3.258276      -12723.449                                                  -12723.449
              1       -6364.939      0.31226336      -3.2497388       -3.2497388      -12723.379                                                  -12723.379
              1      -6365.0491      0.31412622      -3.2729642       -3.2729642      -12723.552                                                  -12723.552
              1      -6364.0741      0.30702212      -3.1016504       -3.1016504      -12721.945                                                  -12721.945
              1       -6364.065      0.30698515      -3.1001722       -3.1001722       -12721.93                                                   -12721.93
              2      -6364.4477      0.30874319      -3.1637414       -3.1637414      -12722.568                                                  -12722.568
              3      -6364.7199      0.31989488      -3.2470553       -3.2470553      -12722.946                                                  -12722.946
              4      -6364.6559      0.32031417      -3.2394064       -3.2394064      -12722.833                                                  -12722.833
              1      -6364.1967      0.32266325      -3.1821022       -3.1821022      -12722.029                                                  -12722.029
              1      -6365.0564      0.31439817      -3.2750646       -3.2750646      -12723.563                                                  -12723.563
              1      -6365.0612      0.31465893        -3.27677         -3.27677      -12723.569                                                  -12723.569
              1      -6364.9167      0.31201744      -3.2455203       -3.2455203      -12723.342                                                  -12723.342
              1      -6363.3023      0.30428735      -2.9759085       -2.9759085      -12720.653                                                  -12720.653
              1      -6364.4095      0.30854659      -3.1573146       -3.1573146      -12722.504                                                  -12722.504
              1      -6363.7827      0.30589648      -3.0539197       -3.0539197      -12721.458                                                  -12721.458
              3      -6365.0401      0.31386908      -3.2706758       -3.2706758      -12723.539                                                  -12723.539
              1      -6364.4924        0.321255      -3.2193998       -3.2193998      -12722.546                                                  -12722.546
              1      -6362.6892      0.32753464      -2.9851045       -2.9851045      -12719.408                                                  -12719.408
              2      -6364.8769      0.31865494      -3.2651028       -3.2651028      -12723.224                                                  -12723.224
              3      -6364.8474      0.31891957      -3.2618245       -3.2618245      -12723.171                                                  -12723.171
              3      -6364.7672      0.31955783      -3.2526372       -3.2526372      -12723.029                                                  -12723.029
              1      -6364.3873      0.32179074      -3.2062494       -3.2062494      -12722.362                                                  -12722.362
              1      -6364.8695      0.31155156      -3.2367919       -3.2367919      -12723.265                                                  -12723.265
              2      -6364.9304      0.31811555      -3.2708208       -3.2708208      -12723.319                                                  -12723.319
              2      -6364.9861      0.31286536      -3.2589311       -3.2589311      -12723.454                                                  -12723.454
              1      -6364.3858      0.32179853      -3.2060488       -3.2060488      -12722.359                                                  -12722.359
              1      -6364.5886      0.32072198      -3.2312174       -3.2312174      -12722.715                                                  -12722.715
              2      -6364.0264      0.32336289       -3.160295        -3.160295      -12721.732                                                  -12721.732
              2      -6365.0308       0.3166411      -3.2798532       -3.2798532      -12723.502                                                  -12723.502
              3      -6365.0012      0.31718861       -3.277627        -3.277627      -12723.447                                                  -12723.447
              2      -6363.2293      0.32604946      -3.0563408       -3.0563408      -12720.346                                                  -12720.346
              1      -6364.6872      0.32011391      -3.2431571       -3.2431571      -12722.888                                                  -12722.888
              1      -6365.0648      0.31520275      -3.2793541       -3.2793541      -12723.571                                                  -12723.571
              1      -6364.0016      0.30672869      -3.0897507       -3.0897507      -12721.824                                                  -12721.824
              1      -6363.8824      0.30626607      -3.0702122       -3.0702122      -12721.624                                                  -12721.624
              1      -6364.9411      0.31228664      -3.2501242       -3.2501242      -12723.382                                                  -12723.382
              2      -6364.5056      0.32118616      -3.2209971       -3.2209971      -12722.569                                                  -12722.569
              2      -6365.0616      0.31468467      -3.2769219       -3.2769219      -12723.569                                                  -12723.569
              1      -6364.9718      0.31761653      -3.2749595       -3.2749595      -12723.394                                                  -12723.394
              3      -6365.0029       0.3171607      -3.2777727       -3.2777727       -12723.45                                                   -12723.45
              1      -6365.0648      0.31512284      -3.2790567       -3.2790567      -12723.572                                                  -12723.572
              2      -6364.7154      0.31992549      -3.2465233       -3.2465233      -12722.938                                                  -12722.938
              1      -6364.8428      0.31895827      -3.2613191       -3.2613191      -12723.163                                                  -12723.163
              1       -6364.347      0.30823737       -3.146859        -3.146859        -12722.4                                                    -12722.4
              2      -6365.0648      0.31508187      -3.2788933       -3.2788933      -12723.572                                                  -12723.572
              4      -6364.9776      0.31753963      -3.2754989       -3.2754989      -12723.404                                                  -12723.404
              2       -6364.246      0.32244791      -3.1883764       -3.1883764      -12722.115                                                  -12722.115
              1      -6365.0397      0.31385844      -3.2705748       -3.2705748      -12723.538                                                  -12723.538
              1      -6363.8578        0.324001      -3.1385086       -3.1385086      -12721.439                                                  -12721.439
              1      -6363.2478      0.32599452       -3.058788        -3.058788      -12720.378                                                  -12720.378
              1      -6364.2208       0.3076511      -3.1258685       -3.1258685       -12722.19                                                   -12722.19
              1      -6363.8902      0.30629554      -3.0714853       -3.0714853      -12721.637                                                  -12721.637
              1      -6365.0648      0.31521166      -3.2793855       -3.2793855      -12723.571                                                  -12723.571
              1      -6364.9823      0.31747313      -3.2759441       -3.2759441      -12723.413                                                  -12723.413
              2      -6364.9905      0.31293007      -3.2598233       -3.2598233      -12723.461                                                  -12723.461
              1      -6364.9587       0.3177854      -3.2736829       -3.2736829       -12723.37                                                   -12723.37
              1      -6364.6322      0.32046151      -3.2365331       -3.2365331      -12722.791                                                  -12722.791
              1      -6361.8798      0.30050418      -2.7471654       -2.7471654      -12718.265                                                  -12718.265
              1      -6364.4947       0.3089928      -3.1716535       -3.1716535      -12722.646                                                  -12722.646
              1      -6364.8589      0.31145548      -3.2348717       -3.2348717      -12723.248                                                  -12723.248
              5      -6364.9641      0.31256629      -3.2545657       -3.2545657      -12723.419                                                  -12723.419
              1      -6363.3972      0.32554112      -3.0784711       -3.0784711      -12720.637                                                  -12720.637
              1       -6362.911      0.32694902      -3.0143644       -3.0143644      -12719.793                                                  -12719.793
              2      -6363.5128      0.32517816      -3.0935697       -3.0935697      -12720.838                                                  -12720.838
              2       -6364.955      0.31783016      -3.2733232       -3.2733232      -12723.363                                                  -12723.363
              3      -6364.0199      0.30680167      -3.0927461       -3.0927461      -12721.854                                                  -12721.854
              2      -6362.9309      0.30318715      -2.9159463       -2.9159463       -12720.03                                                   -12720.03
              6      -6363.1053      0.30369093      -2.9440703       -2.9440703      -12720.322                                                  -12720.322
              1      -6363.9871      0.30667099      -3.0873657       -3.0873657        -12721.8                                                    -12721.8
              2      -6364.2505      0.30778561      -3.1308195       -3.1308195      -12722.239                                                  -12722.239
              2      -6364.3986      0.30849176      -3.1554916       -3.1554916      -12722.486                                                  -12722.486
              1      -6365.0577      0.31583168      -3.2807036       -3.2807036      -12723.554                                                  -12723.554
              2      -6364.8354      0.31902126       -3.260482        -3.260482       -12723.15                                                   -12723.15
              4      -6364.5654      0.30938868      -3.1836341       -3.1836341      -12722.763                                                  -12722.763
              1      -6364.7275       0.3104181      -3.2115274       -3.2115274      -12723.032                                                  -12723.032
              1      -6364.7465      0.31055339      -3.2148432       -3.2148432      -12723.063                                                  -12723.063
              2      -6364.0771      0.32316118      -3.1668056       -3.1668056      -12721.821                                                  -12721.821
              2      -6364.5946      0.32068693      -3.2319502       -3.2319502      -12722.725                                                  -12722.725
              1      -6365.0507      0.31611059      -3.2807394       -3.2807394       -12723.54                                                   -12723.54
              2      -6364.7897      0.31087754      -3.2224563       -3.2224563      -12723.135                                                  -12723.135
              1      -6363.1417      0.30379932      -2.9499743       -2.9499743      -12720.383                                                  -12720.383
              1      -6361.5493       0.2997543      -2.6942715       -2.6942715       -12717.71                                                   -12717.71
              5      -6363.3818      0.30453554      -2.9886911       -2.9886911      -12720.786                                                  -12720.786
              2      -6363.9784      0.30663635      -3.0859266       -3.0859266      -12721.785                                                  -12721.785
              1      -6364.9923      0.31732731      -3.2768516       -3.2768516      -12723.431                                                  -12723.431
              1      -6363.7779      0.32428728      -3.1281464       -3.1281464        -12721.3                                                    -12721.3
              1      -6364.3454      0.32199266      -3.2009622       -3.2009622      -12722.289                                                  -12722.289
              1      -6364.8893      0.31853744      -3.2664586       -3.2664586      -12723.246                                                  -12723.246
              2       -6364.789       0.3108719      -3.2223279       -3.2223279      -12723.133                                                  -12723.133
              2      -6365.0363      0.31377497      -3.2697649       -3.2697649      -12723.533                                                  -12723.533
              3      -6363.9746      0.32356449      -3.1536078       -3.1536078      -12721.642                                                  -12721.642
              1      -6362.1425      0.32887502      -2.9123973       -2.9123973       -12718.46                                                   -12718.46
              1      -6364.4943      0.32124592      -3.2196117       -3.2196117      -12722.549                                                  -12722.549
              1      -6363.5134      0.32517632      -3.0936446       -3.0936446      -12720.839                                                  -12720.839
              2      -6363.8038      0.30597327      -3.0573548       -3.0573548      -12721.493                                                  -12721.493
              1      -6365.0177      0.31690206      -3.2789583       -3.2789583      -12723.478                                                  -12723.478
              1      -6362.9091      0.30312575      -2.9124413       -2.9124413      -12719.993                                                  -12719.993
              1      -6363.4554      0.30477332      -3.0006814       -3.0006814      -12720.909                                                  -12720.909
              1      -6364.7567      0.31963483      -3.2514066       -3.2514066      -12723.011                                                  -12723.011
              1      -6364.7319      0.31981171      -3.2484796       -3.2484796      -12722.967                                                  -12722.967
              1      -6365.0434      0.31633244      -3.2805209       -3.2805209      -12723.526                                                  -12723.526
              1      -6364.9127      0.31197507      -3.2447664       -3.2447664      -12723.336                                                  -12723.336
              1      -6365.0648      0.31508963      -3.2789248       -3.2789248      -12723.572                                                  -12723.572
              1      -6365.0131      0.31329766      -3.2645384       -3.2645384      -12723.497                                                  -12723.497
              3       -6365.036       0.3165227      -3.2801594       -3.2801594      -12723.512                                                  -12723.512
              1      -6365.0615      0.31561557      -3.2804381       -3.2804381      -12723.562                                                  -12723.562
              2      -6365.0023      0.31717072      -3.2777208       -3.2777208      -12723.449                                                  -12723.449
              4      -6364.9682      0.31261941      -3.2553701       -3.2553701      -12723.426                                                  -12723.426
              1      -6364.1636      0.30740001      -3.1164115       -3.1164115      -12722.094                                                  -12722.094
              1      -6363.3062      0.30429932      -2.9765314       -2.9765314      -12720.659                                                  -12720.659
              1      -6364.9946      0.31729198      -3.2770572       -3.2770572      -12723.435                                                  -12723.435
              1      -6364.8165      0.31109146      -3.2272248       -3.2272248      -12723.179                                                  -12723.179
              1       -6365.024      0.31678136      -3.2794098       -3.2794098      -12723.489                                                  -12723.489
              3      -6364.7831      0.31082612      -3.2212799       -3.2212799      -12723.124                                                  -12723.124
              1      -6364.3148      0.32213579      -3.1971044       -3.1971044      -12722.235                                                  -12722.235
              1       -6364.309      0.30805676      -3.1405552       -3.1405552      -12722.337                                                  -12722.337
              3      -6363.7994      0.30595719      -3.0566375       -3.0566375      -12721.485                                                  -12721.485
              1      -6365.0282      0.31359167      -3.2678776       -3.2678776      -12723.521                                                  -12723.521
              2      -6364.9515        0.317873      -3.2729707       -3.2729707      -12723.357                                                  -12723.357
              2      -6364.8709      0.31871056      -3.2644396       -3.2644396      -12723.213                                                  -12723.213
              1      -6364.4152      0.32165354      -3.2097388       -3.2097388      -12722.411                                                  -12722.411
              1       -6365.021      0.31683944      -3.2792006       -3.2792006      -12723.484                                                  -12723.484
              1      -6364.4769      0.32133656      -3.2174803       -3.2174803      -12722.519                                                  -12722.519
              2      -6365.0278      0.31670424      -3.2796644       -3.2796644      -12723.496                                                  -12723.496
              2      -6364.8951      0.31179577      -3.2414876       -3.2414876      -12723.307                                                  -12723.307
              1      -6364.8909      0.31175424      -3.2407078       -3.2407078        -12723.3                                                    -12723.3
              2      -6364.9391      0.31801723      -3.2717239       -3.2717239      -12723.335                                                  -12723.335
              1      -6364.9835       0.3174563      -3.2760536       -3.2760536      -12723.415                                                  -12723.415
              1       -6364.834      0.31903345      -3.2603181       -3.2603181      -12723.147                                                  -12723.147
              1      -6363.6186      0.32483269      -3.1073969       -3.1073969      -12721.022                                                  -12721.022
              2      -6364.9992       0.3172205      -3.2774563       -3.2774563      -12723.443                                                  -12723.443
              1      -6364.9491      0.31238149      -3.2516697       -3.2516697      -12723.395                                                  -12723.395
              1      -6364.7946      0.31091641      -3.2233378       -3.2233378      -12723.143                                                  -12723.143
              3      -6364.8506      0.31138095       -3.233354        -3.233354      -12723.235                                                  -12723.235
              1      -6365.0613       0.3156285      -3.2804598       -3.2804598      -12723.562                                                  -12723.562
              1      -6365.0425      0.31393374      -3.2712789       -3.2712789      -12723.543                                                  -12723.543
              1      -6364.9049      0.31838338      -3.2681432       -3.2681432      -12723.274                                                  -12723.274
              1      -6364.8803      0.31165208      -3.2387567       -3.2387567      -12723.283                                                  -12723.283
              1      -6364.4637      0.30882686      -3.1664245       -3.1664245      -12722.595                                                  -12722.595
              3      -6364.8125      0.31105874      -3.2265086       -3.2265086      -12723.172                                                  -12723.172
              1      -6364.6769      0.32018057      -3.2419284       -3.2419284       -12722.87                                                   -12722.87
              1      -6365.0626      0.31553411      -3.2802842       -3.2802842      -12723.565                                                  -12723.565
              1      -6365.0163      0.31692866      -3.2788501       -3.2788501      -12723.475                                                  -12723.475
              2      -6364.7575      0.31063372      -3.2167732       -3.2167732      -12723.081                                                  -12723.081
              1      -6364.8784      0.31163478      -3.2384218       -3.2384218       -12723.28                                                   -12723.28
              1      -6364.8449      0.31133093      -3.2323217       -3.2323217      -12723.225                                                  -12723.225
              1      -6365.0443      0.31398348      -3.2717302       -3.2717302      -12723.545                                                  -12723.545
              3      -6364.5026      0.32120209      -3.2206294       -3.2206294      -12722.564                                                  -12722.564
              1      -6364.6061      0.30962775      -3.1905318       -3.1905318      -12722.831                                                  -12722.831
              1      -6364.6222      0.30972779      -3.1933429       -3.1933429      -12722.858                                                  -12722.858
              1      -6363.7885      0.30591747      -3.0548614       -3.0548614      -12721.467                                                  -12721.467
              1      -6363.8285      0.30606442      -3.0613982       -3.0613982      -12721.534                                                  -12721.534
              2      -6363.2259      0.30405212      -2.9635403       -2.9635403      -12720.525                                                  -12720.525
              1      -6364.7481      0.31056463      -3.2151149       -3.2151149      -12723.066                                                  -12723.066
              2       -6365.005      0.31315903      -3.2628307       -3.2628307      -12723.484                                                  -12723.484
              1      -6364.8336      0.31123385      -3.2302861       -3.2302861      -12723.207                                                  -12723.207
              1      -6365.0389      0.31383917      -3.2703906       -3.2703906      -12723.537                                                  -12723.537
              2      -6364.9585      0.31778742      -3.2736669       -3.2736669       -12723.37                                                   -12723.37
              1       -6363.958      0.32362792      -3.1514661       -3.1514661      -12721.613                                                  -12721.613
              2      -6365.0596      0.31573399      -3.2806093       -3.2806093      -12723.558                                                  -12723.558
              4      -6364.9523      0.31786347      -3.2730498       -3.2730498      -12723.358                                                  -12723.358
              1       -6362.755      0.32736489      -2.9937426       -2.9937426      -12719.523                                                  -12719.523
              3      -6365.0571      0.31586087      -3.2807235       -3.2807235      -12723.553                                                  -12723.553
              1      -6365.0575      0.31445074      -3.2754328       -3.2754328      -12723.564                                                  -12723.564
              1        -6364.17      0.30742805      -3.1174813       -3.1174813      -12722.105                                                  -12722.105
              1      -6364.8561      0.31884349      -3.2627989       -3.2627989      -12723.187                                                  -12723.187
              3      -6364.8192      0.31915605      -3.2586317       -3.2586317      -12723.121                                                  -12723.121
              2      -6364.7164      0.31991852      -3.2466448       -3.2466448       -12722.94                                                   -12722.94
              1      -6364.3289      0.30815033       -3.143839        -3.143839       -12722.37                                                   -12722.37
              1      -6364.6763      0.31007087      -3.2026453       -3.2026453      -12722.947                                                  -12722.947
              1      -6364.4301      0.30865214      -3.1607866       -3.1607866      -12722.539                                                  -12722.539
              3      -6364.8994      0.31843858      -3.2675518       -3.2675518      -12723.264                                                  -12723.264
              1      -6364.9205      0.31822224      -3.2697924       -3.2697924      -12723.301                                                  -12723.301
              1      -6364.3572       0.3082871      -3.1485691       -3.1485691      -12722.417                                                  -12722.417
              1       -6364.349      0.30824742      -3.1472054       -3.1472054      -12722.404                                                  -12722.404
              2      -6365.0601      0.31458903      -3.2763424       -3.2763424      -12723.568                                                  -12723.568
              1      -6364.8422      0.31130707      -3.2318252       -3.2318252      -12723.221                                                  -12723.221
              2      -6364.8086      0.31924116      -3.2574218       -3.2574218      -12723.102                                                  -12723.102
              1      -6365.0396      0.31385478        -3.27054         -3.27054      -12723.538                                                  -12723.538
              1      -6365.0648      0.31519726      -3.2793346       -3.2793346      -12723.571                                                  -12723.571
              1      -6365.0547      0.31432697      -3.2745465       -3.2745465       -12723.56                                                   -12723.56
              1      -6364.6615      0.30997513      -3.2001019       -3.2001019      -12722.923                                                  -12722.923
              1      -6365.0432      0.31395284      -3.2714535       -3.2714535      -12723.544                                                  -12723.544
              2      -6364.6136      0.30967353      -3.1918238       -3.1918238      -12722.843                                                  -12722.843
              1      -6364.9861       0.3128653      -3.2589302       -3.2589302      -12723.454                                                  -12723.454
              1      -6362.9089      0.30312506      -2.9124019       -2.9124019      -12719.993                                                  -12719.993
              1      -6364.9852      0.31285324      -3.2587619       -3.2587619      -12723.453                                                  -12723.453
              4      -6364.5401       0.3209974      -3.2252688       -3.2252688       -12722.63                                                   -12722.63
              1      -6364.6402       0.3204123      -3.2375034       -3.2375034      -12722.805                                                  -12722.805
              2      -6364.9372      0.31224141      -3.2493733       -3.2493733      -12723.376                                                  -12723.376
              2      -6365.0445      0.31630367      -3.2805616       -3.2805616      -12723.528                                                  -12723.528
              5      -6364.6159      0.32056062       -3.234546        -3.234546      -12722.763                                                  -12722.763
              3      -6364.7195      0.31989738       -3.247012        -3.247012      -12722.945                                                  -12722.945
              3      -6364.6165      0.32055666      -3.2346261       -3.2346261      -12722.764                                                  -12722.764
              2      -6364.8391      0.31898966      -3.2609042       -3.2609042      -12723.156                                                  -12723.156
              3      -6364.8625      0.31148737      -3.2355136       -3.2355136      -12723.254                                                  -12723.254
              2      -6364.4225      0.30861291       -3.159502        -3.159502      -12722.526                                                  -12722.526
              1      -6364.9896      0.31736877      -3.2766032       -3.2766032      -12723.426                                                  -12723.426
              1      -6365.0641      0.31537605      -3.2799014       -3.2799014      -12723.568                                                  -12723.568
              1      -6364.7787      0.31947281      -3.2539656       -3.2539656      -12723.049                                                  -12723.049
              2      -6364.8694      0.31872342      -3.2642843       -3.2642843       -12723.21                                                   -12723.21
              1      -6365.0211      0.31683846      -3.2792043       -3.2792043      -12723.484                                                  -12723.484
              1      -6365.0611      0.31465017      -3.2767175       -3.2767175      -12723.569                                                  -12723.569
              1      -6365.0617      0.31469218      -3.2769657       -3.2769657       -12723.57                                                   -12723.57
              3       -6364.936      0.31222809      -3.2491503       -3.2491503      -12723.374                                                  -12723.374
              4      -6364.7082      0.31028416      -3.2081648       -3.2081648          -12723                                                      -12723
              1      -6364.8499      0.31889782      -3.2621057       -3.2621057      -12723.176                                                  -12723.176
              1      -6364.9201      0.31205222      -3.2461333       -3.2461333      -12723.348                                                  -12723.348
              1      -6364.8935      0.31849695      -3.2669115       -3.2669115      -12723.253                                                  -12723.253
              1       -6364.877      0.31865432      -3.2651101       -3.2651101      -12723.224                                                  -12723.224
              3      -6365.0111      0.31702252      -3.2784431       -3.2784431      -12723.465                                                  -12723.465
              2      -6365.0553      0.31593935      -3.2807584       -3.2807584      -12723.549                                                  -12723.549
              3       -6365.031      0.31365116      -3.2685064       -3.2685064      -12723.525                                                  -12723.525
              2      -6364.9832      0.31282436      -3.2583561       -3.2583561       -12723.45                                                   -12723.45
              1      -6364.9297      0.31215729      -3.2479523       -3.2479523      -12723.363                                                  -12723.363
              1       -6365.062      0.31558321      -3.2803805       -3.2803805      -12723.563                                                  -12723.563
              1      -6364.4627       0.3214126      -3.2156637       -3.2156637      -12722.494                                                  -12722.494
              1      -6364.9658      0.31769518      -3.2743807       -3.2743807      -12723.383                                                  -12723.383
              2      -6365.0632      0.31547223      -3.2801476       -3.2801476      -12723.566                                                  -12723.566
              4      -6364.9082      0.31835009      -3.2684934       -3.2684934      -12723.279                                                  -12723.279
              2      -6365.0362      0.31651784      -3.2801706       -3.2801706      -12723.512                                                  -12723.512
              1      -6363.7404      0.32441842      -3.1232782       -3.1232782      -12721.234                                                  -12721.234
              2      -6364.0831      0.32313699      -3.1675741       -3.1675741      -12721.831                                                  -12721.831
              1      -6363.8786      0.32392465      -3.1412109       -3.1412109      -12721.475                                                  -12721.475
              3      -6361.2627      0.33078443      -2.7950349       -2.7950349      -12716.935                                                  -12716.935
              1      -6364.2619      0.32237646      -3.1904127       -3.1904127      -12722.143                                                  -12722.143
              2      -6364.3628       0.3219097      -3.2031565       -3.2031565      -12722.319                                                  -12722.319
              2      -6363.8754      0.32393634       -3.140799        -3.140799      -12721.469                                                  -12721.469
              2       -6364.467       0.3213903      -3.2161992       -3.2161992      -12722.502                                                  -12722.502
              3      -6362.4432      0.32815616      -2.9523837       -2.9523837      -12718.982                                                  -12718.982
              2      -6364.9737      0.31759232      -3.2751322       -3.2751322      -12723.397                                                  -12723.397
              2      -6363.9373      0.32370627      -3.1487964       -3.1487964      -12721.577                                                  -12721.577
              1      -6363.4663      0.32532627      -3.0874791       -3.0874791      -12720.758                                                  -12720.758
              2      -6365.0627      0.31476967      -3.2774027       -3.2774027      -12723.571                                                  -12723.571
              6      -6364.6186      0.30970566      -3.1927251       -3.1927251      -12722.852                                                  -12722.852
              2      -6364.9173      0.31202431      -3.2456418       -3.2456418      -12723.343                                                  -12723.343
              1      -6365.0527      0.31425005      -3.2739614       -3.2739614      -12723.557                                                  -12723.557
              1      -6365.0648      0.31521159      -3.2793852       -3.2793852      -12723.571                                                  -12723.571
              3      -6363.9625      0.30657389      -3.0833186       -3.0833186      -12721.758                                                  -12721.758
              1      -6364.0671      0.30699369      -3.1005141       -3.1005141      -12721.933                                                  -12721.933
              1      -6364.2042      0.30757771      -3.1231331       -3.1231331      -12722.162                                                  -12722.162
              1      -6365.0416      0.31638144      -3.2804432       -3.2804432      -12723.522                                                  -12723.522
              1      -6364.8803      0.31165263      -3.2387674       -3.2387674      -12723.283                                                  -12723.283
              1      -6364.9944      0.31729517      -3.2770388       -3.2770388      -12723.435                                                  -12723.435
              5      -6364.7837      0.31083081      -3.2213877       -3.2213877      -12723.125                                                  -12723.125
              2      -6365.0618      0.31469899      -3.2770052       -3.2770052       -12723.57                                                   -12723.57
              3      -6364.4454      0.30873095      -3.1633462       -3.1633462      -12722.564                                                  -12722.564
              3      -6364.4295      0.30864902      -3.1606846       -3.1606846      -12722.538                                                  -12722.538
              1       -6364.684      0.31012152      -3.2039742       -3.2039742       -12722.96                                                   -12722.96
              1      -6364.6136      0.30967399      -3.1918368       -3.1918368      -12722.844                                                  -12722.844
              1      -6364.3645      0.30832296      -3.1497957       -3.1497957      -12722.429                                                  -12722.429
              4      -6364.5387      0.30923647      -3.1791102       -3.1791102      -12722.719                                                  -12722.719
              1      -6364.5025      0.30903505      -3.1729652       -3.1729652      -12722.659                                                  -12722.659
              2      -6364.6511      0.30990837      -3.1983044       -3.1983044      -12722.906                                                  -12722.906
              3      -6364.8117      0.31105225      -3.2263661       -3.2263661      -12723.171                                                  -12723.171
              1      -6364.7695      0.31072304      -3.2188858       -3.2188858      -12723.101                                                  -12723.101
              2      -6364.8141      0.31919731      -3.2580492       -3.2580492      -12723.112                                                  -12723.112
              1      -6364.4764      0.30889416      -3.1685598       -3.1685598      -12722.616                                                  -12722.616
              1      -6363.8976      0.30632365       -3.072696        -3.072696       -12721.65                                                   -12721.65
              2      -6364.3277      0.30814486      -3.1436484       -3.1436484      -12722.368                                                  -12722.368
              1      -6364.8582      0.31144853      -3.2347313       -3.2347313      -12723.247                                                  -12723.247
              1      -6364.7088      0.31028837      -3.2082716       -3.2082716      -12723.001                                                  -12723.001
              1      -6365.0627      0.31476685      -3.2773873       -3.2773873      -12723.571                                                  -12723.571
              3      -6364.6982      0.32004102      -3.2444781       -3.2444781      -12722.907                                                  -12722.907
              1      -6364.9988      0.31305835       -3.261537        -3.261537      -12723.475                                                  -12723.475
              1      -6365.0629      0.31478773      -3.2775008       -3.2775008      -12723.571                                                  -12723.571
              1      -6364.8954      0.31847802      -3.2671208       -3.2671208      -12723.257                                                  -12723.257
              1      -6363.9966      0.30670888      -3.0889334       -3.0889334      -12721.815                                                  -12721.815
              2      -6365.0571      0.31443172       -3.275301        -3.275301      -12723.564                                                  -12723.564
              1      -6365.0473      0.31621986      -3.2806591       -3.2806591      -12723.533                                                  -12723.533
              3      -6364.1563      0.30736838         -3.1152          -3.1152      -12722.082                                                  -12722.082
              1      -6365.0643      0.31494726      -3.2783037       -3.2783037      -12723.572                                                  -12723.572
              2      -6364.9201       0.3120517      -3.2461242       -3.2461242      -12723.348                                                  -12723.348
              1      -6364.9146      0.31199504      -3.2451228       -3.2451228      -12723.339                                                  -12723.339
              1      -6364.9068      0.31191344      -3.2436555       -3.2436555      -12723.326                                                  -12723.326
              2      -6365.0598      0.31457147      -3.2762317       -3.2762317      -12723.567                                                  -12723.567
              1       -6365.046      0.31403289      -3.2721676       -3.2721676      -12723.548                                                  -12723.548
              2      -6365.0632      0.31547113       -3.280145        -3.280145      -12723.566                                                  -12723.566
              3      -6363.8205      0.32413586      -3.1336727       -3.1336727      -12721.374                                                  -12721.374
              5      -6364.6653      0.30999947      -3.2007525       -3.2007525      -12722.929                                                  -12722.929
              1      -6365.0395      0.31643568      -3.2803447       -3.2803447      -12723.518                                                  -12723.518
              2      -6364.9063      0.31190803      -3.2435571       -3.2435571      -12723.325                                                  -12723.325
              1      -6364.8795      0.31164503      -3.2386203       -3.2386203      -12723.282                                                  -12723.282
              1      -6364.5558      0.32090982      -3.2271969       -3.2271969      -12722.657                                                  -12722.657
              1      -6364.0658      0.32320656      -3.1653567       -3.1653567      -12721.801                                                  -12721.801
              1      -6365.0623      0.31473836      -3.2772293       -3.2772293       -12723.57                                                   -12723.57
              1       -6364.311      0.32215357      -3.1966189       -3.1966189      -12722.229                                                  -12722.229
              2      -6362.2649      0.32858721      -2.9286822       -2.9286822      -12718.672                                                  -12718.672
              2      -6359.1092       0.3346657      -2.5065261       -2.5065261      -12713.205                                                  -12713.205
              1      -6362.6567      0.32761994      -2.9807152       -2.9807152      -12719.352                                                  -12719.352
              1      -6362.8855      0.32701806      -3.0109941       -3.0109941      -12719.749                                                  -12719.749
              1      -6364.9882      0.31738918      -3.2764781       -3.2764781      -12723.423                                                  -12723.423
              1      -6364.9331      0.31219523       -3.248597        -3.248597      -12723.369                                                  -12723.369
              1      -6364.8641      0.31877173      -3.2636943       -3.2636943      -12723.201                                                  -12723.201
              2      -6364.7983      0.31932238      -3.2562372       -3.2562372      -12723.084                                                  -12723.084
              2      -6363.8472      0.32403943      -3.1371388       -3.1371388       -12721.42                                                   -12721.42
              2      -6363.8522      0.32402158       -3.137776        -3.137776      -12721.429                                                  -12721.429
              1      -6364.5967      0.30957307      -3.1889766       -3.1889766      -12722.815                                                  -12722.815
              1      -6364.8296      0.31906911      -3.2598344       -3.2598344      -12723.139                                                  -12723.139
              1      -6363.9691      0.32358531      -3.1529068       -3.1529068      -12721.632                                                  -12721.632
              1      -6364.1658      0.32279542      -3.1781494       -3.1781494      -12721.975                                                  -12721.975
              1      -6362.2756      0.32856191      -2.9300966       -2.9300966      -12718.691                                                  -12718.691
              2      -6362.9999      0.32670502      -3.0261054       -3.0261054      -12719.947                                                  -12719.947
              5      -6364.3242      0.32209225      -3.1982876       -3.1982876      -12722.252                                                  -12722.252
              2      -6364.9824      0.31281336      -3.2582006       -3.2582006      -12723.448                                                  -12723.448
              1      -6362.7579      0.32735727      -2.9941274       -2.9941274      -12719.528                                                  -12719.528
              1      -6362.5194      0.32796818      -2.9624615       -2.9624615      -12719.114                                                  -12719.114
              1      -6362.6384      0.32766729       -2.978265        -2.978265       -12719.32                                                   -12719.32
              1      -6362.0741      0.32903345      -2.9032757       -2.9032757      -12718.342                                                  -12718.342
              2      -6362.6193       0.3277161      -2.9757289       -2.9757289      -12719.287                                                  -12719.287
              1      -6364.7581      0.31962466      -3.2515706       -3.2515706      -12723.013                                                  -12723.013
              1      -6363.1587      0.30384925      -2.9526762       -2.9526762      -12720.412                                                  -12720.412
              2      -6363.7048       0.3056173      -3.0412102       -3.0412102      -12721.327                                                  -12721.327
              2       -6364.657      0.30994623      -3.1993262       -3.1993262      -12722.915                                                  -12722.915
              2      -6365.0442      0.31631178      -3.2805505       -3.2805505      -12723.527                                                  -12723.527
              1      -6364.9336      0.31220075      -3.2486903       -3.2486903       -12723.37                                                   -12723.37
              2       -6364.212      0.30761215      -3.1244199       -3.1244199      -12722.175                                                  -12722.175
              1      -6364.4259      0.30863078      -3.1600878       -3.1600878      -12722.532                                                  -12722.532
              1      -6364.5036      0.32119708       -3.220745        -3.220745      -12722.566                                                  -12722.566
              1      -6365.0648      0.31518024      -3.2792732       -3.2792732      -12723.571                                                  -12723.571
              1      -6365.0587      0.31450671      -3.2758112       -3.2758112      -12723.566                                                  -12723.566
              3       -6365.054      0.31430245      -3.2743628       -3.2743628      -12723.559                                                  -12723.559
              6      -6365.0514       0.3142063      -3.2736168       -3.2736168      -12723.556                                                  -12723.556
              1      -6364.6896      0.31015869      -3.2049422       -3.2049422      -12722.969                                                  -12722.969
              2      -6364.9112      0.31195898       -3.244478        -3.244478      -12723.333                                                  -12723.333
              1      -6364.8979      0.31182389      -3.2420113       -3.2420113      -12723.312                                                  -12723.312
              1      -6365.0555      0.31592826      -3.2807551       -3.2807551       -12723.55                                                   -12723.55
              1      -6365.0285      0.31668978      -3.2797092       -3.2797092      -12723.498                                                  -12723.498
              2      -6364.9646      0.31257326       -3.254672        -3.254672       -12723.42                                                   -12723.42
              6       -6364.687      0.32011503      -3.2431367       -3.2431367      -12722.888                                                  -12722.888
              1      -6364.9432      0.31231153      -3.2505336       -3.2505336      -12723.385                                                  -12723.385
              1      -6364.8033      0.31098493      -3.2248757       -3.2248757      -12723.157                                                  -12723.157
              2      -6365.0619      0.31470411      -3.2770347       -3.2770347       -12723.57                                                   -12723.57
              3      -6365.0078      0.31707884      -3.2781801       -3.2781801      -12723.459                                                  -12723.459
              1      -6364.6974      0.32004637      -3.2443819       -3.2443819      -12722.906                                                  -12722.906
              1       -6364.862      0.31148359      -3.2354377       -3.2354377      -12723.253                                                  -12723.253
              2      -6364.7604      0.31960857      -3.2518292       -3.2518292      -12723.017                                                  -12723.017
              2      -6365.0506        0.314176      -3.2733733       -3.2733733      -12723.554                                                  -12723.554
              2       -6365.048      0.31409294      -3.2726846       -3.2726846      -12723.551                                                  -12723.551
              1      -6365.0574      0.31584496      -3.2807131       -3.2807131      -12723.553                                                  -12723.553
              1      -6364.4969      0.32123253      -3.2199236       -3.2199236      -12722.554                                                  -12722.554
              1      -6364.1218      0.32297909      -3.1725273       -3.1725273      -12721.899                                                  -12721.899
              2      -6365.0438      0.31396777      -3.2715889       -3.2715889      -12723.544                                                  -12723.544
              2      -6365.0639      0.31539215      -3.2799455       -3.2799455      -12723.568                                                  -12723.568
              1      -6365.0348      0.31654959      -3.2800953       -3.2800953      -12723.509                                                  -12723.509
              4       -6364.925      0.31210495      -3.2470523       -3.2470523      -12723.356                                                  -12723.356
              2      -6364.6151      0.30968438      -3.1921286       -3.1921286      -12722.846                                                  -12722.846
              4      -6365.0633      0.31546523       -3.280131        -3.280131      -12723.566                                                  -12723.566
              8      -6364.8069       0.3110137       -3.225515        -3.225515      -12723.163                                                  -12723.163
              1      -6365.0572      0.31585581      -3.2807203       -3.2807203      -12723.553                                                  -12723.553
              1      -6365.0044      0.31713597      -3.2778989       -3.2778989      -12723.453                                                  -12723.453
              1      -6365.0497      0.31414799      -3.2731444       -3.2731444      -12723.553                                                  -12723.553
              3      -6364.8662      0.31152116      -3.2361887       -3.2361887       -12723.26                                                   -12723.26
              2      -6364.6948      0.31019356      -3.2058448       -3.2058448      -12722.978                                                  -12722.978
              2       -6364.573      0.30943355      -3.1849481       -3.1849481      -12722.776                                                  -12722.776
              1      -6364.8532      0.31140348      -3.2338154       -3.2338154      -12723.239                                                  -12723.239
              1      -6365.0636      0.31485358      -3.2778459       -3.2778459      -12723.571                                                  -12723.571
              1       -6365.002      0.31310863      -3.2621887       -3.2621887       -12723.48                                                   -12723.48
              1      -6364.3764      0.30838165      -3.1517903       -3.1517903      -12722.449                                                  -12722.449
              2      -6363.8301      0.32410152      -3.1349117       -3.1349117       -12721.39                                                   -12721.39
              1      -6364.6397      0.32041531      -3.2374445       -3.2374445      -12722.805                                                  -12722.805
              2       -6364.626       0.3204992      -3.2357825       -3.2357825       -12722.78                                                   -12722.78
              2      -6364.8898      0.31853302      -3.2665084       -3.2665084      -12723.247                                                  -12723.247
              2      -6365.0252      0.31352904      -3.2671985       -3.2671985      -12723.516                                                  -12723.516
              8      -6364.3849      0.32180289      -3.2059365       -3.2059365      -12722.358                                                  -12722.358
              1      -6363.3716      0.32562119      -3.0750615       -3.0750615      -12720.593                                                  -12720.593
              1      -6362.9236      0.32691484      -3.0160249       -3.0160249      -12719.815                                                  -12719.815
              4      -6365.0577      0.31445942      -3.2754924       -3.2754924      -12723.564                                                  -12723.564
              1      -6365.0493      0.31615632      -3.2807122       -3.2807122      -12723.537                                                  -12723.537
              1      -6364.3936      0.30846664       -3.154652        -3.154652      -12722.478                                                  -12722.478
              2      -6365.0437      0.31396682      -3.2715803       -3.2715803      -12723.544                                                  -12723.544
              2      -6365.0444      0.31630383      -3.2805614       -3.2805614      -12723.528                                                  -12723.528
              2      -6364.7986      0.31932018      -3.2562696       -3.2562696      -12723.085                                                  -12723.085
              3        -6363.93      0.30644796      -3.0780076       -3.0780076      -12721.704                                                  -12721.704
              2      -6364.1414      0.30730509      -3.1127635       -3.1127635      -12722.057                                                  -12722.057
              1      -6363.7871      0.30591225      -3.0546271       -3.0546271      -12721.465                                                  -12721.465
              1      -6364.3585      0.30829364      -3.1487932       -3.1487932      -12722.419                                                  -12722.419
              4      -6364.9449       0.3123312      -3.2508553       -3.2508553      -12723.388                                                  -12723.388
              2      -6364.9539      0.31243881      -3.2525841       -3.2525841      -12723.403                                                  -12723.403
              1      -6365.0042      0.31314532      -3.2626572       -3.2626572      -12723.483                                                  -12723.483
              1       -6364.868       0.3187363       -3.264128        -3.264128      -12723.208                                                  -12723.208
              1      -6365.0409      0.31388914      -3.2708649       -3.2708649       -12723.54                                                   -12723.54
              1      -6363.9435      0.32368277      -3.1496001       -3.1496001      -12721.588                                                  -12721.588
              4      -6364.5589      0.32089241      -3.2275761       -3.2275761      -12722.663                                                  -12722.663
              1      -6364.8562      0.31884205      -3.2628171       -3.2628171      -12723.187                                                  -12723.187
              1      -6364.2966      0.32221987      -3.1947959       -3.1947959      -12722.204                                                  -12722.204
              1      -6364.7464      0.31055255      -3.2148227       -3.2148227      -12723.063                                                  -12723.063
              3      -6365.0155       0.3169437      -3.2787875       -3.2787875      -12723.473                                                  -12723.473
              1      -6364.3979      0.30848847      -3.1553818       -3.1553818      -12722.485                                                  -12722.485
              1      -6364.0238      0.30681734      -3.0933859       -3.0933859      -12721.861                                                  -12721.861
              1      -6363.6076      0.30528028      -3.0254054       -3.0254054      -12721.164                                                  -12721.164
              4       -6364.703      0.31024907      -3.2072706       -3.2072706      -12722.991                                                  -12722.991
              1       -6364.781      0.31945555      -3.2542314       -3.2542314      -12723.053                                                  -12723.053
              1      -6364.7684      0.31954909      -3.2527753       -3.2527753      -12723.031                                                  -12723.031
              4      -6365.0533      0.31601849      -3.2807658       -3.2807658      -12723.545                                                  -12723.545
              1      -6363.9914      0.32349974      -3.1557751       -3.1557751      -12721.671                                                  -12721.671
              3      -6364.2423      0.30774802      -3.1294438       -3.1294438      -12722.226                                                  -12722.226
              2      -6365.0565      0.31440239      -3.2750946       -3.2750946      -12723.563                                                  -12723.563
              1      -6365.0505      0.31417402      -3.2733572       -3.2733572      -12723.554                                                  -12723.554
              1      -6364.4341      0.32155846      -3.2121076       -3.2121076      -12722.444                                                  -12722.444
              1      -6365.0647      0.31523432      -3.2794637       -3.2794637      -12723.571                                                  -12723.571
              1      -6365.0053      0.31712151      -3.2779715       -3.2779715      -12723.455                                                  -12723.455
              1      -6364.9367      0.31804445      -3.2714781       -3.2714781      -12723.331                                                  -12723.331
              1      -6365.0649        0.315131      -3.2790884       -3.2790884      -12723.572                                                  -12723.572
              1      -6365.0638      0.31540878      -3.2799898       -3.2799898      -12723.568                                                  -12723.568
              4      -6364.8907      0.31852332      -3.2666173       -3.2666173      -12723.248                                                  -12723.248
              2      -6365.0622      0.31472791      -3.2771705       -3.2771705       -12723.57                                                   -12723.57
              1      -6364.5922      0.30954623      -3.1882085       -3.1882085      -12722.808                                                  -12722.808
              1      -6365.0483      0.31410132      -3.2727555       -3.2727555      -12723.551                                                  -12723.551
              2      -6364.7799      0.31946371       -3.254106        -3.254106      -12723.052                                                  -12723.052
              3      -6364.5654      0.32085568      -3.2283718       -3.2283718      -12722.674                                                  -12722.674
              4      -6365.0238      0.31350098      -3.2668886       -3.2668886      -12723.514                                                  -12723.514
              1      -6364.7784      0.31079124      -3.2204751       -3.2204751      -12723.116                                                  -12723.116
              1      -6364.9318      0.31810049       -3.270962        -3.270962      -12723.322                                                  -12723.322
              1      -6365.0493      0.31413233       -3.273015        -3.273015      -12723.552                                                  -12723.552
              1      -6364.9839      0.31745171      -3.2760833       -3.2760833      -12723.416                                                  -12723.416
              1       -6364.683      0.32014119      -3.2426566       -3.2426566      -12722.881                                                  -12722.881
              4      -6364.8783      0.31864209       -3.265254        -3.265254      -12723.226                                                  -12723.226
              2      -6364.9151      0.31827924      -3.2692222       -3.2692222      -12723.292                                                  -12723.292
              1      -6364.8016      0.31929571      -3.2566294       -3.2566294       -12723.09                                                   -12723.09
              1       -6364.725      0.31985972      -3.2476611       -3.2476611      -12722.955                                                  -12722.955
              1      -6364.8781      0.31864329      -3.2652399       -3.2652399      -12723.226                                                  -12723.226
              1      -6364.6039      0.30961463      -3.1901599       -3.1901599      -12722.827                                                  -12722.827
              1      -6365.0111      0.31702261      -3.2784427       -3.2784427      -12723.465                                                  -12723.465
              1      -6364.9853      0.31743083       -3.276217        -3.276217      -12723.418                                                  -12723.418
              1      -6364.6757      0.32018846      -3.2417816       -3.2417816      -12722.868                                                  -12722.868
              1       -6364.511      0.32115707      -3.2216657       -3.2216657      -12722.579                                                  -12722.579
              3      -6364.9368      0.31223698      -3.2492992       -3.2492992      -12723.375                                                  -12723.375
              1      -6364.2489      0.32243493       -3.188748        -3.188748       -12722.12                                                   -12722.12
              1      -6365.0236      0.31678932       -3.279382        -3.279382      -12723.488                                                  -12723.488
              1      -6365.0007      0.31719598       -3.277588        -3.277588      -12723.446                                                  -12723.446
              1      -6364.9755       0.3127177      -3.2568254       -3.2568254      -12723.437                                                  -12723.437
              2      -6364.7202      0.31036689      -3.2102511       -3.2102511       -12723.02                                                   -12723.02
              1       -6363.779      0.30588303      -3.0533153       -3.0533153      -12721.451                                                  -12721.451
              1      -6364.3383      0.32202573      -3.2000789       -3.2000789      -12722.276                                                  -12722.276
              1       -6364.597      0.32067283      -3.2322435       -3.2322435      -12722.729                                                  -12722.729
              3      -6364.9859      0.31742325      -3.2762651       -3.2762651      -12723.419                                                  -12723.419
              3      -6364.5265      0.30916783      -3.1770364       -3.1770364      -12722.699                                                  -12722.699
              2      -6365.0308      0.31663932      -3.2798583       -3.2798583      -12723.502                                                  -12723.502
              2      -6365.0559      0.31591123       -3.280749        -3.280749       -12723.55                                                   -12723.55
              1      -6365.0101      0.31703981      -3.2783639       -3.2783639      -12723.463                                                  -12723.463
              3        -6365.06      0.31571161      -3.2805817       -3.2805817      -12723.559                                                  -12723.559
              1      -6365.0346      0.31373548      -3.2693708       -3.2693708      -12723.531                                                  -12723.531
              1      -6364.7469      0.31970547      -3.2502543       -3.2502543      -12722.993                                                  -12722.993
              3      -6365.0201      0.31685746      -3.2791327       -3.2791327      -12723.482                                                  -12723.482
              1      -6364.8229      0.31114403      -3.2283655       -3.2283655      -12723.189                                                  -12723.189
              1      -6364.9313      0.31217533      -3.2482597       -3.2482597      -12723.366                                                  -12723.366
              2      -6365.0076      0.31320263      -3.2633771       -3.2633771      -12723.488                                                  -12723.488
              1      -6363.8704      0.30622062      -3.0682415       -3.0682415      -12721.604                                                  -12721.604
              2      -6364.0653      0.30698645      -3.1002241       -3.1002241       -12721.93                                                   -12721.93
              1      -6364.6025      0.30960633      -3.1899242       -3.1899242      -12722.825                                                  -12722.825
              1      -6364.3646      0.32190088       -3.203388        -3.203388      -12722.322                                                  -12722.322
              2      -6364.3893      0.32178137      -3.2064904       -3.2064904      -12722.366                                                  -12722.366
              1      -6364.9082      0.31835062      -3.2684878       -3.2684878      -12723.279                                                  -12723.279
              3       -6364.933      0.31808695      -3.2710879       -3.2710879      -12723.324                                                  -12723.324
              1      -6364.9074      0.31835808      -3.2684098       -3.2684098      -12723.278                                                  -12723.278
              1      -6365.0498      0.31614168      -3.2807219       -3.2807219      -12723.538                                                  -12723.538
              2      -6365.0525      0.31604804      -3.2807614       -3.2807614      -12723.543                                                  -12723.543
              3      -6364.9106      0.31195301      -3.2443707       -3.2443707      -12723.332                                                  -12723.332
              1      -6364.6398      0.32041502      -3.2374501       -3.2374501      -12722.805                                                  -12722.805
              2      -6364.9342      0.31807354      -3.2712119       -3.2712119      -12723.326                                                  -12723.326
              1      -6365.0377      0.31648069      -3.2802531       -3.2802531      -12723.515                                                  -12723.515
              5       -6364.723       0.3198732      -3.2474295       -3.2474295      -12722.951                                                  -12722.951
              2      -6365.0031      0.31715704      -3.2777915       -3.2777915      -12723.451                                                  -12723.451
              2      -6365.0446      0.31399094      -3.2717969       -3.2717969      -12723.546                                                  -12723.546
              1      -6363.8214      0.30603781      -3.0602216       -3.0602216      -12721.522                                                  -12721.522
              2       -6363.437      0.30471335      -2.9976811       -2.9976811      -12720.879                                                  -12720.879
              1      -6364.5461      0.30927781      -3.1803492       -3.1803492      -12722.731                                                  -12722.731
              1       -6364.912      0.31196796      -3.2446391       -3.2446391      -12723.335                                                  -12723.335
              4      -6364.9223      0.31207491      -3.2465303       -3.2465303      -12723.351                                                  -12723.351
              2      -6364.8177      0.31110104      -3.2274337       -3.2274337       -12723.18                                                   -12723.18
              1       -6365.026       0.3135462      -3.2673863       -3.2673863      -12723.517                                                  -12723.517
              1      -6364.6138      0.32057296      -3.2342956       -3.2342956      -12722.759                                                  -12722.759
              1      -6364.6927      0.31017979       -3.205489        -3.205489      -12722.974                                                  -12722.974
              1      -6364.1672      0.30741549      -3.1170026       -3.1170026        -12722.1                                                    -12722.1
              1      -6364.0827      0.30705793      -3.1030762       -3.1030762      -12721.959                                                  -12721.959
              2      -6364.6404      0.30984075      -3.1964635       -3.1964635      -12722.888                                                  -12722.888
              1      -6364.6014      0.30960006      -3.1897462       -3.1897462      -12722.823                                                  -12722.823
              2      -6365.0275      0.31671118      -3.2796426       -3.2796426      -12723.496                                                  -12723.496
              2      -6365.0317      0.31366729      -3.2686742       -3.2686742      -12723.526                                                  -12723.526
              1       -6364.536      0.30922112      -3.1786484       -3.1786484      -12722.715                                                  -12722.715
              1      -6364.3534      0.30826879      -3.1479406       -3.1479406      -12722.411                                                  -12722.411
              1      -6364.9826      0.31746904      -3.2759708       -3.2759708      -12723.413                                                  -12723.413
              1      -6364.5634       0.3093772      -3.1832964       -3.1832964       -12722.76                                                   -12722.76
              1      -6365.0644      0.31532076      -3.2797413       -3.2797413      -12723.569                                                  -12723.569
              2      -6365.0374      0.31648836      -3.2802365       -3.2802365      -12723.514                                                  -12723.514
              1      -6364.8555      0.31884873      -3.2627326       -3.2627326      -12723.185                                                  -12723.185
              1      -6364.8164      0.31917835      -3.2583178       -3.2583178      -12723.116                                                  -12723.116
              1      -6364.7858      0.31941848      -3.2547977       -3.2547977      -12723.062                                                  -12723.062
              2      -6364.6446      0.32038511      -3.2380349       -3.2380349      -12722.813                                                  -12722.813
              1      -6364.8482      0.31891232      -3.2619185       -3.2619185      -12723.173                                                  -12723.173
              3      -6365.0222      0.31347001      -3.2665424       -3.2665424      -12723.511                                                  -12723.511
              1      -6364.9406      0.31800057      -3.2718726       -3.2718726      -12723.337                                                  -12723.337
              3      -6364.8735      0.31158852      -3.2375195       -3.2375195      -12723.272                                                  -12723.272
              1      -6364.7142      0.31032534      -3.2092071       -3.2092071       -12723.01                                                   -12723.01
              1      -6365.0649      0.31514474       -3.279141        -3.279141      -12723.571                                                  -12723.571
              2        -6364.65      0.32035181      -3.2386816       -3.2386816      -12722.823                                                  -12722.823
              2       -6364.687      0.32011538      -3.2431302       -3.2431302      -12722.888                                                  -12722.888
              4      -6363.5035      0.30493084      -3.0084857       -3.0084857       -12720.99                                                   -12720.99
              1      -6363.6444      0.30540625      -3.0313718       -3.0313718      -12721.226                                                  -12721.226
              1      -6363.2597      0.30415516      -2.9689882       -2.9689882      -12720.581                                                  -12720.581
              1      -6364.8793      0.31863214      -3.2653706       -3.2653706      -12723.228                                                  -12723.228
              1      -6364.8917      0.31851406       -3.266721        -3.266721       -12723.25                                                   -12723.25
              1      -6364.4723      0.30887259      -3.1678778       -3.1678778      -12722.609                                                  -12722.609
              1      -6365.0343      0.31656261      -3.2800632       -3.2800632      -12723.508                                                  -12723.508
              2      -6364.3908      0.30845261      -3.1541818       -3.1541818      -12722.473                                                  -12722.473
              2      -6364.4405       0.3087059      -3.1625356       -3.1625356      -12722.556                                                  -12722.556
              1      -6364.8547      0.31141726      -3.2340965       -3.2340965      -12723.241                                                  -12723.241
              1      -6364.9542       0.3178408      -3.2732364       -3.2732364      -12723.362                                                  -12723.362
              4      -6365.0386      0.31383114      -3.2703133       -3.2703133      -12723.537                                                  -12723.537
              1      -6364.3039      0.32218617      -3.1957251       -3.1957251      -12722.216                                                  -12722.216
              4      -6365.0551      0.31594815      -3.2807606       -3.2807606      -12723.549                                                  -12723.549
              1      -6365.0294      0.31666971      -3.2797699       -3.2797699      -12723.499                                                  -12723.499
              1      -6364.9738      0.31759082      -3.2751428       -3.2751428      -12723.397                                                  -12723.397
              1       -6364.946       0.3179373      -3.2724262       -3.2724262      -12723.347                                                  -12723.347
              2      -6364.3766      0.32184305      -3.2048972       -3.2048972      -12722.343                                                  -12722.343
              1       -6364.316      0.32213016       -3.197258        -3.197258      -12722.238                                                  -12722.238
              2      -6364.3133      0.32214258      -3.1969191       -3.1969191      -12722.233                                                  -12722.233
              1      -6363.8321      0.32409434      -3.1351701       -3.1351701      -12721.394                                                  -12721.394
              1      -6364.0092      0.30675849      -3.0909763       -3.0909763      -12721.836                                                  -12721.836
              2      -6365.0211      0.31344714      -3.2662841       -3.2662841       -12723.51                                                   -12723.51
              4      -6364.9017      0.31841564      -3.2677992       -3.2677992      -12723.268                                                  -12723.268
              2      -6364.4908      0.30897161      -3.1709927       -3.1709927       -12722.64                                                   -12722.64
              3      -6364.5074      0.32117613      -3.2212281       -3.2212281      -12722.572                                                  -12722.572
              1      -6363.5658      0.32500649       -3.100507        -3.100507      -12720.931                                                  -12720.931
              1       -6363.951       0.3236544      -3.1505668       -3.1505668      -12721.601                                                  -12721.601
              2      -6361.2739      0.33076171      -2.7965261       -2.7965261      -12716.955                                                  -12716.955
              1       -6362.509      0.32799369       -2.961103        -2.961103      -12719.096                                                  -12719.096
              2      -6364.1864      0.32270746      -3.1807887       -3.1807887      -12722.011                                                  -12722.011
              1      -6363.6757      0.32464072      -3.1148509       -3.1148509      -12721.122                                                  -12721.122
              1      -6362.8794      0.32703452      -3.0101874       -3.0101874      -12719.738                                                  -12719.738
              1      -6363.6135       0.3248496      -3.1067321       -3.1067321      -12721.014                                                  -12721.014
              1      -6363.8928       0.3238722      -3.1430521       -3.1430521        -12721.5                                                    -12721.5
              1      -6364.9887      0.31738134      -3.2765263       -3.2765263      -12723.424                                                  -12723.424
              2      -6364.9118      0.31196594      -3.2446029       -3.2446029      -12723.334                                                  -12723.334
              2      -6364.7526      0.31059793      -3.2159168       -3.2159168      -12723.073                                                  -12723.073
              2      -6364.9015      0.31186003      -3.2426791       -3.2426791      -12723.318                                                  -12723.318
              1      -6365.0545      0.31431899       -3.274487        -3.274487       -12723.56                                                   -12723.56
              3      -6365.0496      0.31614711      -3.2807185       -3.2807185      -12723.538                                                  -12723.538
              5      -6364.5138      0.30909711       -3.174878        -3.174878      -12722.678                                                  -12722.678
              2      -6364.8826      0.31167445      -3.2391879       -3.2391879      -12723.287                                                  -12723.287
              2       -6364.973      0.31760153      -3.2750668       -3.2750668      -12723.396                                                  -12723.396
              1      -6365.0141      0.31331599      -3.2647579       -3.2647579      -12723.499                                                  -12723.499
              1      -6365.0172       0.3169126      -3.2789158       -3.2789158      -12723.476                                                  -12723.476
              2      -6363.8229      0.32412719      -3.1339861       -3.1339861      -12721.378                                                  -12721.378
              1      -6364.4112      0.30855512      -3.1575973       -3.1575973      -12722.507                                                  -12722.507
              1      -6365.0374      0.31380165      -3.2700271       -3.2700271      -12723.535                                                  -12723.535
              1      -6364.8711      0.31156576      -3.2370721       -3.2370721      -12723.268                                                  -12723.268
              1      -6364.9035      0.31839792      -3.2679888       -3.2679888      -12723.271                                                  -12723.271
              1      -6363.3985      0.30458907      -2.9914124       -2.9914124      -12720.814                                                  -12720.814
              1      -6363.3742      0.30451265      -2.9875238       -2.9875238      -12720.773                                                  -12720.773
              2      -6364.2959      0.30799462      -3.1383529       -3.1383529      -12722.315                                                  -12722.315
              2       -6365.039      0.31384135      -3.2704115       -3.2704115      -12723.537                                                  -12723.537
              1      -6365.0366      0.31378166      -3.2698309       -3.2698309      -12723.534                                                  -12723.534
              1      -6364.2786      0.32230166      -3.1925201       -3.1925201      -12722.172                                                  -12722.172
              2      -6365.0639      0.31539536      -3.2799541       -3.2799541      -12723.568                                                  -12723.568
              1      -6363.4986      0.32522364      -3.0917096       -3.0917096      -12720.814                                                  -12720.814
              1      -6363.2946      0.32585508      -3.0649383       -3.0649383      -12720.459                                                  -12720.459
              2      -6364.2932       0.3222356      -3.1943605       -3.1943605      -12722.198                                                  -12722.198
              1       -6364.332      0.30816492      -3.1443477       -3.1443477      -12722.375                                                  -12722.375
              1      -6363.9359      0.30647043      -3.0789606       -3.0789606      -12721.714                                                  -12721.714
              2      -6364.8128      0.31106164      -3.2265722       -3.2265722      -12723.173                                                  -12723.173
              1      -6364.3535      0.30826921      -3.1479552       -3.1479552      -12722.411                                                  -12722.411
              1      -6364.7988      0.31931824      -3.2562983       -3.2562983      -12723.085                                                  -12723.085
              4      -6364.9661       0.3176914      -3.2744092       -3.2744092      -12723.383                                                  -12723.383
              2      -6363.8488      0.30613976      -3.0647127       -3.0647127      -12721.568                                                  -12721.568
              1      -6364.1942      0.32267369      -3.1817929       -3.1817929      -12722.025                                                  -12722.025
              1      -6363.5593      0.32502794      -3.0996471       -3.0996471      -12720.919                                                  -12720.919
              3      -6363.6742      0.30551017      -3.0362411       -3.0362411      -12721.276                                                  -12721.276
              1      -6363.4026      0.30460208       -2.992072        -2.992072      -12720.821                                                  -12720.821
              1      -6364.9555      0.31782508      -3.2733645       -3.2733645      -12723.364                                                  -12723.364
              1      -6364.7251      0.31985848      -3.2476824       -3.2476824      -12722.955                                                  -12722.955
              3      -6365.0357      0.31652998      -3.2801424       -3.2801424      -12723.511                                                  -12723.511
              1      -6364.8015      0.31097092      -3.2245629       -3.2245629      -12723.154                                                  -12723.154
              1      -6364.5521      0.30931205      -3.1813696       -3.1813696      -12722.741                                                  -12722.741
              3      -6364.1488       0.3073362      -3.1139633       -3.1139633       -12722.07                                                   -12722.07
              1      -6364.9423      0.31230037      -3.2503503       -3.2503503      -12723.384                                                  -12723.384
              2      -6364.9502      0.31788784      -3.2728467       -3.2728467      -12723.355                                                  -12723.355
              1      -6365.0197      0.31686433      -3.2791064       -3.2791064      -12723.481                                                  -12723.481
              1      -6365.0581      0.31447985      -3.2756313       -3.2756313      -12723.565                                                  -12723.565
              1      -6365.0245        0.316771      -3.2794456       -3.2794456       -12723.49                                                   -12723.49
              1       -6364.358      0.32193318      -3.2025384       -3.2025384      -12722.311                                                  -12722.311
              1       -6364.903        0.318403      -3.2679345       -3.2679345       -12723.27                                                   -12723.27
              1      -6365.0623      0.31555573      -3.2803279       -3.2803279      -12723.564                                                  -12723.564
              2      -6364.9032      0.31840025      -3.2679639       -3.2679639      -12723.271                                                  -12723.271
              2      -6363.0501      0.32656467      -3.0327395       -3.0327395      -12720.035                                                  -12720.035
              1      -6363.2685      0.32593304      -3.0615105       -3.0615105      -12720.414                                                  -12720.414
              1      -6363.1369      0.32631791      -3.0441904       -3.0441904      -12720.185                                                  -12720.185
              5      -6364.6502       0.3203502      -3.2387127       -3.2387127      -12722.823                                                  -12722.823
              1      -6364.8583      0.31882353      -3.2630503       -3.2630503      -12723.191                                                  -12723.191
              3      -6364.7354      0.31047424      -3.2129132       -3.2129132      -12723.045                                                  -12723.045
              2      -6364.8357      0.31125168       -3.230663        -3.230663       -12723.21                                                   -12723.21
              2       -6364.396      0.30847902      -3.1550663       -3.1550663      -12722.482                                                  -12722.482
              1      -6365.0468       0.3140565      -3.2723728       -3.2723728      -12723.549                                                  -12723.549
              6      -6364.8781      0.31864345      -3.2652381       -3.2652381      -12723.226                                                  -12723.226
              2      -6365.0061      0.31317719      -3.2630593       -3.2630593      -12723.486                                                  -12723.486
              1      -6364.1666      0.30741318      -3.1169142       -3.1169142      -12722.099                                                  -12722.099
              2      -6364.7929      0.31090235      -3.2230199       -3.2230199       -12723.14                                                   -12723.14
              1      -6364.4752      0.30888804      -3.1683665       -3.1683665      -12722.614                                                  -12722.614
              3      -6365.0644      0.31496499       -3.278386        -3.278386      -12723.572                                                  -12723.572
              3      -6364.4762      0.30889326      -3.1685314       -3.1685314      -12722.615                                                  -12722.615
              1      -6364.7875      0.31086028      -3.2220627       -3.2220627      -12723.131                                                  -12723.131
              1      -6365.0586      0.31578645      -3.2806652       -3.2806652      -12723.556                                                  -12723.556
              1      -6364.1782      0.32274248      -3.1797419       -3.1797419      -12721.997                                                  -12721.997
              7      -6364.1756      0.32275357      -3.1794093       -3.1794093      -12721.992                                                  -12721.992
              1      -6365.0588      0.31451269      -3.2758508       -3.2758508      -12723.566                                                  -12723.566
              3      -6365.0586      0.31578793      -3.2806666       -3.2806666      -12723.556                                                  -12723.556
              1      -6365.0601      0.31458646      -3.2763263       -3.2763263      -12723.568                                                  -12723.568
              4      -6364.9594      0.31250778      -3.2536652       -3.2536652      -12723.412                                                  -12723.412
              1       -6365.064      0.31537827      -3.2799075       -3.2799075      -12723.568                                                  -12723.568
              1      -6365.0546      0.31596871      -3.2807644       -3.2807644      -12723.548                                                  -12723.548
              1      -6364.1359      0.30728209      -3.1118734       -3.1118734      -12722.048                                                  -12722.048
              1      -6364.8288      0.31907592      -3.2597415       -3.2597415      -12723.138                                                  -12723.138
              1      -6364.8961      0.31847105      -3.2671975       -3.2671975      -12723.258                                                  -12723.258
              2      -6364.8356      0.31901969      -3.2605032       -3.2605032       -12723.15                                                   -12723.15
              1       -6364.993       0.3173176      -3.2769086       -3.2769086      -12723.432                                                  -12723.432
              1      -6364.7672      0.31955806      -3.2526337       -3.2526337      -12723.029                                                  -12723.029
              1      -6365.0522      0.31605706      -3.2807593       -3.2807593      -12723.543                                                  -12723.543
              1      -6364.7462       0.3197109      -3.2501648       -3.2501648      -12722.992                                                  -12722.992
              1      -6364.9801      0.31278055      -3.2577335       -3.2577335      -12723.445                                                  -12723.445
              1      -6364.9113      0.31831832      -3.2688229       -3.2688229      -12723.285                                                  -12723.285
              1      -6365.0572      0.31443398      -3.2753167       -3.2753167      -12723.564                                                  -12723.564
              1       -6364.644      0.30986317       -3.197076        -3.197076      -12722.894                                                  -12722.894
              1      -6364.4218      0.30860958      -3.1593924       -3.1593924      -12722.525                                                  -12722.525
              4      -6363.7383      0.30573626      -3.0466679       -3.0466679      -12721.383                                                  -12721.383
              1      -6364.8689      0.31154612      -3.2366841       -3.2366841      -12723.264                                                  -12723.264
              2      -6364.9004      0.31842896      -3.2676558       -3.2676558      -12723.265                                                  -12723.265
              1      -6365.0401      0.31386905      -3.2706755       -3.2706755      -12723.539                                                  -12723.539
              1      -6365.0634      0.31483249      -3.2777375       -3.2777375      -12723.571                                                  -12723.571
              2      -6365.0645      0.31530301       -3.279687        -3.279687       -12723.57                                                   -12723.57
              1      -6363.8422      0.30611505      -3.0636281       -3.0636281      -12721.557                                                  -12721.557
              2      -6362.3886      0.30173785      -2.8287468       -2.8287468       -12719.12                                                   -12719.12
              3      -6361.8534      0.30044316      -2.7429551       -2.7429551      -12718.221                                                  -12718.221
              1      -6364.6078      0.30963822      -3.1908283       -3.1908283      -12722.834                                                  -12722.834
              1      -6365.0149      0.31695382      -3.2787448       -3.2787448      -12723.472                                                  -12723.472
              1       -6364.392      0.32176798      -3.2068341       -3.2068341       -12722.37                                                   -12722.37
              3      -6364.8206      0.31914271      -3.2588185       -3.2588185      -12723.124                                                  -12723.124
              2      -6364.8498      0.31137395      -3.2332102       -3.2332102      -12723.233                                                  -12723.233
              1       -6364.524      0.30915396      -3.1766149       -3.1766149      -12722.695                                                  -12722.695
              1      -6364.1457      0.30732308      -3.1134579       -3.1134579      -12722.064                                                  -12722.064
              1      -6363.2511      0.30412893       -2.967606        -2.967606      -12720.567                                                  -12720.567
              1      -6363.8285      0.30606446      -3.0613998       -3.0613998      -12721.534                                                  -12721.534
              4      -6364.7705      0.31953346      -3.2530213       -3.2530213      -12723.035                                                  -12723.035
              1      -6364.8225      0.31912718      -3.2590348       -3.2590348      -12723.127                                                  -12723.127
              1      -6364.0439      0.32329451      -3.1625223       -3.1625223      -12721.763                                                  -12721.763
              1      -6363.2169      0.30402496      -2.9620964       -2.9620964       -12720.51                                                   -12720.51
              1      -6365.0648      0.31519982      -3.2793437       -3.2793437      -12723.571                                                  -12723.571
              1      -6364.6223      0.32052175      -3.2353305       -3.2353305      -12722.774                                                  -12722.774
              2      -6364.8362      0.31901474      -3.2605695       -3.2605695      -12723.151                                                  -12723.151
              2      -6364.9785      0.31752639       -3.275589        -3.275589      -12723.406                                                  -12723.406
              1      -6364.6728      0.32020674      -3.2414406       -3.2414406      -12722.863                                                  -12722.863
              2      -6364.4564      0.32144528      -3.2148754       -3.2148754      -12722.483                                                  -12722.483
              1      -6364.9444      0.31795668      -3.2722585       -3.2722585      -12723.344                                                  -12723.344
              3      -6364.9117      0.31831407      -3.2688668       -3.2688668      -12723.286                                                  -12723.286
              1      -6364.9022      0.31841054      -3.2678538       -3.2678538      -12723.269                                                  -12723.269
              1      -6364.5249      0.30915896      -3.1767669       -3.1767669      -12722.696                                                  -12722.696
              1      -6364.0438      0.30689771      -3.0966515       -3.0966515      -12721.894                                                  -12721.894
              1      -6364.7097      0.31029417      -3.2084189       -3.2084189      -12723.002                                                  -12723.002
              1      -6364.8827      0.31167536      -3.2392053       -3.2392053      -12723.287                                                  -12723.287
              1      -6362.9276      0.32690378      -3.0165611       -3.0165611      -12719.822                                                  -12719.822
              1      -6363.5762       0.3249725       -3.101865        -3.101865      -12720.949                                                  -12720.949
              7       -6365.026      0.31674156      -3.2795445       -3.2795445      -12723.493                                                  -12723.493
              4      -6364.8761      0.31866221      -3.2650168       -3.2650168      -12723.222                                                  -12723.222
              1      -6363.3324      0.32574088      -3.0699114       -3.0699114      -12720.525                                                  -12720.525
              2      -6363.3076      0.30430383      -2.9767657       -2.9767657      -12720.662                                                  -12720.662
              1      -6363.5982       0.3052483        -3.02388         -3.02388      -12721.149                                                  -12721.149
              1      -6364.2621      0.30783812      -3.1327302       -3.1327302      -12722.259                                                  -12722.259
              1      -6364.0261      0.32336408       -3.160256        -3.160256      -12721.732                                                  -12721.732
              1      -6364.7233      0.31987127      -3.2474626       -3.2474626      -12722.952                                                  -12722.952
              1      -6364.9393      0.31801585      -3.2717362       -3.2717362      -12723.335                                                  -12723.335
              1      -6364.6973      0.32004684      -3.2443734       -3.2443734      -12722.906                                                  -12722.906
              3      -6364.6763      0.31007079      -3.2026433       -3.2026433      -12722.947                                                  -12722.947
              4      -6364.9626      0.31773669      -3.2740641       -3.2740641      -12723.377                                                  -12723.377
              1      -6364.3677      0.30833846      -3.1503239       -3.1503239      -12722.435                                                  -12722.435
              1      -6363.4083      0.30462022      -2.9929903       -2.9929903      -12720.831                                                  -12720.831
              1      -6363.5475      0.30507739      -3.0156478       -3.0156478      -12721.064                                                  -12721.064
              2      -6364.6809      0.32015523      -3.2423979       -3.2423979      -12722.877                                                  -12722.877
              1      -6364.5534      0.32092348      -3.2268984       -3.2268984      -12722.653                                                  -12722.653
              1      -6364.6044       0.3096179      -3.1902528       -3.1902528      -12722.828                                                  -12722.828
              3       -6364.239      0.30773305      -3.1288943       -3.1288943       -12722.22                                                   -12722.22
              1      -6364.9743      0.31270129      -3.2565855       -3.2565855      -12723.435                                                  -12723.435
              1      -6364.8388      0.31899294      -3.2608606       -3.2608606      -12723.156                                                  -12723.156
              2      -6365.0397      0.31385961      -3.2705859       -3.2705859      -12723.538                                                  -12723.538
              2      -6364.9091      0.31193773      -3.2440954       -3.2440954       -12723.33                                                   -12723.33
              1      -6365.0418      0.31637681       -3.280451        -3.280451      -12723.523                                                  -12723.523
              1      -6364.9461      0.31793666      -3.2724318       -3.2724318      -12723.347                                                  -12723.347
              3      -6364.6852      0.32012692      -3.2429188       -3.2429188      -12722.885                                                  -12722.885
              2      -6365.0509      0.31418739      -3.2734653       -3.2734653      -12723.555                                                  -12723.555
              3      -6365.0636      0.31486161      -3.2778867       -3.2778867      -12723.571                                                  -12723.571
              4      -6364.9663      0.31259437      -3.2549926       -3.2549926      -12723.423                                                  -12723.423
              1      -6364.8109       0.3192225      -3.2576898       -3.2576898      -12723.106                                                  -12723.106
              2       -6364.985      0.31285061      -3.2587251       -3.2587251      -12723.453                                                  -12723.453
              1      -6365.0614      0.31467098      -3.2768414       -3.2768414      -12723.569                                                  -12723.569
              2      -6364.9871      0.31740537      -3.2763775       -3.2763775      -12723.421                                                  -12723.421
              1      -6364.8582      0.31882484      -3.2630338       -3.2630338       -12723.19                                                   -12723.19
              1       -6365.055      0.31434147      -3.2746538       -3.2746538      -12723.561                                                  -12723.561
              1       -6364.689      0.31015504      -3.2048475       -3.2048475      -12722.968                                                  -12722.968
              1      -6364.7248      0.31986074      -3.2476437       -3.2476437      -12722.954                                                  -12722.954
              3      -6364.9625      0.31254583      -3.2542526       -3.2542526      -12723.416                                                  -12723.416
              1      -6365.0261      0.31673985      -3.2795501       -3.2795501      -12723.493                                                  -12723.493
              1      -6365.0637      0.31542478      -3.2800313       -3.2800313      -12723.567                                                  -12723.567
              1      -6365.0064       0.3171034       -3.278061        -3.278061      -12723.457                                                  -12723.457
              3      -6365.0642      0.31534699       -3.279819        -3.279819      -12723.569                                                  -12723.569
              1      -6364.9089      0.31834344      -3.2685627       -3.2685627      -12723.281                                                  -12723.281
              2        -6364.06      0.30696477      -3.0993548       -3.0993548      -12721.921                                                  -12721.921
              1      -6363.8537      0.30615819      -3.0655195       -3.0655195      -12721.576                                                  -12721.576
              4      -6364.9822      0.31281034      -3.2581578       -3.2581578      -12723.448                                                  -12723.448
              1      -6364.7257      0.31985443      -3.2477519       -3.2477519      -12722.956                                                  -12722.956
              1      -6364.6216      0.32052587      -3.2352477       -3.2352477      -12722.773                                                  -12722.773
              3      -6365.0326       0.3166017       -3.279962        -3.279962      -12723.505                                                  -12723.505
              1      -6365.0306      0.31664546      -3.2798407       -3.2798407      -12723.501                                                  -12723.501
              1      -6364.9543      0.31783945      -3.2732475       -3.2732475      -12723.362                                                  -12723.362
              1      -6364.6244      0.32050911      -3.2355842       -3.2355842      -12722.778                                                  -12722.778
              1      -6364.8949      0.31848318      -3.2670639       -3.2670639      -12723.256                                                  -12723.256
              1      -6364.7373      0.31977345      -3.2491245       -3.2491245      -12722.976                                                  -12722.976
              6      -6365.0356      0.31653081      -3.2801404       -3.2801404      -12723.511                                                  -12723.511
              1      -6363.9418      0.32368905      -3.1493856       -3.1493856      -12721.585                                                  -12721.585
              2       -6365.064      0.31490605      -3.2781072       -3.2781072      -12723.572                                                  -12723.572
              1      -6364.7686      0.31071688      -3.2187414       -3.2187414        -12723.1                                                    -12723.1
              1       -6364.975      0.31757536      -3.2752515       -3.2752515      -12723.399                                                  -12723.399
              1      -6364.8654      0.31876045       -3.263833        -3.263833      -12723.203                                                  -12723.203
              1      -6365.0285      0.31359757      -3.2679406       -3.2679406      -12723.521                                                  -12723.521
              1      -6364.4754      0.32134453      -3.2172911       -3.2172911      -12722.516                                                  -12722.516
              1      -6363.6743      0.32464537      -3.1146723       -3.1146723      -12721.119                                                  -12721.119
              2      -6363.1906      0.32616276      -3.0512519       -3.0512519      -12720.279                                                  -12720.279
              1      -6363.2833      0.32588906      -3.0634474       -3.0634474       -12720.44                                                   -12720.44
              1      -6364.0401       0.3233093      -3.1620423       -3.1620423      -12721.756                                                  -12721.756
              1      -6362.9744      0.32677535      -3.0227484       -3.0227484      -12719.903                                                  -12719.903
              1      -6364.2887      0.32225569      -3.1938029       -3.1938029       -12722.19                                                   -12722.19
              1      -6363.5075      0.32519498      -3.0928828       -3.0928828      -12720.829                                                  -12720.829
              1      -6364.9693      0.31764974      -3.2747184       -3.2747184      -12723.389                                                  -12723.389
              1      -6364.7063      0.31998669      -3.2454471       -3.2454471      -12722.922                                                  -12722.922
              3      -6363.4016      0.32552736      -3.0790543       -3.0790543      -12720.645                                                  -12720.645
              1      -6363.8201      0.32413742      -3.1336163       -3.1336163      -12721.373                                                  -12721.373
              1      -6364.6812      0.32015325      -3.2424344       -3.2424344      -12722.877                                                  -12722.877
              4      -6364.7483      0.31969548      -3.2504185       -3.2504185      -12722.996                                                  -12722.996
              1      -6364.4446      0.32150524      -3.2134163       -3.2134163      -12722.462                                                  -12722.462
              3      -6364.6839      0.32013525      -3.2427659       -3.2427659      -12722.882                                                  -12722.882
              1       -6364.955      0.31783015      -3.2733234       -3.2733234      -12723.363                                                  -12723.363
              1      -6365.0583      0.31580144      -3.2806789       -3.2806789      -12723.555                                                  -12723.555
              2      -6365.0642      0.31494228      -3.2782804       -3.2782804      -12723.572                                                  -12723.572
              1      -6363.8747      0.32393906      -3.1407029       -3.1407029      -12721.468                                                  -12721.468
              3      -6364.5568      0.32090443      -3.2273145       -3.2273145      -12722.659                                                  -12722.659
              6      -6364.8103      0.31922738      -3.2576199       -3.2576199      -12723.105                                                  -12723.105
              1      -6364.7245       0.3103969      -3.2110006       -3.2110006      -12723.027                                                  -12723.027
              1      -6364.3562      0.30828236      -3.1484068       -3.1484068      -12722.416                                                  -12722.416
              1      -6364.2164      0.32257774      -3.1846185       -3.1846185      -12722.064                                                  -12722.064
              2       -6364.729       0.3104289      -3.2117952       -3.2117952      -12723.034                                                  -12723.034
              1      -6363.9616      0.30657022      -3.0831647       -3.0831647      -12721.757                                                  -12721.757
              1      -6364.5841      0.30949846      -3.1868331       -3.1868331      -12722.795                                                  -12722.795
              1      -6364.2182       0.3076394      -3.1254342       -3.1254342      -12722.185                                                  -12722.185
              1      -6362.8491      0.32711582      -3.0061854       -3.0061854      -12719.686                                                  -12719.686
              1       -6363.553      0.32504819      -3.0988337       -3.0988337      -12720.908                                                  -12720.908
              1      -6363.5488      0.32506207      -3.0982752       -3.0982752      -12720.901                                                  -12720.901
              1      -6364.8926      0.31850559      -3.2668154       -3.2668154      -12723.252                                                  -12723.252
              1      -6361.7656      0.30024113      -2.7288955       -2.7288955      -12718.073                                                  -12718.073
              2      -6361.1449      0.29888162       -2.629569        -2.629569      -12717.031                                                  -12717.031
              2      -6361.6347      0.29994475       -2.707942        -2.707942      -12717.854                                                  -12717.854
              2      -6364.6299      0.30977532      -3.1946629       -3.1946629       -12722.87                                                   -12722.87
              3      -6365.0598       0.3145677      -3.2762077       -3.2762077      -12723.567                                                  -12723.567
              1      -6365.0033      0.31715479      -3.2778031       -3.2778031      -12723.451                                                  -12723.451
              3      -6365.0428       0.3139406      -3.2713418       -3.2713418      -12723.543                                                  -12723.543
              1      -6363.1496      0.30382245       -2.951227        -2.951227      -12720.397                                                  -12720.397
              2      -6363.9647      0.30658238      -3.0836743       -3.0836743      -12721.762                                                  -12721.762
              1       -6364.377      0.30838456      -3.1518888       -3.1518888       -12722.45                                                   -12722.45
              1      -6364.7659      0.31069615      -3.2182535       -3.2182535      -12723.095                                                  -12723.095
              1      -6364.4333      0.30866873      -3.1613276       -3.1613276      -12722.544                                                  -12722.544
              1      -6364.8562      0.31884257      -3.2628105       -3.2628105      -12723.187                                                  -12723.187
              2      -6365.0643      0.31534443      -3.2798115       -3.2798115      -12723.569                                                  -12723.569
              1      -6364.7488      0.31056959      -3.2152347       -3.2152347      -12723.067                                                  -12723.067
              2      -6364.8842      0.31858612      -3.2659043       -3.2659043      -12723.237                                                  -12723.237
              1      -6365.0532       0.3160212      -3.2807655       -3.2807655      -12723.545                                                  -12723.545
              4      -6364.3842      0.32180617      -3.2058519       -3.2058519      -12722.357                                                  -12722.357
              1      -6365.0646      0.31502424      -3.2786507       -3.2786507      -12723.572                                                  -12723.572
              2      -6365.0524      0.31424004      -3.2738833       -3.2738833      -12723.557                                                  -12723.557
              2      -6364.4544       0.3087783       -3.164871        -3.164871      -12722.579                                                  -12722.579
              1       -6364.817      0.31917376      -3.2583827       -3.2583827      -12723.117                                                  -12723.117
              1       -6364.957       0.3178067      -3.2735128       -3.2735128      -12723.367                                                  -12723.367
              1      -6365.0434      0.31395755      -3.2714963       -3.2714963      -12723.544                                                  -12723.544
              1      -6365.0451      0.31400667      -3.2719368       -3.2719368      -12723.546                                                  -12723.546
              1      -6365.0624      0.31474526      -3.2772679       -3.2772679       -12723.57                                                   -12723.57
              1      -6363.7776       0.3058777      -3.0530755       -3.0530755      -12721.449                                                  -12721.449
              1      -6362.4101      0.30179224      -2.8321876       -2.8321876      -12719.156                                                  -12719.156
              2      -6364.6216      0.32052594      -3.2352463       -3.2352463      -12722.773                                                  -12722.773
              2      -6365.0645      0.31530729      -3.2797002       -3.2797002       -12723.57                                                   -12723.57
              2      -6364.5699        0.309416      -3.1844352       -3.1844352      -12722.771                                                  -12722.771
              1      -6365.0194      0.31687095      -3.2790809       -3.2790809      -12723.481                                                  -12723.481
              1      -6364.9895      0.31291574      -3.2596273       -3.2596273       -12723.46                                                   -12723.46
              2      -6365.0477      0.31620818      -3.2806702       -3.2806702      -12723.534                                                  -12723.534
              2      -6364.8717      0.31870239      -3.2645378       -3.2645378      -12723.214                                                  -12723.214
              1      -6364.9286      0.31813431      -3.2706437       -3.2706437      -12723.316                                                  -12723.316
              2      -6365.0628      0.31478219      -3.2774709       -3.2774709      -12723.571                                                  -12723.571
              1      -6364.5467      0.32096101      -3.2260741       -3.2260741      -12722.641                                                  -12722.641
              1      -6364.4406      0.30870632      -3.1625493       -3.1625493      -12722.556                                                  -12722.556
              2      -6364.9486      0.31237484      -3.2515626       -3.2515626      -12723.394                                                  -12723.394
              1       -6365.034      0.31656966      -3.2800454       -3.2800454      -12723.508                                                  -12723.508
              1      -6365.0479      0.31408957       -3.272656        -3.272656      -12723.551                                                  -12723.551
              2      -6365.0585      0.31579066      -3.2806692       -3.2806692      -12723.556                                                  -12723.556
             11       -6364.992      0.31295287      -3.2601332       -3.2601332      -12723.464                                                  -12723.464
              1       -6365.063      0.31480144      -3.2775742       -3.2775742      -12723.571                                                  -12723.571
              1      -6365.0649      0.31513913      -3.2791197       -3.2791197      -12723.571                                                  -12723.571
              1      -6365.0594      0.31574728      -3.2806246       -3.2806246      -12723.557                                                  -12723.557
              1      -6365.0561      0.31438507       -3.274971        -3.274971      -12723.562                                                  -12723.562
              1      -6365.0508      0.31418334      -3.2734326       -3.2734326      -12723.555                                                  -12723.555
              1      -6364.4771      0.32133553      -3.2175046       -3.2175046      -12722.519                                                  -12722.519
              1      -6364.4816      0.30892227      -3.1694458       -3.1694458      -12722.624                                                  -12722.624
              1      -6364.6288      0.32048194       -3.236127        -3.236127      -12722.785                                                  -12722.785
              1      -6364.6985      0.31021894      -3.2064984       -3.2064984      -12722.984                                                  -12722.984
              2       -6363.782      0.30589382      -3.0538001       -3.0538001      -12721.456                                                  -12721.456
              1      -6364.9072      0.31191792      -3.2437368       -3.2437368      -12723.327                                                  -12723.327
              1      -6363.8522      0.30615263      -3.0652762       -3.0652762      -12721.574                                                  -12721.574
              1      -6364.0493      0.30692047      -3.0975711       -3.0975711      -12721.903                                                  -12721.903
              1      -6363.9353      0.30646823      -3.0788673       -3.0788673      -12721.713                                                  -12721.713
              1      -6364.6289      0.30976875      -3.1944812       -3.1944812      -12722.869                                                  -12722.869
              1      -6364.1473      0.32287301      -3.1757926       -3.1757926      -12721.943                                                  -12721.943
              1      -6364.5611      0.30936411       -3.182911        -3.182911      -12722.756                                                  -12722.756
              1      -6364.8785      0.31163518      -3.2384295       -3.2384295       -12723.28                                                   -12723.28
              3      -6365.0298      0.31362512       -3.268233        -3.268233      -12723.523                                                  -12723.523
              2      -6365.0641      0.31537178      -3.2798895       -3.2798895      -12723.568                                                  -12723.568
              1       -6365.062      0.31558264      -3.2803795       -3.2803795      -12723.563                                                  -12723.563
              2      -6365.0639      0.31540292      -3.2799743       -3.2799743      -12723.568                                                  -12723.568
              2      -6364.3588        0.321929      -3.2026488       -3.2026488      -12722.312                                                  -12722.312
              1      -6365.0333      0.31658501       -3.280006        -3.280006      -12723.507                                                  -12723.507
              1      -6364.1887      0.30750962      -3.1205741       -3.1205741      -12722.136                                                  -12722.136
              1      -6364.7841      0.31943179       -3.254595        -3.254595      -12723.059                                                  -12723.059
              1      -6364.9521      0.31241719       -3.252241        -3.252241        -12723.4                                                    -12723.4
              1       -6364.821       0.3111283      -3.2280256       -3.2280256      -12723.186                                                  -12723.186
              1      -6364.9683      0.31262131      -3.2553987       -3.2553987      -12723.426                                                  -12723.426
              1       -6364.988       0.3173918      -3.2764619       -3.2764619      -12723.423                                                  -12723.423
              1       -6365.063      0.31479309      -3.2775296       -3.2775296      -12723.571                                                  -12723.571
              1       -6365.002      0.31310972      -3.2622027       -3.2622027       -12723.48                                                   -12723.48
              1      -6364.0051      0.32344462      -3.1576058       -3.1576058      -12721.695                                                  -12721.695
              1      -6363.9715      0.32357666      -3.1531983       -3.1531983      -12721.637                                                  -12721.637
              1      -6365.0524      0.31604975       -3.280761        -3.280761      -12723.543                                                  -12723.543
              1      -6365.0189      0.31340472      -3.2657988       -3.2657988      -12723.506                                                  -12723.506
              1      -6365.0504       0.3161217      -3.2807336       -3.2807336      -12723.539                                                  -12723.539
              2      -6364.7163      0.31991916      -3.2466336       -3.2466336      -12722.939                                                  -12722.939
              2      -6364.4075      0.32169194      -3.2087705       -3.2087705      -12722.397                                                  -12722.397
              1      -6363.8003      0.32420776      -3.1310615       -3.1310615      -12721.339                                                  -12721.339
              1      -6364.3473      0.32198366      -3.2012017       -3.2012017      -12722.292                                                  -12722.292
              1      -6363.4419      0.32540333       -3.084272        -3.084272      -12720.715                                                  -12720.715
              1      -6365.0494      0.31615235       -3.280715        -3.280715      -12723.537                                                  -12723.537
              1      -6363.9358      0.32371196      -3.1486015       -3.1486015      -12721.574                                                  -12721.574
              1      -6360.6015      0.33207467      -2.7065557       -2.7065557       -12715.79                                                   -12715.79
              1      -6362.7992      0.32724874      -2.9995793       -2.9995793      -12719.599                                                  -12719.599
              1      -6363.8257      0.32411692      -3.1343567       -3.1343567      -12721.383                                                  -12721.383
              3      -6363.3981      0.32553823      -3.0785934       -3.0785934      -12720.639                                                  -12720.639
              2      -6362.9277      0.32690364      -3.0165678       -3.0165678      -12719.822                                                  -12719.822
              1      -6364.7548      0.31964852       -3.251185        -3.251185      -12723.007                                                  -12723.007
              3      -6365.0486      0.31411215      -3.2728466       -3.2728466      -12723.552                                                  -12723.552
              2      -6363.9189      0.30640508      -3.0761833       -3.0761833      -12721.685                                                  -12721.685
              1      -6364.4894      0.30896414       -3.170759        -3.170759      -12722.637                                                  -12722.637
              1       -6364.079      0.30704246      -3.1024609       -3.1024609      -12721.953                                                  -12721.953
              1      -6364.3016       0.3080214      -3.1393042       -3.1393042      -12722.325                                                  -12722.325
              2      -6364.3078      0.30805105      -3.1403535       -3.1403535      -12722.335                                                  -12722.335
              1      -6364.5617       0.3093678      -3.1830196       -3.1830196      -12722.757                                                  -12722.757
              1      -6365.0611      0.31464793      -3.2767041       -3.2767041      -12723.569                                                  -12723.569
              1      -6365.0604      0.31568478      -3.2805457       -3.2805457       -12723.56                                                   -12723.56
              1      -6365.0528      0.31425505      -3.2740002       -3.2740002      -12723.558                                                  -12723.558
              2      -6364.9544      0.31244566      -3.2526925       -3.2526925      -12723.403                                                  -12723.403
              1      -6364.7664      0.31956402      -3.2525394       -3.2525394      -12723.028                                                  -12723.028
              1      -6364.0489      0.30691883       -3.097505        -3.097505      -12721.903                                                  -12721.903
              2      -6364.0943      0.30710444      -3.1049199       -3.1049199      -12721.979                                                  -12721.979
              1      -6363.0759      0.30360438       -2.939319        -2.939319      -12720.273                                                  -12720.273
              1      -6362.5803      0.30223245      -2.8595547       -2.8595547      -12719.442                                                  -12719.442
              1      -6361.2378      0.29907809       -2.644431        -2.644431      -12717.187                                                  -12717.187
              2      -6362.6367        0.302381       -2.868595        -2.868595      -12719.536                                                  -12719.536
              1      -6363.8385      0.30610151      -3.0630328       -3.0630328      -12721.551                                                  -12721.551
              1      -6364.9774      0.31274371      -3.2572033       -3.2572033       -12723.44                                                   -12723.44
              3      -6364.2133      0.30761779      -3.1246301       -3.1246301      -12722.177                                                  -12722.177
              1      -6364.2548      0.30780513      -3.1315311       -3.1315311      -12722.246                                                  -12722.246
              2      -6365.0502      0.31612622      -3.2807311       -3.2807311      -12723.539                                                  -12723.539
              1      -6364.9336      0.31220168       -3.248706        -3.248706       -12723.37                                                   -12723.37
              2      -6364.9719      0.31266904      -3.2561104       -3.2561104      -12723.432                                                  -12723.432
              3      -6364.3963      0.30848018      -3.1551051       -3.1551051      -12722.482                                                  -12722.482
              2      -6364.2915       0.3222433       -3.194147        -3.194147      -12722.195                                                  -12722.195
              1      -6365.0636      0.31543168      -3.2800488       -3.2800488      -12723.567                                                  -12723.567
              2      -6364.8413      0.31897158      -3.2611437       -3.2611437       -12723.16                                                   -12723.16
              2      -6364.9954      0.31300501      -3.2608333       -3.2608333      -12723.469                                                  -12723.469
              1      -6365.0591       0.3145302      -3.2759659       -3.2759659      -12723.566                                                  -12723.566
              1      -6365.0583      0.31580374      -3.2806809       -3.2806809      -12723.555                                                  -12723.555
              2      -6364.6396      0.32041627      -3.2374255       -3.2374255      -12722.804                                                  -12722.804
              7      -6364.8901      0.31852946      -3.2665483       -3.2665483      -12723.247                                                  -12723.247
              1      -6365.0604      0.31568569       -3.280547        -3.280547       -12723.56                                                   -12723.56
              1      -6365.0573      0.31444242      -3.2753753       -3.2753753      -12723.564                                                  -12723.564
              1       -6364.628      0.30976369      -3.1943409       -3.1943409      -12722.867                                                  -12722.867
              1      -6364.6438      0.32039018       -3.237936        -3.237936      -12722.812                                                  -12722.812
              1      -6364.8224      0.31114034      -3.2282858       -3.2282858      -12723.188                                                  -12723.188
              1      -6364.7614      0.31960082      -3.2519535       -3.2519535      -12723.019                                                  -12723.019
              2      -6364.7316       0.3104474      -3.2122525       -3.2122525      -12723.039                                                  -12723.039
              2      -6364.6684       0.3100191       -3.201275        -3.201275      -12722.934                                                  -12722.934
              1      -6364.8603      0.31146769      -3.2351181       -3.2351181       -12723.25                                                   -12723.25
              2      -6364.7628      0.31067343      -3.2177169       -3.2177169       -12723.09                                                   -12723.09
              1      -6365.0519       0.3160697      -3.2807557       -3.2807557      -12723.542                                                  -12723.542
              1      -6364.9799      0.31750814      -3.2757121       -3.2757121      -12723.408                                                  -12723.408
              1      -6364.7749        0.319501      -3.2535288       -3.2535288      -12723.043                                                  -12723.043
              4      -6364.3588      0.32192907      -3.2026468       -3.2026468      -12722.312                                                  -12722.312
              1      -6364.7793      0.31946814      -3.2540377       -3.2540377       -12723.05                                                   -12723.05
              5      -6365.0154      0.31694511      -3.2787816       -3.2787816      -12723.473                                                  -12723.473
              2      -6364.9248      0.31210292      -3.2470171       -3.2470171      -12723.356                                                  -12723.356
              2      -6364.9422      0.31229984      -3.2503417       -3.2503417      -12723.384                                                  -12723.384
              1      -6364.4979      0.30900985      -3.1721837       -3.1721837      -12722.651                                                  -12722.651
              1      -6365.0386      0.31383079      -3.2703099       -3.2703099      -12723.537                                                  -12723.537
              1      -6365.0134       0.3169804      -3.2786306       -3.2786306       -12723.47                                                   -12723.47
              1      -6363.0897      0.32645292      -3.0379588       -3.0379588      -12720.103                                                  -12720.103
              2       -6363.086      0.32646333      -3.0374747       -3.0374747      -12720.097                                                  -12720.097
              4      -6363.3792      0.32559794      -3.0760546       -3.0760546      -12720.606                                                  -12720.606
              1      -6363.2413      0.30409933      -2.9660424       -2.9660424       -12720.55                                                   -12720.55
              1      -6363.6225      0.30533079      -3.0278064       -3.0278064      -12721.189                                                  -12721.189
              1      -6363.9897      0.30668123      -3.0877901       -3.0877901      -12721.804                                                  -12721.804
              1      -6364.8167      0.31917567      -3.2583556       -3.2583556      -12723.117                                                  -12723.117
              2      -6365.0104       0.3132505      -3.2639671       -3.2639671      -12723.493                                                  -12723.493
              1      -6365.0613      0.31562799       -3.280459        -3.280459      -12723.562                                                  -12723.562
              2      -6365.0361      0.31652079      -3.2801638       -3.2801638      -12723.512                                                  -12723.512
              1       -6364.788      0.31940202      -3.2550471       -3.2550471      -12723.066                                                  -12723.066
              1      -6364.8586      0.31882137      -3.2630774       -3.2630774      -12723.191                                                  -12723.191
              1      -6363.7403      0.32441887      -3.1232612       -3.1232612      -12721.234                                                  -12721.234
              1      -6364.4205      0.30860289      -3.1591728       -3.1591728      -12722.523                                                  -12722.523
              1      -6364.9343      0.31220897       -3.248829        -3.248829      -12723.371                                                  -12723.371
              4      -6364.8306      0.31120818      -3.2297408       -3.2297408      -12723.202                                                  -12723.202
              1       -6364.065      0.30698533      -3.1001793       -3.1001793       -12721.93                                                   -12721.93
              1      -6364.3933      0.30846543      -3.1546116       -3.1546116      -12722.477                                                  -12722.477
              1       -6364.606      0.30962765      -3.1905292       -3.1905292      -12722.831                                                  -12722.831
              1      -6364.7109      0.31030234      -3.2086259       -3.2086259      -12723.004                                                  -12723.004
              1      -6364.6345      0.30980397      -3.1954537       -3.1954537      -12722.878                                                  -12722.878
              2      -6364.9807      0.31278932      -3.2578589       -3.2578589      -12723.446                                                  -12723.446
              4       -6364.353      0.30826684      -3.1478736       -3.1478736       -12722.41                                                   -12722.41
              1       -6364.331      0.30816039      -3.1441899       -3.1441899      -12722.374                                                  -12722.374
              2      -6364.8967      0.31846477      -3.2672663       -3.2672663      -12723.259                                                  -12723.259
              1      -6364.7034      0.32000642      -3.2450968       -3.2450968      -12722.917                                                  -12722.917
              1      -6364.9507      0.31788251      -3.2728913       -3.2728913      -12723.356                                                  -12723.356
              1      -6364.7042      0.32000057      -3.2452009       -3.2452009      -12722.918                                                  -12722.918
              1      -6365.0583       0.3144896       -3.275697        -3.275697      -12723.565                                                  -12723.565
              2      -6363.4364      0.30471166      -2.9975965       -2.9975965      -12720.878                                                  -12720.878
              1      -6364.5376       0.3092298      -3.1789095       -3.1789095      -12722.717                                                  -12722.717
              1      -6362.2361      0.30135706      -2.8042871       -2.8042871      -12718.864                                                  -12718.864
              1      -6362.5986      0.30228061      -2.8624959       -2.8624959      -12719.472                                                  -12719.472
              1      -6363.3328      0.30438248      -2.9808402       -2.9808402      -12720.704                                                  -12720.704
              1      -6361.6351      0.29994569      -2.7080089       -2.7080089      -12717.854                                                  -12717.854
              1      -6363.4613      0.32534222      -3.0868176       -3.0868176      -12720.749                                                  -12720.749
              1      -6364.8492      0.31136883      -3.2331049       -3.2331049      -12723.232                                                  -12723.232
              1      -6364.2576      0.32239587      -3.1898616       -3.1898616      -12722.136                                                  -12722.136
              1      -6363.8426      0.32405606       -3.136544        -3.136544      -12721.412                                                  -12721.412
              3      -6364.8865      0.31856457      -3.2661509       -3.2661509      -12723.241                                                  -12723.241
              1      -6364.9919      0.31295205       -3.260122        -3.260122      -12723.464                                                  -12723.464
              1      -6364.8061      0.31100777      -3.2253834       -3.2253834      -12723.161                                                  -12723.161
              2        -6364.85      0.31137576      -3.2332474       -3.2332474      -12723.234                                                  -12723.234
              1      -6364.7898      0.31087801      -3.2224671       -3.2224671      -12723.135                                                  -12723.135
              5      -6365.0274      0.31357524      -3.2677011       -3.2677011      -12723.519                                                  -12723.519
              3      -6364.9892      0.31291087      -3.2595606       -3.2595606      -12723.459                                                  -12723.459
              1      -6364.9958      0.31301167      -3.2609219       -3.2609219       -12723.47                                                   -12723.47
              1      -6364.9738      0.31759009      -3.2751479       -3.2751479      -12723.397                                                  -12723.397
              2       -6365.042      0.31637207      -3.2804589       -3.2804589      -12723.523                                                  -12723.523
              1      -6365.0199      0.31342424      -3.2660231       -3.2660231      -12723.508                                                  -12723.508
              1      -6365.0624      0.31474757      -3.2772808       -3.2772808       -12723.57                                                   -12723.57
              1      -6364.6807      0.31009977      -3.2034049       -3.2034049      -12722.955                                                  -12722.955
              1      -6364.5739      0.30943869       -3.185098        -3.185098      -12722.778                                                  -12722.778
              1      -6364.5543      0.30932478      -3.1817476       -3.1817476      -12722.745                                                  -12722.745
              1      -6365.0606      0.31461809      -3.2765228       -3.2765228      -12723.568                                                  -12723.568
              3      -6364.9667      0.31260044      -3.2550843       -3.2550843      -12723.423                                                  -12723.423
              2       -6364.472      0.30887133      -3.1678378       -3.1678378      -12722.608                                                  -12722.608
              2       -6364.852       0.3113928      -3.2335971       -3.2335971      -12723.237                                                  -12723.237
              1      -6364.8642      0.31150312       -3.235829        -3.235829      -12723.257                                                  -12723.257
              1      -6365.0326      0.31660195      -3.2799613       -3.2799613      -12723.505                                                  -12723.505
              1      -6364.6392      0.30983307      -3.1962531       -3.1962531      -12722.886                                                  -12722.886
              1      -6364.5443      0.30926788      -3.1800523       -3.1800523      -12722.729                                                  -12722.729
              1      -6364.8291      0.31119553      -3.2294712       -3.2294712      -12723.199                                                  -12723.199
              3      -6364.2001      0.30755986      -3.1224644       -3.1224644      -12722.155                                                  -12722.155
              1      -6364.6097      0.30964969      -3.1911524       -3.1911524      -12722.837                                                  -12722.837
              2      -6365.0243      0.31677583       -3.279429        -3.279429       -12723.49                                                   -12723.49
              1       -6365.055      0.31594992       -3.280761        -3.280761      -12723.549                                                  -12723.549
              1      -6365.0489      0.31412035      -3.2729153       -3.2729153      -12723.552                                                  -12723.552
              1       -6364.247       0.3224437      -3.1884969       -3.1884969      -12722.117                                                  -12722.117
              2       -6363.525      0.32513893      -3.0951664       -3.0951664       -12720.86                                                   -12720.86
              1      -6361.6767      0.32991759      -2.8503236       -2.8503236      -12717.653                                                  -12717.653
              1      -6364.9699       0.3176415      -3.2747787       -3.2747787       -12723.39                                                   -12723.39
              2      -6365.0319      0.31367178      -3.2687208       -3.2687208      -12723.526                                                  -12723.526
              1      -6364.3026      0.30802615      -3.1394726       -3.1394726      -12722.326                                                  -12722.326
              1       -6363.749      0.30577514       -3.048438        -3.048438      -12721.401                                                  -12721.401
              1      -6363.4399       0.3047226      -2.9981448       -2.9981448      -12720.884                                                  -12720.884
              1      -6363.8365      0.30609416      -3.0627095       -3.0627095      -12721.548                                                  -12721.548
              3      -6363.1402      0.32630859      -3.0446174       -3.0446174      -12720.191                                                  -12720.191
              1      -6359.1142      0.33465764      -2.5071941       -2.5071941      -12713.214                                                  -12713.214
              3      -6364.3358       0.3220376      -3.1997606       -3.1997606      -12722.272                                                  -12722.272
              3      -6364.5778      0.32078435      -3.2298999       -3.2298999      -12722.696                                                  -12722.696
              1      -6364.9432      0.31231154      -3.2505339       -3.2505339      -12723.385                                                  -12723.385
              1      -6364.5041      0.32119408      -3.2208145       -3.2208145      -12722.567                                                  -12722.567
              1      -6364.8848      0.31169524      -3.2395867       -3.2395867       -12723.29                                                   -12723.29
              2      -6364.3133      0.30807662      -3.1412556       -3.1412556      -12722.344                                                  -12722.344
              2      -6365.0171      0.31337144      -3.2654125       -3.2654125      -12723.503                                                  -12723.503
              1      -6365.0501      0.31613151      -3.2807281       -3.2807281      -12723.539                                                  -12723.539
              3      -6364.7908      0.31938012      -3.2553771       -3.2553771      -12723.071                                                  -12723.071
              1      -6365.0391      0.31384415      -3.2704384       -3.2704384      -12723.537                                                  -12723.537
              2      -6364.8821        0.318606       -3.265675        -3.265675      -12723.233                                                  -12723.233
              1      -6365.0311       0.3166333      -3.2798753       -3.2798753      -12723.503                                                  -12723.503
              1      -6364.7669      0.31070351      -3.2184269       -3.2184269      -12723.097                                                  -12723.097
              1      -6365.0648      0.31521435      -3.2793949       -3.2793949      -12723.571                                                  -12723.571
              2      -6364.5693      0.30941208      -3.1843205       -3.1843205       -12722.77                                                   -12722.77
              1       -6364.246       0.3077655      -3.1300843       -3.1300843      -12722.232                                                  -12722.232
              1      -6364.7252      0.31040165      -3.2111188       -3.2111188      -12723.028                                                  -12723.028
              2       -6364.097       0.3230805      -3.1693589       -3.1693589      -12721.855                                                  -12721.855
              1      -6365.0237       0.3134997      -3.2668743       -3.2668743      -12723.514                                                  -12723.514
              4      -6365.0645      0.31528991       -3.279646        -3.279646       -12723.57                                                   -12723.57
              1      -6364.0862      0.32312427      -3.1679772       -3.1679772      -12721.837                                                  -12721.837
              1      -6364.7747      0.31076318      -3.2198236       -3.2198236       -12723.11                                                   -12723.11
              1      -6364.9726      0.31760611      -3.2750341       -3.2750341      -12723.395                                                  -12723.395
              1      -6364.9967       0.3130255      -3.2611052       -3.2611052      -12723.471                                                  -12723.471
              1      -6364.7515      0.31967281      -3.2507898       -3.2507898      -12723.001                                                  -12723.001
              1      -6364.4872      0.32128233      -3.2187599       -3.2187599      -12722.537                                                  -12722.537
              4      -6364.4073      0.32169288      -3.2087469       -3.2087469      -12722.397                                                  -12722.397
              1      -6364.3184      0.32211888       -3.197565        -3.197565      -12722.242                                                  -12722.242
              1      -6364.9979      0.31304462       -3.261357        -3.261357      -12723.473                                                  -12723.473
              1      -6364.4523      0.30876717      -3.1645135       -3.1645135      -12722.576                                                  -12722.576
              2      -6364.5148      0.32113654      -3.2221353       -3.2221353      -12722.585                                                  -12722.585
              1      -6365.0637      0.31542081      -3.2800211       -3.2800211      -12723.567                                                  -12723.567
              6      -6364.9182      0.31824704      -3.2695461       -3.2695461      -12723.297                                                  -12723.297
              5      -6364.9969      0.31725648      -3.2772582       -3.2772582      -12723.439                                                  -12723.439
              3      -6365.0479      0.31620231      -3.2806756       -3.2806756      -12723.534                                                  -12723.534
              3      -6364.7102      0.31996027      -3.2459137       -3.2459137      -12722.929                                                  -12722.929
              2      -6364.9114      0.31831709      -3.2688357       -3.2688357      -12723.285                                                  -12723.285
              1      -6364.6934      0.32007292      -3.2439029       -3.2439029      -12722.899                                                  -12722.899
              2      -6365.0047      0.31315401      -3.2627673       -3.2627673      -12723.484                                                  -12723.484
              4      -6364.7565      0.31062685      -3.2166094       -3.2166094       -12723.08                                                   -12723.08
              1       -6364.604      0.32063123      -3.2331038       -3.2331038      -12722.742                                                  -12722.742
              8       -6365.049      0.31616701      -3.2807046       -3.2807046      -12723.537                                                  -12723.537
              2      -6364.0625      0.32322018        -3.16492         -3.16492      -12721.795                                                  -12721.795
              1      -6364.4263      0.32159772      -3.2111343       -3.2111343       -12722.43                                                   -12722.43
              1      -6364.4545      0.32145466       -3.214648        -3.214648       -12722.48                                                   -12722.48
              2      -6365.0152      0.31694798      -3.2787695       -3.2787695      -12723.473                                                  -12723.473
              2      -6364.9675      0.31767351      -3.2745429       -3.2745429      -12723.386                                                  -12723.386
              3      -6364.2507       0.3224271      -3.1889718       -3.1889718      -12722.123                                                  -12722.123
              1      -6364.2895       0.3222523      -3.1938972       -3.1938972      -12722.191                                                  -12722.191
              1      -6364.5367      0.32101621      -3.2248501       -3.2248501      -12722.624                                                  -12722.624
              1      -6364.4744      0.32135121      -3.2171322       -3.2171322      -12722.515                                                  -12722.515
              2      -6365.0298      0.31362562      -3.2682384       -3.2682384      -12723.523                                                  -12723.523
              1      -6364.6701      0.32022471      -3.2411039       -3.2411039      -12722.858                                                  -12722.858
              1      -6364.6272      0.30975876       -3.194204        -3.194204      -12722.866                                                  -12722.866
              3      -6364.8209       0.3111274      -3.2280059       -3.2280059      -12723.186                                                  -12723.186
              1      -6364.1979      0.30755012      -3.1220989       -3.1220989      -12722.152                                                  -12722.152
              1      -6363.8526      0.30615386      -3.0653299       -3.0653299      -12721.574                                                  -12721.574
              1      -6365.0627      0.31476832      -3.2773953       -3.2773953      -12723.571                                                  -12723.571
              1      -6364.8152      0.31108066       -3.226989        -3.226989      -12723.176                                                  -12723.176
              1      -6365.0631      0.31548204      -3.2801704       -3.2801704      -12723.566                                                  -12723.566
              2      -6365.0386      0.31645893      -3.2802985       -3.2802985      -12723.517                                                  -12723.517
              2      -6365.0515      0.31608167      -3.2807517       -3.2807517      -12723.542                                                  -12723.542
              3      -6364.9557      0.31782288      -3.2733823       -3.2733823      -12723.365                                                  -12723.365
              1      -6364.5122      0.32115032      -3.2218202       -3.2218202      -12722.581                                                  -12722.581
              1      -6364.9204      0.31822334      -3.2697815       -3.2697815      -12723.301                                                  -12723.301
              1      -6365.0531      0.31602633       -3.280765        -3.280765      -12723.545                                                  -12723.545
              1      -6364.3581      0.30829146      -3.1487187       -3.1487187      -12722.419                                                  -12722.419
              2      -6363.9848      0.30666188      -3.0869878       -3.0869878      -12721.796                                                  -12721.796
              1      -6361.9195      0.30059645      -2.7535014       -2.7535014      -12718.332                                                  -12718.332
              2      -6364.2217      0.32255494      -3.1852839       -3.1852839      -12722.073                                                  -12722.073
              4      -6363.7549      0.30579637      -3.0494021       -3.0494021      -12721.411                                                  -12721.411
              1      -6363.5443      0.32507672      -3.0976848       -3.0976848      -12720.893                                                  -12720.893
              1      -6364.9936      0.31730848      -3.2769618       -3.2769618      -12723.433                                                  -12723.433
              1      -6365.0648      0.31507218      -3.2788535       -3.2788535      -12723.572                                                  -12723.572
              1      -6365.0219       0.3134636      -3.2664702       -3.2664702      -12723.511                                                  -12723.511
              1      -6365.0629      0.31479131        -3.27752         -3.27752      -12723.571                                                  -12723.571
              1       -6364.965      0.31770552      -3.2743025       -3.2743025      -12723.381                                                  -12723.381
              1      -6364.9878      0.31739571      -3.2764377       -3.2764377      -12723.423                                                  -12723.423
              1      -6364.6176      0.32055038      -3.2347533       -3.2347533      -12722.766                                                  -12722.766
              3        -6362.29      0.32852781      -2.9319977       -2.9319977      -12718.716                                                  -12718.716
              1      -6362.0761      0.32902885      -2.9035423       -2.9035423      -12718.345                                                  -12718.345
              1      -6362.6752      0.32757108      -2.9832332       -2.9832332      -12719.384                                                  -12719.384
              2      -6364.9081      0.31835108       -3.268483        -3.268483      -12723.279                                                  -12723.279
              1      -6365.0573      0.31584884      -3.2807158       -3.2807158      -12723.553                                                  -12723.553
              1      -6364.9617      0.31253662       -3.254111        -3.254111      -12723.415                                                  -12723.415
              3      -6365.0553      0.31593849      -3.2807581       -3.2807581      -12723.549                                                  -12723.549
              3      -6363.4988      0.30491529      -3.0077205       -3.0077205      -12720.982                                                  -12720.982
              1      -6365.0625      0.31475467      -3.2773202       -3.2773202       -12723.57                                                   -12723.57
              1      -6363.9811      0.30664711      -3.0863743       -3.0863743      -12721.789                                                  -12721.789
              4      -6363.6749      0.30551245      -3.0363472       -3.0363472      -12721.277                                                  -12721.277
              1      -6364.1845      0.30749129      -3.1198817       -3.1198817      -12722.129                                                  -12722.129
              3      -6363.9515      0.30653094      -3.0815153       -3.0815153       -12721.74                                                   -12721.74
              3      -6364.5075       0.3090623      -3.1738073       -3.1738073      -12722.667                                                  -12722.667
              1      -6364.6661      0.32024997      -3.2406283       -3.2406283      -12722.851                                                  -12722.851
              1      -6364.9865      0.31287161       -3.259018        -3.259018      -12723.455                                                  -12723.455
              1      -6364.7163      0.31991908       -3.246635        -3.246635      -12722.939                                                  -12722.939
              1      -6365.0444      0.31630573      -3.2805588       -3.2805588      -12723.528                                                  -12723.528
              1      -6364.8048      0.31099725      -3.2251498       -3.2251498      -12723.159                                                  -12723.159
              2      -6364.7966      0.31093202      -3.2236901       -3.2236901      -12723.146                                                  -12723.146
              1       -6363.961      0.32361646      -3.1518545       -3.1518545      -12721.618                                                  -12721.618
              1      -6363.6333      0.32478349      -3.1093227       -3.1093227      -12721.048                                                  -12721.048
              1      -6363.9193      0.32377367      -3.1464776       -3.1464776      -12721.546                                                  -12721.546
              1      -6364.8869      0.31856054      -3.2661969       -3.2661969      -12723.241                                                  -12723.241
              2      -6364.9896      0.31291743      -3.2596505       -3.2596505       -12723.46                                                   -12723.46
              1       -6364.597      0.32067281       -3.232244        -3.232244      -12722.729                                                  -12722.729
              1      -6364.9833        0.317459      -3.2760361       -3.2760361      -12723.415                                                  -12723.415
              1      -6365.0002      0.31720484      -3.2775407       -3.2775407      -12723.445                                                  -12723.445
              1      -6365.0595      0.31455511      -3.2761272       -3.2761272      -12723.567                                                  -12723.567
              3      -6364.9492      0.31789987      -3.2727454       -3.2727454      -12723.353                                                  -12723.353
              1      -6364.5258      0.32107629      -3.2235027       -3.2235027      -12722.605                                                  -12722.605
              1      -6364.9818      0.31748014       -3.275898        -3.275898      -12723.412                                                  -12723.412
              1      -6364.3084      0.30805364       -3.140445        -3.140445      -12722.336                                                  -12722.336
              1      -6364.8903      0.31852754      -3.2665699       -3.2665699      -12723.247                                                  -12723.247
              1      -6365.0214      0.31345404      -3.2663623       -3.2663623       -12723.51                                                   -12723.51
              2       -6364.748      0.31056441      -3.2151096       -3.2151096      -12723.066                                                  -12723.066
              5      -6365.0219      0.31346337      -3.2664676       -3.2664676      -12723.511                                                  -12723.511
              2      -6364.3283      0.30814758       -3.143743        -3.143743      -12722.369                                                  -12722.369
              1      -6364.3851      0.30842446      -3.1532358       -3.1532358      -12722.464                                                  -12722.464
              2      -6364.9984      0.31305148      -3.2614471       -3.2614471      -12723.474                                                  -12723.474
              1      -6365.0621      0.31471849      -3.2771171       -3.2771171       -12723.57                                                   -12723.57
              1      -6365.0385      0.31646117      -3.2802939       -3.2802939      -12723.516                                                  -12723.516
              1      -6364.9656      0.31258599      -3.2548655       -3.2548655      -12723.421                                                  -12723.421
              1      -6365.0605      0.31568345      -3.2805439       -3.2805439       -12723.56                                                   -12723.56
              3      -6364.9368      0.31223716      -3.2493022       -3.2493022      -12723.375                                                  -12723.375
              1      -6364.9314      0.31217641      -3.2482781       -3.2482781      -12723.366                                                  -12723.366
              1      -6365.0637      0.31541963       -3.280018        -3.280018      -12723.567                                                  -12723.567
