#        weight    minuslogpost         Omega_m   minuslogprior minuslogprior__0            chi2 chi2__functions_and_classes.SO_x_DESI_Likelihood_w_emulator
              1      -6364.7414      0.31974481       -3.249603        -3.249603      -12722.984                                                  -12722.984
              1      -6364.9769      0.31754954      -3.2754308       -3.2754308      -12723.403                                                  -12723.403
              2      -6364.9797      0.31277501      -3.2576542       -3.2576542      -12723.444                                                  -12723.444
              1      -6365.0482      0.31409735      -3.2727219       -3.2727219      -12723.551                                                  -12723.551
              1      -6365.0618      0.31470116      -3.2770177       -3.2770177       -12723.57                                                   -12723.57
              1      -6364.1871      0.32270462      -3.1808733       -3.1808733      -12722.012                                                  -12722.012
              1      -6365.0509      0.31418919      -3.2734798       -3.2734798      -12723.555                                                  -12723.555
              5      -6364.9961       0.3130155      -3.2609727       -3.2609727       -12723.47                                                   -12723.47
              3      -6365.0219      0.31346373      -3.2664718       -3.2664718      -12723.511                                                  -12723.511
              1       -6365.051      0.31419236      -3.2735053       -3.2735053      -12723.555                                                  -12723.555
              2      -6363.6794      0.32462839      -3.1153241       -3.1153241      -12721.128                                                  -12721.128
              1      -6365.0132      0.31698452      -3.2786126       -3.2786126      -12723.469                                                  -12723.469
              2      -6364.9498      0.31789323      -3.2728014       -3.2728014      -12723.354                                                  -12723.354
              2       -6365.044       0.3139731       -3.271637        -3.271637      -12723.545                                                  -12723.545
              1      -6364.7665      0.31956343      -3.2525487       -3.2525487      -12723.028                                                  -12723.028
              3      -6365.0226      0.31680846      -3.2793141       -3.2793141      -12723.487                                                  -12723.487
              1      -6364.7932      0.31090463      -3.2230714       -3.2230714       -12723.14                                                   -12723.14
              2        -6364.63      0.30977603      -3.1946825       -3.1946825      -12722.871                                                  -12722.871
              1      -6364.8689      0.31154636       -3.236689        -3.236689      -12723.264                                                  -12723.264
              1      -6364.4589      0.30880144      -3.1656127       -3.1656127      -12722.586                                                  -12722.586
              1      -6364.8068      0.31925535      -3.2572169       -3.2572169      -12723.099                                                  -12723.099
              1      -6364.8114      0.31921906      -3.2577391       -3.2577391      -12723.107                                                  -12723.107
              1      -6364.8091      0.31923736      -3.2574765       -3.2574765      -12723.103                                                  -12723.103
              2      -6364.6233      0.32051596      -3.2354468       -3.2354468      -12722.776                                                  -12722.776
              2      -6364.2648      0.32236352      -3.1907792       -3.1907792      -12722.148                                                  -12722.148
              1      -6364.9171      0.31825857      -3.2694307       -3.2694307      -12723.295                                                  -12723.295
              2      -6364.6596      0.32029129       -3.239844        -3.239844       -12722.84                                                   -12722.84
              2      -6364.7784      0.31079088      -3.2204668       -3.2204668      -12723.116                                                  -12723.116
              1      -6365.0043      0.31314778      -3.2626885       -3.2626885      -12723.483                                                  -12723.483
              1      -6364.8427      0.31895972      -3.2613001       -3.2613001      -12723.163                                                  -12723.163
              1      -6365.0307      0.31364493      -3.2684413       -3.2684413      -12723.524                                                  -12723.524
              1      -6364.9635      0.31772531      -3.2741517       -3.2741517      -12723.379                                                  -12723.379
              1      -6363.0578      0.30355155      -2.9364025       -2.9364025      -12720.243                                                  -12720.243
              2      -6363.6891      0.30556245      -3.0386721       -3.0386721      -12721.301                                                  -12721.301
              1       -6364.563      0.30937489      -3.1832287       -3.1832287      -12722.759                                                  -12722.759
              1      -6365.0581      0.31581127      -3.2806874       -3.2806874      -12723.555                                                  -12723.555
              3      -6365.0047      0.31713197      -3.2779191       -3.2779191      -12723.453                                                  -12723.453
              1      -6364.3632      0.30831651      -3.1495754       -3.1495754      -12722.427                                                  -12722.427
              1      -6364.1396      0.30729747      -3.1124688       -3.1124688      -12722.054                                                  -12722.054
              1      -6364.7712      0.31073604      -3.2191903       -3.2191903      -12723.104                                                  -12723.104
              2      -6365.0352      0.31374935      -3.2695101       -3.2695101      -12723.531                                                  -12723.531
              1      -6364.9733      0.31268787      -3.2563883       -3.2563883      -12723.434                                                  -12723.434
              1      -6365.0501      0.31612986      -3.2807291       -3.2807291      -12723.539                                                  -12723.539
              2      -6365.0518       0.3142186      -3.2737146       -3.2737146      -12723.556                                                  -12723.556
              1      -6364.4406      0.30870622      -3.1625461       -3.1625461      -12722.556                                                  -12722.556
              2      -6365.0408      0.31388537      -3.2708295       -3.2708295       -12723.54                                                   -12723.54
              1      -6364.8593      0.31881481      -3.2631596       -3.2631596      -12723.192                                                  -12723.192
              2      -6364.5278      0.30917497      -3.1772532       -3.1772532      -12722.701                                                  -12722.701
              1       -6364.692       0.3101749      -3.2053625       -3.2053625      -12722.973                                                  -12722.973
              1      -6363.8999      0.30633276      -3.0730875       -3.0730875      -12721.654                                                  -12721.654
              2      -6364.5722      0.30942892      -3.1848129       -3.1848129      -12722.775                                                  -12722.775
              1      -6363.4015      0.30459862      -2.9918965       -2.9918965      -12720.819                                                  -12720.819
              1      -6364.6067       0.3096316      -3.1906409       -3.1906409      -12722.832                                                  -12722.832
              1      -6365.0634      0.31483673      -3.2777594       -3.2777594      -12723.571                                                  -12723.571
              1      -6364.9904      0.31292967      -3.2598178       -3.2598178      -12723.461                                                  -12723.461
              1      -6365.0206      0.31684615      -3.2791755       -3.2791755      -12723.483                                                  -12723.483
              1      -6365.0647      0.31505157      -3.2787676       -3.2787676      -12723.572                                                  -12723.572
              1      -6364.9617      0.31253595      -3.2541006       -3.2541006      -12723.415                                                  -12723.415
              1      -6365.0139      0.31697175      -3.2786681       -3.2786681       -12723.47                                                   -12723.47
              1      -6364.7876      0.31086139      -3.2220882       -3.2220882      -12723.131                                                  -12723.131
              3      -6364.5392      0.30923909       -3.179189        -3.179189       -12722.72                                                   -12722.72
              1      -6364.3019       0.3221957      -3.1954629       -3.1954629      -12722.213                                                  -12722.213
              4       -6365.045      0.31628736       -3.280583        -3.280583      -12723.529                                                  -12723.529
              1      -6364.7238      0.31039236      -3.2108874       -3.2108874      -12723.026                                                  -12723.026
              1      -6364.5494      0.30929705       -3.180923        -3.180923      -12722.737                                                  -12722.737
              1      -6364.6839      0.31012121      -3.2039661       -3.2039661       -12722.96                                                   -12722.96
              2       -6365.056      0.31590718      -3.2807474       -3.2807474      -12723.551                                                  -12723.551
              1        -6365.06      0.31458292      -3.2763041       -3.2763041      -12723.567                                                  -12723.567
              3      -6364.9912      0.31294154      -3.2599795       -3.2599795      -12723.462                                                  -12723.462
              2      -6364.9788      0.31752333      -3.2756098       -3.2756098      -12723.406                                                  -12723.406
              1      -6364.9749      0.31757634      -3.2752447       -3.2752447      -12723.399                                                  -12723.399
              1      -6364.9319      0.31218264      -3.2483837       -3.2483837      -12723.367                                                  -12723.367
              1      -6364.9944      0.31299019      -3.2606356       -3.2606356      -12723.468                                                  -12723.468
              1       -6364.771      0.31073469      -3.2191587       -3.2191587      -12723.104                                                  -12723.104
              1      -6364.8049      0.31927055      -3.2569966       -3.2569966      -12723.096                                                  -12723.096
              2      -6364.8382      0.31899731      -3.2608024       -3.2608024      -12723.155                                                  -12723.155
              3      -6365.0543      0.31597983      -3.2807656       -3.2807656      -12723.547                                                  -12723.547
              2      -6364.6112      0.32058849      -3.2339794       -3.2339794      -12722.754                                                  -12722.754
              1       -6365.006      0.31317467      -3.2630276       -3.2630276      -12723.486                                                  -12723.486
              1      -6365.0642      0.31493477       -3.278245        -3.278245      -12723.572                                                  -12723.572
              2      -6364.9925      0.31296066      -3.2602385       -3.2602385      -12723.464                                                  -12723.464
              1      -6365.0041       0.3171417      -3.2778699       -3.2778699      -12723.452                                                  -12723.452
              1      -6364.8966      0.31846645       -3.267248        -3.267248      -12723.259                                                  -12723.259
              1      -6365.0643       0.3149536      -3.2783333       -3.2783333      -12723.572                                                  -12723.572
              1      -6364.9198      0.31823019      -3.2697137       -3.2697137        -12723.3                                                    -12723.3
              2      -6365.0608      0.31566235      -3.2805132       -3.2805132      -12723.561                                                  -12723.561
              1      -6364.9678      0.31261442      -3.2552951       -3.2552951      -12723.425                                                  -12723.425
              3      -6364.7453      0.31054445      -3.2146265       -3.2146265      -12723.061                                                  -12723.061
              2      -6364.9313      0.31217535        -3.24826         -3.24826      -12723.366                                                  -12723.366
              1      -6364.6448      0.32038394      -3.2380579       -3.2380579      -12722.813                                                  -12722.813
              1      -6364.7768      0.31948658      -3.2537526       -3.2537526      -12723.046                                                  -12723.046
              1         -6364.9      0.31843307      -3.2676113       -3.2676113      -12723.265                                                  -12723.265
              2      -6364.2256      0.32253793      -3.1857787       -3.1857787       -12722.08                                                   -12722.08
              3      -6364.2789      0.32230021      -3.1925606       -3.1925606      -12722.173                                                  -12722.173
              1      -6364.1943      0.32267361      -3.1817952       -3.1817952      -12722.025                                                  -12722.025
              3      -6363.4707      0.32531254      -3.0880479       -3.0880479      -12720.765                                                  -12720.765
              2      -6361.2592      0.33079152      -2.7945688       -2.7945688      -12716.929                                                  -12716.929
              1      -6362.9395       0.3268714      -3.0181279       -3.0181279      -12719.843                                                  -12719.843
              1      -6363.2205      0.32607508      -3.0551949       -3.0551949      -12720.331                                                  -12720.331
              1       -6364.967      0.31768002      -3.2744944       -3.2744944      -12723.385                                                  -12723.385
              1      -6365.0629      0.31478784      -3.2775014       -3.2775014      -12723.571                                                  -12723.571
              1      -6364.9557      0.31246106      -3.2529353       -3.2529353      -12723.405                                                  -12723.405
              2      -6364.2663      0.32235693      -3.1909654       -3.1909654      -12722.151                                                  -12722.151
              1      -6364.1187      0.32299188      -3.1721302       -3.1721302      -12721.893                                                  -12721.893
              1      -6365.0612      0.31563488      -3.2804703       -3.2804703      -12723.562                                                  -12723.562
              1      -6365.0648      0.31521233      -3.2793878       -3.2793878      -12723.571                                                  -12723.571
              1      -6365.0586      0.31578789      -3.2806666       -3.2806666      -12723.556                                                  -12723.556
              1      -6364.2378      0.32248431      -3.1873304       -3.1873304      -12722.101                                                  -12722.101
              1      -6364.3839      0.32180757      -3.2058157       -3.2058157      -12722.356                                                  -12722.356
              1      -6364.1672      0.32278943      -3.1783302       -3.1783302      -12721.978                                                  -12721.978
              3       -6364.771      0.31952973        -3.25308         -3.25308      -12723.036                                                  -12723.036
              4      -6364.6302      0.32047399      -3.2362853       -3.2362853      -12722.788                                                  -12722.788
              1      -6364.9519      0.31786788      -3.2730133       -3.2730133      -12723.358                                                  -12723.358
              1      -6364.9567      0.31247367      -3.2531333       -3.2531333      -12723.407                                                  -12723.407
              1      -6365.0647      0.31524016      -3.2794835       -3.2794835       -12723.57                                                   -12723.57
              1      -6365.0432      0.31395274      -3.2714526       -3.2714526      -12723.544                                                  -12723.544
              1      -6365.0316       0.3136649      -3.2686494       -3.2686494      -12723.526                                                  -12723.526
              1       -6364.655      0.32031997       -3.239295        -3.239295      -12722.831                                                  -12722.831
              2      -6363.4957        0.325233       -3.091326        -3.091326      -12720.809                                                  -12720.809
              1      -6364.4319      0.32156971      -3.2118294       -3.2118294       -12722.44                                                   -12722.44
              1      -6365.0549      0.31433823      -3.2746299       -3.2746299      -12723.561                                                  -12723.561
              1      -6365.0022      0.31311193      -3.2622311       -3.2622311       -12723.48                                                   -12723.48
              1      -6364.4621      0.30881861      -3.1661611       -3.1661611      -12722.592                                                  -12722.592
              1      -6363.9279      0.30643979      -3.0776605       -3.0776605        -12721.7                                                    -12721.7
              1       -6365.015        0.313332      -3.2649483       -3.2649483        -12723.5                                                    -12723.5
              1      -6365.0406      0.31388111      -3.2707895       -3.2707895       -12723.54                                                   -12723.54
              1      -6364.8987      0.31844521      -3.2674797       -3.2674797      -12723.262                                                  -12723.262
              1       -6364.169      0.32278187      -3.1785581       -3.1785581      -12721.981                                                  -12721.981
              1       -6364.363      0.32190904      -3.2031737       -3.2031737       -12722.32                                                   -12722.32
              1      -6364.6476      0.32036672      -3.2383927       -3.2383927      -12722.818                                                  -12722.818
              1      -6364.4168      0.32164582      -3.2099325       -3.2099325      -12722.414                                                  -12722.414
              1      -6365.0483      0.31410153      -3.2727572       -3.2727572      -12723.551                                                  -12723.551
              1      -6364.9723      0.31267418      -3.2561864       -3.2561864      -12723.432                                                  -12723.432
              1      -6364.8287        0.319076      -3.2597403       -3.2597403      -12723.138                                                  -12723.138
              1      -6365.0648      0.31512595      -3.2790688       -3.2790688      -12723.572                                                  -12723.572
              1      -6365.0157      0.31334559       -3.265109        -3.265109      -12723.501                                                  -12723.501
              1      -6364.7827      0.31082341      -3.2212175       -3.2212175      -12723.123                                                  -12723.123
              1      -6364.8075      0.31101933      -3.2256397       -3.2256397      -12723.164                                                  -12723.164
              1      -6364.8698      0.31871996      -3.2643261       -3.2643261      -12723.211                                                  -12723.211
              1      -6364.3311      0.32205985      -3.1991627       -3.1991627      -12722.264                                                  -12722.264
              2       -6364.378      0.32183623      -3.2050742       -3.2050742      -12722.346                                                  -12722.346
              2      -6364.7045      0.31999886      -3.2452313       -3.2452313      -12722.919                                                  -12722.919
              1      -6364.6921      0.32008153      -3.2437468       -3.2437468      -12722.897                                                  -12722.897
              1      -6364.4059      0.32169969      -3.2085743       -3.2085743      -12722.395                                                  -12722.395
              1      -6365.0123      0.31700173      -3.2785366       -3.2785366      -12723.467                                                  -12723.467
              5      -6364.9097       0.3119442       -3.244212        -3.244212      -12723.331                                                  -12723.331
              1      -6364.3188      0.30810274      -3.1421737       -3.1421737      -12722.353                                                  -12722.353
              1      -6364.6106      0.30965521      -3.1913078       -3.1913078      -12722.839                                                  -12722.839
              1      -6364.8505      0.31889211      -3.2621792       -3.2621792      -12723.177                                                  -12723.177
              1      -6364.8238      0.31115134      -3.2285232       -3.2285232       -12723.19                                                   -12723.19
              3      -6364.7825      0.31082221      -3.2211898       -3.2211898      -12723.123                                                  -12723.123
              2      -6363.4943      0.32523734      -3.0911476       -3.0911476      -12720.806                                                  -12720.806
              1      -6362.1744       0.3288011      -2.9166152       -2.9166152      -12718.516                                                  -12718.516
              1      -6363.1174      0.32637411      -3.0416061       -3.0416061      -12720.152                                                  -12720.152
              1      -6365.0242       0.3167768      -3.2794256       -3.2794256       -12723.49                                                   -12723.49
              2      -6364.9697      0.31764516       -3.274752        -3.274752       -12723.39                                                   -12723.39
              1      -6364.6851      0.32012741      -3.2429098       -3.2429098      -12722.884                                                  -12722.884
              1       -6365.057      0.31442561      -3.2752583       -3.2752583      -12723.563                                                  -12723.563
              1      -6364.5199       0.3091306      -3.1759028       -3.1759028      -12722.688                                                  -12722.688
              1        -6365.04      0.31642393      -3.2803672       -3.2803672      -12723.519                                                  -12723.519
              4      -6364.5098      0.30907461      -3.1741865       -3.1741865      -12722.671                                                  -12722.671
              2      -6363.8195      0.30603116      -3.0599271       -3.0599271      -12721.519                                                  -12721.519
              1      -6365.0642      0.31535832      -3.2798515       -3.2798515      -12723.569                                                  -12723.569
              2      -6364.6823      0.32014598      -3.2425684       -3.2425684      -12722.879                                                  -12722.879
              1      -6364.1967      0.32266325      -3.1821025       -3.1821025      -12722.029                                                  -12722.029
              1      -6364.8995      0.31843805      -3.2675575       -3.2675575      -12723.264                                                  -12723.264
              2      -6364.6076       0.3206104      -3.2335315       -3.2335315      -12722.748                                                  -12722.748
              1      -6364.7205      0.31036891      -3.2103018       -3.2103018       -12723.02                                                   -12723.02
              3       -6364.923      0.31208334      -3.2466772       -3.2466772      -12723.353                                                  -12723.353
              4      -6364.8302        0.319064      -3.2599041       -3.2599041      -12723.141                                                  -12723.141
              1       -6364.798      0.31932487      -3.2562005       -3.2562005      -12723.084                                                  -12723.084
              1      -6364.9644      0.31771382      -3.2742394       -3.2742394       -12723.38                                                   -12723.38
              2      -6364.3747      0.30837317       -3.151503        -3.151503      -12722.446                                                  -12722.446
              1      -6364.5964      0.30957101      -3.1889178       -3.1889178      -12722.815                                                  -12722.815
              2      -6364.6452      0.30987048      -3.1972755       -3.1972755      -12722.896                                                  -12722.896
              1      -6364.9709      0.31265592      -3.2559158       -3.2559158       -12723.43                                                   -12723.43
              1      -6364.9812      0.31279632      -3.2579586       -3.2579586      -12723.447                                                  -12723.447
              1      -6364.9621      0.31254112      -3.2541802       -3.2541802      -12723.416                                                  -12723.416
              3      -6365.0245      0.31351476      -3.2670412       -3.2670412      -12723.515                                                  -12723.515
              3      -6365.0648       0.3151274      -3.2790745       -3.2790745      -12723.572                                                  -12723.572
              1      -6364.8333      0.31123156      -3.2302375       -3.2302375      -12723.206                                                  -12723.206
              1      -6364.8793      0.31863224      -3.2653695       -3.2653695      -12723.228                                                  -12723.228
              1      -6364.8524      0.31887583      -3.2623878       -3.2623878       -12723.18                                                   -12723.18
              1      -6365.0639      0.31539399      -3.2799505       -3.2799505      -12723.568                                                  -12723.568
              2      -6365.0542      0.31598202      -3.2807658       -3.2807658      -12723.547                                                  -12723.547
              1      -6365.0004      0.31720115      -3.2775604       -3.2775604      -12723.446                                                  -12723.446
              1      -6364.9862      0.31741819      -3.2762971       -3.2762971       -12723.42                                                   -12723.42
              1      -6364.9198      0.31822918      -3.2697238       -3.2697238        -12723.3                                                    -12723.3
              1      -6364.5393      0.32100191      -3.2251685       -3.2251685      -12722.628                                                  -12722.628
              2      -6364.8741      0.31159456      -3.2376379       -3.2376379      -12723.273                                                  -12723.273
              1      -6364.7153      0.31033293      -3.2093983       -3.2093983      -12723.012                                                  -12723.012
              2      -6365.0582      0.31448479      -3.2756646       -3.2756646      -12723.565                                                  -12723.565
              1      -6365.0054      0.31712054      -3.2779763       -3.2779763      -12723.455                                                  -12723.455
              5      -6365.0539      0.31599407      -3.2807665       -3.2807665      -12723.546                                                  -12723.546
              2      -6364.8568      0.31883726      -3.2628775       -3.2628775      -12723.188                                                  -12723.188
              1      -6364.8015      0.31929696      -3.2566111       -3.2566111       -12723.09                                                   -12723.09
              2      -6364.3124      0.32214704      -3.1967973       -3.1967973      -12722.231                                                  -12722.231
              2      -6363.0051      0.30339921      -2.9279226       -2.9279226      -12720.154                                                  -12720.154
              1      -6363.6538      0.30543867       -3.032896        -3.032896      -12721.242                                                  -12721.242
              2      -6365.0471      0.31406581       -3.272453        -3.272453      -12723.549                                                  -12723.549
              2      -6364.9973      0.31724967      -3.2772962       -3.2772962       -12723.44                                                   -12723.44
              1      -6364.8712      0.31156729      -3.2371022       -3.2371022      -12723.268                                                  -12723.268
              1      -6365.0126      0.31699499      -3.2785665       -3.2785665      -12723.468                                                  -12723.468
              1      -6365.0374      0.31380092        -3.27002         -3.27002      -12723.535                                                  -12723.535
              2      -6364.8406      0.31129391      -3.2315504       -3.2315504      -12723.218                                                  -12723.218
              1      -6364.8455       0.3113362      -3.2324309       -3.2324309      -12723.226                                                  -12723.226
              1      -6365.0149      0.31695402       -3.278744        -3.278744      -12723.472                                                  -12723.472
              1      -6365.0518      0.31607074      -3.2807554       -3.2807554      -12723.542                                                  -12723.542
              1      -6364.7145      0.31993142      -3.2464198       -3.2464198      -12722.936                                                  -12722.936
              1      -6365.0122      0.31700271      -3.2785322       -3.2785322      -12723.467                                                  -12723.467
              1      -6365.0636      0.31486397      -3.2778986       -3.2778986      -12723.571                                                  -12723.571
              2       -6364.947       0.3123552      -3.2512453       -3.2512453      -12723.391                                                  -12723.391
              1      -6364.8967      0.31846497      -3.2672642       -3.2672642      -12723.259                                                  -12723.259
              1      -6364.2531      0.32241621      -3.1892827       -3.1892827      -12722.128                                                  -12722.128
              1      -6364.5959      0.32067893      -3.2321167       -3.2321167      -12722.728                                                  -12722.728
              1      -6364.7721       0.3107434      -3.2193624       -3.2193624      -12723.106                                                  -12723.106
              1       -6365.057      0.31442855      -3.2752789       -3.2752789      -12723.564                                                  -12723.564
              2      -6365.0537      0.31428846      -3.2742569       -3.2742569      -12723.559                                                  -12723.559
              3      -6364.8299       0.3112022      -3.2296135       -3.2296135      -12723.201                                                  -12723.201
              2      -6364.7273      0.31041642      -3.2114857       -3.2114857      -12723.032                                                  -12723.032
              3      -6365.0123      0.31700165       -3.278537        -3.278537      -12723.467                                                  -12723.467
              2      -6364.9117      0.31196415      -3.2445708       -3.2445708      -12723.334                                                  -12723.334
              1      -6364.9534      0.31785067      -3.2731554       -3.2731554       -12723.36                                                   -12723.36
              1      -6365.0584      0.31449246      -3.2757161       -3.2757161      -12723.565                                                  -12723.565
              1      -6364.9909       0.3129376      -3.2599259       -3.2599259      -12723.462                                                  -12723.462
              1      -6364.9152      0.31200134      -3.2452348       -3.2452348       -12723.34                                                   -12723.34
              1      -6364.9685      0.31262361      -3.2554332       -3.2554332      -12723.426                                                  -12723.426
              1      -6364.7577      0.31063506      -3.2168051       -3.2168051      -12723.082                                                  -12723.082
              1      -6364.8956       0.3118012      -3.2415889       -3.2415889      -12723.308                                                  -12723.308
              1      -6364.5343      0.30921161      -3.1783616       -3.1783616      -12722.712                                                  -12722.712
              1      -6364.4696      0.30885814      -3.1674196       -3.1674196      -12722.604                                                  -12722.604
              2      -6364.9923      0.31732768      -3.2768493       -3.2768493      -12723.431                                                  -12723.431
              1      -6364.9715      0.31762172      -3.2749222       -3.2749222      -12723.393                                                  -12723.393
              3        -6364.76      0.31961099      -3.2517904       -3.2517904      -12723.016                                                  -12723.016
              2      -6364.7321      0.31980994      -3.2485095       -3.2485095      -12722.967                                                  -12722.967
              1      -6364.9342       0.3180732      -3.2712151       -3.2712151      -12723.326                                                  -12723.326
              1      -6364.3874      0.32179044      -3.2062572       -3.2062572      -12722.362                                                  -12722.362
              4      -6363.7402      0.32441907      -3.1232537       -3.1232537      -12721.234                                                  -12721.234
              1       -6364.915      0.31828055       -3.269209        -3.269209      -12723.292                                                  -12723.292
              2      -6365.0213      0.31345093      -3.2663271       -3.2663271       -12723.51                                                   -12723.51
              2       -6365.056       0.3143834       -3.274959        -3.274959      -12723.562                                                  -12723.562
              2      -6365.0643       0.3153444      -3.2798114       -3.2798114      -12723.569                                                  -12723.569
              1      -6365.0574      0.31444376      -3.2753846       -3.2753846      -12723.564                                                  -12723.564
              1       -6364.972      0.31761501      -3.2749704       -3.2749704      -12723.394                                                  -12723.394
              1      -6365.0501      0.31415961      -3.2732398       -3.2732398      -12723.554                                                  -12723.554
              1       -6363.966      0.32359697      -3.1525132       -3.1525132      -12721.627                                                  -12721.627
              1      -6363.8374      0.32407515      -3.1358596       -3.1358596      -12721.403                                                  -12721.403
              1      -6363.6707      0.32465755      -3.1142039       -3.1142039      -12721.113                                                  -12721.113
              1      -6364.9741       0.3175866      -3.2751726       -3.2751726      -12723.398                                                  -12723.398
              1      -6364.2276      0.32252895      -3.1860393       -3.1860393      -12722.083                                                  -12722.083
              1      -6365.0521      0.31422848      -3.2737926       -3.2737926      -12723.557                                                  -12723.557
              1      -6365.0171      0.31337223      -3.2654217       -3.2654217      -12723.503                                                  -12723.503
              1      -6365.0549      0.31595341      -3.2807617       -3.2807617      -12723.548                                                  -12723.548
              1       -6365.059      0.31452568      -3.2759363       -3.2759363      -12723.566                                                  -12723.566
              2      -6364.7849      0.31942541      -3.2546922       -3.2546922       -12723.06                                                   -12723.06
              3      -6365.0638      0.31488785      -3.2780179       -3.2780179      -12723.572                                                  -12723.572
              1      -6365.0486      0.31410956      -3.2728248       -3.2728248      -12723.551                                                  -12723.551
              1      -6365.0581      0.31448084       -3.275638        -3.275638      -12723.565                                                  -12723.565
              1      -6364.9703      0.31264781       -3.255795        -3.255795      -12723.429                                                  -12723.429
              1      -6364.9677      0.31261265      -3.2552684       -3.2552684      -12723.425                                                  -12723.425
              1      -6365.0647      0.31526271      -3.2795586       -3.2795586       -12723.57                                                   -12723.57
              1      -6364.9319      0.31809844      -3.2709811       -3.2709811      -12723.322                                                  -12723.322
              3      -6365.0365      0.31650983      -3.2801889       -3.2801889      -12723.513                                                  -12723.513
              1      -6365.0646      0.31528196      -3.2796208       -3.2796208       -12723.57                                                   -12723.57
              1      -6364.2345      0.32249888      -3.1869101       -3.1869101      -12722.095                                                  -12722.095
              2      -6365.0648      0.31510625      -3.2789915       -3.2789915      -12723.572                                                  -12723.572
              3      -6365.0291      0.31667632      -3.2797501       -3.2797501      -12723.499                                                  -12723.499
              1      -6365.0404      0.31387538      -3.2707355       -3.2707355      -12723.539                                                  -12723.539
              2      -6364.8092      0.31103266      -3.2259344       -3.2259344      -12723.166                                                  -12723.166
              1      -6364.2418      0.30774606      -3.1293721       -3.1293721      -12722.225                                                  -12722.225
              2      -6363.7762      0.30587316       -3.052871        -3.052871      -12721.447                                                  -12721.447
              1      -6357.5528      0.29251139      -2.0547334       -2.0547334      -12710.996                                                  -12710.996
              2      -6358.8698      0.29462784      -2.2657235       -2.2657235      -12713.208                                                  -12713.208
              1      -6359.9094      0.29645641      -2.4319841       -2.4319841      -12714.955                                                  -12714.955
              2      -6358.3118      0.29370715      -2.1763864       -2.1763864      -12712.271                                                  -12712.271
              1       -6363.597      0.30524449      -3.0236977       -3.0236977      -12721.147                                                  -12721.147
              2      -6363.0869      0.30363654      -2.9410884       -2.9410884      -12720.292                                                  -12720.292
              6      -6363.8689      0.30621493      -3.0679943       -3.0679943      -12721.602                                                  -12721.602
              1      -6363.5035      0.30493071      -3.0084797       -3.0084797       -12720.99                                                   -12720.99
              1      -6363.5354      0.30503669      -3.0136686       -3.0136686      -12721.043                                                  -12721.043
              3      -6364.9578      0.31248811       -3.253359        -3.253359      -12723.409                                                  -12723.409
              1      -6365.0431      0.31394789      -3.2714084       -3.2714084      -12723.543                                                  -12723.543
              2      -6364.8375      0.31900382      -3.2607156       -3.2607156      -12723.154                                                  -12723.154
              1      -6364.9186      0.31203609      -3.2458497       -3.2458497      -12723.345                                                  -12723.345
              1      -6364.9982      0.31723629      -3.2773701       -3.2773701      -12723.442                                                  -12723.442
              1      -6365.0313      0.31662934      -3.2798864       -3.2798864      -12723.503                                                  -12723.503
              1      -6364.9576      0.31779923      -3.2735727       -3.2735727      -12723.368                                                  -12723.368
              1       -6364.429      0.30864644      -3.1606002       -3.1606002      -12722.537                                                  -12722.537
              1      -6359.4315        0.295596      -2.3556039       -2.3556039      -12714.152                                                  -12714.152
              4      -6359.9726      0.29657288      -2.4420708       -2.4420708      -12715.061                                                  -12715.061
              1      -6363.3294        0.304372      -2.9802993       -2.9802993      -12720.698                                                  -12720.698
              3      -6364.0815      0.30705269       -3.102868        -3.102868      -12721.957                                                  -12721.957
              1      -6364.7213      0.31988518      -3.2472229       -3.2472229      -12722.948                                                  -12722.948
              1      -6364.6494      0.32035513      -3.2386174       -3.2386174      -12722.822                                                  -12722.822
              2      -6365.0411      0.31389523       -3.270922        -3.270922       -12723.54                                                   -12723.54
              3       -6365.025      0.31676181      -3.2794769       -3.2794769      -12723.491                                                  -12723.491
              4      -6365.0284      0.31359665      -3.2679308       -3.2679308      -12723.521                                                  -12723.521
              2      -6364.5649      0.30938597      -3.1835547       -3.1835547      -12722.763                                                  -12722.763
              1       -6364.248      0.30777434      -3.1304078       -3.1304078      -12722.235                                                  -12722.235
              2      -6364.5543      0.30932477      -3.1817472       -3.1817472      -12722.745                                                  -12722.745
              1      -6364.8279      0.31118602      -3.2292678       -3.2292678      -12723.197                                                  -12723.197
              1      -6364.5613      0.30936498      -3.1829366       -3.1829366      -12722.757                                                  -12722.757
              1      -6364.9282      0.31813886      -3.2706005       -3.2706005      -12723.315                                                  -12723.315
              1      -6364.0934       0.3230949      -3.1689053       -3.1689053      -12721.849                                                  -12721.849
              4      -6363.8479      0.32403711      -3.1372219       -3.1372219      -12721.421                                                  -12721.421
              1      -6363.5695      0.32499454      -3.1009848       -3.1009848      -12720.937                                                  -12720.937
              1      -6364.1341      0.32292805      -3.1741045       -3.1741045       -12721.92                                                   -12721.92
              4      -6363.5545      0.32504337      -3.0990277       -3.0990277      -12720.911                                                  -12720.911
              1      -6361.1132      0.33108577      -2.7750323       -2.7750323      -12716.676                                                  -12716.676
              1      -6362.2912      0.32852496      -2.9321565       -2.9321565      -12718.718                                                  -12718.718
              1      -6365.0518      0.31421783      -3.2737085       -3.2737085      -12723.556                                                  -12723.556
              1       -6364.908      0.31835187      -3.2684748       -3.2684748      -12723.279                                                  -12723.279
              3      -6364.8613       0.3187968      -3.2633841       -3.2633841      -12723.196                                                  -12723.196
              5      -6365.0284      0.31669151      -3.2797039       -3.2797039      -12723.497                                                  -12723.497
              1      -6364.6062      0.30962837      -3.1905496       -3.1905496      -12722.831                                                  -12722.831
              1       -6363.795       0.3059411      -3.0559189       -3.0559189      -12721.478                                                  -12721.478
              1      -6365.0363      0.31377395      -3.2697548       -3.2697548      -12723.533                                                  -12723.533
              1      -6364.8925      0.31176996      -3.2410038       -3.2410038      -12723.303                                                  -12723.303
              1      -6364.5976      0.30957835      -3.1891275       -3.1891275      -12722.817                                                  -12722.817
              3      -6364.5289      0.30918111      -3.1774393       -3.1774393      -12722.703                                                  -12722.703
              1      -6364.7629        0.310674      -3.2177303       -3.2177303       -12723.09                                                   -12723.09
              1      -6365.0319      0.31661554      -3.2799246       -3.2799246      -12723.504                                                  -12723.504
              2      -6363.6036      0.32488255       -3.105434        -3.105434      -12720.996                                                  -12720.996
              1      -6363.1386      0.32631326      -3.0444038       -3.0444038      -12720.188                                                  -12720.188
              2      -6363.1192      0.30373206       -2.946317        -2.946317      -12720.346                                                  -12720.346
              1       -6363.842      0.30611431      -3.0635958       -3.0635958      -12721.557                                                  -12721.557
              1      -6363.1853      0.32617807      -3.0505596       -3.0505596      -12720.269                                                  -12720.269
              2      -6361.7079      0.32985048      -2.8544645       -2.8544645      -12717.707                                                  -12717.707
              2      -6363.9202      0.32377035      -3.1465923       -3.1465923      -12721.547                                                  -12721.547
              2      -6364.4147      0.32165635      -3.2096682       -3.2096682       -12722.41                                                   -12722.41
              2      -6365.0251      0.31352623      -3.2671675       -3.2671675      -12723.516                                                  -12723.516
              2      -6365.0639      0.31490036      -3.2780794       -3.2780794      -12723.572                                                  -12723.572
              2      -6364.1168       0.3072005      -3.1086971       -3.1086971      -12722.016                                                  -12722.016
              3      -6364.9487      0.31790555      -3.2726973       -3.2726973      -12723.352                                                  -12723.352
              2      -6365.0485      0.31618206      -3.2806929       -3.2806929      -12723.536                                                  -12723.536
              2      -6365.0316      0.31662274      -3.2799047       -3.2799047      -12723.503                                                  -12723.503
              3       -6364.985      0.31284947      -3.2587091       -3.2587091      -12723.452                                                  -12723.452
              2       -6364.909      0.31834229      -3.2685747       -3.2685747      -12723.281                                                  -12723.281
              1      -6364.9858      0.31286144      -3.2588764       -3.2588764      -12723.454                                                  -12723.454
              1      -6365.0621      0.31557381      -3.2803629       -3.2803629      -12723.563                                                  -12723.563
              5      -6365.0644      0.31531744      -3.2797312       -3.2797312      -12723.569                                                  -12723.569
              4      -6364.9678      0.31766957      -3.2745722       -3.2745722      -12723.386                                                  -12723.386
              1      -6364.2599      0.32238571      -3.1901502       -3.1901502      -12722.139                                                  -12722.139
              2      -6364.8602      0.31880686      -3.2632589       -3.2632589      -12723.194                                                  -12723.194
              2      -6364.4157      0.32165124      -3.2097964       -3.2097964      -12722.412                                                  -12722.412
              2       -6364.757      0.31063018      -3.2166888       -3.2166888      -12723.081                                                  -12723.081
              1      -6365.0162       0.3169302      -3.2788437       -3.2788437      -12723.475                                                  -12723.475
              1      -6364.5739      0.32080702      -3.2294168       -3.2294168      -12722.689                                                  -12722.689
              1      -6365.0476      0.31620997      -3.2806686       -3.2806686      -12723.534                                                  -12723.534
              6       -6365.045      0.31400127      -3.2718889       -3.2718889      -12723.546                                                  -12723.546
              2      -6364.9444      0.31795616      -3.2722631       -3.2722631      -12723.344                                                  -12723.344
              1      -6364.6776      0.32017636      -3.2420066       -3.2420066      -12722.871                                                  -12722.871
              2      -6364.6887      0.32010391      -3.2433398       -3.2433398      -12722.891                                                  -12722.891
              2      -6364.8548      0.31885483      -3.2626553       -3.2626553      -12723.184                                                  -12723.184
              1      -6365.0233      0.31679461      -3.2793634       -3.2793634      -12723.488                                                  -12723.488
              1       -6364.847      0.31134892      -3.2326942       -3.2326942      -12723.229                                                  -12723.229
              1      -6363.1361      0.30378235      -2.9490533       -2.9490533      -12720.374                                                  -12720.374
              1      -6365.0634      0.31545938       -3.280117        -3.280117      -12723.567                                                  -12723.567
              1      -6364.4747      0.32134974      -3.2171671       -3.2171671      -12722.515                                                  -12722.515
              1      -6365.0582      0.31580962       -3.280686        -3.280686      -12723.555                                                  -12723.555
              3      -6364.8815      0.31166449      -3.2389961       -3.2389961      -12723.285                                                  -12723.285
              1      -6364.8959      0.31180369      -3.2416354       -3.2416354      -12723.308                                                  -12723.308
              3      -6365.0507      0.31418181      -3.2734203       -3.2734203      -12723.555                                                  -12723.555
              1      -6365.0429      0.31394268      -3.2713609       -3.2713609      -12723.543                                                  -12723.543
              3      -6365.0615      0.31561422      -3.2804358       -3.2804358      -12723.562                                                  -12723.562
              1      -6364.2585      0.30782186      -3.1321399       -3.1321399      -12722.253                                                  -12722.253
              2       -6365.014       0.3133143      -3.2647376       -3.2647376      -12723.499                                                  -12723.499
              1      -6364.7395      0.31050394      -3.2136407       -3.2136407      -12723.052                                                  -12723.052
              1      -6364.2486      0.32243652      -3.1887025       -3.1887025       -12722.12                                                   -12722.12
              1       -6364.254      0.32241189      -3.1894059       -3.1894059      -12722.129                                                  -12722.129
              1      -6364.8891       0.3185392      -3.2664387       -3.2664387      -12723.245                                                  -12723.245
              2      -6364.9878      0.31289074      -3.2592833       -3.2592833      -12723.457                                                  -12723.457
              1      -6364.9353      0.31222061      -3.2490247       -3.2490247      -12723.373                                                  -12723.373
              1      -6365.0528      0.31425391      -3.2739914       -3.2739914      -12723.558                                                  -12723.558
              1      -6365.0633      0.31482665      -3.2777071       -3.2777071      -12723.571                                                  -12723.571
              1      -6365.0344      0.31656003      -3.2800696       -3.2800696      -12723.509                                                  -12723.509
              1       -6364.667      0.31001016      -3.2010371       -3.2010371      -12722.932                                                  -12722.932
              1      -6364.3651      0.30832585      -3.1498941       -3.1498941       -12722.43                                                   -12722.43
              1      -6365.0587      0.31578289      -3.2806618       -3.2806618      -12723.556                                                  -12723.556
              2      -6365.0249      0.31676528      -3.2794651       -3.2794651      -12723.491                                                  -12723.491
              6      -6365.0588      0.31451206      -3.2758466       -3.2758466      -12723.566                                                  -12723.566
              1      -6364.9897      0.31736663      -3.2766162       -3.2766162      -12723.426                                                  -12723.426
              1      -6365.0472      0.31622265      -3.2806564       -3.2806564      -12723.533                                                  -12723.533
              5      -6364.7783      0.31947549      -3.2539242       -3.2539242      -12723.049                                                  -12723.049
              1      -6364.8392      0.31128202      -3.2313013       -3.2313013      -12723.216                                                  -12723.216
              1      -6364.9781      0.31753241      -3.2755482       -3.2755482      -12723.405                                                  -12723.405
              1      -6365.0629      0.31550338      -3.2802185       -3.2802185      -12723.565                                                  -12723.565
              1      -6364.6124      0.32058118      -3.2341284       -3.2341284      -12722.757                                                  -12722.757
              1      -6364.2192      0.32256581      -3.1849668       -3.1849668      -12722.068                                                  -12722.068
              2      -6364.9159      0.31200938      -3.2453775       -3.2453775      -12723.341                                                  -12723.341
              1      -6365.0637      0.31486908      -3.2779243       -3.2779243      -12723.572                                                  -12723.572
              1      -6365.0137      0.31330904      -3.2646749       -3.2646749      -12723.498                                                  -12723.498
              2      -6364.9816      0.31748353      -3.2758757       -3.2758757      -12723.411                                                  -12723.411
              1      -6365.0548      0.31596038      -3.2807631       -3.2807631      -12723.548                                                  -12723.548
              1       -6365.035      0.31654528      -3.2801058       -3.2801058       -12723.51                                                   -12723.51
              1      -6365.0414      0.31638668      -3.2804343       -3.2804343      -12723.522                                                  -12723.522
              2      -6365.0597      0.31456549      -3.2761936       -3.2761936      -12723.567                                                  -12723.567
              1      -6364.9983      0.31723516      -3.2773763       -3.2773763      -12723.442                                                  -12723.442
              4      -6365.0433      0.31395544      -3.2714772       -3.2714772      -12723.544                                                  -12723.544
              1      -6364.8835      0.31859238      -3.2658322       -3.2658322      -12723.235                                                  -12723.235
              2      -6364.7496      0.31968651      -3.2505658       -3.2505658      -12722.998                                                  -12722.998
              1      -6364.8448      0.31894218        -3.26153         -3.26153      -12723.166                                                  -12723.166
              2      -6364.6761      0.31006949      -3.2026089       -3.2026089      -12722.947                                                  -12722.947
              2      -6365.0298      0.31362681      -3.2682509       -3.2682509      -12723.523                                                  -12723.523
              1      -6364.8982      0.31845066      -3.2674204       -3.2674204      -12723.262                                                  -12723.262
              2      -6365.0342      0.31372574      -3.2692726       -3.2692726       -12723.53                                                   -12723.53
              1      -6364.4841      0.30893587      -3.1698732       -3.1698732      -12722.628                                                  -12722.628
              1      -6363.0487      0.30352467      -2.9349137       -2.9349137      -12720.228                                                  -12720.228
              1      -6362.5353      0.30211416      -2.8522853       -2.8522853      -12719.366                                                  -12719.366
              1      -6364.4224      0.32161723      -3.2106482       -3.2106482      -12722.424                                                  -12722.424
              1      -6364.8735      0.31868641      -3.2647293       -3.2647293      -12723.217                                                  -12723.217
              1       -6364.622      0.30972696      -3.1933199       -3.1933199      -12722.857                                                  -12722.857
              1      -6364.7107        0.310301       -3.208592        -3.208592      -12723.004                                                  -12723.004
              2      -6364.5615      0.32087784      -3.2278924       -3.2278924      -12722.667                                                  -12722.667
              1      -6364.5703       0.3208279      -3.2289697       -3.2289697      -12722.683                                                  -12722.683
              3      -6365.0647      0.31505839      -3.2787963       -3.2787963      -12723.572                                                  -12723.572
              1        -6364.78      0.31946306      -3.2541159       -3.2541159      -12723.052                                                  -12723.052
              6      -6364.8819      0.31860816      -3.2656498       -3.2656498      -12723.232                                                  -12723.232
              3      -6364.8385      0.31899525      -3.2608298       -3.2608298      -12723.155                                                  -12723.155
              1      -6364.9669      0.31768118      -3.2744857       -3.2744857      -12723.385                                                  -12723.385
              1      -6364.9826      0.31747002      -3.2759644       -3.2759644      -12723.413                                                  -12723.413
              1      -6364.2236      0.32254655       -3.185528        -3.185528      -12722.076                                                  -12722.076
              5      -6365.0533      0.31427466      -3.2741515       -3.2741515      -12723.558                                                  -12723.558
              1      -6364.9305      0.31216718      -3.2481209       -3.2481209      -12723.365                                                  -12723.365
              1      -6364.9228      0.31819739      -3.2700365       -3.2700365      -12723.306                                                  -12723.306
              1      -6363.9612      0.32361569      -3.1518803       -3.1518803      -12721.619                                                  -12721.619
              3      -6365.0634      0.31545667      -3.2801105       -3.2801105      -12723.567                                                  -12723.567
              1      -6364.5424       0.3092571      -3.1797294       -3.1797294      -12722.725                                                  -12722.725
              1       -6365.041      0.31389234      -3.2708949       -3.2708949       -12723.54                                                   -12723.54
              2      -6364.9389      0.31226165      -3.2497105       -3.2497105      -12723.378                                                  -12723.378
              3      -6364.4136       0.3216617      -3.2095334       -3.2095334      -12722.408                                                  -12722.408
              1      -6364.9729      0.31760257      -3.2750594       -3.2750594      -12723.396                                                  -12723.396
              5      -6364.8495      0.31890103      -3.2620644       -3.2620644      -12723.175                                                  -12723.175
              1      -6364.2928      0.32223745      -3.1943091       -3.1943091      -12722.197                                                  -12722.197
              1      -6364.3804      0.32182473      -3.2053722       -3.2053722       -12722.35                                                   -12722.35
              3      -6364.4096      0.32168117      -3.2090428       -3.2090428      -12722.401                                                  -12722.401
              3      -6364.2129      0.32259332      -3.1841623       -3.1841623      -12722.057                                                  -12722.057
              1       -6364.033      0.32333683      -3.1611464       -3.1611464      -12721.744                                                  -12721.744
              3      -6364.8242      0.31115499      -3.2286018       -3.2286018      -12723.191                                                  -12723.191
              4      -6364.6455      0.32037988      -3.2381368       -3.2381368      -12722.815                                                  -12722.815
              1      -6364.8899      0.31174455      -3.2405246       -3.2405246      -12723.299                                                  -12723.299
              1      -6363.8267      0.30605801      -3.0611151       -3.0611151      -12721.531                                                  -12721.531
              3       -6363.138      0.30378814      -2.9493677       -2.9493677      -12720.377                                                  -12720.377
              1      -6364.2704      0.30787578      -3.1340934       -3.1340934      -12722.273                                                  -12722.273
              1      -6365.0644      0.31498003      -3.2784547       -3.2784547      -12723.572                                                  -12723.572
              3      -6364.9556      0.31246054       -3.252927        -3.252927      -12723.405                                                  -12723.405
              1      -6364.9375      0.31224485      -3.2494306       -3.2494306      -12723.376                                                  -12723.376
              1      -6363.5909      0.30522354      -3.0226952       -3.0226952      -12721.136                                                  -12721.136
              1      -6364.0744      0.30702338      -3.1017007       -3.1017007      -12721.945                                                  -12721.945
              1      -6364.9226       0.3181999       -3.270012        -3.270012      -12723.305                                                  -12723.305
              1      -6365.0356       0.3137578      -3.2695944       -3.2695944      -12723.532                                                  -12723.532
              1      -6364.9106      0.31832549       -3.268749        -3.268749      -12723.284                                                  -12723.284
              6      -6365.0383      0.31382278      -3.2702326       -3.2702326      -12723.536                                                  -12723.536
              1      -6364.8614      0.31147796      -3.2353247       -3.2353247      -12723.252                                                  -12723.252
              1      -6365.0648      0.31519656      -3.2793321       -3.2793321      -12723.571                                                  -12723.571
              1      -6365.0633      0.31482994      -3.2777242       -3.2777242      -12723.571                                                  -12723.571
              2      -6365.0304      0.31363837      -3.2683726       -3.2683726      -12723.524                                                  -12723.524
              1      -6365.0132      0.31698534       -3.278609        -3.278609      -12723.469                                                  -12723.469
              1      -6365.0475      0.31407652      -3.2725448       -3.2725448       -12723.55                                                   -12723.55
              1      -6364.9884      0.31738578       -3.276499        -3.276499      -12723.424                                                  -12723.424
              2      -6364.3173      0.30809569      -3.1419263       -3.1419263      -12722.351                                                  -12722.351
              1      -6364.9466      0.31235119      -3.2511804       -3.2511804      -12723.391                                                  -12723.391
              1      -6364.9043      0.31188821      -3.2431959       -3.2431959      -12723.322                                                  -12723.322
              1      -6364.7405      0.31051094      -3.2138114       -3.2138114      -12723.053                                                  -12723.053
              1      -6363.9919      0.30669037      -3.0881684       -3.0881684      -12721.807                                                  -12721.807
              2      -6364.8869      0.31856062       -3.266196        -3.266196      -12723.241                                                  -12723.241
              3      -6364.9158      0.31827212      -3.2692943       -3.2692943      -12723.293                                                  -12723.293
              1      -6363.3734      0.30451026      -2.9874017       -2.9874017      -12720.772                                                  -12720.772
              1      -6365.0616      0.31468646      -3.2769324       -3.2769324      -12723.569                                                  -12723.569
              4        -6365.02      0.31342741      -3.2660594       -3.2660594      -12723.508                                                  -12723.508
              2      -6363.0685      0.32651258      -3.0351789       -3.0351789      -12720.067                                                  -12720.067
              2      -6365.0118      0.31701094      -3.2784954       -3.2784954      -12723.467                                                  -12723.467
              1      -6364.9523      0.31241934      -3.2522752       -3.2522752        -12723.4                                                    -12723.4
              2      -6364.7802      0.31946128      -3.2541432       -3.2541432      -12723.052                                                  -12723.052
              2      -6364.7489      0.31969103      -3.2504916       -3.2504916      -12722.997                                                  -12722.997
              3      -6365.0116      0.31327199      -3.2642287       -3.2642287      -12723.495                                                  -12723.495
              1      -6365.0603      0.31459985      -3.2764101       -3.2764101      -12723.568                                                  -12723.568
              1      -6363.8247       0.3241206      -3.1342241       -3.1342241      -12721.381                                                  -12721.381
              1      -6365.0625       0.3147488      -3.2772877       -3.2772877       -12723.57                                                   -12723.57
              1      -6365.0644      0.31531516      -3.2797243       -3.2797243      -12723.569                                                  -12723.569
              1      -6364.8084       0.3192422      -3.2574068       -3.2574068      -12723.102                                                  -12723.102
              3      -6364.8669      0.31874662      -3.2640023       -3.2640023      -12723.206                                                  -12723.206
              2       -6363.764      0.30582878      -3.0508693       -3.0508693      -12721.426                                                  -12721.426
              1      -6364.8614       0.3114782      -3.2353295       -3.2353295      -12723.252                                                  -12723.252
              1      -6365.0379      0.31381319      -3.2701396       -3.2701396      -12723.536                                                  -12723.536
              1      -6365.0642      0.31535109      -3.2798308       -3.2798308      -12723.569                                                  -12723.569
              2      -6365.0392      0.31384705      -3.2704661       -3.2704661      -12723.538                                                  -12723.538
              2      -6364.8019      0.31097403      -3.2246324       -3.2246324      -12723.155                                                  -12723.155
              2      -6364.7664       0.3107001      -3.2183466       -3.2183466      -12723.096                                                  -12723.096
              8      -6365.0604      0.31460269      -3.2764277       -3.2764277      -12723.568                                                  -12723.568
              1      -6364.1679      0.32278628      -3.1784253       -3.1784253      -12721.979                                                  -12721.979
              1      -6365.0491      0.31616405      -3.2807067       -3.2807067      -12723.537                                                  -12723.537
              2       -6364.662      0.32027628      -3.2401298       -3.2401298      -12722.844                                                  -12722.844
              4      -6361.3676      0.33056945      -2.8090582       -2.8090582      -12717.117                                                  -12717.117
              1      -6363.1504      0.32627905       -3.045969        -3.045969      -12720.209                                                  -12720.209
              1      -6364.8729      0.31869137      -3.2646699       -3.2646699      -12723.217                                                  -12723.217
              1      -6364.9261      0.31816181      -3.2703812       -3.2703812      -12723.311                                                  -12723.311
              1      -6362.9376      0.32687681      -3.0178667       -3.0178667      -12719.839                                                  -12719.839
              1       -6363.844      0.32405114      -3.1367201       -3.1367201      -12721.415                                                  -12721.415
              4      -6365.0594      0.31454629      -3.2760704       -3.2760704      -12723.567                                                  -12723.567
              1      -6363.8374      0.30609732      -3.0628485       -3.0628485      -12721.549                                                  -12721.549
              4       -6363.535      0.30503531      -3.0136014       -3.0136014      -12721.043                                                  -12721.043
              1      -6364.5822        0.320759      -3.2304375       -3.2304375      -12722.704                                                  -12722.704
              1      -6363.8466      0.30613175      -3.0643613       -3.0643613      -12721.565                                                  -12721.565
              2      -6363.6079      0.30528126      -3.0254523       -3.0254523      -12721.165                                                  -12721.165
              2      -6363.3722      0.30450607      -2.9871881       -2.9871881       -12720.77                                                   -12720.77
              1      -6363.6376      0.30538255      -3.0302547       -3.0302547      -12721.215                                                  -12721.215
              1      -6365.0469      0.31405886      -3.2723932       -3.2723932      -12723.549                                                  -12723.549
              1      -6364.7542      0.31060991      -3.2162043       -3.2162043      -12723.076                                                  -12723.076
              1      -6363.3868      0.30455147      -2.9895023       -2.9895023      -12720.795                                                  -12720.795
              1      -6364.9498      0.31238996      -3.2518057       -3.2518057      -12723.396                                                  -12723.396
              1      -6364.7855       0.3108448      -3.2217087       -3.2217087      -12723.128                                                  -12723.128
              1      -6364.1794      0.32273738      -3.1798947       -3.1798947      -12721.999                                                  -12721.999
              2      -6364.8792      0.31863366      -3.2653529       -3.2653529      -12723.228                                                  -12723.228
              6      -6364.7376      0.31048994      -3.2132982       -3.2132982      -12723.049                                                  -12723.049
              2      -6364.8607      0.31880281      -3.2633094       -3.2633094      -12723.195                                                  -12723.195
              1      -6364.5465         0.30928      -3.1804145       -3.1804145      -12722.732                                                  -12722.732
              1      -6363.1961      0.30396141       -2.958705        -2.958705      -12720.475                                                  -12720.475
              2      -6363.2068      0.30399449      -2.9604726       -2.9604726      -12720.493                                                  -12720.493
              4      -6363.9289      0.30644379      -3.0778308       -3.0778308      -12721.702                                                  -12721.702
              1       -6364.714      0.31993481      -3.2463605       -3.2463605      -12722.935                                                  -12722.935
              1      -6363.7855      0.32426059      -3.1291281       -3.1291281      -12721.313                                                  -12721.313
              5      -6364.9387       0.3180222      -3.2716792       -3.2716792      -12723.334                                                  -12723.334
              1      -6364.9486      0.31790669      -3.2726878       -3.2726878      -12723.352                                                  -12723.352
              3      -6364.6322      0.32046193      -3.2365247       -3.2365247      -12722.791                                                  -12722.791
              1      -6364.8083      0.31924375      -3.2573845       -3.2573845      -12723.102                                                  -12723.102
              3      -6364.9783      0.31752945      -3.2755683       -3.2755683      -12723.406                                                  -12723.406
              1      -6363.9159      0.30639371      -3.0756982       -3.0756982       -12721.68                                                   -12721.68
              1      -6364.2873      0.32226208       -3.193625        -3.193625      -12722.187                                                  -12722.187
              2      -6364.6857      0.31013288      -3.2042707       -3.2042707      -12722.963                                                  -12722.963
              1      -6365.0627      0.31552102      -3.2802567       -3.2802567      -12723.565                                                  -12723.565
              2      -6364.3789      0.32183211      -3.2051809       -3.2051809      -12722.347                                                  -12722.347
              2      -6364.4611      0.32142081      -3.2154662       -3.2154662      -12722.491                                                  -12722.491
              4      -6364.8974       0.3184581      -3.2673393       -3.2673393       -12723.26                                                   -12723.26
              1      -6364.3387      0.32202413      -3.2001217       -3.2001217      -12722.277                                                  -12722.277
              1      -6363.6578      0.32470131      -3.1125159       -3.1125159      -12721.091                                                  -12721.091
              1      -6364.0959      0.32308477      -3.1692245       -3.1692245      -12721.853                                                  -12721.853
              1      -6364.2615      0.32237847      -3.1903558       -3.1903558      -12722.142                                                  -12722.142
              1      -6365.0266      0.31355737      -3.2675078       -3.2675078      -12723.518                                                  -12723.518
              3      -6364.2628      0.30784149      -3.1328526       -3.1328526       -12722.26                                                   -12722.26
              1      -6364.7642      0.31958065      -3.2522753       -3.2522753      -12723.024                                                  -12723.024
              2       -6364.711      0.31030326      -3.2086492       -3.2086492      -12723.005                                                  -12723.005
              2      -6364.8137      0.31106891      -3.2267317       -3.2267317      -12723.174                                                  -12723.174
              1      -6364.9455      0.31233772      -3.2509615       -3.2509615      -12723.389                                                  -12723.389
              2      -6364.7987      0.31931872      -3.2562912       -3.2562912      -12723.085                                                  -12723.085
              1      -6364.4718       0.3213646      -3.2168133       -3.2168133       -12722.51                                                   -12722.51
              1      -6364.9671      0.31767803      -3.2745092       -3.2745092      -12723.385                                                  -12723.385
              1      -6365.0648      0.31510584      -3.2789898       -3.2789898      -12723.572                                                  -12723.572
              2      -6364.9511      0.31240457      -3.2520396       -3.2520396      -12723.398                                                  -12723.398
              1       -6363.591      0.30522395      -3.0227149       -3.0227149      -12721.137                                                  -12721.137
              2      -6363.0078      0.30340692       -2.928354        -2.928354      -12720.159                                                  -12720.159
              1      -6360.2393      0.29707344      -2.4847342       -2.4847342      -12715.509                                                  -12715.509
              1      -6361.9896      0.30076228      -2.7647926       -2.7647926       -12718.45                                                   -12718.45
              1      -6361.1411      0.29887351      -2.6289517       -2.6289517      -12717.024                                                  -12717.024
              3      -6364.1241       0.3072317      -3.1099151       -3.1099151      -12722.028                                                  -12722.028
              2      -6362.3796      0.30171503      -2.8272988       -2.8272988      -12719.105                                                  -12719.105
              1      -6363.2489      0.30412205      -2.9672428       -2.9672428      -12720.563                                                  -12720.563
              2      -6364.2512      0.30778886      -3.1309381       -3.1309381       -12722.24                                                   -12722.24
              1      -6364.6084      0.32060537      -3.2336345       -3.2336345       -12722.75                                                   -12722.75
              1      -6364.5702      0.32082821       -3.228963        -3.228963      -12722.682                                                  -12722.682
              1      -6364.7148      0.31992943      -3.2464544       -3.2464544      -12722.937                                                  -12722.937
              4      -6364.1346      0.32292574      -3.1741758       -3.1741758      -12721.921                                                  -12721.921
              1      -6364.9448      0.31795126      -3.2723056       -3.2723056      -12723.345                                                  -12723.345
              1      -6364.7651      0.31957388      -3.2523829       -3.2523829      -12723.025                                                  -12723.025
              1        -6358.68      0.33534714      -2.4489624       -2.4489624      -12712.462                                                  -12712.462
              2      -6360.9704      0.33136692      -2.7560059       -2.7560059      -12716.429                                                  -12716.429
              1      -6365.0559      0.31591516      -3.2807506       -3.2807506       -12723.55                                                   -12723.55
              1      -6365.0214      0.31345409      -3.2663629       -3.2663629       -12723.51                                                   -12723.51
              1      -6365.0499      0.31415355      -3.2731901       -3.2731901      -12723.553                                                  -12723.553
              2      -6364.0826      0.32313896      -3.1675115       -3.1675115       -12721.83                                                   -12721.83
              1      -6364.5512      0.32093595      -3.2266252       -3.2266252      -12722.649                                                  -12722.649
              1       -6363.895       0.3238642      -3.1433317       -3.1433317      -12721.503                                                  -12721.503
              2       -6364.924      0.31209343      -3.2468527       -3.2468527      -12723.354                                                  -12723.354
              2      -6364.7138      0.31032237      -3.2091321       -3.2091321      -12723.009                                                  -12723.009
              1      -6363.6041      0.30526849      -3.0248436       -3.0248436      -12721.159                                                  -12721.159
              1      -6364.2432      0.30775204      -3.1295913       -3.1295913      -12722.227                                                  -12722.227
              1      -6363.8749      0.32393816      -3.1407346       -3.1407346      -12721.468                                                  -12721.468
              5      -6364.9225       0.3120776      -3.2465772       -3.2465772      -12723.352                                                  -12723.352
              2      -6364.7663      0.31069918      -3.2183251       -3.2183251      -12723.096                                                  -12723.096
              1       -6363.749      0.30577526      -3.0484436       -3.0484436      -12721.401                                                  -12721.401
              5      -6364.6745      0.31005928      -3.2023394       -3.2023394      -12722.944                                                  -12722.944
              5      -6364.9035      0.31188049      -3.2430545       -3.2430545      -12723.321                                                  -12723.321
              2      -6364.7103      0.31029836      -3.2085251       -3.2085251      -12723.003                                                  -12723.003
              1      -6365.0514       0.3160853      -3.2807504       -3.2807504      -12723.541                                                  -12723.541
              3      -6365.0552      0.31434766      -3.2746994       -3.2746994      -12723.561                                                  -12723.561
              4      -6363.6727      0.32465075      -3.1144656       -3.1144656      -12721.116                                                  -12721.116
              1      -6364.7862      0.31941575      -3.2548392       -3.2548392      -12723.063                                                  -12723.063
              2      -6364.7899      0.31938771      -3.2552631       -3.2552631      -12723.069                                                  -12723.069
              1      -6364.9564      0.31781365      -3.2734569       -3.2734569      -12723.366                                                  -12723.366
              3      -6364.9705      0.31763435      -3.2748308       -3.2748308      -12723.391                                                  -12723.391
              1      -6364.5991      0.32066016      -3.2325064       -3.2325064      -12722.733                                                  -12722.733
              3      -6364.8644      0.31876914      -3.2637263       -3.2637263      -12723.201                                                  -12723.201
              4      -6363.3891       0.3255662       -3.077406        -3.077406      -12720.623                                                  -12720.623
              1      -6365.0299      0.31362727      -3.2682557       -3.2682557      -12723.523                                                  -12723.523
              1      -6364.5235      0.30915127      -3.1765329       -3.1765329      -12722.694                                                  -12722.694
              1      -6364.6182      0.30970362      -3.1926678       -3.1926678      -12722.851                                                  -12722.851
              3      -6364.7468      0.31055548      -3.2148937       -3.2148937      -12723.064                                                  -12723.064
              2      -6365.0366      0.31378242      -3.2698385       -3.2698385      -12723.534                                                  -12723.534
              2      -6365.0576      0.31445418      -3.2754564       -3.2754564      -12723.564                                                  -12723.564
              2      -6364.8843      0.31858534      -3.2659133       -3.2659133      -12723.237                                                  -12723.237
              1      -6364.9899      0.31292114      -3.2597012       -3.2597012       -12723.46                                                   -12723.46
              1      -6364.4994      0.30901844      -3.1724507       -3.1724507      -12722.654                                                  -12722.654
              1      -6364.8716      0.31870329       -3.264527        -3.264527      -12723.214                                                  -12723.214
              1      -6365.0059       0.3171115      -3.2780211       -3.2780211      -12723.456                                                  -12723.456
              2      -6364.9131      0.31829958      -3.2690153       -3.2690153      -12723.288                                                  -12723.288
              1      -6364.5354      0.30921804      -3.1785556       -3.1785556      -12722.714                                                  -12722.714
              1       -6364.697       0.3102087       -3.206235        -3.206235      -12722.982                                                  -12722.982
              4      -6364.8619      0.31879219      -3.2634414       -3.2634414      -12723.197                                                  -12723.197
              1      -6364.6213      0.30972266      -3.1931998       -3.1931998      -12722.856                                                  -12722.856
              1      -6364.2732      0.30788867      -3.1345584       -3.1345584      -12722.277                                                  -12722.277
              2      -6364.3416      0.30821116      -3.1459532       -3.1459532      -12722.391                                                  -12722.391
              1      -6364.2716      0.32233345      -3.1916274       -3.1916274       -12722.16                                                   -12722.16
              3      -6365.0638      0.31541376      -3.2800028       -3.2800028      -12723.568                                                  -12723.568
              1      -6364.9651      0.31257884      -3.2547569       -3.2547569      -12723.421                                                  -12723.421
              2      -6364.9826      0.31281614      -3.2582399       -3.2582399      -12723.449                                                  -12723.449
              3      -6364.2917      0.30797488      -3.1376498       -3.1376498      -12722.308                                                  -12722.308
              1      -6364.9759      0.31756268      -3.2753399       -3.2753399      -12723.401                                                  -12723.401
              2      -6365.0603      0.31569461      -3.2805593       -3.2805593      -12723.559                                                  -12723.559
              1      -6365.0635      0.31484628      -3.2778086       -3.2778086      -12723.571                                                  -12723.571
              2      -6365.0577      0.31445795      -3.2754823       -3.2754823      -12723.564                                                  -12723.564
              2      -6365.0636      0.31486197      -3.2778885       -3.2778885      -12723.571                                                  -12723.571
              6      -6365.0616      0.31560731      -3.2804239       -3.2804239      -12723.562                                                  -12723.562
              3       -6364.191      0.30752001      -3.1209661       -3.1209661       -12722.14                                                   -12722.14
              2      -6364.5458      0.32096593      -3.2259655       -3.2259655       -12722.64                                                   -12722.64
              2      -6365.0596      0.31455591      -3.2761323       -3.2761323      -12723.567                                                  -12723.567
              1      -6364.9629      0.31255175      -3.2543434       -3.2543434      -12723.417                                                  -12723.417
              3      -6364.6211      0.30972117      -3.1931583       -3.1931583      -12722.856                                                  -12722.856
              1      -6364.9899      0.31292221      -3.2597159       -3.2597159       -12723.46                                                   -12723.46
              2      -6364.6341      0.32045022      -3.2367566       -3.2367566      -12722.795                                                  -12722.795
              1      -6364.6199      0.32053637      -3.2350361       -3.2350361       -12722.77                                                   -12722.77
              1      -6365.0583      0.31580252      -3.2806799       -3.2806799      -12723.555                                                  -12723.555
              2      -6365.0036      0.31313571      -3.2625351       -3.2625351      -12723.482                                                  -12723.482
              3      -6365.0045      0.31713451      -3.2779063       -3.2779063      -12723.453                                                  -12723.453
              1      -6363.9683      0.32358844      -3.1528011       -3.1528011      -12721.631                                                  -12721.631
              1      -6364.4699      0.32137521      -3.2165602       -3.2165602      -12722.507                                                  -12722.507
              1      -6365.0636      0.31485463      -3.2778513       -3.2778513      -12723.571                                                  -12723.571
              1      -6364.9306      0.31216723      -3.2481218       -3.2481218      -12723.365                                                  -12723.365
              1      -6364.9633      0.31772767      -3.2741336       -3.2741336      -12723.378                                                  -12723.378
              3      -6365.0004      0.31720063      -3.2775632       -3.2775632      -12723.446                                                  -12723.446
              1      -6365.0648      0.31519967      -3.2793432       -3.2793432      -12723.571                                                  -12723.571
              2       -6365.056       0.3143825      -3.2749525       -3.2749525      -12723.562                                                  -12723.562
              2      -6363.6335      0.30536852      -3.0295923       -3.0295923      -12721.208                                                  -12721.208
              2      -6365.0495      0.31414071      -3.2730844       -3.2730844      -12723.553                                                  -12723.553
              1      -6364.5477      0.32095554      -3.2261946       -3.2261946      -12722.643                                                  -12722.643
              1      -6364.2191       0.3225663      -3.1849526       -3.1849526      -12722.068                                                  -12722.068
              1      -6363.6386      0.32476589       -3.110009        -3.110009      -12721.057                                                  -12721.057
              3       -6365.056      0.31590813      -3.2807478       -3.2807478      -12723.551                                                  -12723.551
              4      -6365.0395      0.31385304      -3.2705234       -3.2705234      -12723.538                                                  -12723.538
              1      -6364.9958      0.31301165      -3.2609216       -3.2609216       -12723.47                                                   -12723.47
              1      -6364.7813      0.31081292      -3.2209759       -3.2209759      -12723.121                                                  -12723.121
              3      -6364.1508        0.307345      -3.1143021       -3.1143021      -12722.073                                                  -12722.073
              1      -6364.2848      0.30794299      -3.1365101       -3.1365101      -12722.297                                                  -12722.297
              1       -6364.942      0.31229702      -3.2502953       -3.2502953      -12723.383                                                  -12723.383
              3      -6363.6528      0.30543527      -3.0327367       -3.0327367       -12721.24                                                   -12721.24
              1      -6365.0646      0.31528444      -3.2796287       -3.2796287       -12723.57                                                   -12723.57
              1      -6365.0402      0.31641751      -3.2803792       -3.2803792       -12723.52                                                   -12723.52
              1      -6364.0699      0.30700515      -3.1009726       -3.1009726      -12721.938                                                  -12721.938
              1      -6365.0647      0.31505914      -3.2787994       -3.2787994      -12723.572                                                  -12723.572
              3      -6365.0575      0.31584221      -3.2807112       -3.2807112      -12723.554                                                  -12723.554
              1      -6365.0631      0.31480955      -3.2776173       -3.2776173      -12723.571                                                  -12723.571
              1      -6364.2594       0.3223876      -3.1900968       -3.1900968      -12722.139                                                  -12722.139
              1      -6365.0615      0.31561547       -3.280438        -3.280438      -12723.562                                                  -12723.562
              1      -6365.0281      0.31358981      -3.2678576       -3.2678576      -12723.521                                                  -12723.521
              1      -6364.8664      0.31152336      -3.2362326       -3.2362326       -12723.26                                                   -12723.26
              1      -6364.8186       0.3191607      -3.2585665       -3.2585665       -12723.12                                                   -12723.12
              1      -6364.9805       0.3174992      -3.2757719       -3.2757719      -12723.409                                                  -12723.409
              1      -6364.9264      0.31211947      -3.2473032       -3.2473032      -12723.358                                                  -12723.358
              2       -6365.021      0.31344511      -3.2662611       -3.2662611      -12723.509                                                  -12723.509
              1      -6364.9364      0.31804857      -3.2714406       -3.2714406       -12723.33                                                   -12723.33
              1      -6364.4663      0.32139381      -3.2161151       -3.2161151        -12722.5                                                    -12722.5
              2      -6364.0943      0.32309139      -3.1690158       -3.1690158      -12721.851                                                  -12721.851
              1      -6363.7835      0.32426771      -3.1288665       -3.1288665      -12721.309                                                  -12721.309
              2      -6365.0396       0.3164325      -3.2803509       -3.2803509      -12723.519                                                  -12723.519
              1      -6363.9303      0.30644904      -3.0780535       -3.0780535      -12721.704                                                  -12721.704
              1      -6364.1863      0.30749929      -3.1201842       -3.1201842      -12722.132                                                  -12722.132
              1      -6363.8781      0.32392661      -3.1411416       -3.1411416      -12721.474                                                  -12721.474
              1        -6361.07      0.33117195      -2.7692378       -2.7692378      -12716.602                                                  -12716.602
              2      -6361.2438      0.33082295      -2.7925004       -2.7925004      -12716.903                                                  -12716.903
              4      -6364.9907      0.31735164      -3.2767067       -3.2767067      -12723.428                                                  -12723.428
              1      -6364.2428      0.32246244      -3.1879595       -3.1879595       -12722.11                                                   -12722.11
              3      -6364.3094      0.32216096      -3.1964167       -3.1964167      -12722.226                                                  -12722.226
              2      -6364.6588       0.3202963      -3.2397483       -3.2397483      -12722.838                                                  -12722.838
              2      -6364.9931      0.31297018       -3.260367        -3.260367      -12723.465                                                  -12723.465
              1      -6364.8276      0.31118367      -3.2292175       -3.2292175      -12723.197                                                  -12723.197
              1      -6364.9889      0.31290683      -3.2595049       -3.2595049      -12723.459                                                  -12723.459
              1        -6364.78      0.31946237      -3.2541265       -3.2541265      -12723.052                                                  -12723.052
              1      -6365.0554      0.31593628      -3.2807575       -3.2807575      -12723.549                                                  -12723.549
              1      -6363.9806      0.32354157       -3.154377        -3.154377      -12721.652                                                  -12721.652
              2      -6364.8803      0.31862286       -3.265479        -3.265479       -12723.23                                                   -12723.23
              1      -6364.9371       0.3180406      -3.2715131       -3.2715131      -12723.331                                                  -12723.331
              1      -6364.7256      0.31985533      -3.2477364       -3.2477364      -12722.956                                                  -12722.956
              3           -6365      0.31720757       -3.277526        -3.277526      -12723.445                                                  -12723.445
              1      -6364.9914      0.31734127      -3.2767688       -3.2767688      -12723.429                                                  -12723.429
              1      -6364.6482      0.30988976      -3.1977999       -3.1977999      -12722.901                                                  -12722.901
              1      -6365.0641      0.31491947       -3.278172        -3.278172      -12723.572                                                  -12723.572
              1      -6365.0425      0.31635867      -3.2804807       -3.2804807      -12723.524                                                  -12723.524
              1      -6363.6207      0.30532475      -3.0275201       -3.0275201      -12721.186                                                  -12721.186
              2      -6363.4738      0.30483282      -3.0036423       -3.0036423       -12720.94                                                   -12720.94
              1       -6364.737      0.31048625      -3.2132079       -3.2132079      -12723.048                                                  -12723.048
              1      -6364.8639      0.31877343      -3.2636734       -3.2636734      -12723.201                                                  -12723.201
              1      -6364.6904      0.32009285      -3.2435412       -3.2435412      -12722.894                                                  -12722.894
              2      -6364.9081      0.31835105      -3.2684833       -3.2684833      -12723.279                                                  -12723.279
              4      -6365.0611      0.31564351      -3.2804841       -3.2804841      -12723.561                                                  -12723.561
              3      -6364.9946      0.31299294      -3.2606723       -3.2606723      -12723.468                                                  -12723.468
              1       -6364.072      0.30701394      -3.1013236       -3.1013236      -12721.941                                                  -12721.941
              1      -6364.0998        0.323069      -3.1697203       -3.1697203       -12721.86                                                   -12721.86
              1       -6364.685       0.3201285      -3.2428899       -3.2428899      -12722.884                                                  -12722.884
              1      -6362.9412      0.32686633      -3.0183728       -3.0183728      -12719.846                                                  -12719.846
              1      -6364.5798      0.32077296      -3.2301417       -3.2301417      -12722.699                                                  -12722.699
              1      -6365.0073      0.31319717       -3.263309        -3.263309      -12723.488                                                  -12723.488
              3      -6364.5356      0.30921883      -3.1785792       -3.1785792      -12722.714                                                  -12722.714
              1      -6364.8084      0.31102608      -3.2257889       -3.2257889      -12723.165                                                  -12723.165
              2      -6364.0785      0.30704038      -3.1023783       -3.1023783      -12721.952                                                  -12721.952
              1      -6364.6234      0.30973538      -3.1935544       -3.1935544       -12722.86                                                   -12722.86
              1      -6364.5836      0.30949521      -3.1867393       -3.1867393      -12722.794                                                  -12722.794
              2      -6364.9642      0.31256794      -3.2545909       -3.2545909      -12723.419                                                  -12723.419
              1      -6364.8742      0.31159498       -3.237646        -3.237646      -12723.273                                                  -12723.273
              1      -6364.9948      0.31299614       -3.260715        -3.260715      -12723.468                                                  -12723.468
              1       -6364.705      0.31999571      -3.2452872       -3.2452872      -12722.919                                                  -12722.919
              3      -6364.8544      0.31885826      -3.2626118       -3.2626118      -12723.184                                                  -12723.184
