#        weight    minuslogpost         Omega_m             A_s   minuslogprior minuslogprior__0            chi2 chi2__functions_and_classes.SO_x_DESI_Likelihood_w_emulator
              1       -10643.54      0.30267178   2.4156171e-09      -23.025851       -23.025851      -21241.028                                                  -21241.028
              2       -10645.61      0.29299371   2.3308764e-09      -23.025851       -23.025851      -21245.169                                                  -21245.169
              1      -10645.243      0.29242798   2.3037578e-09      -23.025851       -23.025851      -21244.433                                                  -21244.433
              1      -10644.843      0.29644896   2.4416339e-09      -23.025851       -23.025851      -21243.633                                                  -21243.633
              2      -10645.587       0.2891555   2.4629044e-09      -23.025851       -23.025851      -21245.123                                                  -21245.123
              2      -10644.973      0.28247553    2.451363e-09      -23.025851       -23.025851      -21243.895                                                  -21243.895
              1       -10644.15      0.27464649   2.5386489e-09      -23.025851       -23.025851      -21242.249                                                  -21242.249
              2       -10644.47      0.27483757   2.5589325e-09      -23.025851       -23.025851      -21242.887                                                  -21242.887
              4      -10644.891       0.2769408   2.5562487e-09      -23.025851       -23.025851      -21243.729                                                  -21243.729
              3      -10645.625      0.28891369   2.4548049e-09      -23.025851       -23.025851      -21245.199                                                  -21245.199
              1      -10645.316      0.29521971   2.4270775e-09      -23.025851       -23.025851       -21244.58                                                   -21244.58
              1       -10645.35      0.28806455    2.386084e-09      -23.025851       -23.025851      -21244.649                                                  -21244.649
              2      -10645.303      0.29314647   2.2973821e-09      -23.025851       -23.025851      -21244.554                                                  -21244.554
              3      -10644.351      0.29452672   2.2213385e-09      -23.025851       -23.025851       -21242.65                                                   -21242.65
              1      -10645.858      0.29905775   2.2686223e-09      -23.025851       -23.025851      -21245.665                                                  -21245.665
              2      -10645.776      0.29692752   2.2890355e-09      -23.025851       -23.025851      -21245.501                                                  -21245.501
              1       -10645.95      0.30040936   2.2781147e-09      -23.025851       -23.025851      -21245.848                                                  -21245.848
              1      -10645.749      0.30397093    2.287675e-09      -23.025851       -23.025851      -21245.446                                                  -21245.446
              1      -10644.734      0.30134705   2.3854242e-09      -23.025851       -23.025851      -21243.417                                                  -21243.417
              1      -10645.999      0.30457338   2.2155394e-09      -23.025851       -23.025851      -21245.947                                                  -21245.947
              1      -10646.016      0.30626878   2.2187592e-09      -23.025851       -23.025851       -21245.98                                                   -21245.98
              1      -10645.519      0.30235475   2.1821955e-09      -23.025851       -23.025851      -21244.986                                                  -21244.986
              1      -10645.553      0.30343367    2.170646e-09      -23.025851       -23.025851      -21245.054                                                  -21245.054
              1      -10645.984      0.30629021   2.1838651e-09      -23.025851       -23.025851      -21245.917                                                  -21245.917
              2      -10645.996      0.30347333   2.2447352e-09      -23.025851       -23.025851       -21245.94                                                   -21245.94
              1      -10646.054      0.30980968    2.157817e-09      -23.025851       -23.025851      -21246.056                                                  -21246.056
              1       -10645.97      0.31251427   2.1647003e-09      -23.025851       -23.025851      -21245.889                                                  -21245.889
              1      -10645.573      0.31110095   2.2202334e-09      -23.025851       -23.025851      -21245.095                                                  -21245.095
              1      -10645.953       0.3076583   2.2207373e-09      -23.025851       -23.025851      -21245.853                                                  -21245.853
              4      -10645.568      0.30751108   2.1201549e-09      -23.025851       -23.025851      -21245.084                                                  -21245.084
              3       -10645.81      0.30356668   2.1936973e-09      -23.025851       -23.025851      -21245.569                                                  -21245.569
              2       -10645.66      0.29926926   2.2377107e-09      -23.025851       -23.025851      -21245.268                                                  -21245.268
              2      -10645.967      0.30899681     2.20387e-09      -23.025851       -23.025851      -21245.882                                                  -21245.882
              1      -10646.049      0.30928937   2.1625166e-09      -23.025851       -23.025851      -21246.046                                                  -21246.046
              3      -10645.465      0.31628607   2.1674665e-09      -23.025851       -23.025851      -21244.879                                                  -21244.879
              3      -10644.694      0.31938389   2.1703465e-09      -23.025851       -23.025851      -21243.336                                                  -21243.336
              1      -10645.237      0.31586297   2.1856162e-09      -23.025851       -23.025851      -21244.422                                                  -21244.422
              1      -10645.916      0.31119234   2.1872606e-09      -23.025851       -23.025851      -21245.781                                                  -21245.781
              1       -10646.04      0.31111388   2.1649741e-09      -23.025851       -23.025851      -21246.028                                                  -21246.028
              3      -10645.152      0.32078424   2.1335593e-09      -23.025851       -23.025851      -21244.253                                                  -21244.253
              1      -10645.277      0.31578079   2.1844005e-09      -23.025851       -23.025851      -21244.502                                                  -21244.502
              2      -10645.961      0.31971362   2.0840906e-09      -23.025851       -23.025851      -21245.871                                                  -21245.871
              1      -10646.055      0.31955365   2.0474105e-09      -23.025851       -23.025851      -21246.059                                                  -21246.059
              1      -10645.987      0.32255996   2.0460994e-09      -23.025851       -23.025851      -21245.922                                                  -21245.922
              4      -10646.009      0.32298848   2.0355522e-09      -23.025851       -23.025851      -21245.967                                                  -21245.967
              2      -10646.004      0.32313207   2.0352118e-09      -23.025851       -23.025851      -21245.956                                                  -21245.956
              3      -10646.004      0.32312766   2.0352836e-09      -23.025851       -23.025851      -21245.956                                                  -21245.956
              1      -10646.007      0.32478666   2.0124721e-09      -23.025851       -23.025851      -21245.963                                                  -21245.963
              2      -10645.885      0.32288191   2.0576653e-09      -23.025851       -23.025851      -21245.719                                                  -21245.719
              2      -10646.033      0.32331327   2.0215226e-09      -23.025851       -23.025851      -21246.014                                                  -21246.014
              2      -10645.823      0.32622299   2.0261903e-09      -23.025851       -23.025851      -21245.594                                                  -21245.594
              3       -10645.82      0.32614521   2.0274093e-09      -23.025851       -23.025851      -21245.588                                                  -21245.588
              5      -10646.068      0.31792169   2.0736653e-09      -23.025851       -23.025851      -21246.084                                                  -21246.084
              1      -10646.058      0.31783451   2.0635362e-09      -23.025851       -23.025851      -21246.063                                                  -21246.063
              1      -10644.433      0.33087282   2.0523147e-09      -23.025851       -23.025851      -21242.814                                                  -21242.814
              1      -10645.825      0.31393911   2.0671281e-09      -23.025851       -23.025851      -21245.599                                                  -21245.599
              2       -10645.76       0.3138899   2.0615025e-09      -23.025851       -23.025851      -21245.469                                                  -21245.469
              2      -10646.016      0.31710029    2.058766e-09      -23.025851       -23.025851       -21245.98                                                   -21245.98
              1      -10645.984      0.31885149   2.0350127e-09      -23.025851       -23.025851      -21245.917                                                  -21245.917
              1      -10645.805      0.31819972   2.1197921e-09      -23.025851       -23.025851      -21245.559                                                  -21245.559
              1      -10645.842      0.31790399   2.1195647e-09      -23.025851       -23.025851      -21245.632                                                  -21245.632
              1       -10645.85      0.31351396   2.1688024e-09      -23.025851       -23.025851      -21245.648                                                  -21245.648
              2      -10645.856      0.30898859   2.1284542e-09      -23.025851       -23.025851      -21245.661                                                  -21245.661
              1      -10645.821      0.30649388   2.1559143e-09      -23.025851       -23.025851      -21245.591                                                  -21245.591
              1      -10644.803      0.30172311   2.1468353e-09      -23.025851       -23.025851      -21243.554                                                  -21243.554
              1      -10644.716      0.30182993   2.1412223e-09      -23.025851       -23.025851      -21243.379                                                  -21243.379
              1       -10645.18       0.3074443    2.096046e-09      -23.025851       -23.025851      -21244.309                                                  -21244.309
              1      -10646.014      0.31241561   2.1578278e-09      -23.025851       -23.025851      -21245.976                                                  -21245.976
              3      -10645.303      0.32197462   2.1121204e-09      -23.025851       -23.025851      -21244.554                                                  -21244.554
              1      -10645.981      0.30663783   2.1781092e-09      -23.025851       -23.025851       -21245.91                                                   -21245.91
              1      -10645.627      0.31456266   2.1763038e-09      -23.025851       -23.025851      -21245.202                                                  -21245.202
              1      -10645.603      0.31456643   2.1779614e-09      -23.025851       -23.025851      -21245.155                                                  -21245.155
              1      -10644.131      0.31736313    2.215062e-09      -23.025851       -23.025851       -21242.21                                                   -21242.21
              2      -10644.612      0.31309256   2.2472543e-09      -23.025851       -23.025851      -21243.172                                                  -21243.172
              1      -10645.452      0.30800536   2.2648864e-09      -23.025851       -23.025851      -21244.851                                                  -21244.851
              4      -10645.385      0.31001856   2.2454111e-09      -23.025851       -23.025851      -21244.719                                                  -21244.719
              3       -10645.68      0.31082767   2.2152364e-09      -23.025851       -23.025851      -21245.308                                                  -21245.308
              2       -10644.77      0.29759698   2.1995274e-09      -23.025851       -23.025851      -21243.488                                                  -21243.488
              1      -10645.574      0.30510207   2.1507096e-09      -23.025851       -23.025851      -21245.096                                                  -21245.096
              1      -10646.009      0.30716152   2.1778451e-09      -23.025851       -23.025851      -21245.966                                                  -21245.966
              1      -10645.786      0.30135056   2.2219474e-09      -23.025851       -23.025851       -21245.52                                                   -21245.52
              1      -10643.392      0.30213636   2.0852403e-09      -23.025851       -23.025851      -21240.733                                                  -21240.733
              1      -10644.784       0.3099698   2.0467127e-09      -23.025851       -23.025851      -21243.516                                                  -21243.516
              2      -10644.654      0.30431394    2.107419e-09      -23.025851       -23.025851      -21243.257                                                  -21243.257
              1       -10645.38      0.30755042   2.1067235e-09      -23.025851       -23.025851      -21244.709                                                  -21244.709
              1        -10645.7      0.30505585   2.1621563e-09      -23.025851       -23.025851      -21245.349                                                  -21245.349
              1      -10644.783      0.29675599   2.2117254e-09      -23.025851       -23.025851      -21243.515                                                  -21243.515
              1      -10643.392      0.29641439   2.1574762e-09      -23.025851       -23.025851      -21240.733                                                  -21240.733
              1      -10643.489      0.29638875   2.1612556e-09      -23.025851       -23.025851      -21240.925                                                  -21240.925
              1       -10643.26        0.295424   2.1659068e-09      -23.025851       -23.025851      -21240.468                                                  -21240.468
              1      -10644.966      0.29287849   2.2776987e-09      -23.025851       -23.025851       -21243.88                                                   -21243.88
              1      -10644.962      0.29286131   2.2777529e-09      -23.025851       -23.025851      -21243.873                                                  -21243.873
              1      -10645.241      0.29799098   2.2216942e-09      -23.025851       -23.025851      -21244.431                                                  -21244.431
              1       -10645.45       0.2986083    2.228195e-09      -23.025851       -23.025851      -21244.847                                                  -21244.847
              1      -10645.387      0.31492199   2.0232117e-09      -23.025851       -23.025851      -21244.722                                                  -21244.722
              2       -10645.55      0.32337585   2.0812301e-09      -23.025851       -23.025851      -21245.049                                                  -21245.049
              1      -10645.932      0.30920678   2.2071195e-09      -23.025851       -23.025851      -21245.813                                                  -21245.813
              3      -10646.035      0.30896173   2.1877684e-09      -23.025851       -23.025851      -21246.019                                                  -21246.019
              1      -10646.002       0.3062638    2.188961e-09      -23.025851       -23.025851      -21245.951                                                  -21245.951
              1      -10645.872      0.30535381   2.1772167e-09      -23.025851       -23.025851      -21245.692                                                  -21245.692
              1      -10645.898      0.30652428   2.1652575e-09      -23.025851       -23.025851      -21245.745                                                  -21245.745
              1      -10645.995       0.3075576   2.1686604e-09      -23.025851       -23.025851      -21245.939                                                  -21245.939
              1       -10645.92      0.29886996   2.3031328e-09      -23.025851       -23.025851      -21245.789                                                  -21245.789
              1      -10645.657      0.31121616   2.0830875e-09      -23.025851       -23.025851      -21245.263                                                  -21245.263
              1      -10646.016      0.31799727   2.0942108e-09      -23.025851       -23.025851      -21245.981                                                  -21245.981
              1      -10644.795      0.31553136   1.9864603e-09      -23.025851       -23.025851      -21243.538                                                  -21243.538
              1      -10645.473      0.33126054   1.8728523e-09      -23.025851       -23.025851      -21244.895                                                  -21244.895
              1      -10646.068      0.31280634   2.1338117e-09      -23.025851       -23.025851      -21246.085                                                  -21246.085
              1       -10645.28      0.30701662    2.106974e-09      -23.025851       -23.025851      -21244.509                                                  -21244.509
              2      -10645.885      0.29976451   2.3124778e-09      -23.025851       -23.025851      -21245.718                                                  -21245.718
              1      -10645.749       0.2936769   2.3936342e-09      -23.025851       -23.025851      -21245.446                                                  -21245.446
              2      -10645.768       0.2924642   2.3867599e-09      -23.025851       -23.025851      -21245.484                                                  -21245.484
              1      -10645.592      0.29096677   2.3645063e-09      -23.025851       -23.025851      -21245.133                                                  -21245.133
              1      -10645.253      0.29147022   2.3196595e-09      -23.025851       -23.025851      -21244.454                                                  -21244.454
              1      -10645.907      0.29881554   2.2874107e-09      -23.025851       -23.025851      -21245.763                                                  -21245.763
              1      -10645.467       0.2873801   2.4140324e-09      -23.025851       -23.025851      -21244.882                                                  -21244.882
              1      -10644.615      0.28464226   2.3863219e-09      -23.025851       -23.025851      -21243.179                                                  -21243.179
              1      -10645.343      0.28905701   2.3678001e-09      -23.025851       -23.025851      -21244.634                                                  -21244.634
              1      -10645.617      0.28824665   2.4293574e-09      -23.025851       -23.025851      -21245.183                                                  -21245.183
              1      -10645.431      0.28753895    2.502718e-09      -23.025851       -23.025851       -21244.81                                                   -21244.81
              1      -10645.463      0.28643485   2.5077372e-09      -23.025851       -23.025851      -21244.874                                                  -21244.874
              3      -10645.443      0.29176278   2.4564029e-09      -23.025851       -23.025851      -21244.835                                                  -21244.835
              1      -10645.752      0.29469908   2.3236257e-09      -23.025851       -23.025851      -21245.452                                                  -21245.452
              1      -10645.632      0.29290265   2.4216553e-09      -23.025851       -23.025851      -21245.213                                                  -21245.213
              2      -10645.683      0.29066283     2.42984e-09      -23.025851       -23.025851      -21245.314                                                  -21245.314
              3      -10645.514      0.28529634   2.4760227e-09      -23.025851       -23.025851      -21244.976                                                  -21244.976
              3      -10645.242      0.29941892   2.3814041e-09      -23.025851       -23.025851      -21244.432                                                  -21244.432
              2      -10645.615      0.29618871   2.3890122e-09      -23.025851       -23.025851      -21245.179                                                  -21245.179
              1      -10644.536      0.28216067   2.4239401e-09      -23.025851       -23.025851       -21243.02                                                   -21243.02
              2      -10644.817      0.29022299   2.3088548e-09      -23.025851       -23.025851      -21243.583                                                  -21243.583
              1       -10645.28      0.29184023   2.3159976e-09      -23.025851       -23.025851      -21244.508                                                  -21244.508
              1      -10644.968      0.28262446   2.4480973e-09      -23.025851       -23.025851      -21243.884                                                  -21243.884
              5       -10645.67      0.29706749   2.3730305e-09      -23.025851       -23.025851      -21245.289                                                  -21245.289
              1      -10645.563      0.29551187   2.4021608e-09      -23.025851       -23.025851      -21245.074                                                  -21245.074
              1      -10645.723      0.29467784   2.3904004e-09      -23.025851       -23.025851      -21245.393                                                  -21245.393
              1      -10645.722      0.29688912   2.3684528e-09      -23.025851       -23.025851      -21245.392                                                  -21245.392
              3      -10645.965      0.30150266   2.2714576e-09      -23.025851       -23.025851      -21245.878                                                  -21245.878
              2      -10645.623      0.29322658   2.3285854e-09      -23.025851       -23.025851      -21245.194                                                  -21245.194
              1      -10645.374      0.29803861   2.2304324e-09      -23.025851       -23.025851      -21244.696                                                  -21244.696
              1       -10646.01      0.30593514   2.2239757e-09      -23.025851       -23.025851      -21245.968                                                  -21245.968
              2      -10645.569      0.30146492   2.3330962e-09      -23.025851       -23.025851      -21245.087                                                  -21245.087
              1      -10645.707      0.29995651   2.3370353e-09      -23.025851       -23.025851      -21245.363                                                  -21245.363
              1      -10645.923      0.30215533    2.232177e-09      -23.025851       -23.025851      -21245.795                                                  -21245.795
              3      -10645.996      0.30739992   2.2145366e-09      -23.025851       -23.025851      -21245.941                                                  -21245.941
              1      -10645.877      0.30716245   2.1539875e-09      -23.025851       -23.025851      -21245.702                                                  -21245.702
              2      -10645.965      0.30901816   2.1432705e-09      -23.025851       -23.025851      -21245.879                                                  -21245.879
              1      -10645.934      0.32614613   2.0122947e-09      -23.025851       -23.025851      -21245.817                                                  -21245.817
              2      -10645.379       0.3308522   2.0090039e-09      -23.025851       -23.025851      -21244.706                                                  -21244.706
              2      -10644.983      0.33617467   1.9727004e-09      -23.025851       -23.025851      -21243.914                                                  -21243.914
              3      -10644.382      0.34188683   1.9383863e-09      -23.025851       -23.025851      -21242.712                                                  -21242.712
              1      -10645.942      0.33015026   1.9350646e-09      -23.025851       -23.025851      -21245.833                                                  -21245.833
              3      -10645.458      0.32244599   1.9509676e-09      -23.025851       -23.025851      -21244.864                                                  -21244.864
              2      -10645.404      0.32566037   1.9175182e-09      -23.025851       -23.025851      -21244.757                                                  -21244.757
              2       -10644.91      0.32528965   1.8952929e-09      -23.025851       -23.025851      -21243.768                                                  -21243.768
              1      -10644.739      0.32522887   1.8883978e-09      -23.025851       -23.025851      -21243.426                                                  -21243.426
              1      -10644.675       0.3242956   1.8944096e-09      -23.025851       -23.025851      -21243.298                                                  -21243.298
              1       -10641.59      0.32329987    1.812803e-09      -23.025851       -23.025851      -21237.128                                                  -21237.128
              1      -10642.532      0.32526789   1.8176762e-09      -23.025851       -23.025851      -21239.011                                                  -21239.011
              2      -10643.963      0.31932827    1.915769e-09      -23.025851       -23.025851      -21241.873                                                  -21241.873
              2      -10644.624      0.32359979   1.8988801e-09      -23.025851       -23.025851      -21243.196                                                  -21243.196
              3      -10644.718      0.32604262   1.8800408e-09      -23.025851       -23.025851      -21243.385                                                  -21243.385
              2      -10645.241      0.32305265   1.9325862e-09      -23.025851       -23.025851       -21244.43                                                   -21244.43
              3      -10645.531      0.30856791   2.1047008e-09      -23.025851       -23.025851      -21245.011                                                  -21245.011
              3      -10645.759      0.33735769   1.8542678e-09      -23.025851       -23.025851      -21245.466                                                  -21245.466
              1      -10645.797      0.33805785   1.8842578e-09      -23.025851       -23.025851      -21245.542                                                  -21245.542
              1      -10645.924      0.32293233    2.052088e-09      -23.025851       -23.025851      -21245.796                                                  -21245.796
              3        -10645.9      0.30126635   2.2411753e-09      -23.025851       -23.025851      -21245.748                                                  -21245.748
              4      -10645.644      0.34493451   1.8020446e-09      -23.025851       -23.025851      -21245.236                                                  -21245.236
              1      -10646.065      0.31830281   2.0639908e-09      -23.025851       -23.025851      -21246.078                                                  -21246.078
              1      -10645.712      0.33218936   1.8844792e-09      -23.025851       -23.025851      -21245.373                                                  -21245.373
              4       -10645.82       0.3360857   1.9072883e-09      -23.025851       -23.025851      -21245.588                                                  -21245.588
              1      -10645.538       0.3286948   2.0224933e-09      -23.025851       -23.025851      -21245.025                                                  -21245.025
              1      -10645.724       0.3332053   1.8779371e-09      -23.025851       -23.025851      -21245.397                                                  -21245.397
              2      -10645.496      0.34620273   1.7695024e-09      -23.025851       -23.025851       -21244.94                                                   -21244.94
              2      -10645.263      0.35648457   1.7325292e-09      -23.025851       -23.025851      -21244.474                                                  -21244.474
              2      -10645.446       0.3410553   1.7963122e-09      -23.025851       -23.025851       -21244.84                                                   -21244.84
              1       -10644.71      0.34490868   1.7268946e-09      -23.025851       -23.025851      -21243.369                                                  -21243.369
              2      -10645.935      0.33048792   1.9309744e-09      -23.025851       -23.025851      -21245.818                                                  -21245.818
              1       -10645.87      0.33460139   1.9147636e-09      -23.025851       -23.025851      -21245.689                                                  -21245.689
              1       -10645.54      0.32744792   2.0362431e-09      -23.025851       -23.025851      -21245.029                                                  -21245.029
              3      -10645.765      0.33945442   1.8721908e-09      -23.025851       -23.025851      -21245.477                                                  -21245.477
              1      -10645.812      0.33790339   1.8811904e-09      -23.025851       -23.025851      -21245.572                                                  -21245.572
              2      -10645.812      0.33801749   1.8790536e-09      -23.025851       -23.025851      -21245.571                                                  -21245.571
              2       -10645.63      0.33649702   1.9280069e-09      -23.025851       -23.025851      -21245.209                                                  -21245.209
              1      -10644.526      0.34868741   1.6926371e-09      -23.025851       -23.025851          -21243                                                      -21243
              2      -10644.662      0.35731322   1.6444949e-09      -23.025851       -23.025851      -21243.272                                                  -21243.272
              2      -10644.991      0.36375741   1.6406713e-09      -23.025851       -23.025851      -21243.931                                                  -21243.931
              3      -10644.617      0.36453358   1.7036986e-09      -23.025851       -23.025851      -21243.181                                                  -21243.181
              2      -10645.066      0.35996779   1.7160834e-09      -23.025851       -23.025851      -21244.081                                                  -21244.081
              2      -10645.186      0.35978726   1.6962349e-09      -23.025851       -23.025851      -21244.321                                                  -21244.321
              1      -10644.808      0.35873803   1.7502006e-09      -23.025851       -23.025851      -21243.563                                                  -21243.563
              3      -10645.433      0.32923312    2.023511e-09      -23.025851       -23.025851      -21244.814                                                  -21244.814
              1      -10645.823      0.32768727   2.0092598e-09      -23.025851       -23.025851      -21245.595                                                  -21245.595
              3      -10645.821      0.33706686   1.8922647e-09      -23.025851       -23.025851       -21245.59                                                   -21245.59
              1      -10645.535      0.32973464   2.0112064e-09      -23.025851       -23.025851      -21245.017                                                  -21245.017
              1      -10645.794      0.31438235   2.0591928e-09      -23.025851       -23.025851      -21245.537                                                  -21245.537
              2      -10645.867      0.30687328   2.1564769e-09      -23.025851       -23.025851      -21245.682                                                  -21245.682
              1      -10646.041      0.31294407   2.1454478e-09      -23.025851       -23.025851       -21246.03                                                   -21246.03
              4       -10645.76      0.30308034   2.2964323e-09      -23.025851       -23.025851      -21245.469                                                  -21245.469
              2      -10645.499      0.28523105   2.4711764e-09      -23.025851       -23.025851      -21244.947                                                  -21244.947
              3          -10645      0.28145607   2.4735313e-09      -23.025851       -23.025851      -21243.948                                                  -21243.948
              1      -10644.417      0.27637645   2.5233932e-09      -23.025851       -23.025851      -21242.781                                                  -21242.781
              5      -10643.801      0.27686029   2.4755836e-09      -23.025851       -23.025851       -21241.55                                                   -21241.55
              2      -10644.115      0.27568397   2.5160103e-09      -23.025851       -23.025851      -21242.177                                                  -21242.177
              1      -10642.716      0.27427908   2.4710693e-09      -23.025851       -23.025851      -21239.381                                                  -21239.381
              3      -10644.923      0.29768029    2.206614e-09      -23.025851       -23.025851      -21243.795                                                  -21243.795
              1       -10645.43       0.2833216   2.5043154e-09      -23.025851       -23.025851      -21244.808                                                  -21244.808
              1      -10645.223       0.2806109   2.5211897e-09      -23.025851       -23.025851      -21244.393                                                  -21244.393
              1      -10643.511      0.27428183   2.5079809e-09      -23.025851       -23.025851      -21240.971                                                  -21240.971
              1       -10644.54      0.29622924   2.2067012e-09      -23.025851       -23.025851      -21243.028                                                  -21243.028
              1       -10646.06      0.31480995   2.1182447e-09      -23.025851       -23.025851      -21246.068                                                  -21246.068
              5      -10645.565      0.30538335   2.2876598e-09      -23.025851       -23.025851      -21245.077                                                  -21245.077
              1      -10645.563      0.28689162   2.4467394e-09      -23.025851       -23.025851      -21245.075                                                  -21245.075
              7       -10644.57      0.29189226   2.2697758e-09      -23.025851       -23.025851      -21243.088                                                  -21243.088
              1      -10645.274       0.3013857   2.1777114e-09      -23.025851       -23.025851      -21244.496                                                  -21244.496
              1      -10645.313      0.30134851   2.1807349e-09      -23.025851       -23.025851      -21244.574                                                  -21244.574
              2      -10645.351      0.29995237   2.2021551e-09      -23.025851       -23.025851      -21244.651                                                  -21244.651
              1      -10645.073      0.31978573   1.9558013e-09      -23.025851       -23.025851      -21244.093                                                  -21244.093
              1      -10645.855      0.32642315   2.0201713e-09      -23.025851       -23.025851      -21245.659                                                  -21245.659
              1      -10645.951      0.33001964   1.9564568e-09      -23.025851       -23.025851      -21245.851                                                  -21245.851
              1      -10645.685      0.33586583    1.929743e-09      -23.025851       -23.025851      -21245.318                                                  -21245.318
              1       -10645.74      0.33493581   1.9342832e-09      -23.025851       -23.025851      -21245.429                                                  -21245.429
              3      -10645.158      0.34519633   1.7481175e-09      -23.025851       -23.025851      -21244.265                                                  -21244.265
              3          -10644      0.32645096   1.8496177e-09      -23.025851       -23.025851      -21241.949                                                  -21241.949
              3      -10644.283      0.33438566   1.7907898e-09      -23.025851       -23.025851      -21242.514                                                  -21242.514
              1      -10644.864      0.35773985   1.6538002e-09      -23.025851       -23.025851      -21243.677                                                  -21243.677
              2      -10644.939      0.35739745   1.6606094e-09      -23.025851       -23.025851      -21243.825                                                  -21243.825
              1      -10644.866      0.36080554    1.638341e-09      -23.025851       -23.025851      -21243.679                                                  -21243.679
              2      -10644.607      0.35992168   1.6268839e-09      -23.025851       -23.025851      -21243.162                                                  -21243.162
              3      -10645.293      0.35070424   1.7244028e-09      -23.025851       -23.025851      -21244.534                                                  -21244.534
              1      -10645.324      0.35595724    1.722399e-09      -23.025851       -23.025851      -21244.596                                                  -21244.596
              1      -10644.284      0.34810689   1.8794082e-09      -23.025851       -23.025851      -21242.517                                                  -21242.517
              1      -10645.976      0.32533795    2.014146e-09      -23.025851       -23.025851        -21245.9                                                    -21245.9
              2      -10645.991       0.3230919   2.0387097e-09      -23.025851       -23.025851       -21245.93                                                   -21245.93
              2      -10645.798      0.31441182   2.0592704e-09      -23.025851       -23.025851      -21245.545                                                  -21245.545
              1      -10643.816      0.34135686   1.7198964e-09      -23.025851       -23.025851      -21241.581                                                  -21241.581
              1      -10645.537      0.34898888   1.7823723e-09      -23.025851       -23.025851      -21245.022                                                  -21245.022
              1      -10646.002      0.32671856   1.9833943e-09      -23.025851       -23.025851      -21245.953                                                  -21245.953
              1      -10645.996      0.32696822   1.9724689e-09      -23.025851       -23.025851      -21245.941                                                  -21245.941
              1      -10645.899      0.33204368   1.9125366e-09      -23.025851       -23.025851      -21245.747                                                  -21245.747
              2       -10645.92      0.33254524   1.9214658e-09      -23.025851       -23.025851      -21245.789                                                  -21245.789
              3      -10645.522      0.31425601   2.1872283e-09      -23.025851       -23.025851      -21244.992                                                  -21244.992
              1      -10646.014      0.30785704   2.2054535e-09      -23.025851       -23.025851      -21245.976                                                  -21245.976
              2      -10645.848      0.33501294   1.8847213e-09      -23.025851       -23.025851      -21245.645                                                  -21245.645
              1      -10645.821      0.33643145   1.8716356e-09      -23.025851       -23.025851       -21245.59                                                   -21245.59
              3        -10645.4      0.32326946   1.9395768e-09      -23.025851       -23.025851      -21244.749                                                  -21244.749
              1      -10645.434      0.32008615   1.9726096e-09      -23.025851       -23.025851      -21244.817                                                  -21244.817
              1      -10645.685      0.32165741   1.9746103e-09      -23.025851       -23.025851      -21245.318                                                  -21245.318
              1      -10645.728      0.31790618   2.0157048e-09      -23.025851       -23.025851      -21245.405                                                  -21245.405
              2      -10645.815      0.31306667   2.1774393e-09      -23.025851       -23.025851      -21245.579                                                  -21245.579
              3        -10645.1      0.29539159   2.4399158e-09      -23.025851       -23.025851      -21244.148                                                  -21244.148
              1      -10645.829      0.29664794   2.3515425e-09      -23.025851       -23.025851      -21245.607                                                  -21245.607
              1      -10645.702      0.29060441   2.4220313e-09      -23.025851       -23.025851      -21245.352                                                  -21245.352
              1      -10644.248      0.27980765   2.4477061e-09      -23.025851       -23.025851      -21242.443                                                  -21242.443
              1      -10645.744      0.32614077   1.9380002e-09      -23.025851       -23.025851      -21245.437                                                  -21245.437
              1      -10645.928      0.33147605    1.942949e-09      -23.025851       -23.025851      -21245.804                                                  -21245.804
              2      -10645.464      0.30812068   2.1053791e-09      -23.025851       -23.025851      -21244.876                                                  -21244.876
              3      -10645.677      0.28956527   2.4207119e-09      -23.025851       -23.025851      -21245.302                                                  -21245.302
              2      -10645.569      0.28735807   2.4358894e-09      -23.025851       -23.025851      -21245.086                                                  -21245.086
              1      -10645.728      0.29111871   2.4033206e-09      -23.025851       -23.025851      -21245.405                                                  -21245.405
              1      -10645.589      0.28779392   2.4309629e-09      -23.025851       -23.025851      -21245.125                                                  -21245.125
              1      -10645.134      0.29738007   2.2232122e-09      -23.025851       -23.025851      -21244.215                                                  -21244.215
              2      -10645.596      0.29743481   2.2583292e-09      -23.025851       -23.025851      -21245.141                                                  -21245.141
              2      -10645.641      0.29059469   2.4408368e-09      -23.025851       -23.025851      -21245.231                                                  -21245.231
              2      -10644.479      0.28896836   2.5574553e-09      -23.025851       -23.025851      -21242.907                                                  -21242.907
              2      -10644.994      0.30232634   2.3601834e-09      -23.025851       -23.025851      -21243.937                                                  -21243.937
              1      -10645.074      0.29938673   2.3920585e-09      -23.025851       -23.025851      -21244.096                                                  -21244.096
              1      -10645.729      0.29533589   2.3830802e-09      -23.025851       -23.025851      -21245.406                                                  -21245.406
              2      -10645.843      0.30034307   2.3150492e-09      -23.025851       -23.025851      -21245.634                                                  -21245.634
              2      -10645.595      0.28787518   2.4310385e-09      -23.025851       -23.025851      -21245.138                                                  -21245.138
              4      -10645.362      0.28156079   2.5442908e-09      -23.025851       -23.025851      -21244.672                                                  -21244.672
              3      -10645.389      0.28232392   2.5422636e-09      -23.025851       -23.025851      -21244.726                                                  -21244.726
              4      -10645.756      0.29765967    2.355702e-09      -23.025851       -23.025851      -21245.461                                                  -21245.461
              3      -10645.973      0.32577136   2.0091917e-09      -23.025851       -23.025851      -21245.895                                                  -21245.895
              1      -10645.594      0.29970447    2.225018e-09      -23.025851       -23.025851      -21245.136                                                  -21245.136
              2      -10644.321      0.30783315   2.0514888e-09      -23.025851       -23.025851       -21242.59                                                   -21242.59
              5      -10644.333       0.3078633    2.051606e-09      -23.025851       -23.025851      -21242.614                                                  -21242.614
              3      -10645.931      0.30698928   2.2314725e-09      -23.025851       -23.025851       -21245.81                                                   -21245.81
              1      -10645.227      0.29688553   2.2363055e-09      -23.025851       -23.025851      -21244.402                                                  -21244.402
              4      -10645.579      0.29989245   2.2210076e-09      -23.025851       -23.025851      -21245.107                                                  -21245.107
              1      -10645.025      0.29671195   2.2258872e-09      -23.025851       -23.025851      -21243.998                                                  -21243.998
              1      -10645.249      0.30388712   2.1437853e-09      -23.025851       -23.025851      -21244.447                                                  -21244.447
              1      -10645.601      0.30412227   2.1655918e-09      -23.025851       -23.025851      -21245.151                                                  -21245.151
              1      -10645.211      0.29674632   2.2372023e-09      -23.025851       -23.025851       -21244.37                                                   -21244.37
              2       -10645.94      0.30062872   2.2637019e-09      -23.025851       -23.025851      -21245.828                                                  -21245.828
              1      -10645.625      0.33891489   1.9008831e-09      -23.025851       -23.025851      -21245.198                                                  -21245.198
              2      -10644.883      0.33864711   1.9512972e-09      -23.025851       -23.025851      -21243.714                                                  -21243.714
              1      -10645.961      0.32764822   1.9877713e-09      -23.025851       -23.025851      -21245.871                                                  -21245.871
              1      -10645.978      0.32601358   2.0049977e-09      -23.025851       -23.025851      -21245.904                                                  -21245.904
              2      -10645.353      0.31993788   1.9692005e-09      -23.025851       -23.025851      -21244.653                                                  -21244.653
              1      -10645.135      0.32196472   1.9374943e-09      -23.025851       -23.025851      -21244.218                                                  -21244.218
              2      -10645.226      0.32077096   1.9538981e-09      -23.025851       -23.025851        -21244.4                                                    -21244.4
              1      -10645.597      0.31668045   2.0183223e-09      -23.025851       -23.025851      -21245.143                                                  -21245.143
              2      -10645.275      0.31129298   2.0566849e-09      -23.025851       -23.025851      -21244.499                                                  -21244.499
              1      -10646.031      0.31458743   2.1299141e-09      -23.025851       -23.025851       -21246.01                                                   -21246.01
              1       -10645.06      0.29755678   2.2161975e-09      -23.025851       -23.025851      -21244.068                                                  -21244.068
              1      -10644.337      0.32119176   1.9108078e-09      -23.025851       -23.025851      -21242.622                                                  -21242.622
              1      -10645.282       0.3176801    1.988091e-09      -23.025851       -23.025851      -21244.512                                                  -21244.512
              1      -10645.108      0.31354949   2.0225718e-09      -23.025851       -23.025851      -21244.164                                                  -21244.164
              2       -10645.16      0.28325383   2.4551733e-09      -23.025851       -23.025851      -21244.267                                                  -21244.267
              1      -10645.063      0.28067018   2.4962315e-09      -23.025851       -23.025851      -21244.074                                                  -21244.074
              4      -10644.338       0.2756304   2.5323937e-09      -23.025851       -23.025851      -21242.625                                                  -21242.625
              1      -10645.947      0.32118511   2.0063821e-09      -23.025851       -23.025851      -21245.842                                                  -21245.842
              2      -10645.871       0.3118537   2.0957958e-09      -23.025851       -23.025851      -21245.691                                                  -21245.691
              1      -10646.021      0.32097437   2.0574602e-09      -23.025851       -23.025851      -21245.991                                                  -21245.991
              1      -10646.014      0.31745875   2.1009826e-09      -23.025851       -23.025851      -21245.976                                                  -21245.976
              1      -10646.059      0.31793433   2.0820341e-09      -23.025851       -23.025851      -21246.066                                                  -21246.066
              1      -10645.323      0.35424152    1.753008e-09      -23.025851       -23.025851      -21244.595                                                  -21244.595
              1      -10645.686      0.34303112   1.8383668e-09      -23.025851       -23.025851       -21245.32                                                   -21245.32
              1      -10645.436      0.34792051   1.7536887e-09      -23.025851       -23.025851       -21244.82                                                   -21244.82
              4      -10644.635      0.32719892    1.866131e-09      -23.025851       -23.025851      -21243.218                                                  -21243.218
              2      -10645.927      0.32864381   1.9402665e-09      -23.025851       -23.025851      -21245.803                                                  -21245.803
              1      -10645.624      0.32360055   2.0734886e-09      -23.025851       -23.025851      -21245.196                                                  -21245.196
              2      -10645.935      0.29981382   2.2796001e-09      -23.025851       -23.025851      -21245.818                                                  -21245.818
              1      -10644.632      0.29806616   2.1862942e-09      -23.025851       -23.025851      -21243.213                                                  -21243.213
              1      -10645.553      0.32638735   1.9206092e-09      -23.025851       -23.025851      -21245.055                                                  -21245.055
              1      -10645.584      0.32487512   2.0620384e-09      -23.025851       -23.025851      -21245.115                                                  -21245.115
              2      -10646.015       0.3064166   2.2180306e-09      -23.025851       -23.025851      -21245.978                                                  -21245.978
              1      -10645.758      0.29368363   2.3446015e-09      -23.025851       -23.025851      -21245.464                                                  -21245.464
              2      -10645.584      0.29307359    2.326151e-09      -23.025851       -23.025851      -21245.117                                                  -21245.117
              3      -10645.589      0.29324306    2.323866e-09      -23.025851       -23.025851      -21245.126                                                  -21245.126
              3      -10645.649      0.29062581   2.3816408e-09      -23.025851       -23.025851      -21245.246                                                  -21245.246
              1      -10645.376       0.3080995   2.0998922e-09      -23.025851       -23.025851      -21244.701                                                  -21244.701
              1      -10645.237      0.30750725   2.0985369e-09      -23.025851       -23.025851      -21244.423                                                  -21244.423
              2      -10645.195      0.31420277   2.0200698e-09      -23.025851       -23.025851      -21244.339                                                  -21244.339
              3       -10645.37      0.31490429   2.0223685e-09      -23.025851       -23.025851      -21244.688                                                  -21244.688
              5      -10644.405      0.31925595   1.9323528e-09      -23.025851       -23.025851      -21242.757                                                  -21242.757
              2      -10644.659      0.34341855   1.7353409e-09      -23.025851       -23.025851      -21243.265                                                  -21243.265
              1      -10645.245      0.35829441   1.7017264e-09      -23.025851       -23.025851      -21244.439                                                  -21244.439
              2      -10644.991      0.33954531   1.7793838e-09      -23.025851       -23.025851       -21243.93                                                   -21243.93
              2       -10644.56      0.31759369   1.9551689e-09      -23.025851       -23.025851      -21243.067                                                  -21243.067
              2      -10645.679      0.31230956   2.0723138e-09      -23.025851       -23.025851      -21245.307                                                  -21245.307
              1      -10642.151      0.28502455   2.2749978e-09      -23.025851       -23.025851       -21238.25                                                   -21238.25
              1      -10641.851      0.29353374   2.1467496e-09      -23.025851       -23.025851      -21237.651                                                  -21237.651
              1      -10645.168      0.33444617   1.8284546e-09      -23.025851       -23.025851      -21244.285                                                  -21244.285
              2       -10646.01      0.31555816   2.1235444e-09      -23.025851       -23.025851      -21245.968                                                  -21245.968
              1      -10645.591      0.29384588    2.417247e-09      -23.025851       -23.025851      -21245.131                                                  -21245.131
              1      -10645.146      0.30293585   2.1497253e-09      -23.025851       -23.025851       -21244.24                                                   -21244.24
              3      -10645.546      0.31766607    2.004434e-09      -23.025851       -23.025851       -21245.04                                                   -21245.04
              3      -10645.526      0.31427701   2.0390751e-09      -23.025851       -23.025851          -21245                                                      -21245
              2      -10645.585       0.3371725   1.9245022e-09      -23.025851       -23.025851      -21245.119                                                  -21245.119
              1      -10645.407      0.33910792   1.9172254e-09      -23.025851       -23.025851      -21244.762                                                  -21244.762
              1      -10645.635      0.33790681   1.9114138e-09      -23.025851       -23.025851      -21245.218                                                  -21245.218
              1       -10645.25      0.35662558   1.6954411e-09      -23.025851       -23.025851      -21244.449                                                  -21244.449
              1       -10645.26      0.35691648   1.6970436e-09      -23.025851       -23.025851      -21244.468                                                  -21244.468
              1      -10645.592      0.33781473   1.9167054e-09      -23.025851       -23.025851      -21245.131                                                  -21245.131
              2      -10645.753      0.33965037   1.8724526e-09      -23.025851       -23.025851      -21245.454                                                  -21245.454
              2      -10645.453      0.34873632   1.7519491e-09      -23.025851       -23.025851      -21244.854                                                  -21244.854
              2      -10645.683      0.33023852    1.897397e-09      -23.025851       -23.025851      -21245.314                                                  -21245.314
              1      -10644.685      0.35071452   1.6862242e-09      -23.025851       -23.025851      -21243.319                                                  -21243.319
              2      -10644.899      0.35050201   1.6983634e-09      -23.025851       -23.025851      -21243.746                                                  -21243.746
              1       -10645.37      0.35459837   1.7315439e-09      -23.025851       -23.025851      -21244.688                                                  -21244.688
              4      -10642.959      0.29655131   2.5154133e-09      -23.025851       -23.025851      -21239.867                                                  -21239.867
              2      -10645.148       0.2961196   2.4278382e-09      -23.025851       -23.025851      -21244.244                                                  -21244.244
              1      -10645.881      0.30332808   2.2067041e-09      -23.025851       -23.025851       -21245.71                                                   -21245.71
              6      -10646.056      0.31800089   2.0612905e-09      -23.025851       -23.025851       -21246.06                                                   -21246.06
              4      -10645.065      0.32433559   2.0977816e-09      -23.025851       -23.025851      -21244.079                                                  -21244.079
              9      -10645.564      0.32012703    2.117071e-09      -23.025851       -23.025851      -21245.076                                                  -21245.076
              1      -10645.738      0.29559529    2.379156e-09      -23.025851       -23.025851      -21245.424                                                  -21245.424
              3      -10645.839      0.29539024   2.3363998e-09      -23.025851       -23.025851      -21245.627                                                  -21245.627
              1      -10645.398      0.28351546   2.5402196e-09      -23.025851       -23.025851      -21244.745                                                  -21244.745
              4      -10645.053      0.27633116   2.6009142e-09      -23.025851       -23.025851      -21244.054                                                  -21244.054
              2      -10645.058      0.27660893    2.593588e-09      -23.025851       -23.025851      -21244.065                                                  -21244.065
              3      -10645.787      0.29334262   2.3643367e-09      -23.025851       -23.025851      -21245.522                                                  -21245.522
              1       -10645.38      0.29217837   2.4577309e-09      -23.025851       -23.025851      -21244.709                                                  -21244.709
              6      -10645.406      0.28751802   2.5062663e-09      -23.025851       -23.025851      -21244.761                                                  -21244.761
              1      -10645.213      0.28377656   2.5682807e-09      -23.025851       -23.025851      -21244.374                                                  -21244.374
              2      -10644.794      0.34004267   1.9406928e-09      -23.025851       -23.025851      -21243.537                                                  -21243.537
              3      -10645.854      0.33566171   1.9034687e-09      -23.025851       -23.025851      -21245.656                                                  -21245.656
              4      -10645.559      0.33248507   1.9788944e-09      -23.025851       -23.025851      -21245.067                                                  -21245.067
              3      -10645.655      0.32792384   2.0223785e-09      -23.025851       -23.025851      -21245.259                                                  -21245.259
              1      -10644.338      0.32457617    1.878691e-09      -23.025851       -23.025851      -21242.624                                                  -21242.624
              2      -10644.212      0.32719701   1.8501658e-09      -23.025851       -23.025851      -21242.372                                                  -21242.372
              1      -10644.457       0.3275279    1.856194e-09      -23.025851       -23.025851      -21242.863                                                  -21242.863
              1      -10644.513      0.32715147   1.8617429e-09      -23.025851       -23.025851      -21242.975                                                  -21242.975
              1      -10644.297      0.32320947   1.8900169e-09      -23.025851       -23.025851      -21242.543                                                  -21242.543
              1      -10644.336      0.33278216   1.8060761e-09      -23.025851       -23.025851      -21242.621                                                  -21242.621
              2       -10646.05      0.31665874   2.1011071e-09      -23.025851       -23.025851      -21246.047                                                  -21246.047
              2      -10646.046      0.31696207   2.0987782e-09      -23.025851       -23.025851       -21246.04                                                   -21246.04
              1      -10646.018      0.32284938   2.0058942e-09      -23.025851       -23.025851      -21245.984                                                  -21245.984
              7       -10645.68      0.29058955   2.4309705e-09      -23.025851       -23.025851      -21245.308                                                  -21245.308
              4      -10644.946      0.27593548   2.5884989e-09      -23.025851       -23.025851      -21243.839                                                  -21243.839
              3      -10645.969      0.30708329    2.169536e-09      -23.025851       -23.025851      -21245.887                                                  -21245.887
              1      -10645.792      0.29820033   2.2707357e-09      -23.025851       -23.025851      -21245.533                                                  -21245.533
              1       -10644.51      0.29391378   2.2375645e-09      -23.025851       -23.025851      -21242.969                                                  -21242.969
              1      -10644.822      0.31207596   2.2503331e-09      -23.025851       -23.025851      -21243.592                                                  -21243.592
             12      -10645.007      0.29095316   2.5011342e-09      -23.025851       -23.025851      -21243.962                                                  -21243.962
              2      -10645.124      0.28135274   2.6036662e-09      -23.025851       -23.025851      -21244.196                                                  -21244.196
              3      -10644.868      0.28409697    2.413147e-09      -23.025851       -23.025851      -21243.685                                                  -21243.685
              1       -10645.97      0.31194561   2.1710801e-09      -23.025851       -23.025851      -21245.888                                                  -21245.888
              1      -10645.719      0.30762172   2.2488805e-09      -23.025851       -23.025851      -21245.386                                                  -21245.386
              1      -10645.957      0.30099463   2.2661277e-09      -23.025851       -23.025851      -21245.863                                                  -21245.863
              2      -10646.048      0.30891422   2.1679968e-09      -23.025851       -23.025851      -21246.044                                                  -21246.044
              3        -10645.8       0.3185983   2.0150198e-09      -23.025851       -23.025851      -21245.549                                                  -21245.549
              4      -10645.723      0.31702945   2.0244027e-09      -23.025851       -23.025851      -21245.395                                                  -21245.395
              2      -10645.234      0.28681161    2.532992e-09      -23.025851       -23.025851      -21244.416                                                  -21244.416
              1      -10644.131      0.27361009    2.558131e-09      -23.025851       -23.025851       -21242.21                                                   -21242.21
              3      -10645.724       0.3179989   2.0144168e-09      -23.025851       -23.025851      -21245.397                                                  -21245.397
              1      -10644.709      0.33675001   1.7881933e-09      -23.025851       -23.025851      -21243.365                                                  -21243.365
              2      -10645.118      0.33954994   1.7859728e-09      -23.025851       -23.025851      -21244.184                                                  -21244.184
              4      -10645.832      0.33629841   1.8753599e-09      -23.025851       -23.025851      -21245.613                                                  -21245.613
              2      -10645.671      0.31430817   2.1758546e-09      -23.025851       -23.025851       -21245.29                                                   -21245.29
              3      -10645.622      0.28817032    2.455865e-09      -23.025851       -23.025851      -21245.193                                                  -21245.193
              7       -10645.73      0.29489544   2.3870461e-09      -23.025851       -23.025851      -21245.409                                                  -21245.409
              1      -10645.781      0.29297468   2.3731987e-09      -23.025851       -23.025851       -21245.51                                                   -21245.51
              4       -10645.43      0.28528806   2.5226835e-09      -23.025851       -23.025851      -21244.809                                                  -21244.809
              4       -10646.03      0.30669356   2.2077432e-09      -23.025851       -23.025851      -21246.009                                                  -21246.009
              2      -10646.043      0.30783743   2.1836171e-09      -23.025851       -23.025851      -21246.034                                                  -21246.034
              2      -10646.025       0.3183249    2.088348e-09      -23.025851       -23.025851      -21245.999                                                  -21245.999
              3      -10645.685      0.31201755   2.0761474e-09      -23.025851       -23.025851      -21245.319                                                  -21245.319
              4      -10645.657       0.3263084   1.9290448e-09      -23.025851       -23.025851      -21245.262                                                  -21245.262
              2      -10645.585      0.33852121   1.8257808e-09      -23.025851       -23.025851      -21245.118                                                  -21245.118
              3      -10645.319      0.35532802   1.7379414e-09      -23.025851       -23.025851      -21244.586                                                  -21244.586
              1      -10645.305      0.35248568   1.7775258e-09      -23.025851       -23.025851      -21244.559                                                  -21244.559
              1      -10645.791      0.32631355    1.940924e-09      -23.025851       -23.025851       -21245.53                                                   -21245.53
              1      -10645.434      0.34393701   1.7763391e-09      -23.025851       -23.025851      -21244.816                                                  -21244.816
              1      -10645.364      0.33259668   1.9908202e-09      -23.025851       -23.025851      -21244.676                                                  -21244.676
              1       -10645.65      0.34179354   1.8632933e-09      -23.025851       -23.025851      -21245.248                                                  -21245.248
              2       -10644.39      0.36233185   1.7372381e-09      -23.025851       -23.025851      -21242.729                                                  -21242.729
              1      -10644.751      0.31055172   2.0386696e-09      -23.025851       -23.025851      -21243.451                                                  -21243.451
              1      -10644.568      0.33490528   2.0039833e-09      -23.025851       -23.025851      -21243.085                                                  -21243.085
              2      -10643.952      0.32006578   2.1897208e-09      -23.025851       -23.025851      -21241.852                                                  -21241.852
              1      -10644.871      0.27920781   2.5056202e-09      -23.025851       -23.025851      -21243.691                                                  -21243.691
              3      -10644.811      0.31060038   2.2684495e-09      -23.025851       -23.025851       -21243.57                                                   -21243.57
              4      -10645.995      0.30435843   2.2174788e-09      -23.025851       -23.025851      -21245.938                                                  -21245.938
              4      -10645.895      0.31918948   2.0189963e-09      -23.025851       -23.025851      -21245.737                                                  -21245.737
              4        -10645.6      0.32509627   2.0584063e-09      -23.025851       -23.025851      -21245.147                                                  -21245.147
              2      -10645.889      0.33271455   1.9373075e-09      -23.025851       -23.025851      -21245.726                                                  -21245.726
              1      -10645.788      0.33821263   1.8845275e-09      -23.025851       -23.025851      -21245.525                                                  -21245.525
              2      -10645.645      0.33294834   1.9667362e-09      -23.025851       -23.025851      -21245.239                                                  -21245.239
              5      -10644.383      0.34592954   1.7059738e-09      -23.025851       -23.025851      -21242.714                                                  -21242.714
              3      -10645.454      0.34039701   1.8014923e-09      -23.025851       -23.025851      -21244.857                                                  -21244.857
              1      -10645.413      0.33894978   1.8086416e-09      -23.025851       -23.025851      -21244.775                                                  -21244.775
              2      -10643.799      0.35067547   1.6523676e-09      -23.025851       -23.025851      -21241.547                                                  -21241.547
              3      -10645.302      0.35569355   1.7069587e-09      -23.025851       -23.025851      -21244.553                                                  -21244.553
              1      -10645.378      0.35206081   1.7731553e-09      -23.025851       -23.025851      -21244.705                                                  -21244.705
              1       -10646.05      0.30908429   2.1671898e-09      -23.025851       -23.025851      -21246.049                                                  -21246.049
              4      -10645.875      0.29731682   2.3325442e-09      -23.025851       -23.025851      -21245.698                                                  -21245.698
              1      -10645.875      0.29732745   2.3325172e-09      -23.025851       -23.025851      -21245.698                                                  -21245.698
              2      -10645.852      0.29622632   2.3465016e-09      -23.025851       -23.025851      -21245.652                                                  -21245.652
              2      -10645.986      0.30577893   2.1917824e-09      -23.025851       -23.025851       -21245.92                                                   -21245.92
              5      -10645.578       0.3476826   1.7909441e-09      -23.025851       -23.025851      -21245.103                                                  -21245.103
              1      -10645.622      0.32513707   2.0562882e-09      -23.025851       -23.025851      -21245.193                                                  -21245.193
              1      -10646.046      0.32214615   2.0284337e-09      -23.025851       -23.025851      -21246.041                                                  -21246.041
              3      -10644.896      0.30920816   2.0606593e-09      -23.025851       -23.025851       -21243.74                                                   -21243.74
              1      -10645.598       0.3322322   1.8740563e-09      -23.025851       -23.025851      -21245.145                                                  -21245.145
              1       -10645.44       0.3220322   2.1034779e-09      -23.025851       -23.025851      -21244.829                                                  -21244.829
              1      -10645.798      0.29478064   2.3730195e-09      -23.025851       -23.025851      -21245.544                                                  -21245.544
              1      -10644.617      0.29527302   2.2237449e-09      -23.025851       -23.025851      -21243.183                                                  -21243.183
              2      -10644.996      0.30451169   2.1216652e-09      -23.025851       -23.025851       -21243.94                                                   -21243.94
              1      -10645.598      0.30581547   2.1435598e-09      -23.025851       -23.025851      -21245.144                                                  -21245.144
              1        -10645.4      0.30630291   2.1232142e-09      -23.025851       -23.025851      -21244.749                                                  -21244.749
              1       -10644.82      0.33886929   1.7764486e-09      -23.025851       -23.025851      -21243.588                                                  -21243.588
              2      -10645.726      0.32412642   1.9546023e-09      -23.025851       -23.025851        -21245.4                                                    -21245.4
              1      -10644.788      0.31452558   1.9968336e-09      -23.025851       -23.025851      -21243.525                                                  -21243.525
              1      -10644.737      0.31541633   1.9851227e-09      -23.025851       -23.025851      -21243.421                                                  -21243.421
              2        -10645.9      0.31154554   2.1028988e-09      -23.025851       -23.025851      -21245.749                                                  -21245.749
              2      -10645.615      0.29940078   2.2313541e-09      -23.025851       -23.025851      -21245.179                                                  -21245.179
              1      -10645.416      0.29870285   2.2242638e-09      -23.025851       -23.025851      -21244.781                                                  -21244.781
              2      -10645.462      0.30033984   2.2050415e-09      -23.025851       -23.025851      -21244.873                                                  -21244.873
              1      -10645.471      0.30041012   2.2047545e-09      -23.025851       -23.025851       -21244.89                                                   -21244.89
              1      -10645.133      0.30848491   2.0811176e-09      -23.025851       -23.025851      -21244.215                                                  -21244.215
              2      -10645.812      0.33072977    1.906773e-09      -23.025851       -23.025851      -21245.572                                                  -21245.572
              2      -10645.806      0.33004032   1.9114716e-09      -23.025851       -23.025851       -21245.56                                                   -21245.56
              1      -10644.948      0.33528057   1.8106501e-09      -23.025851       -23.025851      -21243.844                                                  -21243.844
              1      -10646.008      0.32600941   1.9828118e-09      -23.025851       -23.025851      -21245.965                                                  -21245.965
              1      -10645.945       0.3089742   2.1405271e-09      -23.025851       -23.025851      -21245.839                                                  -21245.839
              1      -10644.568      0.29743319   2.1916645e-09      -23.025851       -23.025851      -21243.083                                                  -21243.083
              2      -10644.432      0.30708628   2.0646581e-09      -23.025851       -23.025851      -21242.812                                                  -21242.812
              1      -10645.437      0.31453563   2.0304935e-09      -23.025851       -23.025851      -21244.823                                                  -21244.823
              3      -10645.735       0.3090529   2.1152163e-09      -23.025851       -23.025851      -21245.418                                                  -21245.418
              2      -10645.738      0.32137041   1.9817813e-09      -23.025851       -23.025851      -21245.424                                                  -21245.424
              4      -10644.788      0.34201819   1.9205022e-09      -23.025851       -23.025851      -21243.525                                                  -21243.525
              3      -10644.524      0.35812432   1.7715235e-09      -23.025851       -23.025851      -21242.996                                                  -21242.996
              2      -10645.294      0.35421842   1.7578295e-09      -23.025851       -23.025851      -21244.536                                                  -21244.536
              1      -10645.075      0.35283479   1.7936762e-09      -23.025851       -23.025851      -21244.098                                                  -21244.098
              2      -10645.751       0.2946107    2.385746e-09      -23.025851       -23.025851       -21245.45                                                   -21245.45
              1      -10645.572      0.29032091   2.4554899e-09      -23.025851       -23.025851      -21245.093                                                  -21245.093
              2      -10645.956      0.30694811   2.2275766e-09      -23.025851       -23.025851      -21245.861                                                  -21245.861
              1      -10646.034      0.30998891   2.1782073e-09      -23.025851       -23.025851      -21246.017                                                  -21246.017
              7      -10644.652      0.35293228   1.8164746e-09      -23.025851       -23.025851      -21243.251                                                  -21243.251
              1      -10643.782        0.338249   1.9960423e-09      -23.025851       -23.025851      -21241.513                                                  -21241.513
              2      -10646.023      0.32385021    2.019415e-09      -23.025851       -23.025851      -21245.993                                                  -21245.993
              6       -10645.98      0.30353736   2.2257628e-09      -23.025851       -23.025851      -21245.909                                                  -21245.909
              4      -10645.641       0.3309887   1.8876255e-09      -23.025851       -23.025851       -21245.23                                                   -21245.23
              1       -10645.19      0.35021806   1.7185297e-09      -23.025851       -23.025851      -21244.328                                                  -21244.328
              2      -10645.758      0.30747018   2.2468958e-09      -23.025851       -23.025851      -21245.465                                                  -21245.465
              1      -10645.739       0.3020476    2.310348e-09      -23.025851       -23.025851      -21245.425                                                  -21245.425
              2      -10645.931      0.29981821   2.2968761e-09      -23.025851       -23.025851       -21245.81                                                   -21245.81
              1      -10645.984      0.30296429   2.2554971e-09      -23.025851       -23.025851      -21245.916                                                  -21245.916
              3      -10644.874      0.27686487   2.5559297e-09      -23.025851       -23.025851      -21243.697                                                  -21243.697
              6      -10644.786       0.2765004   2.5537617e-09      -23.025851       -23.025851       -21243.52                                                   -21243.52
              2      -10645.546      0.28959239   2.3832192e-09      -23.025851       -23.025851      -21245.041                                                  -21245.041
              2      -10646.053      0.31112113   2.1601216e-09      -23.025851       -23.025851      -21246.053                                                  -21246.053
              3      -10646.026      0.31068396   2.1346422e-09      -23.025851       -23.025851          -21246                                                      -21246
              6      -10646.042      0.31679869   2.0682192e-09      -23.025851       -23.025851      -21246.032                                                  -21246.032
              2      -10645.694      0.32133168   1.9784586e-09      -23.025851       -23.025851      -21245.335                                                  -21245.335
              2      -10645.454      0.28867402   2.3873147e-09      -23.025851       -23.025851      -21244.856                                                  -21244.856
              3      -10645.385      0.33521153    1.961036e-09      -23.025851       -23.025851      -21244.718                                                  -21244.718
              1      -10646.011      0.32350957   1.9986687e-09      -23.025851       -23.025851      -21245.971                                                  -21245.971
              1      -10646.025      0.31865523   2.0451962e-09      -23.025851       -23.025851      -21245.999                                                  -21245.999
              4      -10644.847      0.32834591   1.8647886e-09      -23.025851       -23.025851      -21243.641                                                  -21243.641
              3      -10645.596      0.34699733   1.7890206e-09      -23.025851       -23.025851      -21245.141                                                  -21245.141
              4      -10645.212      0.34902098   1.7272923e-09      -23.025851       -23.025851      -21244.372                                                  -21244.372
              7      -10645.925      0.32391536   1.9781887e-09      -23.025851       -23.025851      -21245.799                                                  -21245.799
              1      -10645.963      0.31028481   2.1905284e-09      -23.025851       -23.025851      -21245.875                                                  -21245.875
              4      -10645.997      0.31734824   2.0526158e-09      -23.025851       -23.025851      -21245.943                                                  -21245.943
              2       -10644.27      0.33631845   1.7746189e-09      -23.025851       -23.025851      -21242.489                                                  -21242.489
              6      -10644.992      0.28162633   2.4694148e-09      -23.025851       -23.025851      -21243.933                                                  -21243.933
              1      -10645.647      0.30084381   2.2139047e-09      -23.025851       -23.025851      -21245.242                                                  -21245.242
              1      -10646.057      0.31283838   2.1406836e-09      -23.025851       -23.025851      -21246.063                                                  -21246.063
              1      -10645.965      0.32180194   2.0034072e-09      -23.025851       -23.025851      -21245.877                                                  -21245.877
              3      -10645.309       0.3563464   1.7115707e-09      -23.025851       -23.025851      -21244.566                                                  -21244.566
              1      -10645.005      0.31884079   2.1629039e-09      -23.025851       -23.025851      -21243.959                                                  -21243.959
              3      -10645.922      0.30718854   2.1599192e-09      -23.025851       -23.025851      -21245.792                                                  -21245.792
              2      -10645.735      0.30045868   2.3283612e-09      -23.025851       -23.025851      -21245.419                                                  -21245.419
              3      -10645.535      0.28755811   2.4853352e-09      -23.025851       -23.025851      -21245.018                                                  -21245.018
              1      -10645.245      0.28021108   2.5918199e-09      -23.025851       -23.025851      -21244.438                                                  -21244.438
              1      -10645.821      0.30171996   2.2212386e-09      -23.025851       -23.025851      -21245.591                                                  -21245.591
              2      -10645.329      0.35583675   1.7203808e-09      -23.025851       -23.025851      -21244.607                                                  -21244.607
              1      -10645.267      0.35768713    1.706028e-09      -23.025851       -23.025851      -21244.481                                                  -21244.481
              1      -10645.308      0.34291372   1.8829924e-09      -23.025851       -23.025851      -21244.564                                                  -21244.564
              5      -10645.823      0.33554808   1.8761454e-09      -23.025851       -23.025851      -21245.594                                                  -21245.594
              1      -10644.422      0.33474883   2.0112023e-09      -23.025851       -23.025851      -21242.792                                                  -21242.792
              1      -10644.398      0.33170574   2.0446211e-09      -23.025851       -23.025851      -21242.743                                                  -21242.743
              1      -10643.269       0.2707283   2.5637639e-09      -23.025851       -23.025851      -21240.486                                                  -21240.486
              4      -10643.385      0.30031516   2.1073864e-09      -23.025851       -23.025851      -21240.718                                                  -21240.718
              3      -10644.719      0.33711747   1.7857358e-09      -23.025851       -23.025851      -21243.387                                                  -21243.387
              4      -10644.641      0.32823382   1.8570976e-09      -23.025851       -23.025851       -21243.23                                                   -21243.23
              2      -10644.685      0.32802833   1.8607396e-09      -23.025851       -23.025851      -21243.318                                                  -21243.318
              2      -10645.455      0.29997083   2.2095432e-09      -23.025851       -23.025851      -21244.858                                                  -21244.858
              3      -10645.636      0.30437115   2.1652718e-09      -23.025851       -23.025851       -21245.22                                                   -21245.22
              3      -10645.604      0.30453693   2.1604311e-09      -23.025851       -23.025851      -21245.157                                                  -21245.157
              2      -10644.255        0.315791   1.9619412e-09      -23.025851       -23.025851      -21242.458                                                  -21242.458
              2      -10644.386       0.3077557   2.0549903e-09      -23.025851       -23.025851       -21242.72                                                   -21242.72
              1      -10645.705      0.29160096   2.3746619e-09      -23.025851       -23.025851      -21245.358                                                  -21245.358
              1      -10645.562      0.28875178   2.4025312e-09      -23.025851       -23.025851      -21245.072                                                  -21245.072
              1        -10645.1      0.35592762   1.6806332e-09      -23.025851       -23.025851      -21244.149                                                  -21244.149
              4       -10644.82      0.35331901   1.8041702e-09      -23.025851       -23.025851      -21243.588                                                  -21243.588
              4      -10645.551      0.34721516   1.7737368e-09      -23.025851       -23.025851       -21245.05                                                   -21245.05
              3      -10645.103      0.31147732   2.2440051e-09      -23.025851       -23.025851      -21244.154                                                  -21244.154
              2      -10643.573      0.34597155   1.9239987e-09      -23.025851       -23.025851      -21241.094                                                  -21241.094
              1      -10645.948      0.30141719   2.2519163e-09      -23.025851       -23.025851      -21245.845                                                  -21245.845
              5      -10644.297      0.33388898   1.7954093e-09      -23.025851       -23.025851      -21242.542                                                  -21242.542
              1      -10644.599      0.35088853   1.6811146e-09      -23.025851       -23.025851      -21243.146                                                  -21243.146
              2      -10645.165      0.29621613   2.4255597e-09      -23.025851       -23.025851      -21244.278                                                  -21244.278
              1      -10645.167      0.29629993   2.4243631e-09      -23.025851       -23.025851      -21244.283                                                  -21244.283
              1      -10645.536      0.28760587   2.4848787e-09      -23.025851       -23.025851      -21245.019                                                  -21245.019
              7      -10645.995      0.30675054   2.2213502e-09      -23.025851       -23.025851      -21245.938                                                  -21245.938
              2      -10645.887      0.31526814   2.1447747e-09      -23.025851       -23.025851      -21245.722                                                  -21245.722
              4      -10645.614      0.31619648   2.1584249e-09      -23.025851       -23.025851      -21245.177                                                  -21245.177
              1      -10645.415       0.3427825   1.7821988e-09      -23.025851       -23.025851      -21244.778                                                  -21244.778
              6      -10645.255      0.35165229   1.7159381e-09      -23.025851       -23.025851      -21244.458                                                  -21244.458
              1       -10644.73       0.3520081   1.8219138e-09      -23.025851       -23.025851      -21243.408                                                  -21243.408
              1      -10644.652      0.34872842   1.8583306e-09      -23.025851       -23.025851      -21243.253                                                  -21243.253
              3      -10644.295      0.34789679   1.6887814e-09      -23.025851       -23.025851      -21242.537                                                  -21242.537
              2       -10643.17      0.34583447   1.6675691e-09      -23.025851       -23.025851      -21240.289                                                  -21240.289
              2       -10645.49      0.29222463   2.3294335e-09      -23.025851       -23.025851      -21244.928                                                  -21244.928
              3      -10645.777      0.31922051    2.110717e-09      -23.025851       -23.025851      -21245.503                                                  -21245.503
              2      -10645.869      0.31993786   2.0933879e-09      -23.025851       -23.025851      -21245.686                                                  -21245.686
              3      -10644.668      0.35446726   1.8004833e-09      -23.025851       -23.025851      -21243.284                                                  -21243.284
              4      -10644.846      0.34240483   1.9138996e-09      -23.025851       -23.025851       -21243.64                                                   -21243.64
              1      -10645.322       0.3436626   1.8739539e-09      -23.025851       -23.025851      -21244.592                                                  -21244.592
              1      -10645.184      0.35813116   1.7234456e-09      -23.025851       -23.025851      -21244.316                                                  -21244.316
              1      -10645.882      0.32658197   2.0149813e-09      -23.025851       -23.025851      -21245.712                                                  -21245.712
              2      -10645.791      0.33485222   1.8745869e-09      -23.025851       -23.025851       -21245.53                                                   -21245.53
              1      -10645.881      0.30184868   2.2934304e-09      -23.025851       -23.025851       -21245.71                                                   -21245.71
              3      -10645.881      0.30334171   2.2780412e-09      -23.025851       -23.025851       -21245.71                                                   -21245.71
              7      -10645.954      0.30062323   2.2780308e-09      -23.025851       -23.025851      -21245.855                                                  -21245.855
              1      -10646.047      0.31942981   2.0686572e-09      -23.025851       -23.025851      -21246.042                                                  -21246.042
              6      -10646.023      0.31960143   2.0736101e-09      -23.025851       -23.025851      -21245.995                                                  -21245.995
              1      -10645.367      0.28809858   2.3873503e-09      -23.025851       -23.025851      -21244.683                                                  -21244.683
              1      -10646.034      0.32359527   2.0108531e-09      -23.025851       -23.025851      -21246.017                                                  -21246.017
              3      -10645.946      0.32274614   2.0509853e-09      -23.025851       -23.025851       -21245.84                                                   -21245.84
              2      -10645.222      0.30100356   2.3633787e-09      -23.025851       -23.025851      -21244.392                                                  -21244.392
              1      -10645.485      0.28514364   2.4684957e-09      -23.025851       -23.025851      -21244.918                                                  -21244.918
              1      -10645.967      0.30255646   2.2380859e-09      -23.025851       -23.025851      -21245.882                                                  -21245.882
              2      -10645.928      0.30023025   2.2964805e-09      -23.025851       -23.025851      -21245.804                                                  -21245.804
              1       -10645.83      0.30538696   2.1713859e-09      -23.025851       -23.025851      -21245.607                                                  -21245.607
              5      -10645.886      0.32967932   1.9252094e-09      -23.025851       -23.025851       -21245.72                                                   -21245.72
              3       -10645.97       0.3271056   1.9925199e-09      -23.025851       -23.025851      -21245.889                                                  -21245.889
              3      -10645.951      0.32172999   2.0621964e-09      -23.025851       -23.025851       -21245.85                                                   -21245.85
              1      -10645.431      0.35158722   1.7392815e-09      -23.025851       -23.025851      -21244.811                                                  -21244.811
              1      -10644.599      0.35097673   1.8382873e-09      -23.025851       -23.025851      -21243.145                                                  -21243.145
              7      -10644.822      0.36014074   1.7349869e-09      -23.025851       -23.025851      -21243.591                                                  -21243.591
              3      -10644.756      0.32919635   1.8533724e-09      -23.025851       -23.025851      -21243.461                                                  -21243.461
              1      -10645.609        0.329994   1.8932967e-09      -23.025851       -23.025851      -21245.166                                                  -21245.166
              3      -10645.856      0.31272481   2.0840434e-09      -23.025851       -23.025851       -21245.66                                                   -21245.66
              1      -10645.503      0.33824471   1.8206094e-09      -23.025851       -23.025851      -21244.955                                                  -21244.955
              1       -10645.67      0.33343443   1.9590432e-09      -23.025851       -23.025851      -21245.288                                                  -21245.288
              7      -10645.147      0.34356038   1.7586178e-09      -23.025851       -23.025851      -21244.242                                                  -21244.242
             11      -10646.052      0.31881819   2.0740683e-09      -23.025851       -23.025851      -21246.053                                                  -21246.053
              1      -10645.962      0.32971769   1.9551933e-09      -23.025851       -23.025851      -21245.873                                                  -21245.873
              3      -10645.618        0.329843   2.0038121e-09      -23.025851       -23.025851      -21245.184                                                  -21245.184
              3      -10645.537      0.28619064   2.4909393e-09      -23.025851       -23.025851      -21245.022                                                  -21245.022
              2      -10645.409      0.28290295   2.5091506e-09      -23.025851       -23.025851      -21244.766                                                  -21244.766
              3      -10646.039      0.31408581   2.1334261e-09      -23.025851       -23.025851      -21246.026                                                  -21246.026
              1      -10645.434       0.3226131   2.0973296e-09      -23.025851       -23.025851      -21244.816                                                  -21244.816
              1      -10645.378       0.3194322   2.1367264e-09      -23.025851       -23.025851      -21244.704                                                  -21244.704
              4      -10644.884      0.31342131   2.2315952e-09      -23.025851       -23.025851      -21243.716                                                  -21243.716
              2      -10645.909      0.30236525   2.2258605e-09      -23.025851       -23.025851      -21245.766                                                  -21245.766
              4       -10645.57      0.28655934   2.4633206e-09      -23.025851       -23.025851      -21245.088                                                  -21245.088
              1      -10644.826      0.27754462   2.5355247e-09      -23.025851       -23.025851        -21243.6                                                    -21243.6
              5      -10644.346      0.32064854   1.9164117e-09      -23.025851       -23.025851      -21242.639                                                  -21242.639
              7       -10643.79      0.32079082   1.8957347e-09      -23.025851       -23.025851      -21241.529                                                  -21241.529
              1      -10641.886      0.31950789   1.8553907e-09      -23.025851       -23.025851      -21237.721                                                  -21237.721
              1      -10641.348      0.33652933   1.6944284e-09      -23.025851       -23.025851      -21236.644                                                  -21236.644
              1      -10646.031      0.31427867   2.0926857e-09      -23.025851       -23.025851       -21246.01                                                   -21246.01
              1      -10645.166      0.35782666   1.6795113e-09      -23.025851       -23.025851      -21244.279                                                  -21244.279
              1      -10643.491      0.34187913   1.9674686e-09      -23.025851       -23.025851      -21240.931                                                  -21240.931
              4      -10644.116      0.34387161   1.9277285e-09      -23.025851       -23.025851      -21242.181                                                  -21242.181
              2      -10645.427      0.34641837   1.8348769e-09      -23.025851       -23.025851      -21244.803                                                  -21244.803
              2      -10645.814      0.33564439   1.8737825e-09      -23.025851       -23.025851      -21245.576                                                  -21245.576
              2      -10645.676      0.34379049   1.8281603e-09      -23.025851       -23.025851        -21245.3                                                    -21245.3
              1      -10645.609      0.34066269    1.882301e-09      -23.025851       -23.025851      -21245.165                                                  -21245.165
              1      -10645.983       0.3208884   2.0667126e-09      -23.025851       -23.025851      -21245.915                                                  -21245.915
              3       -10645.57      0.31559013   2.1685875e-09      -23.025851       -23.025851      -21245.087                                                  -21245.087
              1      -10645.345      0.29421624   2.4367821e-09      -23.025851       -23.025851      -21244.639                                                  -21244.639
              1      -10644.971      0.29468555   2.4566082e-09      -23.025851       -23.025851      -21243.891                                                  -21243.891
              5       -10645.13       0.2840297   2.5745643e-09      -23.025851       -23.025851      -21244.208                                                  -21244.208
              3      -10645.733      0.31745087   2.1347681e-09      -23.025851       -23.025851      -21245.415                                                  -21245.415
              2      -10645.376      0.34229159   1.7824607e-09      -23.025851       -23.025851      -21244.699                                                  -21244.699
              5      -10645.755      0.31395681   2.1729114e-09      -23.025851       -23.025851      -21245.458                                                  -21245.458
              2        -10645.6      0.32730827   2.0335746e-09      -23.025851       -23.025851      -21245.148                                                  -21245.148
              4      -10645.807      0.33164034   1.9649159e-09      -23.025851       -23.025851      -21245.563                                                  -21245.563
              2      -10645.186       0.3501806   1.7184769e-09      -23.025851       -23.025851      -21244.321                                                  -21244.321
              3      -10645.475      0.30286102   2.1721498e-09      -23.025851       -23.025851      -21244.898                                                  -21244.898
              1      -10644.902      0.30890406   2.0644237e-09      -23.025851       -23.025851      -21243.752                                                  -21243.752
              1      -10645.131      0.31957659   2.1483677e-09      -23.025851       -23.025851      -21244.211                                                  -21244.211
              1      -10645.334      0.29376534   2.4429975e-09      -23.025851       -23.025851      -21244.617                                                  -21244.617
              1      -10645.956        0.316888   2.1174436e-09      -23.025851       -23.025851       -21245.86                                                   -21245.86
              1      -10645.881      0.31945734   2.0975192e-09      -23.025851       -23.025851      -21245.711                                                  -21245.711
              1       -10645.26      0.29407428   2.4450644e-09      -23.025851       -23.025851      -21244.469                                                  -21244.469
              2      -10645.337      0.28118228   2.5394817e-09      -23.025851       -23.025851      -21244.623                                                  -21244.623
              1       -10646.02      0.30608899   2.1990535e-09      -23.025851       -23.025851      -21245.988                                                  -21245.988
              1      -10644.042      0.28328308   2.3768568e-09      -23.025851       -23.025851      -21242.033                                                  -21242.033
              2      -10644.061      0.28368226   2.3712194e-09      -23.025851       -23.025851      -21242.069                                                  -21242.069
              2      -10644.422      0.30216302   2.1237014e-09      -23.025851       -23.025851      -21242.792                                                  -21242.792
              2      -10645.922      0.32403991   2.0393106e-09      -23.025851       -23.025851      -21245.792                                                  -21245.792
              4      -10645.015      0.35532983      1.7716e-09      -23.025851       -23.025851      -21243.979                                                  -21243.979
              1      -10645.313      0.35429567    1.753941e-09      -23.025851       -23.025851      -21244.575                                                  -21244.575
              1      -10644.739      0.33233986    2.024483e-09      -23.025851       -23.025851      -21243.427                                                  -21243.427
              8      -10646.057      0.31903566   2.0689828e-09      -23.025851       -23.025851      -21246.062                                                  -21246.062
              5      -10645.761      0.34048892   1.8454202e-09      -23.025851       -23.025851      -21245.469                                                  -21245.469
              8      -10645.843       0.3355087   1.8811676e-09      -23.025851       -23.025851      -21245.633                                                  -21245.633
              1      -10645.993      0.32170306   2.0552399e-09      -23.025851       -23.025851      -21245.933                                                  -21245.933
              3      -10646.067      0.31705902    2.076267e-09      -23.025851       -23.025851      -21246.082                                                  -21246.082
              2      -10645.781       0.2929142   2.3788281e-09      -23.025851       -23.025851       -21245.51                                                   -21245.51
              2      -10646.026      0.32066605   2.0265112e-09      -23.025851       -23.025851          -21246                                                      -21246
              2      -10646.056       0.3172957   2.0913764e-09      -23.025851       -23.025851      -21246.059                                                  -21246.059
              5      -10646.042      0.30779684   2.1838994e-09      -23.025851       -23.025851      -21246.033                                                  -21246.033
              2      -10645.551      0.28602925   2.4723333e-09      -23.025851       -23.025851      -21245.049                                                  -21245.049
              1      -10645.445      0.30437506   2.1504091e-09      -23.025851       -23.025851      -21244.838                                                  -21244.838
              2      -10645.822       0.2975997   2.2860714e-09      -23.025851       -23.025851      -21245.593                                                  -21245.593
              2      -10644.623      0.29319915   2.4946934e-09      -23.025851       -23.025851      -21243.195                                                  -21243.195
              1      -10645.636      0.28830782   2.4448928e-09      -23.025851       -23.025851       -21245.22                                                   -21245.22
              1      -10645.925      0.32196933    2.063102e-09      -23.025851       -23.025851      -21245.799                                                  -21245.799
              1      -10645.968      0.32121474   2.0654344e-09      -23.025851       -23.025851      -21245.885                                                  -21245.885
              1      -10645.973      0.32344208   2.0381004e-09      -23.025851       -23.025851      -21245.894                                                  -21245.894
              5      -10644.962      0.33232829    1.835599e-09      -23.025851       -23.025851      -21243.872                                                  -21243.872
              1      -10645.449       0.3402994   1.8018101e-09      -23.025851       -23.025851      -21244.847                                                  -21244.847
              3      -10645.902      0.29807241   2.3160895e-09      -23.025851       -23.025851      -21245.752                                                  -21245.752
              1       -10645.99      0.31031107    2.185542e-09      -23.025851       -23.025851      -21245.928                                                  -21245.928
              3      -10646.009      0.30867863   2.1986302e-09      -23.025851       -23.025851      -21245.966                                                  -21245.966
              1      -10644.823      0.28130645   2.4602873e-09      -23.025851       -23.025851      -21243.594                                                  -21243.594
              1      -10645.585      0.28901189   2.4644217e-09      -23.025851       -23.025851      -21245.118                                                  -21245.118
              6      -10645.188      0.27807323   2.5935161e-09      -23.025851       -23.025851      -21244.323                                                  -21244.323
              1       -10645.64      0.29066905   2.4405664e-09      -23.025851       -23.025851      -21245.228                                                  -21245.228
              1      -10645.634      0.29015497   2.4456233e-09      -23.025851       -23.025851      -21245.216                                                  -21245.216
              7        -10645.2      0.30339277   2.1471109e-09      -23.025851       -23.025851      -21244.349                                                  -21244.349
              2      -10645.274      0.30306896   2.1557813e-09      -23.025851       -23.025851      -21244.497                                                  -21244.497
              3      -10645.667       0.3071708   2.1323485e-09      -23.025851       -23.025851      -21245.283                                                  -21245.283
              1      -10645.805      0.31130789    2.095104e-09      -23.025851       -23.025851      -21245.558                                                  -21245.558
              1      -10645.666      0.31717207   2.0183205e-09      -23.025851       -23.025851      -21245.281                                                  -21245.281
              3      -10645.661      0.33986916   1.8854268e-09      -23.025851       -23.025851       -21245.27                                                   -21245.27
              1      -10645.498      0.28507483    2.505089e-09      -23.025851       -23.025851      -21244.944                                                  -21244.944
              3      -10645.212      0.28254614   2.4758716e-09      -23.025851       -23.025851      -21244.371                                                  -21244.371
              1       -10645.55      0.28897824   2.3958048e-09      -23.025851       -23.025851      -21245.048                                                  -21245.048
              3      -10645.718      0.29130457    2.386697e-09      -23.025851       -23.025851      -21245.384                                                  -21245.384
              4      -10645.647      0.28945975   2.4076381e-09      -23.025851       -23.025851      -21245.242                                                  -21245.242
              2       -10645.69      0.29128463   2.4243578e-09      -23.025851       -23.025851      -21245.329                                                  -21245.329
              1      -10645.351       0.2926313   2.3094895e-09      -23.025851       -23.025851      -21244.651                                                  -21244.651
              2      -10645.958       0.3151513   2.0696613e-09      -23.025851       -23.025851      -21245.865                                                  -21245.865
              2      -10645.825      0.33754935   1.8802325e-09      -23.025851       -23.025851      -21245.599                                                  -21245.599
              2      -10645.334       0.3456413   1.8516411e-09      -23.025851       -23.025851      -21244.616                                                  -21244.616
              5      -10645.786       0.3378375   1.8906255e-09      -23.025851       -23.025851       -21245.52                                                   -21245.52
              2      -10646.003       0.3226993   2.0029425e-09      -23.025851       -23.025851      -21245.954                                                  -21245.954
              2      -10645.182       0.3556883   1.6896131e-09      -23.025851       -23.025851      -21244.313                                                  -21244.313
              1       -10644.92      0.36083376   1.6425246e-09      -23.025851       -23.025851      -21243.789                                                  -21243.789
              3      -10644.523      0.34776129   1.8735368e-09      -23.025851       -23.025851      -21242.994                                                  -21242.994
              1      -10644.197      0.33891843   1.9755786e-09      -23.025851       -23.025851      -21242.341                                                  -21242.341
              2      -10644.961      0.33688069   1.9662733e-09      -23.025851       -23.025851       -21243.87                                                   -21243.87
              1      -10645.655      0.32928852   2.0070672e-09      -23.025851       -23.025851      -21245.258                                                  -21245.258
              2      -10645.988      0.30617801   2.2286454e-09      -23.025851       -23.025851      -21245.924                                                  -21245.924
              8      -10644.602      0.31496362   1.9842024e-09      -23.025851       -23.025851      -21243.153                                                  -21243.153
              4      -10645.147       0.2776293   2.5884129e-09      -23.025851       -23.025851      -21244.242                                                  -21244.242
              2      -10645.159      0.28429066   2.5686902e-09      -23.025851       -23.025851      -21244.266                                                  -21244.266
              2      -10645.323      0.31225202   2.2229061e-09      -23.025851       -23.025851      -21244.594                                                  -21244.594
              1      -10645.986      0.30301636   2.2538247e-09      -23.025851       -23.025851       -21245.92                                                   -21245.92
              4       -10646.06      0.31931956   2.0529249e-09      -23.025851       -23.025851      -21246.069                                                  -21246.069
             10      -10645.726      0.33194423   1.8877316e-09      -23.025851       -23.025851      -21245.399                                                  -21245.399
              3      -10645.823      0.33651362    1.900385e-09      -23.025851       -23.025851      -21245.593                                                  -21245.593
              1      -10643.115      0.32338092    2.176859e-09      -23.025851       -23.025851      -21240.178                                                  -21240.178
              2      -10644.679      0.30048827   2.3988201e-09      -23.025851       -23.025851      -21243.307                                                  -21243.307
              1      -10644.693      0.29775442   2.4327696e-09      -23.025851       -23.025851      -21243.334                                                  -21243.334
              1      -10645.351      0.28271236    2.496176e-09      -23.025851       -23.025851      -21244.651                                                  -21244.651
              1      -10646.046       0.3167482   2.0699435e-09      -23.025851       -23.025851       -21246.04                                                   -21246.04
              2      -10646.026      0.32106964   2.0550748e-09      -23.025851       -23.025851          -21246                                                      -21246
              2      -10646.023      0.31186629   2.1192628e-09      -23.025851       -23.025851      -21245.995                                                  -21245.995
              3      -10645.664      0.30680341   2.1366755e-09      -23.025851       -23.025851      -21245.277                                                  -21245.277
              3      -10645.851      0.30819028   2.1377588e-09      -23.025851       -23.025851       -21245.65                                                   -21245.65
              5      -10645.926      0.31305681   2.0886579e-09      -23.025851       -23.025851      -21245.801                                                  -21245.801
              5      -10645.895      0.33048284   1.9210681e-09      -23.025851       -23.025851      -21245.738                                                  -21245.738
              2       -10645.53      0.29719111   2.2555977e-09      -23.025851       -23.025851      -21245.008                                                  -21245.008
              1      -10645.935      0.30374652   2.2101327e-09      -23.025851       -23.025851      -21245.818                                                  -21245.818
              1       -10645.86      0.29770809   2.2930652e-09      -23.025851       -23.025851      -21245.669                                                  -21245.669
              1      -10645.841       0.3247648   1.9599945e-09      -23.025851       -23.025851      -21245.631                                                  -21245.631
              2      -10645.476      0.33900078   1.9132242e-09      -23.025851       -23.025851      -21244.901                                                  -21244.901
              1      -10645.372       0.3345893   1.9686325e-09      -23.025851       -23.025851      -21244.692                                                  -21244.692
              1      -10643.959      0.35751989    1.800137e-09      -23.025851       -23.025851      -21241.866                                                  -21241.866
              2      -10641.373      0.34237699   2.0134159e-09      -23.025851       -23.025851      -21236.693                                                  -21236.693
              3      -10640.852      0.29504258   2.5943728e-09      -23.025851       -23.025851      -21235.652                                                  -21235.652
              3      -10643.275      0.30218531   2.4305804e-09      -23.025851       -23.025851      -21240.498                                                  -21240.498
              8      -10643.524      0.29719953   2.4878748e-09      -23.025851       -23.025851      -21240.997                                                  -21240.997
              1      -10645.666      0.29107218   2.3762318e-09      -23.025851       -23.025851      -21245.281                                                  -21245.281
              1      -10645.424      0.28885993   2.3801453e-09      -23.025851       -23.025851      -21244.796                                                  -21244.796
              1      -10645.939      0.31165243   2.1067693e-09      -23.025851       -23.025851      -21245.826                                                  -21245.826
              1      -10644.885      0.34182864   1.7571842e-09      -23.025851       -23.025851      -21243.718                                                  -21243.718
              2      -10645.515       0.3496148   1.7791611e-09      -23.025851       -23.025851      -21244.978                                                  -21244.978
              1      -10645.314      0.35333523   1.7660968e-09      -23.025851       -23.025851      -21244.577                                                  -21244.577
              3      -10645.959      0.32446944   1.9789018e-09      -23.025851       -23.025851      -21245.866                                                  -21245.866
              8      -10645.797        0.334408   1.8784562e-09      -23.025851       -23.025851      -21245.543                                                  -21245.543
              2      -10645.176      0.33911972    1.931504e-09      -23.025851       -23.025851      -21244.301                                                  -21244.301
              1      -10645.058      0.29007213   2.3270477e-09      -23.025851       -23.025851      -21244.064                                                  -21244.064
              4      -10645.536      0.28588745   2.4903308e-09      -23.025851       -23.025851       -21245.02                                                   -21245.02
              2      -10645.239      0.32548937   2.0761374e-09      -23.025851       -23.025851      -21244.427                                                  -21244.427
              2      -10644.002      0.36310822   1.7463254e-09      -23.025851       -23.025851      -21241.951                                                  -21241.951
              4      -10644.377      0.35226773   1.8349047e-09      -23.025851       -23.025851      -21242.701                                                  -21242.701
              1      -10645.264      0.30843054   2.2714506e-09      -23.025851       -23.025851      -21244.476                                                  -21244.476
              1      -10646.066      0.31621764   2.0840779e-09      -23.025851       -23.025851      -21246.081                                                  -21246.081
              1      -10645.734      0.29608944    2.296229e-09      -23.025851       -23.025851      -21245.416                                                  -21245.416
              1      -10645.604      0.29649853   2.2732919e-09      -23.025851       -23.025851      -21245.156                                                  -21245.156
              2      -10645.706      0.29179386    2.370893e-09      -23.025851       -23.025851      -21245.361                                                  -21245.361
              1      -10645.624      0.28799914   2.4500901e-09      -23.025851       -23.025851      -21245.197                                                  -21245.197
              1       -10645.62      0.28785932    2.451446e-09      -23.025851       -23.025851      -21245.188                                                  -21245.188
              1      -10645.737      0.29359845   2.3969019e-09      -23.025851       -23.025851      -21245.423                                                  -21245.423
              1      -10645.069      0.28422678   2.5781263e-09      -23.025851       -23.025851      -21244.086                                                  -21244.086
              2      -10645.337      0.28703096   2.5196639e-09      -23.025851       -23.025851      -21244.623                                                  -21244.623
              3      -10645.065      0.28893165   2.5221102e-09      -23.025851       -23.025851      -21244.077                                                  -21244.077
              1      -10645.971      0.30391198   2.2541174e-09      -23.025851       -23.025851       -21245.89                                                   -21245.89
              4      -10645.351      0.28446119   2.5430074e-09      -23.025851       -23.025851       -21244.65                                                   -21244.65
              1      -10645.191      0.27815032   2.6018274e-09      -23.025851       -23.025851      -21244.331                                                  -21244.331
              2      -10645.508      0.29732441   2.2516538e-09      -23.025851       -23.025851      -21244.965                                                  -21244.965
              2      -10644.763      0.28353522   2.4152657e-09      -23.025851       -23.025851      -21243.474                                                  -21243.474
              2      -10644.693      0.30046217   2.1576908e-09      -23.025851       -23.025851      -21243.335                                                  -21243.335
              1      -10644.737      0.31076162    2.035647e-09      -23.025851       -23.025851      -21243.421                                                  -21243.421
              6      -10644.882      0.30641517   2.0927618e-09      -23.025851       -23.025851      -21243.713                                                  -21243.713
              4      -10645.426      0.32433559   1.9310979e-09      -23.025851       -23.025851        -21244.8                                                    -21244.8
              4      -10643.192      0.34715626   1.6586855e-09      -23.025851       -23.025851      -21240.333                                                  -21240.333
              1      -10645.393      0.34418958   1.7712869e-09      -23.025851       -23.025851      -21244.734                                                  -21244.734
              2      -10645.944      0.32432473   1.9774668e-09      -23.025851       -23.025851      -21245.836                                                  -21245.836
              1      -10645.869      0.33518767   1.9044527e-09      -23.025851       -23.025851      -21245.687                                                  -21245.687
              1      -10645.862       0.3354732   1.9030528e-09      -23.025851       -23.025851      -21245.672                                                  -21245.672
              4       -10645.78      0.31758512   2.1291686e-09      -23.025851       -23.025851      -21245.508                                                  -21245.508
              1      -10644.583      0.34887155   1.8599246e-09      -23.025851       -23.025851      -21243.114                                                  -21243.114
              1      -10644.503      0.31367487   2.2447403e-09      -23.025851       -23.025851      -21242.954                                                  -21242.954
              1      -10646.048       0.3121509   2.1515487e-09      -23.025851       -23.025851      -21246.044                                                  -21246.044
              3      -10645.558      0.28699503   2.4420886e-09      -23.025851       -23.025851      -21245.065                                                  -21245.065
              2       -10644.96      0.34387463   1.7460708e-09      -23.025851       -23.025851      -21243.868                                                  -21243.868
              1       -10645.55       0.3424288   1.7968176e-09      -23.025851       -23.025851      -21245.048                                                  -21245.048
              2      -10645.921      0.31275642   2.0914133e-09      -23.025851       -23.025851       -21245.79                                                   -21245.79
              1      -10646.063      0.31097586   2.1482361e-09      -23.025851       -23.025851      -21246.075                                                  -21246.075
              2      -10645.418      0.28942369   2.3694501e-09      -23.025851       -23.025851      -21244.785                                                  -21244.785
              3      -10645.969      0.32746201    1.958537e-09      -23.025851       -23.025851      -21245.887                                                  -21245.887
              1      -10645.969      0.31507972   2.1360843e-09      -23.025851       -23.025851      -21245.886                                                  -21245.886
              2      -10646.042      0.30766485   2.1932452e-09      -23.025851       -23.025851      -21246.031                                                  -21246.031
              1      -10645.228      0.29665457   2.2397019e-09      -23.025851       -23.025851      -21244.405                                                  -21244.405
              1      -10644.587      0.29732426   2.1940904e-09      -23.025851       -23.025851      -21243.123                                                  -21243.123
              1      -10644.498      0.33553041   1.7894611e-09      -23.025851       -23.025851      -21242.944                                                  -21242.944
              4      -10645.207      0.33154722    1.854492e-09      -23.025851       -23.025851      -21244.362                                                  -21244.362
              2      -10645.849      0.31109275   2.1022145e-09      -23.025851       -23.025851      -21245.646                                                  -21245.646
              1      -10646.059      0.31962248   2.0587321e-09      -23.025851       -23.025851      -21246.067                                                  -21246.067
              2      -10645.589      0.28729319   2.4694567e-09      -23.025851       -23.025851      -21245.127                                                  -21245.127
              1      -10645.584      0.28711423   2.4714257e-09      -23.025851       -23.025851      -21245.116                                                  -21245.116
              1      -10645.617      0.28783523   2.4450719e-09      -23.025851       -23.025851      -21245.182                                                  -21245.182
              2      -10645.403      0.34503925    1.852597e-09      -23.025851       -23.025851      -21244.754                                                  -21244.754
              1      -10645.086      0.32439839   2.0960803e-09      -23.025851       -23.025851      -21244.121                                                  -21244.121
              1      -10645.569      0.28761177    2.429596e-09      -23.025851       -23.025851      -21245.086                                                  -21245.086
              2      -10644.534      0.31166977   2.0169041e-09      -23.025851       -23.025851      -21243.017                                                  -21243.017
              2      -10645.916      0.33153059   1.9199268e-09      -23.025851       -23.025851       -21245.78                                                   -21245.78
              2      -10645.799      0.33855124   1.8747707e-09      -23.025851       -23.025851      -21245.546                                                  -21245.546
              1       -10645.98      0.30924666   2.1430037e-09      -23.025851       -23.025851      -21245.909                                                  -21245.909
              4      -10645.609      0.29040476   2.4486135e-09      -23.025851       -23.025851      -21245.167                                                  -21245.167
              2      -10645.971      0.30704087   2.2238999e-09      -23.025851       -23.025851      -21245.889                                                  -21245.889
              1      -10645.193      0.32979058   1.8687722e-09      -23.025851       -23.025851      -21244.335                                                  -21244.335
              2      -10644.486       0.3567103   1.6394734e-09      -23.025851       -23.025851       -21242.92                                                   -21242.92
              2      -10645.889       0.3289574   1.9854953e-09      -23.025851       -23.025851      -21245.727                                                  -21245.727
              1      -10645.553      0.31020008   2.2321619e-09      -23.025851       -23.025851      -21245.054                                                  -21245.054
              7      -10644.331      0.33955108   1.9642676e-09      -23.025851       -23.025851       -21242.61                                                   -21242.61
              1       -10645.73      0.29118975   2.4014672e-09      -23.025851       -23.025851      -21245.409                                                  -21245.409
              1      -10645.977      0.30957474   2.1382484e-09      -23.025851       -23.025851      -21245.902                                                  -21245.902
              2      -10645.999      0.32386147   2.0272714e-09      -23.025851       -23.025851      -21245.946                                                  -21245.946
              1      -10645.681      0.33398196   1.9516962e-09      -23.025851       -23.025851      -21245.311                                                  -21245.311
              2      -10645.792      0.33797175   1.8870911e-09      -23.025851       -23.025851      -21245.532                                                  -21245.532
              3      -10645.592      0.33345395   1.8638534e-09      -23.025851       -23.025851      -21245.133                                                  -21245.133
              1      -10645.848      0.30474914   2.2674978e-09      -23.025851       -23.025851      -21245.645                                                  -21245.645
              3      -10645.855      0.31491637   2.1522579e-09      -23.025851       -23.025851      -21245.659                                                  -21245.659
              1      -10645.303      0.28404485   2.4573138e-09      -23.025851       -23.025851      -21244.554                                                  -21244.554
              3      -10645.523      0.28535112   2.4807967e-09      -23.025851       -23.025851      -21244.994                                                  -21244.994
              1      -10645.912      0.32811445   1.9413515e-09      -23.025851       -23.025851      -21245.772                                                  -21245.772
              2      -10645.844      0.32893418   1.9249373e-09      -23.025851       -23.025851      -21245.636                                                  -21245.636
              2      -10645.417      0.32260868   1.9469127e-09      -23.025851       -23.025851      -21244.783                                                  -21244.783
              2      -10645.159      0.32019949   1.9560267e-09      -23.025851       -23.025851      -21244.266                                                  -21244.266
             10      -10644.898      0.27948381   2.5027094e-09      -23.025851       -23.025851      -21243.745                                                  -21243.745
              1      -10644.913      0.28071164   2.4796317e-09      -23.025851       -23.025851      -21243.774                                                  -21243.774
              4      -10645.066      0.35111053   1.8122949e-09      -23.025851       -23.025851      -21244.081                                                  -21244.081
              1      -10645.522      0.29497584   2.2885156e-09      -23.025851       -23.025851      -21244.993                                                  -21244.993
              3      -10645.637      0.34318288   1.8474743e-09      -23.025851       -23.025851      -21245.222                                                  -21245.222
              1       -10645.73       0.3369112   1.9120529e-09      -23.025851       -23.025851      -21245.408                                                  -21245.408
              1       -10645.19      0.33320519   1.9940949e-09      -23.025851       -23.025851      -21244.328                                                  -21244.328
              1       -10645.75      0.30670103   2.2564812e-09      -23.025851       -23.025851      -21245.449                                                  -21245.449
              4       -10645.16      0.29634281   2.4242924e-09      -23.025851       -23.025851      -21244.269                                                  -21244.269
              1       -10645.19       0.3005825    2.370442e-09      -23.025851       -23.025851      -21244.329                                                  -21244.329
              2      -10643.765      0.30865649   2.3324089e-09      -23.025851       -23.025851      -21241.478                                                  -21241.478
              3      -10645.626      0.34465206   1.7969754e-09      -23.025851       -23.025851      -21245.201                                                  -21245.201
              1      -10645.486      0.35086977   1.7585673e-09      -23.025851       -23.025851      -21244.921                                                  -21244.921
              2      -10645.414      0.33820768   1.9265116e-09      -23.025851       -23.025851      -21244.776                                                  -21244.776
              1      -10645.471      0.29647823   2.2609054e-09      -23.025851       -23.025851      -21244.891                                                  -21244.891
              4      -10646.011      0.31674086   2.0614872e-09      -23.025851       -23.025851       -21245.97                                                   -21245.97
              2      -10645.792      0.30024689   2.3236154e-09      -23.025851       -23.025851      -21245.532                                                  -21245.532
              1       -10645.74      0.34005832   1.8377096e-09      -23.025851       -23.025851      -21245.428                                                  -21245.428
              3      -10645.545      0.34620561   1.8231384e-09      -23.025851       -23.025851      -21245.039                                                  -21245.039
              5      -10645.523      0.34798951   1.8030588e-09      -23.025851       -23.025851      -21244.995                                                  -21244.995
              3      -10644.672      0.35804621   1.7648665e-09      -23.025851       -23.025851      -21243.293                                                  -21243.293
              2      -10645.634      0.34545569   1.7996731e-09      -23.025851       -23.025851      -21245.217                                                  -21245.217
              5      -10645.765      0.34022175   1.8466731e-09      -23.025851       -23.025851      -21245.479                                                  -21245.479
              1      -10645.915      0.32085843   2.0773522e-09      -23.025851       -23.025851      -21245.778                                                  -21245.778
              2      -10645.925      0.31138441    2.184006e-09      -23.025851       -23.025851      -21245.797                                                  -21245.797
              1      -10645.994      0.31310387   2.1541464e-09      -23.025851       -23.025851      -21245.936                                                  -21245.936
              1      -10645.143      0.35198761   1.7977041e-09      -23.025851       -23.025851      -21244.235                                                  -21244.235
              1      -10645.138      0.35196949   1.7983257e-09      -23.025851       -23.025851      -21244.223                                                  -21244.223
              2      -10645.523      0.31091921    2.225924e-09      -23.025851       -23.025851      -21244.993                                                  -21244.993
              1      -10645.513       0.3104006   2.2326366e-09      -23.025851       -23.025851      -21244.974                                                  -21244.974
              1      -10645.466      0.30817982    2.261869e-09      -23.025851       -23.025851       -21244.88                                                   -21244.88
              1      -10645.644       0.2916319   2.3606341e-09      -23.025851       -23.025851      -21245.236                                                  -21245.236
              1      -10644.576      0.29863189   2.1760405e-09      -23.025851       -23.025851        -21243.1                                                    -21243.1
              2      -10644.604       0.3386848   1.7686344e-09      -23.025851       -23.025851      -21243.156                                                  -21243.156
              1      -10645.506      0.28639291   2.4992843e-09      -23.025851       -23.025851       -21244.96                                                   -21244.96
              3      -10645.528      0.29571004   2.4033186e-09      -23.025851       -23.025851      -21245.005                                                  -21245.005
              1      -10645.182      0.27957538   2.5393087e-09      -23.025851       -23.025851      -21244.313                                                  -21244.313
              2      -10644.993      0.28924224   2.5234074e-09      -23.025851       -23.025851      -21243.934                                                  -21243.934
              1      -10645.722      0.29099967   2.3996593e-09      -23.025851       -23.025851      -21245.393                                                  -21245.393
              5      -10645.744      0.33805289   1.8959031e-09      -23.025851       -23.025851      -21245.436                                                  -21245.436
              2      -10645.102      0.35294823   1.6964464e-09      -23.025851       -23.025851      -21244.152                                                  -21244.152
              2      -10646.071      0.31512017     2.10719e-09      -23.025851       -23.025851      -21246.091                                                  -21246.091
              5      -10646.068      0.31263729   2.1350106e-09      -23.025851       -23.025851      -21246.085                                                  -21246.085
              1      -10645.967      0.31648993   2.0565104e-09      -23.025851       -23.025851      -21245.882                                                  -21245.882
              1      -10645.957      0.31733839   2.0460487e-09      -23.025851       -23.025851      -21245.861                                                  -21245.861
              1      -10644.659      0.33610783   1.9876457e-09      -23.025851       -23.025851      -21243.266                                                  -21243.266
              3      -10645.958      0.31948685   2.0872049e-09      -23.025851       -23.025851      -21245.865                                                  -21245.865
              4      -10645.945      0.30015343   2.2809226e-09      -23.025851       -23.025851      -21245.839                                                  -21245.839
              1      -10645.704      0.29076036   2.4214125e-09      -23.025851       -23.025851      -21245.356                                                  -21245.356
              2      -10646.064      0.31822894   2.0746867e-09      -23.025851       -23.025851      -21246.077                                                  -21246.077
              3      -10645.939      0.31950189   2.0898667e-09      -23.025851       -23.025851      -21245.825                                                  -21245.825
              1      -10645.572      0.29039999   2.3719222e-09      -23.025851       -23.025851      -21245.092                                                  -21245.092
              3      -10645.633      0.29538523   2.3957514e-09      -23.025851       -23.025851      -21245.214                                                  -21245.214
              1      -10645.392      0.34694921   1.7544134e-09      -23.025851       -23.025851      -21244.732                                                  -21244.732
              8      -10645.056       0.3633868   1.6680247e-09      -23.025851       -23.025851       -21244.06                                                   -21244.06
              5      -10644.952      0.36467608   1.6721573e-09      -23.025851       -23.025851      -21243.852                                                  -21243.852
              1      -10645.345      0.32361005    2.091355e-09      -23.025851       -23.025851      -21244.638                                                  -21244.638
              5      -10644.614      0.33347428   2.0174128e-09      -23.025851       -23.025851      -21243.176                                                  -21243.176
              2      -10644.412      0.32220355   2.1491449e-09      -23.025851       -23.025851      -21242.773                                                  -21242.773
              2      -10644.237      0.31900372   2.1922155e-09      -23.025851       -23.025851      -21242.422                                                  -21242.422
              2       -10645.71      0.30624103   2.1477848e-09      -23.025851       -23.025851      -21245.367                                                  -21245.367
              1      -10645.971      0.31964591   2.0833439e-09      -23.025851       -23.025851      -21245.891                                                  -21245.891
              1      -10645.117      0.30609568   2.3076283e-09      -23.025851       -23.025851      -21244.183                                                  -21244.183
              4      -10645.614       0.2917725   2.4353699e-09      -23.025851       -23.025851      -21245.177                                                  -21245.177
              2      -10646.047      0.30848065   2.1845817e-09      -23.025851       -23.025851      -21246.043                                                  -21246.043
              1      -10645.242      0.30846855   2.0874096e-09      -23.025851       -23.025851      -21244.433                                                  -21244.433
              3      -10645.236       0.3227291   1.9354288e-09      -23.025851       -23.025851      -21244.421                                                  -21244.421
              1      -10644.905      0.34049706   1.9309281e-09      -23.025851       -23.025851      -21243.758                                                  -21243.758
              4      -10644.473       0.3546783    1.807342e-09      -23.025851       -23.025851      -21242.895                                                  -21242.895
              2       -10644.81      0.36247239   1.6264423e-09      -23.025851       -23.025851      -21243.569                                                  -21243.569
              1      -10644.753      0.35991023   1.7416774e-09      -23.025851       -23.025851      -21243.455                                                  -21243.455
              3      -10645.356      0.29770458   2.3942705e-09      -23.025851       -23.025851      -21244.661                                                  -21244.661
              6      -10645.123       0.3005682   2.3746581e-09      -23.025851       -23.025851      -21244.194                                                  -21244.194
              2      -10644.573      0.31787492   2.1926609e-09      -23.025851       -23.025851      -21243.094                                                  -21243.094
              1      -10644.606       0.3164125   2.2083558e-09      -23.025851       -23.025851      -21243.161                                                  -21243.161
              2      -10645.759      0.31737301   2.0238662e-09      -23.025851       -23.025851      -21245.466                                                  -21245.466
              3      -10645.954      0.31809186   2.0379029e-09      -23.025851       -23.025851      -21245.856                                                  -21245.856
              5      -10645.893      0.29971971   2.2653345e-09      -23.025851       -23.025851      -21245.734                                                  -21245.734
              1      -10645.028       0.3423394   1.7606041e-09      -23.025851       -23.025851      -21244.004                                                  -21244.004
              3      -10645.289      0.33338479   1.8438058e-09      -23.025851       -23.025851      -21244.526                                                  -21244.526
              3      -10645.094      0.33454606    1.823781e-09      -23.025851       -23.025851      -21244.137                                                  -21244.137
              3      -10644.379      0.34765119   1.8803398e-09      -23.025851       -23.025851      -21242.707                                                  -21242.707
              2      -10645.937      0.30855547   2.1446056e-09      -23.025851       -23.025851      -21245.823                                                  -21245.823
              1      -10645.505      0.33384147   1.9678583e-09      -23.025851       -23.025851      -21244.959                                                  -21244.959
              1      -10645.474      0.32682083   2.0476546e-09      -23.025851       -23.025851      -21244.896                                                  -21244.896
              1      -10645.916        0.320744   2.0063109e-09      -23.025851       -23.025851       -21245.78                                                   -21245.78
              2      -10645.717      0.30613428   2.2660814e-09      -23.025851       -23.025851      -21245.383                                                  -21245.383
              2      -10645.874      0.31876004   2.1063403e-09      -23.025851       -23.025851      -21245.696                                                  -21245.696
              1      -10644.554      0.28073679   2.4505488e-09      -23.025851       -23.025851      -21243.055                                                  -21243.055
              1      -10644.511      0.29087817   2.2817536e-09      -23.025851       -23.025851      -21242.971                                                  -21242.971
              1      -10644.806      0.32066495    1.934791e-09      -23.025851       -23.025851      -21243.561                                                  -21243.561
              2      -10645.834      0.33279364   1.9472823e-09      -23.025851       -23.025851      -21245.616                                                  -21245.616
              3      -10645.817      0.30805879   2.1355966e-09      -23.025851       -23.025851      -21245.583                                                  -21245.583
              2      -10645.027      0.35568724    1.676008e-09      -23.025851       -23.025851      -21244.003                                                  -21244.003
              2      -10645.912      0.33296941   1.9224589e-09      -23.025851       -23.025851      -21245.773                                                  -21245.773
              1      -10645.941      0.32971696   1.9650869e-09      -23.025851       -23.025851       -21245.83                                                   -21245.83
              1      -10645.954      0.32919383    1.968437e-09      -23.025851       -23.025851      -21245.856                                                  -21245.856
              3      -10644.986      0.28481126   2.4097988e-09      -23.025851       -23.025851       -21243.92                                                   -21243.92
              1      -10645.764      0.30356675   2.2905791e-09      -23.025851       -23.025851      -21245.476                                                  -21245.476
              3      -10644.316       0.3210662   2.1656212e-09      -23.025851       -23.025851      -21242.581                                                  -21242.581
              3      -10644.363      0.32110157   2.1635274e-09      -23.025851       -23.025851      -21242.674                                                  -21242.674
              1      -10645.158      0.32123466   2.1281226e-09      -23.025851       -23.025851      -21244.265                                                  -21244.265
              9       -10645.05      0.36277171    1.681667e-09      -23.025851       -23.025851      -21244.048                                                  -21244.048
              1      -10645.646      0.30397098   2.2974374e-09      -23.025851       -23.025851       -21245.24                                                   -21245.24
              3      -10645.719      0.30418549   2.2882246e-09      -23.025851       -23.025851      -21245.386                                                  -21245.386
              1      -10645.961      0.32384145   2.0355033e-09      -23.025851       -23.025851       -21245.87                                                   -21245.87
              1      -10645.669      0.32974189    2.000833e-09      -23.025851       -23.025851      -21245.285                                                  -21245.285
              1      -10645.938      0.31553595   2.1354319e-09      -23.025851       -23.025851      -21245.823                                                  -21245.823
              7      -10645.671      0.32689429   1.9249964e-09      -23.025851       -23.025851      -21245.291                                                  -21245.291
              2      -10645.575      0.33422311   1.8564235e-09      -23.025851       -23.025851      -21245.098                                                  -21245.098
              4      -10645.364      0.29394947   2.4384043e-09      -23.025851       -23.025851      -21244.676                                                  -21244.676
              3      -10645.155      0.30681322   2.2969012e-09      -23.025851       -23.025851      -21244.259                                                  -21244.259
              1      -10645.429      0.31565892   2.1769911e-09      -23.025851       -23.025851      -21244.805                                                  -21244.805
              1      -10645.565      0.33091544   1.8822757e-09      -23.025851       -23.025851      -21245.079                                                  -21245.079
              1       -10645.42      0.33711859   1.8227469e-09      -23.025851       -23.025851      -21244.789                                                  -21244.789
              1      -10645.576      0.34649321   1.7810689e-09      -23.025851       -23.025851      -21245.101                                                  -21245.101
              1      -10645.508      0.30305153   2.3193422e-09      -23.025851       -23.025851      -21244.965                                                  -21244.965
              1      -10645.753      0.29566613   2.3759359e-09      -23.025851       -23.025851      -21245.454                                                  -21245.454
              3       -10646.07      0.31348104   2.1258091e-09      -23.025851       -23.025851      -21246.088                                                  -21246.088
              6      -10646.015      0.32207299   2.0456739e-09      -23.025851       -23.025851      -21245.977                                                  -21245.977
              2      -10645.662      0.32128453   1.9764183e-09      -23.025851       -23.025851      -21245.272                                                  -21245.272
              3      -10644.068      0.32504342   1.8647853e-09      -23.025851       -23.025851      -21242.085                                                  -21242.085
              1      -10645.161      0.34369667   1.8840351e-09      -23.025851       -23.025851       -21244.27                                                   -21244.27
              5      -10645.639      0.28956337   2.4026759e-09      -23.025851       -23.025851      -21245.227                                                  -21245.227
              3      -10643.978      0.31820191   1.9275158e-09      -23.025851       -23.025851      -21241.905                                                  -21241.905
              1      -10644.729      0.31270178    2.013872e-09      -23.025851       -23.025851      -21243.406                                                  -21243.406
              1      -10644.466      0.30821421   2.0530002e-09      -23.025851       -23.025851      -21242.881                                                  -21242.881
              3      -10641.909      0.26562214   2.6017827e-09      -23.025851       -23.025851      -21237.766                                                  -21237.766
              1      -10644.671      0.28592629   2.3683889e-09      -23.025851       -23.025851      -21243.289                                                  -21243.289
              6      -10645.158      0.28030015   2.5172782e-09      -23.025851       -23.025851      -21244.264                                                  -21244.264
              4      -10644.965      0.27756241   2.5519096e-09      -23.025851       -23.025851      -21243.879                                                  -21243.879
              3      -10645.185      0.27973272   2.5357672e-09      -23.025851       -23.025851      -21244.318                                                  -21244.318
              2      -10645.444       0.2841432   2.4832315e-09      -23.025851       -23.025851      -21244.836                                                  -21244.836
              2      -10645.691      0.30224199   2.1987771e-09      -23.025851       -23.025851      -21245.329                                                  -21245.329
              1       -10644.86      0.31219318    2.025351e-09      -23.025851       -23.025851      -21243.668                                                  -21243.668
              2      -10644.329      0.30642748   2.0681754e-09      -23.025851       -23.025851      -21242.606                                                  -21242.606
              3      -10645.251      0.31787389   1.9844091e-09      -23.025851       -23.025851      -21244.451                                                  -21244.451
              1      -10646.027      0.31621577   2.0705747e-09      -23.025851       -23.025851      -21246.002                                                  -21246.002
              6      -10646.013      0.30589824   2.2230509e-09      -23.025851       -23.025851      -21245.974                                                  -21245.974
              1      -10646.045      0.31666754   2.1024401e-09      -23.025851       -23.025851      -21246.038                                                  -21246.038
              3      -10644.971      0.32009366   2.1501391e-09      -23.025851       -23.025851       -21243.89                                                   -21243.89
              1      -10646.014      0.30764676   2.1724532e-09      -23.025851       -23.025851      -21245.977                                                  -21245.977
              2      -10646.034      0.31412572   2.0952365e-09      -23.025851       -23.025851      -21246.016                                                  -21246.016
              1      -10646.039      0.31879241   2.0474942e-09      -23.025851       -23.025851      -21246.026                                                  -21246.026
              2      -10645.984      0.31619834   2.0623843e-09      -23.025851       -23.025851      -21245.917                                                  -21245.917
              2      -10645.715      0.32188527   2.0857905e-09      -23.025851       -23.025851      -21245.378                                                  -21245.378
              1      -10645.681      0.32175164   2.0900447e-09      -23.025851       -23.025851       -21245.31                                                   -21245.31
              3      -10645.813      0.31133618   2.1973794e-09      -23.025851       -23.025851      -21245.575                                                  -21245.575
              3      -10645.281      0.27999306   2.5764079e-09      -23.025851       -23.025851      -21244.511                                                  -21244.511
              1      -10645.358      0.35233627   1.7726175e-09      -23.025851       -23.025851      -21244.664                                                  -21244.664
             11      -10644.323      0.36278405   1.7360455e-09      -23.025851       -23.025851      -21242.594                                                  -21242.594
              4      -10644.646      0.31668854   2.2034952e-09      -23.025851       -23.025851       -21243.24                                                   -21243.24
              1      -10645.738      0.29457999   2.3230357e-09      -23.025851       -23.025851      -21245.424                                                  -21245.424
              1      -10645.537      0.34704686    1.771546e-09      -23.025851       -23.025851      -21245.022                                                  -21245.022
              2      -10645.431      0.34523963   1.8478186e-09      -23.025851       -23.025851      -21244.811                                                  -21244.811
              1      -10643.942      0.31675667   1.9408911e-09      -23.025851       -23.025851      -21241.833                                                  -21241.833
              2      -10644.786         0.30613    2.091563e-09      -23.025851       -23.025851      -21243.521                                                  -21243.521
              4      -10646.008      0.31765439   2.0513842e-09      -23.025851       -23.025851      -21245.963                                                  -21245.963
              1      -10646.061      0.31645007   2.0990332e-09      -23.025851       -23.025851       -21246.07                                                   -21246.07
              3      -10645.159      0.28418576   2.4371371e-09      -23.025851       -23.025851      -21244.266                                                  -21244.266
              1      -10645.602      0.34025655     1.81602e-09      -23.025851       -23.025851      -21245.153                                                  -21245.153
              1      -10645.724      0.34066163   1.8318896e-09      -23.025851       -23.025851      -21245.397                                                  -21245.397
              2      -10645.701       0.3408588   1.8261432e-09      -23.025851       -23.025851       -21245.35                                                   -21245.35
              3      -10645.883      0.31952304   2.0143313e-09      -23.025851       -23.025851      -21245.715                                                  -21245.715
              4      -10645.469      0.29329722   2.4365849e-09      -23.025851       -23.025851      -21244.886                                                  -21244.886
              1      -10645.703      0.29379178    2.401947e-09      -23.025851       -23.025851      -21245.355                                                  -21245.355
              1      -10646.054      0.31653217   2.1009186e-09      -23.025851       -23.025851      -21246.057                                                  -21246.057
              1      -10646.014      0.31856185   2.0881896e-09      -23.025851       -23.025851      -21245.975                                                  -21245.975
              1      -10646.014      0.31849083   2.0890354e-09      -23.025851       -23.025851      -21245.975                                                  -21245.975
              2      -10645.246       0.3079315   2.0939969e-09      -23.025851       -23.025851      -21244.441                                                  -21244.441
              2      -10645.048      0.31725279   1.9803031e-09      -23.025851       -23.025851      -21244.044                                                  -21244.044
              1       -10646.05      0.31249076    2.119343e-09      -23.025851       -23.025851      -21246.048                                                  -21246.048
              1      -10645.509      0.29992516   2.2145469e-09      -23.025851       -23.025851      -21244.967                                                  -21244.967
              2       -10645.31       0.3092849   2.0817965e-09      -23.025851       -23.025851      -21244.568                                                  -21244.568
              3      -10645.519       0.2872514   2.4259887e-09      -23.025851       -23.025851      -21244.986                                                  -21244.986
              4      -10644.793      0.31958245   2.1638856e-09      -23.025851       -23.025851      -21243.535                                                  -21243.535
              1      -10645.633      0.28823168   2.4418052e-09      -23.025851       -23.025851      -21245.214                                                  -21245.214
              1      -10645.809      0.30265761   2.2062281e-09      -23.025851       -23.025851      -21245.567                                                  -21245.567
              1      -10645.984      0.31571626    2.067531e-09      -23.025851       -23.025851      -21245.916                                                  -21245.916
              2      -10643.907      0.31180876   2.2889486e-09      -23.025851       -23.025851      -21241.762                                                  -21241.762
              8      -10645.115      0.27855791   2.5519495e-09      -23.025851       -23.025851      -21244.178                                                  -21244.178
              1      -10645.309      0.33338075   1.8450051e-09      -23.025851       -23.025851      -21244.565                                                  -21244.565
              1      -10644.823      0.35262126   1.6810373e-09      -23.025851       -23.025851      -21243.595                                                  -21243.595
              2      -10644.895      0.32763912   2.0689514e-09      -23.025851       -23.025851      -21243.739                                                  -21243.739
              1      -10645.488      0.32135571   2.1081402e-09      -23.025851       -23.025851      -21244.924                                                  -21244.924
              1        -10645.5      0.31952692   2.1281757e-09      -23.025851       -23.025851      -21244.947                                                  -21244.947
              1      -10646.063       0.3188466   2.0584709e-09      -23.025851       -23.025851      -21246.074                                                  -21246.074
              1        -10645.9      0.31472502   2.1493737e-09      -23.025851       -23.025851      -21245.749                                                  -21245.749
              3      -10645.931      0.31195315   2.1767729e-09      -23.025851       -23.025851       -21245.81                                                   -21245.81
              2      -10646.007      0.31889192   2.0857412e-09      -23.025851       -23.025851      -21245.962                                                  -21245.962
              2      -10645.866      0.30608895   2.2504033e-09      -23.025851       -23.025851      -21245.681                                                  -21245.681
              1      -10645.392      0.31733167   2.1599055e-09      -23.025851       -23.025851      -21244.733                                                  -21244.733
              2      -10644.483      0.30071774   2.4048372e-09      -23.025851       -23.025851      -21242.913                                                  -21242.913
              2      -10645.887      0.31012182   2.2029974e-09      -23.025851       -23.025851      -21245.722                                                  -21245.722
              2      -10645.886      0.33452174   1.9061148e-09      -23.025851       -23.025851       -21245.72                                                   -21245.72
              2      -10645.868      0.29774831   2.3327719e-09      -23.025851       -23.025851      -21245.685                                                  -21245.685
              3      -10645.943      0.30817074   2.1504591e-09      -23.025851       -23.025851      -21245.835                                                  -21245.835
              1       -10646.03      0.32391929   2.0056584e-09      -23.025851       -23.025851      -21246.009                                                  -21246.009
              1      -10646.039      0.32253804   2.0297108e-09      -23.025851       -23.025851      -21246.027                                                  -21246.027
              3       -10646.05      0.32095135   2.0343771e-09      -23.025851       -23.025851      -21246.049                                                  -21246.049
              1      -10645.765      0.32885498   2.0019809e-09      -23.025851       -23.025851      -21245.479                                                  -21245.479
              2      -10646.041      0.30742527   2.1925809e-09      -23.025851       -23.025851       -21246.03                                                   -21246.03
              4      -10645.375      0.29005721   2.4824245e-09      -23.025851       -23.025851      -21244.699                                                  -21244.699
              2      -10644.786      0.29565694   2.4546695e-09      -23.025851       -23.025851      -21243.521                                                  -21243.521
              1      -10645.764      0.29909793   2.3396389e-09      -23.025851       -23.025851      -21245.475                                                  -21245.475
              2      -10645.073      0.36230568   1.6838038e-09      -23.025851       -23.025851      -21244.095                                                  -21244.095
              2      -10645.981      0.32330943    1.993023e-09      -23.025851       -23.025851      -21245.911                                                  -21245.911
              2      -10646.061        0.314922   2.0949296e-09      -23.025851       -23.025851      -21246.069                                                  -21246.069
              2      -10645.985      0.30561944    2.193876e-09      -23.025851       -23.025851      -21245.918                                                  -21245.918
              1      -10644.617      0.30401522   2.1093535e-09      -23.025851       -23.025851      -21243.181                                                  -21243.181
              1      -10645.284      0.31306919   2.0373689e-09      -23.025851       -23.025851      -21244.517                                                  -21244.517
              2      -10645.536      0.28989263   2.3759919e-09      -23.025851       -23.025851       -21245.02                                                   -21245.02
              2      -10645.795      0.29992519   2.2442603e-09      -23.025851       -23.025851      -21245.539                                                  -21245.539
              3       -10645.87      0.30091947   2.2408819e-09      -23.025851       -23.025851      -21245.689                                                  -21245.689
              2      -10645.773      0.29882613   2.3412012e-09      -23.025851       -23.025851      -21245.494                                                  -21245.494
              4      -10645.141       0.2839035   2.5748239e-09      -23.025851       -23.025851       -21244.23                                                   -21244.23
              2      -10645.684      0.31301245   2.1897108e-09      -23.025851       -23.025851      -21245.317                                                  -21245.317
              7      -10645.559      0.34187616   1.8735686e-09      -23.025851       -23.025851      -21245.067                                                  -21245.067
              1       -10645.37      0.33578256   1.9557747e-09      -23.025851       -23.025851      -21244.688                                                  -21244.688
              1      -10641.931      0.30500722   2.4319601e-09      -23.025851       -23.025851       -21237.81                                                   -21237.81
              6      -10644.283      0.28878496   2.5697567e-09      -23.025851       -23.025851      -21242.514                                                  -21242.514
              2      -10644.462      0.28685561   2.5862754e-09      -23.025851       -23.025851      -21242.873                                                  -21242.873
              4      -10645.075      0.28776216   2.5356028e-09      -23.025851       -23.025851      -21244.098                                                  -21244.098
              1      -10645.102      0.28812848   2.5289972e-09      -23.025851       -23.025851      -21244.153                                                  -21244.153
              4      -10643.143      0.32696304   2.1357454e-09      -23.025851       -23.025851      -21240.234                                                  -21240.234
              1      -10643.569       0.2986458   2.4671369e-09      -23.025851       -23.025851      -21241.087                                                  -21241.087
              2      -10645.158      0.29370625    2.456881e-09      -23.025851       -23.025851      -21244.263                                                  -21244.263
              2      -10644.835      0.27498477   2.5949963e-09      -23.025851       -23.025851      -21243.619                                                  -21243.619
              1      -10644.948      0.28761126   2.3590389e-09      -23.025851       -23.025851      -21243.843                                                  -21243.843
              6      -10645.705      0.29037052   2.4122079e-09      -23.025851       -23.025851      -21245.357                                                  -21245.357
              2      -10645.948      0.32952835   1.9655133e-09      -23.025851       -23.025851      -21245.844                                                  -21245.844
              2      -10645.842      0.33356061   1.8913441e-09      -23.025851       -23.025851      -21245.633                                                  -21245.633
              1      -10644.759      0.35952186   1.6376734e-09      -23.025851       -23.025851      -21243.466                                                  -21243.466
              1      -10644.874      0.35030307   1.8317959e-09      -23.025851       -23.025851      -21243.696                                                  -21243.696
              1      -10645.436      0.33397913    1.971132e-09      -23.025851       -23.025851       -21244.82                                                   -21244.82
              5      -10645.289      0.34915313   1.7326072e-09      -23.025851       -23.025851      -21244.527                                                  -21244.527
              3      -10644.997      0.35154538   1.6975496e-09      -23.025851       -23.025851      -21243.941                                                  -21243.941
              3      -10645.738        0.304566   2.1721788e-09      -23.025851       -23.025851      -21245.424                                                  -21245.424
              1      -10645.911      0.29915488   2.3089348e-09      -23.025851       -23.025851      -21245.771                                                  -21245.771
              3      -10645.869      0.29648494    2.335898e-09      -23.025851       -23.025851      -21245.686                                                  -21245.686
              5      -10645.741      0.29258823   2.3635231e-09      -23.025851       -23.025851      -21245.431                                                  -21245.431
              1      -10645.596      0.28721717   2.4568891e-09      -23.025851       -23.025851      -21245.141                                                  -21245.141
              1      -10645.969      0.31621501    2.123214e-09      -23.025851       -23.025851      -21245.886                                                  -21245.886
              4       -10645.96      0.31628621   2.1237486e-09      -23.025851       -23.025851      -21245.868                                                  -21245.868
              2      -10645.536       0.3232493   1.9484113e-09      -23.025851       -23.025851       -21245.02                                                   -21245.02
              1      -10644.922      0.31804334   2.1759225e-09      -23.025851       -23.025851      -21243.792                                                  -21243.792
              1      -10645.409       0.3073836   2.2750195e-09      -23.025851       -23.025851      -21244.766                                                  -21244.766
              7       -10645.96      0.31490159    2.139498e-09      -23.025851       -23.025851      -21245.868                                                  -21245.868
              2       -10646.01      0.31735296   2.1030533e-09      -23.025851       -23.025851      -21245.968                                                  -21245.968
              3      -10645.744      0.33923573   1.8419849e-09      -23.025851       -23.025851      -21245.437                                                  -21245.437
              6      -10645.306      0.33115746   1.8633331e-09      -23.025851       -23.025851      -21244.561                                                  -21244.561
              1      -10644.998      0.33322519   1.8298612e-09      -23.025851       -23.025851      -21243.945                                                  -21243.945
              3      -10645.422      0.34800203   1.8171261e-09      -23.025851       -23.025851      -21244.793                                                  -21244.793
              1      -10645.294      0.34581543   1.8527312e-09      -23.025851       -23.025851      -21244.537                                                  -21244.537
              1      -10645.255       0.3441078     1.87377e-09      -23.025851       -23.025851      -21244.459                                                  -21244.459
              1      -10645.405      0.32398984   1.9330698e-09      -23.025851       -23.025851      -21244.759                                                  -21244.759
              1      -10645.483      0.32799981     1.90145e-09      -23.025851       -23.025851      -21244.914                                                  -21244.914
              2      -10645.992      0.31871493   2.0376912e-09      -23.025851       -23.025851      -21245.932                                                  -21245.932
              3      -10646.068       0.3126501   2.1358708e-09      -23.025851       -23.025851      -21246.084                                                  -21246.084
              1      -10645.511      0.29073974   2.4598193e-09      -23.025851       -23.025851      -21244.971                                                  -21244.971
              1      -10644.669      0.27424756   2.5912858e-09      -23.025851       -23.025851      -21243.287                                                  -21243.287
              2      -10645.362      0.28269853   2.4992343e-09      -23.025851       -23.025851      -21244.673                                                  -21244.673
              5      -10645.708      0.29072122   2.4186225e-09      -23.025851       -23.025851      -21245.365                                                  -21245.365
              1      -10645.742      0.29373027   2.3398291e-09      -23.025851       -23.025851      -21245.432                                                  -21245.432
              1      -10645.478      0.29185306   2.3343431e-09      -23.025851       -23.025851      -21244.904                                                  -21244.904
              2      -10645.495      0.29221015   2.3301609e-09      -23.025851       -23.025851      -21244.937                                                  -21244.937
              6      -10644.811      0.33700561   1.7906001e-09      -23.025851       -23.025851       -21243.57                                                   -21243.57
              1       -10645.71      0.34000548   1.8317783e-09      -23.025851       -23.025851      -21245.367                                                  -21245.367
              1      -10645.937      0.30113554    2.252889e-09      -23.025851       -23.025851      -21245.822                                                  -21245.822
              2      -10644.116      0.30176698   2.1160285e-09      -23.025851       -23.025851       -21242.18                                                   -21242.18
              2      -10646.027      0.30863873    2.162383e-09      -23.025851       -23.025851      -21246.002                                                  -21246.002
              2      -10645.251      0.33499897   1.9714118e-09      -23.025851       -23.025851      -21244.449                                                  -21244.449
              2      -10645.891      0.32159683   2.0718029e-09      -23.025851       -23.025851       -21245.73                                                   -21245.73
              1      -10645.926      0.29983014   2.2741586e-09      -23.025851       -23.025851      -21245.801                                                  -21245.801
              1      -10645.775      0.33777635   1.8549563e-09      -23.025851       -23.025851      -21245.498                                                  -21245.498
              2      -10644.309      0.33957827   1.9647965e-09      -23.025851       -23.025851      -21242.566                                                  -21242.566
              4      -10646.049        0.320617   2.0521983e-09      -23.025851       -23.025851      -21246.046                                                  -21246.046
              1      -10645.514      0.34053594   1.8931023e-09      -23.025851       -23.025851      -21244.976                                                  -21244.976
              2      -10644.874      0.31394162   2.0069484e-09      -23.025851       -23.025851      -21243.696                                                  -21243.696
              4      -10646.053       0.3211629   2.0377014e-09      -23.025851       -23.025851      -21246.054                                                  -21246.054
              3      -10645.933      0.31795159    2.036482e-09      -23.025851       -23.025851      -21245.815                                                  -21245.815
              6      -10645.961      0.32996588    1.948999e-09      -23.025851       -23.025851       -21245.87                                                   -21245.87
              2      -10646.018      0.32098477   2.0581315e-09      -23.025851       -23.025851      -21245.985                                                  -21245.985
              1      -10645.997      0.32718582   1.9746628e-09      -23.025851       -23.025851      -21245.943                                                  -21245.943
              2       -10646.06      0.31031846    2.159813e-09      -23.025851       -23.025851      -21246.069                                                  -21246.069
              1      -10646.047      0.32022374   2.0375488e-09      -23.025851       -23.025851      -21246.042                                                  -21246.042
              1      -10645.367      0.33146463   2.0030115e-09      -23.025851       -23.025851      -21244.682                                                  -21244.682
              1      -10643.706      0.31229443   2.2897315e-09      -23.025851       -23.025851       -21241.36                                                   -21241.36
              1      -10645.459      0.29139328   2.4589131e-09      -23.025851       -23.025851      -21244.866                                                  -21244.866
              2      -10645.615      0.28801127   2.4589853e-09      -23.025851       -23.025851      -21245.179                                                  -21245.179
              2      -10645.452      0.28718448   2.5030514e-09      -23.025851       -23.025851      -21244.852                                                  -21244.852
              1      -10645.674      0.29836367   2.2526183e-09      -23.025851       -23.025851      -21245.296                                                  -21245.296
              1      -10645.823      0.33693601   1.8706873e-09      -23.025851       -23.025851      -21245.595                                                  -21245.595
              4      -10645.132      0.36145214   1.6750248e-09      -23.025851       -23.025851      -21244.213                                                  -21244.213
              3      -10645.311       0.3482908   1.7394197e-09      -23.025851       -23.025851       -21244.57                                                   -21244.57
              3      -10645.436      0.35041241   1.7429864e-09      -23.025851       -23.025851       -21244.82                                                   -21244.82
              2      -10645.272      0.35100757   1.7208678e-09      -23.025851       -23.025851      -21244.492                                                  -21244.492
              3      -10646.053      0.31252846   2.1200791e-09      -23.025851       -23.025851      -21246.055                                                  -21246.055
              2       -10642.81      0.28187417   2.3464905e-09      -23.025851       -23.025851      -21239.569                                                  -21239.569
              3      -10645.837      0.29711939   2.3459117e-09      -23.025851       -23.025851      -21245.623                                                  -21245.623
              1      -10644.844      0.28037229   2.4799248e-09      -23.025851       -23.025851      -21243.636                                                  -21243.636
              3      -10644.419      0.31260351   2.0020442e-09      -23.025851       -23.025851      -21242.786                                                  -21242.786
              2      -10645.747      0.30041463    2.230754e-09      -23.025851       -23.025851      -21245.442                                                  -21245.442
              2      -10645.813       0.3365516   1.9022972e-09      -23.025851       -23.025851      -21245.574                                                  -21245.574
              3      -10645.913      0.30634954   2.1696813e-09      -23.025851       -23.025851      -21245.774                                                  -21245.774
              5      -10645.927      0.31013494   2.1233837e-09      -23.025851       -23.025851      -21245.803                                                  -21245.803
              1      -10645.719      0.31788397   2.0151382e-09      -23.025851       -23.025851      -21245.386                                                  -21245.386
              8      -10645.625      0.34546696   1.8165907e-09      -23.025851       -23.025851      -21245.198                                                  -21245.198
              1      -10645.596      0.32862089   2.0191916e-09      -23.025851       -23.025851      -21245.139                                                  -21245.139
              3      -10641.867      0.32601669   1.7946073e-09      -23.025851       -23.025851      -21237.682                                                  -21237.682
              6      -10644.214      0.29385552   2.2245315e-09      -23.025851       -23.025851      -21242.377                                                  -21242.377
              2      -10645.653      0.31236324   2.0696576e-09      -23.025851       -23.025851      -21245.255                                                  -21245.255
              1        -10645.3      0.31155172   2.0551979e-09      -23.025851       -23.025851      -21244.548                                                  -21244.548
              1      -10645.544      0.34865341   1.7712906e-09      -23.025851       -23.025851      -21245.036                                                  -21245.036
              2      -10645.595      0.34711545   1.7931578e-09      -23.025851       -23.025851      -21245.138                                                  -21245.138
              1      -10644.683      0.36344489   1.6129895e-09      -23.025851       -23.025851      -21243.314                                                  -21243.314
              4       -10644.82      0.35698651   1.6551446e-09      -23.025851       -23.025851      -21243.587                                                  -21243.587
              1      -10645.426      0.35260623   1.7389782e-09      -23.025851       -23.025851        -21244.8                                                    -21244.8
              5      -10645.831      0.30081341   2.2360768e-09      -23.025851       -23.025851      -21245.611                                                  -21245.611
              4      -10645.829      0.30073742   2.2368918e-09      -23.025851       -23.025851      -21245.606                                                  -21245.606
              2      -10645.703      0.31416555   2.1748913e-09      -23.025851       -23.025851      -21245.355                                                  -21245.355
              1      -10645.116      0.31840076   2.1626131e-09      -23.025851       -23.025851       -21244.18                                                   -21244.18
              1      -10645.012      0.30754606   2.2956159e-09      -23.025851       -23.025851      -21243.972                                                  -21243.972
              2      -10645.757      0.29335922   2.3511427e-09      -23.025851       -23.025851      -21245.462                                                  -21245.462
              1      -10645.931      0.30031745   2.2663751e-09      -23.025851       -23.025851      -21245.811                                                  -21245.811
              2       -10645.94      0.30447567    2.256165e-09      -23.025851       -23.025851      -21245.828                                                  -21245.828
              1      -10646.051      0.32034546   2.0544257e-09      -23.025851       -23.025851      -21246.051                                                  -21246.051
              2      -10645.521      0.34325333   1.8617034e-09      -23.025851       -23.025851      -21244.989                                                  -21244.989
              2      -10645.829      0.33745089   1.8758534e-09      -23.025851       -23.025851      -21245.606                                                  -21245.606
              1      -10645.919      0.33236528    1.931179e-09      -23.025851       -23.025851      -21245.787                                                  -21245.787
              3      -10645.412       0.3325517   1.8581356e-09      -23.025851       -23.025851      -21244.772                                                  -21244.772
              2      -10646.021      0.30584879   2.2046916e-09      -23.025851       -23.025851      -21245.991                                                  -21245.991
              1      -10645.952       0.3188274   2.0957472e-09      -23.025851       -23.025851      -21245.852                                                  -21245.852
              1      -10645.817      0.31465508   2.1591498e-09      -23.025851       -23.025851      -21245.582                                                  -21245.582
              2      -10645.813      0.32062386   2.0913083e-09      -23.025851       -23.025851      -21245.575                                                  -21245.575
              1      -10645.913      0.32394762   2.0416631e-09      -23.025851       -23.025851      -21245.774                                                  -21245.774
              1      -10644.875      0.35397109   1.7945011e-09      -23.025851       -23.025851      -21243.699                                                  -21243.699
              1      -10645.722      0.32828621   2.0126237e-09      -23.025851       -23.025851      -21245.392                                                  -21245.392
              1      -10645.495      0.34285101   1.7887593e-09      -23.025851       -23.025851      -21244.938                                                  -21244.938
              3      -10646.021       0.3060598   2.2001019e-09      -23.025851       -23.025851       -21245.99                                                   -21245.99
              1      -10645.762      0.31545898   2.0445101e-09      -23.025851       -23.025851      -21245.473                                                  -21245.473
              1      -10644.781      0.33689072   1.7902056e-09      -23.025851       -23.025851      -21243.511                                                  -21243.511
              1      -10645.541      0.34303945    1.792269e-09      -23.025851       -23.025851      -21245.031                                                  -21245.031
              1      -10645.998      0.32548665   1.9801952e-09      -23.025851       -23.025851      -21245.944                                                  -21245.944
              1      -10644.622      0.32727135   1.8649373e-09      -23.025851       -23.025851      -21243.192                                                  -21243.192
              3      -10646.045      0.31300521   2.1435953e-09      -23.025851       -23.025851      -21246.037                                                  -21246.037
              3      -10645.859      0.29624845   2.3423536e-09      -23.025851       -23.025851      -21245.667                                                  -21245.667
              4      -10645.848      0.29599736   2.3489497e-09      -23.025851       -23.025851      -21245.644                                                  -21245.644
              5      -10645.793      0.30441791   2.1801186e-09      -23.025851       -23.025851      -21245.535                                                  -21245.535
              4      -10645.941      0.33115716   1.9324338e-09      -23.025851       -23.025851      -21245.829                                                  -21245.829
              1      -10644.275      0.28541654   2.3541016e-09      -23.025851       -23.025851      -21242.499                                                  -21242.499
              1      -10645.354      0.31981865   1.9704646e-09      -23.025851       -23.025851      -21244.656                                                  -21244.656
              2      -10645.509         0.32004   1.9778109e-09      -23.025851       -23.025851      -21244.966                                                  -21244.966
              1      -10646.003      0.31007007   2.1370453e-09      -23.025851       -23.025851      -21245.954                                                  -21245.954
              1      -10644.774      0.31385046   2.2314361e-09      -23.025851       -23.025851      -21243.496                                                  -21243.496
              2       -10645.16       0.2932021   2.4628538e-09      -23.025851       -23.025851      -21244.269                                                  -21244.269
              3      -10645.513      0.30184631   2.1885543e-09      -23.025851       -23.025851      -21244.975                                                  -21244.975
              1      -10645.414      0.30308736   2.1648147e-09      -23.025851       -23.025851      -21244.777                                                  -21244.777
              2      -10645.021      0.35174317   1.6979037e-09      -23.025851       -23.025851      -21243.991                                                  -21243.991
              1      -10645.627      0.34492254   1.7964226e-09      -23.025851       -23.025851      -21245.201                                                  -21245.201
              2      -10645.822       0.3091291   2.1229165e-09      -23.025851       -23.025851      -21245.593                                                  -21245.593
              3       -10645.43      0.30308055   2.3247292e-09      -23.025851       -23.025851      -21244.808                                                  -21244.808
              4      -10645.237      0.32849955   2.0428925e-09      -23.025851       -23.025851      -21244.423                                                  -21244.423
              3      -10645.067      0.33174432   2.0161796e-09      -23.025851       -23.025851      -21244.082                                                  -21244.082
              3      -10644.689      0.35869153   1.7575656e-09      -23.025851       -23.025851      -21243.326                                                  -21243.326
              7      -10644.749      0.36212873   1.7194557e-09      -23.025851       -23.025851      -21243.446                                                  -21243.446
              1      -10644.568      0.32819956   2.0763408e-09      -23.025851       -23.025851      -21243.084                                                  -21243.084
              1      -10645.891       0.3325679   1.9075397e-09      -23.025851       -23.025851      -21245.729                                                  -21245.729
              2      -10645.964      0.32973011   1.9513093e-09      -23.025851       -23.025851      -21245.877                                                  -21245.877
             10      -10646.003      0.31296782   2.1539146e-09      -23.025851       -23.025851      -21245.955                                                  -21245.955
              2      -10645.871      0.29894463   2.3227641e-09      -23.025851       -23.025851      -21245.691                                                  -21245.691
             11      -10645.833      0.32119466   1.9924719e-09      -23.025851       -23.025851      -21245.615                                                  -21245.615
              1       -10645.57      0.34599267   1.8217704e-09      -23.025851       -23.025851      -21245.089                                                  -21245.089
              1      -10645.814      0.30110007   2.3115768e-09      -23.025851       -23.025851      -21245.576                                                  -21245.576
              3      -10645.513      0.30106354   2.1991354e-09      -23.025851       -23.025851      -21244.974                                                  -21244.974
              2      -10645.199      0.29716243    2.411745e-09      -23.025851       -23.025851      -21244.346                                                  -21244.346
              2      -10645.137      0.33382817   1.9901557e-09      -23.025851       -23.025851      -21244.222                                                  -21244.222
              3      -10645.305      0.33256199   1.9946812e-09      -23.025851       -23.025851      -21244.558                                                  -21244.558
              2       -10645.09      0.31092817   2.2511647e-09      -23.025851       -23.025851      -21244.128                                                  -21244.128
              1      -10645.699      0.29061661   2.3973287e-09      -23.025851       -23.025851      -21245.347                                                  -21245.347
              1      -10645.553      0.29167562   2.3461513e-09      -23.025851       -23.025851      -21245.054                                                  -21245.054
              1      -10645.966      0.30366179   2.2188689e-09      -23.025851       -23.025851       -21245.88                                                   -21245.88
              4      -10645.495      0.29425385   2.4231188e-09      -23.025851       -23.025851      -21244.939                                                  -21244.939
              2      -10646.047      0.31729694   2.0647807e-09      -23.025851       -23.025851      -21246.042                                                  -21246.042
              1      -10645.891      0.31648896   2.1303793e-09      -23.025851       -23.025851       -21245.73                                                   -21245.73
              1      -10644.414      0.27259501   2.6024053e-09      -23.025851       -23.025851      -21242.777                                                  -21242.777
              2      -10644.398      0.27247054    2.603706e-09      -23.025851       -23.025851      -21242.745                                                  -21242.745
              2       -10645.43      0.28310796   2.5151921e-09      -23.025851       -23.025851      -21244.808                                                  -21244.808
              2      -10645.016      0.28693853   2.5501689e-09      -23.025851       -23.025851       -21243.98                                                   -21243.98
              3      -10644.821      0.29352023   2.4800185e-09      -23.025851       -23.025851       -21243.59                                                   -21243.59
              4       -10644.98      0.30458514   2.3332238e-09      -23.025851       -23.025851      -21243.908                                                  -21243.908
              4      -10645.041      0.30246156   2.3559981e-09      -23.025851       -23.025851      -21244.031                                                  -21244.031
              3      -10645.551      0.28611077   2.4827117e-09      -23.025851       -23.025851       -21245.05                                                   -21245.05
              8      -10645.515      0.29275271   2.4378832e-09      -23.025851       -23.025851      -21244.978                                                  -21244.978
              1       -10644.73      0.28100723   2.4584649e-09      -23.025851       -23.025851      -21243.409                                                  -21243.409
              1      -10644.951      0.28382858   2.4244874e-09      -23.025851       -23.025851       -21243.85                                                   -21243.85
              1      -10645.216      0.30595582   2.1160815e-09      -23.025851       -23.025851      -21244.381                                                  -21244.381
              6      -10645.973      0.32642686   1.9664334e-09      -23.025851       -23.025851      -21245.894                                                  -21245.894
              1       -10645.99      0.32773597   1.9733374e-09      -23.025851       -23.025851      -21245.928                                                  -21245.928
              4      -10645.493      0.29012597   2.4685622e-09      -23.025851       -23.025851      -21244.934                                                  -21244.934
              1      -10645.686       0.2921927   2.4190655e-09      -23.025851       -23.025851       -21245.32                                                   -21245.32
              2      -10644.801      0.34032127   1.9375126e-09      -23.025851       -23.025851       -21243.55                                                   -21243.55
              3      -10645.052       0.3330303       2.003e-09      -23.025851       -23.025851      -21244.053                                                  -21244.053
              5      -10645.029      0.33405062   1.9931456e-09      -23.025851       -23.025851      -21244.007                                                  -21244.007
              2      -10646.065      0.31169198   2.1462566e-09      -23.025851       -23.025851      -21246.079                                                  -21246.079
              1       -10644.41      0.27581197   2.5341163e-09      -23.025851       -23.025851      -21242.767                                                  -21242.767
              2      -10644.104      0.29747041   2.4625159e-09      -23.025851       -23.025851      -21242.156                                                  -21242.156
              2       -10645.52      0.31699037   2.1558528e-09      -23.025851       -23.025851      -21244.988                                                  -21244.988
              1      -10645.881      0.29791823   2.2954914e-09      -23.025851       -23.025851       -21245.71                                                   -21245.71
              1      -10645.929      0.30112388   2.2507795e-09      -23.025851       -23.025851      -21245.807                                                  -21245.807
              6      -10645.708      0.30366196   2.2952727e-09      -23.025851       -23.025851      -21245.364                                                  -21245.364
              2      -10645.801      0.30767035   2.2403229e-09      -23.025851       -23.025851      -21245.551                                                  -21245.551
              1        -10645.2      0.33931804   1.7923284e-09      -23.025851       -23.025851      -21244.349                                                  -21244.349
              1        -10645.2      0.33982094   1.7885355e-09      -23.025851       -23.025851      -21244.347                                                  -21244.347
              1      -10645.898      0.32447955   1.9693734e-09      -23.025851       -23.025851      -21245.744                                                  -21245.744
              4      -10644.944      0.31825715   1.9650432e-09      -23.025851       -23.025851      -21243.836                                                  -21243.836
              2      -10645.967      0.30158403   2.2593576e-09      -23.025851       -23.025851      -21245.883                                                  -21245.883
              2      -10644.491      0.31256544   2.0053613e-09      -23.025851       -23.025851      -21242.931                                                  -21242.931
              4      -10646.009      0.30653294   2.2191772e-09      -23.025851       -23.025851      -21245.967                                                  -21245.967
              4      -10645.964      0.30220463   2.2433534e-09      -23.025851       -23.025851      -21245.876                                                  -21245.876
              1      -10644.841      0.28476205   2.3994927e-09      -23.025851       -23.025851       -21243.63                                                   -21243.63
              7      -10644.363      0.28338005   2.3924662e-09      -23.025851       -23.025851      -21242.674                                                  -21242.674
              1      -10645.715      0.34178937   1.8267491e-09      -23.025851       -23.025851      -21245.379                                                  -21245.379
              1      -10645.654      0.34493631   1.8100535e-09      -23.025851       -23.025851      -21245.256                                                  -21245.256
              5      -10645.709      0.33525096    1.934176e-09      -23.025851       -23.025851      -21245.367                                                  -21245.367
              1      -10645.444      0.34842239   1.8096477e-09      -23.025851       -23.025851      -21244.836                                                  -21244.836
              3      -10643.472      0.33764216   2.0115987e-09      -23.025851       -23.025851      -21240.892                                                  -21240.892
              1      -10645.731      0.31132889   2.2052034e-09      -23.025851       -23.025851      -21245.409                                                  -21245.409
              1      -10645.777      0.31297813    2.182147e-09      -23.025851       -23.025851      -21245.502                                                  -21245.502
              2      -10645.596      0.29740309   2.3774378e-09      -23.025851       -23.025851      -21245.141                                                  -21245.141
              2      -10644.787      0.30786206   2.0711144e-09      -23.025851       -23.025851      -21243.523                                                  -21243.523
              1        -10645.5       0.3281843   1.9009849e-09      -23.025851       -23.025851      -21244.949                                                  -21244.949
              6      -10646.066      0.31282356   2.1355461e-09      -23.025851       -23.025851      -21246.081                                                  -21246.081
              1      -10644.876      0.28273911   2.4381493e-09      -23.025851       -23.025851      -21243.701                                                  -21243.701
              1      -10645.863      0.29802406   2.2877711e-09      -23.025851       -23.025851      -21245.673                                                  -21245.673
              1      -10645.867       0.2968116    2.314154e-09      -23.025851       -23.025851      -21245.682                                                  -21245.682
              1       -10645.89      0.29929571   2.2721195e-09      -23.025851       -23.025851      -21245.729                                                  -21245.729
              1      -10645.431      0.34085558   1.8963491e-09      -23.025851       -23.025851      -21244.811                                                  -21244.811
              2      -10645.265      0.34426151   1.8714749e-09      -23.025851       -23.025851      -21244.478                                                  -21244.478
              3      -10646.012      0.32493193   1.9890947e-09      -23.025851       -23.025851      -21245.972                                                  -21245.972
              1      -10645.645      0.33773535   1.8371644e-09      -23.025851       -23.025851      -21245.239                                                  -21245.239
              1      -10646.057      0.31882416   2.0716465e-09      -23.025851       -23.025851      -21246.063                                                  -21246.063
              3      -10646.068      0.31788805   2.0752297e-09      -23.025851       -23.025851      -21246.084                                                  -21246.084
              3      -10645.034      0.27897954   2.5290298e-09      -23.025851       -23.025851      -21244.016                                                  -21244.016
              1      -10645.067      0.27960652   2.5196115e-09      -23.025851       -23.025851      -21244.083                                                  -21244.083
              1      -10644.876       0.2876246    2.353837e-09      -23.025851       -23.025851        -21243.7                                                    -21243.7
              3      -10645.974      0.32865733   1.9546753e-09      -23.025851       -23.025851      -21245.896                                                  -21245.896
              3      -10643.945      0.31566608   2.2414287e-09      -23.025851       -23.025851      -21241.837                                                  -21241.837
              1       -10644.56       0.2736905   2.5921415e-09      -23.025851       -23.025851      -21243.068                                                  -21243.068
              1      -10645.548      0.30770689   2.1162804e-09      -23.025851       -23.025851      -21245.043                                                  -21245.043
              3      -10645.796       0.3369326   1.9009525e-09      -23.025851       -23.025851       -21245.54                                                   -21245.54
              4      -10645.734      0.34073957   1.8609038e-09      -23.025851       -23.025851      -21245.417                                                  -21245.417
              4      -10645.789      0.33308519   1.9501303e-09      -23.025851       -23.025851      -21245.526                                                  -21245.526
              2      -10645.626      0.32374506   2.0716795e-09      -23.025851       -23.025851      -21245.201                                                  -21245.201
              3      -10645.681       0.3288971   2.0092939e-09      -23.025851       -23.025851       -21245.31                                                   -21245.31
              7      -10645.714       0.3298069   1.9960954e-09      -23.025851       -23.025851      -21245.376                                                  -21245.376
              3      -10646.043      0.32169909   2.0400244e-09      -23.025851       -23.025851      -21246.034                                                  -21246.034
              1      -10646.048      0.32152879    2.039364e-09      -23.025851       -23.025851      -21246.043                                                  -21246.043
              2      -10646.016      0.32429207   2.0158538e-09      -23.025851       -23.025851      -21245.981                                                  -21245.981
              2      -10645.463      0.29738021   2.3898054e-09      -23.025851       -23.025851      -21244.874                                                  -21244.874
              1      -10645.517      0.28908506   2.4756594e-09      -23.025851       -23.025851      -21244.981                                                  -21244.981
              1      -10645.633      0.29374477    2.321113e-09      -23.025851       -23.025851      -21245.214                                                  -21245.214
              1      -10645.218      0.29172064   2.3128874e-09      -23.025851       -23.025851      -21244.384                                                  -21244.384
              1      -10645.379      0.32729531   1.9011685e-09      -23.025851       -23.025851      -21244.706                                                  -21244.706
              1      -10644.356      0.34110975    1.740406e-09      -23.025851       -23.025851      -21242.661                                                  -21242.661
              2      -10644.972      0.35483248   1.7797869e-09      -23.025851       -23.025851      -21243.892                                                  -21243.892
              2      -10643.971      0.34927351   1.8789434e-09      -23.025851       -23.025851      -21241.891                                                  -21241.891
              4      -10643.982      0.31314075   1.9800036e-09      -23.025851       -23.025851      -21241.913                                                  -21241.913
              1      -10645.316      0.34274417   1.8842483e-09      -23.025851       -23.025851       -21244.58                                                   -21244.58
              2      -10645.442      0.32203168    2.103362e-09      -23.025851       -23.025851      -21244.833                                                  -21244.833
              3      -10645.606      0.31816936   2.1364522e-09      -23.025851       -23.025851       -21245.16                                                   -21245.16
              1      -10645.875      0.32112123   2.0791189e-09      -23.025851       -23.025851      -21245.699                                                  -21245.699
              1      -10645.818      0.33784622   1.8788511e-09      -23.025851       -23.025851      -21245.584                                                  -21245.584
              1      -10645.763       0.3391648   1.8769127e-09      -23.025851       -23.025851      -21245.475                                                  -21245.475
              1      -10645.338      0.33859383   1.9274606e-09      -23.025851       -23.025851      -21244.623                                                  -21244.623
              4       -10645.34      0.33694547   1.9450697e-09      -23.025851       -23.025851      -21244.629                                                  -21244.629
              6      -10645.323      0.35055895   1.7980308e-09      -23.025851       -23.025851      -21244.594                                                  -21244.594
              1      -10645.904      0.30519322   2.1840756e-09      -23.025851       -23.025851      -21245.756                                                  -21245.756
              1      -10646.046      0.32006212   2.0610578e-09      -23.025851       -23.025851      -21246.039                                                  -21246.039
              1      -10646.042      0.31946446   2.0700538e-09      -23.025851       -23.025851      -21246.031                                                  -21246.031
              2      -10643.395      0.33357355   1.7690232e-09      -23.025851       -23.025851      -21240.737                                                  -21240.737
              1      -10645.263         0.28815   2.3756466e-09      -23.025851       -23.025851      -21244.474                                                  -21244.474
              1      -10645.124      0.28698258   2.3833127e-09      -23.025851       -23.025851      -21244.195                                                  -21244.195
              1      -10645.091      0.28936683   2.3408395e-09      -23.025851       -23.025851      -21244.131                                                  -21244.131
              6      -10646.066      0.31808641   2.0743203e-09      -23.025851       -23.025851      -21246.081                                                  -21246.081
              1      -10645.981      0.32143384    2.060748e-09      -23.025851       -23.025851      -21245.909                                                  -21245.909
              1      -10644.932      0.36440278   1.6785111e-09      -23.025851       -23.025851      -21243.812                                                  -21243.812
             10       -10644.57       0.3599727   1.7512457e-09      -23.025851       -23.025851      -21243.088                                                  -21243.088
              2      -10645.039      0.36069322   1.7106253e-09      -23.025851       -23.025851      -21244.026                                                  -21244.026
              1      -10644.947      0.36465424   1.6731857e-09      -23.025851       -23.025851      -21243.842                                                  -21243.842
              1      -10644.781      0.33896581   1.9525111e-09      -23.025851       -23.025851       -21243.51                                                   -21243.51
              1      -10645.801      0.33856105   1.8730905e-09      -23.025851       -23.025851      -21245.551                                                  -21245.551
              7       -10645.84      0.33662418   1.8917978e-09      -23.025851       -23.025851      -21245.629                                                  -21245.629
              2       -10645.46      0.34892983   1.8011129e-09      -23.025851       -23.025851      -21244.869                                                  -21244.869
              7      -10645.132      0.36123863   1.6709176e-09      -23.025851       -23.025851      -21244.212                                                  -21244.212
              2      -10645.689      0.31392376   2.1788685e-09      -23.025851       -23.025851      -21245.326                                                  -21245.326
              5      -10645.852      0.29633109   2.3463641e-09      -23.025851       -23.025851      -21245.651                                                  -21245.651
              2      -10644.891      0.30704407   2.0856698e-09      -23.025851       -23.025851       -21243.73                                                   -21243.73
              4      -10645.519      0.30658165   2.1279695e-09      -23.025851       -23.025851      -21244.986                                                  -21244.986
              1      -10645.695      0.33805863   1.8407819e-09      -23.025851       -23.025851      -21245.338                                                  -21245.338
              2      -10645.928      0.32947882   1.9717918e-09      -23.025851       -23.025851      -21245.803                                                  -21245.803
              2      -10645.883      0.32827997   1.9946422e-09      -23.025851       -23.025851      -21245.714                                                  -21245.714
              1      -10645.184      0.30302358    2.341087e-09      -23.025851       -23.025851      -21244.317                                                  -21244.317
              3      -10644.356      0.27548819   2.5365621e-09      -23.025851       -23.025851      -21242.661                                                  -21242.661
              1      -10645.189      0.29583863   2.4285764e-09      -23.025851       -23.025851      -21244.327                                                  -21244.327
              5      -10645.106      0.28618623   2.5518943e-09      -23.025851       -23.025851      -21244.161                                                  -21244.161
              2      -10645.678      0.31279951   2.1926436e-09      -23.025851       -23.025851      -21245.305                                                  -21245.305
              1      -10645.756      0.30370254   2.2898866e-09      -23.025851       -23.025851      -21245.461                                                  -21245.461
              1      -10645.849      0.30383788   2.2773643e-09      -23.025851       -23.025851      -21245.646                                                  -21245.646
              1      -10645.848      0.32807923   1.9323285e-09      -23.025851       -23.025851      -21245.644                                                  -21245.644
              1      -10645.783      0.33815927   1.8550923e-09      -23.025851       -23.025851      -21245.514                                                  -21245.514
              1      -10645.848      0.33649707   1.8845297e-09      -23.025851       -23.025851      -21245.644                                                  -21245.644
              4      -10645.823      0.30492756   2.1767612e-09      -23.025851       -23.025851      -21245.595                                                  -21245.595
              2      -10646.045      0.32131734   2.0282438e-09      -23.025851       -23.025851      -21246.038                                                  -21246.038
             17      -10644.975      0.36133544   1.7099887e-09      -23.025851       -23.025851      -21243.897                                                  -21243.897
              1      -10643.786      0.33034826   2.0798313e-09      -23.025851       -23.025851       -21241.52                                                   -21241.52
              3      -10645.811      0.31075334   2.1022519e-09      -23.025851       -23.025851      -21245.571                                                  -21245.571
              2      -10646.012      0.30985358   2.1419173e-09      -23.025851       -23.025851      -21245.973                                                  -21245.973
              1      -10645.606      0.34320749   1.7992845e-09      -23.025851       -23.025851       -21245.16                                                   -21245.16
              1       -10645.59      0.34026656   1.8888625e-09      -23.025851       -23.025851      -21245.129                                                  -21245.129
              1      -10645.764      0.32542545   2.0412861e-09      -23.025851       -23.025851      -21245.476                                                  -21245.476
              4      -10645.383      0.33112435    1.868166e-09      -23.025851       -23.025851      -21244.714                                                  -21244.714
              2      -10645.465      0.29010691   2.4721422e-09      -23.025851       -23.025851      -21244.879                                                  -21244.879
              1      -10645.521      0.28629411   2.4958609e-09      -23.025851       -23.025851      -21244.991                                                  -21244.991
              6       -10645.73       0.3269136   2.0274667e-09      -23.025851       -23.025851      -21245.408                                                  -21245.408
              2      -10645.677      0.33971436   1.8851022e-09      -23.025851       -23.025851      -21245.303                                                  -21245.303
              1       -10645.37      0.32691761    2.052936e-09      -23.025851       -23.025851      -21244.689                                                  -21244.689
              2      -10645.603       0.3239438   2.0711432e-09      -23.025851       -23.025851      -21245.154                                                  -21245.154
              1      -10645.782      0.29312646   2.3683466e-09      -23.025851       -23.025851      -21245.513                                                  -21245.513
              2      -10645.849      0.29602163   2.3483909e-09      -23.025851       -23.025851      -21245.646                                                  -21245.646
              1      -10645.459      0.31820448   1.9931825e-09      -23.025851       -23.025851      -21244.867                                                  -21244.867
              4       -10645.42      0.34052988   1.7979427e-09      -23.025851       -23.025851      -21244.788                                                  -21244.788
              1      -10644.151      0.33434525   2.0250996e-09      -23.025851       -23.025851       -21242.25                                                   -21242.25
              2      -10645.021      0.34986608   1.8280638e-09      -23.025851       -23.025851      -21243.989                                                  -21243.989
              2      -10645.046      0.34110333   1.7705801e-09      -23.025851       -23.025851      -21244.041                                                  -21244.041
              1      -10645.318      0.34371513   1.7686683e-09      -23.025851       -23.025851      -21244.585                                                  -21244.585
              2      -10645.616      0.33883497   1.8266926e-09      -23.025851       -23.025851       -21245.18                                                   -21245.18
              1      -10645.942      0.31484369   2.1426678e-09      -23.025851       -23.025851      -21245.833                                                  -21245.833
              2       -10645.75      0.30477507    2.278412e-09      -23.025851       -23.025851      -21245.449                                                  -21245.449
              1      -10645.726      0.33303624   1.8794346e-09      -23.025851       -23.025851      -21245.401                                                  -21245.401
              1      -10645.716      0.33619038   1.8556168e-09      -23.025851       -23.025851       -21245.38                                                   -21245.38
              1      -10644.889      0.33170137   1.8375519e-09      -23.025851       -23.025851      -21243.727                                                  -21243.727
              1      -10643.832      0.34277087   1.7097261e-09      -23.025851       -23.025851      -21241.611                                                  -21241.611
              1      -10645.588      0.34686988   1.7839155e-09      -23.025851       -23.025851      -21245.124                                                  -21245.124
              3      -10645.823      0.33659791   1.8989022e-09      -23.025851       -23.025851      -21245.595                                                  -21245.595
              2      -10645.602      0.34033726   1.8154769e-09      -23.025851       -23.025851      -21245.153                                                  -21245.153
              1      -10645.375      0.35436117   1.7276773e-09      -23.025851       -23.025851      -21244.698                                                  -21244.698
              4          -10645      0.33442691   1.9905078e-09      -23.025851       -23.025851      -21243.949                                                  -21243.949
              1      -10645.699      0.32535403    2.047797e-09      -23.025851       -23.025851      -21245.346                                                  -21245.346
              1       -10645.46       0.3244275   2.0753297e-09      -23.025851       -23.025851      -21244.867                                                  -21244.867
              1      -10645.559      0.31892958   2.1310679e-09      -23.025851       -23.025851      -21245.066                                                  -21245.066
              2      -10645.759      0.31061167   2.2108826e-09      -23.025851       -23.025851      -21245.466                                                  -21245.466
              1      -10645.857      0.30685601   2.1554467e-09      -23.025851       -23.025851      -21245.662                                                  -21245.662
              6       -10645.91      0.31626045   2.0511824e-09      -23.025851       -23.025851      -21245.768                                                  -21245.768
              5       -10646.01      0.32498469   2.0083745e-09      -23.025851       -23.025851      -21245.969                                                  -21245.969
              1      -10645.926      0.32736814   1.9987922e-09      -23.025851       -23.025851        -21245.8                                                    -21245.8
              2      -10645.875      0.31606315   2.1370702e-09      -23.025851       -23.025851      -21245.698                                                  -21245.698
              1      -10645.653      0.34306769   1.8460668e-09      -23.025851       -23.025851      -21245.254                                                  -21245.254
              1      -10645.342       0.3523561   1.7745953e-09      -23.025851       -23.025851      -21244.632                                                  -21244.632
              1      -10643.638       0.3307985   2.0794199e-09      -23.025851       -23.025851      -21241.225                                                  -21241.225
              1      -10644.709      0.34749554   1.8681684e-09      -23.025851       -23.025851      -21243.367                                                  -21243.367
              1      -10644.619       0.3483644   1.8634411e-09      -23.025851       -23.025851      -21243.186                                                  -21243.186
              2      -10642.434      0.30609491   2.4046592e-09      -23.025851       -23.025851      -21238.816                                                  -21238.816
              2      -10643.094      0.30900525   2.3491378e-09      -23.025851       -23.025851      -21240.135                                                  -21240.135
              5      -10643.233      0.34418367   1.9514832e-09      -23.025851       -23.025851      -21240.415                                                  -21240.415
              3      -10644.628      0.33080496   2.0455748e-09      -23.025851       -23.025851      -21243.204                                                  -21243.204
              1      -10644.321      0.32523352   2.1183871e-09      -23.025851       -23.025851      -21242.589                                                  -21242.589
              6      -10645.973      0.30222536    2.264613e-09      -23.025851       -23.025851      -21245.895                                                  -21245.895
              1      -10645.969       0.3246909   2.0236099e-09      -23.025851       -23.025851      -21245.887                                                  -21245.887
              1      -10645.952      0.33050538   1.9463066e-09      -23.025851       -23.025851      -21245.852                                                  -21245.852
              1      -10645.188      0.35013308    1.814222e-09      -23.025851       -23.025851      -21244.324                                                  -21244.324
              6      -10645.221      0.34434929   1.7578014e-09      -23.025851       -23.025851      -21244.391                                                  -21244.391
              6      -10644.993      0.34341901   1.7510228e-09      -23.025851       -23.025851      -21243.935                                                  -21243.935
              1      -10645.081      0.36273237   1.6618819e-09      -23.025851       -23.025851      -21244.111                                                  -21244.111
              1      -10644.789      0.34101012   1.9308854e-09      -23.025851       -23.025851      -21243.526                                                  -21243.526
              1      -10642.723      0.31564614   2.2780336e-09      -23.025851       -23.025851      -21239.395                                                  -21239.395
              2      -10644.875      0.30074677   2.3859701e-09      -23.025851       -23.025851      -21243.698                                                  -21243.698
              2      -10644.784      0.29062524   2.5191354e-09      -23.025851       -23.025851      -21243.516                                                  -21243.516
              2      -10645.581      0.29391815   2.4177075e-09      -23.025851       -23.025851       -21245.11                                                   -21245.11
              3      -10645.498      0.28808562   2.4876658e-09      -23.025851       -23.025851      -21244.945                                                  -21244.945
             10      -10645.253      0.34548249   1.8592231e-09      -23.025851       -23.025851      -21244.455                                                  -21244.455
              2      -10645.629      0.33619171   1.9316087e-09      -23.025851       -23.025851      -21245.206                                                  -21245.206
              1        -10645.9      0.33231425   1.9399416e-09      -23.025851       -23.025851      -21245.748                                                  -21245.748
              1      -10645.872      0.33485627   1.9097133e-09      -23.025851       -23.025851      -21245.692                                                  -21245.692
              2      -10646.057       0.3107211   2.1461408e-09      -23.025851       -23.025851      -21246.062                                                  -21246.062
              1      -10645.532      0.30477947    2.297214e-09      -23.025851       -23.025851      -21245.012                                                  -21245.012
              1      -10645.609      0.28828133   2.4618685e-09      -23.025851       -23.025851      -21245.167                                                  -21245.167
              3      -10645.368       0.3171171   2.1638291e-09      -23.025851       -23.025851      -21244.683                                                  -21244.683
              6      -10645.088       0.3619152   1.6865706e-09      -23.025851       -23.025851      -21244.125                                                  -21244.125
              2      -10644.876      0.33945754   1.9431221e-09      -23.025851       -23.025851        -21243.7                                                    -21243.7
              1      -10645.619      0.32675995   2.0382992e-09      -23.025851       -23.025851      -21245.186                                                  -21245.186
              2      -10645.572      0.34488263   1.7861887e-09      -23.025851       -23.025851      -21245.092                                                  -21245.092
              2       -10646.02      0.32290667   2.0061915e-09      -23.025851       -23.025851      -21245.989                                                  -21245.989
              2      -10644.723      0.32328741   1.9059034e-09      -23.025851       -23.025851      -21243.394                                                  -21243.394
              1       -10644.67      0.32568416   1.8813335e-09      -23.025851       -23.025851      -21243.288                                                  -21243.288
              4      -10645.767      0.32322754    1.966676e-09      -23.025851       -23.025851      -21245.483                                                  -21245.483
              4      -10645.407      0.33654661   1.8261803e-09      -23.025851       -23.025851      -21244.762                                                  -21244.762
              2      -10645.024       0.3512955   1.7008013e-09      -23.025851       -23.025851      -21243.996                                                  -21243.996
              4      -10645.656      0.30751113   2.1271478e-09      -23.025851       -23.025851      -21245.259                                                  -21245.259
              1      -10645.621      0.30686474    2.132282e-09      -23.025851       -23.025851       -21245.19                                                   -21245.19
              2      -10645.734      0.30772911   2.1313723e-09      -23.025851       -23.025851      -21245.417                                                  -21245.417
              3      -10645.886      0.30907917   2.2147713e-09      -23.025851       -23.025851       -21245.72                                                   -21245.72
              1      -10645.981      0.32019639   2.0212868e-09      -23.025851       -23.025851       -21245.91                                                   -21245.91
              2      -10645.802      0.30868313   2.1262787e-09      -23.025851       -23.025851      -21245.553                                                  -21245.553
              1      -10645.895      0.29900758   2.2788544e-09      -23.025851       -23.025851      -21245.739                                                  -21245.739
              1      -10645.551      0.29209592   2.3386453e-09      -23.025851       -23.025851       -21245.05                                                   -21245.05
              2      -10645.705      0.33469152   1.8649151e-09      -23.025851       -23.025851      -21245.359                                                  -21245.359
              1       -10645.88       0.3299485    1.922339e-09      -23.025851       -23.025851      -21245.709                                                  -21245.709
              1      -10645.836      0.32852026   1.9272504e-09      -23.025851       -23.025851       -21245.62                                                   -21245.62
              2       -10645.58      0.34708313   1.8029962e-09      -23.025851       -23.025851      -21245.109                                                  -21245.109
              1      -10645.324      0.31504963   2.0181039e-09      -23.025851       -23.025851      -21244.596                                                  -21244.596
              2      -10644.132      0.32931851   1.8285352e-09      -23.025851       -23.025851      -21242.212                                                  -21242.212
              4      -10643.621      0.34914608   1.6572474e-09      -23.025851       -23.025851      -21241.191                                                  -21241.191
              2      -10645.484      0.28597444   2.5068666e-09      -23.025851       -23.025851      -21244.916                                                  -21244.916
              3      -10645.745      0.29926356   2.2475397e-09      -23.025851       -23.025851      -21245.438                                                  -21245.438
              2       -10645.93      0.30017988   2.2685236e-09      -23.025851       -23.025851      -21245.808                                                  -21245.808
              2      -10645.963        0.320315   2.0768423e-09      -23.025851       -23.025851      -21245.874                                                  -21245.874
              1      -10646.062       0.3130709   2.1174813e-09      -23.025851       -23.025851      -21246.073                                                  -21246.073
              1      -10645.825      0.32741391   1.9350701e-09      -23.025851       -23.025851      -21245.598                                                  -21245.598
              1      -10645.174      0.32599795    2.073858e-09      -23.025851       -23.025851      -21244.297                                                  -21244.297
              1      -10645.589      0.28930058   2.4614711e-09      -23.025851       -23.025851      -21245.126                                                  -21245.126
              1      -10645.757      0.29423118   2.3335783e-09      -23.025851       -23.025851      -21245.463                                                  -21245.463
              1        -10645.8      0.29533971   2.3224889e-09      -23.025851       -23.025851      -21245.549                                                  -21245.549
              1      -10645.997      0.31505862   2.0768828e-09      -23.025851       -23.025851      -21245.941                                                  -21245.941
              5      -10646.058      0.32011856   2.0522906e-09      -23.025851       -23.025851      -21246.064                                                  -21246.064
              1      -10645.889      0.32303171   2.0554149e-09      -23.025851       -23.025851      -21245.727                                                  -21245.727
              2       -10645.85      0.30392938   2.2762295e-09      -23.025851       -23.025851      -21245.648                                                  -21245.648
              2      -10645.872      0.29852999   2.3259854e-09      -23.025851       -23.025851      -21245.692                                                  -21245.692
              1      -10644.953       0.2998555    2.178982e-09      -23.025851       -23.025851      -21243.855                                                  -21243.855
              4      -10645.621      0.32064809   1.9795936e-09      -23.025851       -23.025851      -21245.191                                                  -21245.191
              1      -10645.609      0.31089487   2.2200141e-09      -23.025851       -23.025851      -21245.166                                                  -21245.166
              4      -10645.552      0.28617132   2.4661266e-09      -23.025851       -23.025851      -21245.053                                                  -21245.053
              1      -10645.281      0.28195887   2.4997928e-09      -23.025851       -23.025851       -21244.51                                                   -21244.51
              4      -10645.634      0.28900696   2.4516812e-09      -23.025851       -23.025851      -21245.216                                                  -21245.216
              2      -10645.048      0.32362394   2.1066089e-09      -23.025851       -23.025851      -21244.044                                                  -21244.044
              5      -10643.191      0.35632941   1.8351696e-09      -23.025851       -23.025851      -21240.331                                                  -21240.331
              1      -10642.991      0.35310495   1.8709701e-09      -23.025851       -23.025851      -21239.931                                                  -21239.931
              1      -10645.305      0.32591661   2.0677809e-09      -23.025851       -23.025851      -21244.559                                                  -21244.559
              1      -10645.362      0.32716765    2.050623e-09      -23.025851       -23.025851      -21244.673                                                  -21244.673
              1      -10645.896      0.31775994   2.1152989e-09      -23.025851       -23.025851       -21245.74                                                   -21245.74
              1      -10645.802      0.33610441   1.8689593e-09      -23.025851       -23.025851      -21245.552                                                  -21245.552
              2      -10646.001      0.30440895   2.2196606e-09      -23.025851       -23.025851      -21245.951                                                  -21245.951
              1      -10645.865      0.30475546   2.1843437e-09      -23.025851       -23.025851      -21245.677                                                  -21245.677
              2      -10645.953      0.32332817   1.9876903e-09      -23.025851       -23.025851      -21245.854                                                  -21245.854
              1      -10646.036       0.3102828   2.1429784e-09      -23.025851       -23.025851      -21246.021                                                  -21246.021
              1      -10645.819      0.31891483    2.013661e-09      -23.025851       -23.025851      -21245.587                                                  -21245.587
              3      -10645.829      0.33515111   1.8794868e-09      -23.025851       -23.025851      -21245.606                                                  -21245.606
              3      -10644.247      0.34076972   1.7389258e-09      -23.025851       -23.025851      -21242.442                                                  -21242.442
              2      -10644.595      0.35829894   1.6354007e-09      -23.025851       -23.025851      -21243.139                                                  -21243.139
              2      -10644.651      0.34899849   1.8556843e-09      -23.025851       -23.025851       -21243.25                                                   -21243.25
              1      -10645.271      0.33388279   1.9823084e-09      -23.025851       -23.025851       -21244.49                                                   -21244.49
              2       -10644.57      0.34713517   1.7050761e-09      -23.025851       -23.025851      -21243.089                                                  -21243.089
              3      -10645.797      0.33880185   1.8707463e-09      -23.025851       -23.025851      -21245.541                                                  -21245.541
              6      -10645.741      0.29893919   2.2519942e-09      -23.025851       -23.025851      -21245.431                                                  -21245.431
              6      -10645.675      0.32750448    2.025471e-09      -23.025851       -23.025851      -21245.299                                                  -21245.299
              3      -10645.623      0.30116208    2.207249e-09      -23.025851       -23.025851      -21245.195                                                  -21245.195
              2      -10645.678       0.3066536   2.2636745e-09      -23.025851       -23.025851      -21245.303                                                  -21245.303
              1      -10645.891      0.29850967   2.3204372e-09      -23.025851       -23.025851       -21245.73                                                   -21245.73
              1       -10645.98      0.30330887   2.2556575e-09      -23.025851       -23.025851      -21245.909                                                  -21245.909
              2      -10645.922      0.29892812   2.2951826e-09      -23.025851       -23.025851      -21245.792                                                  -21245.792
              2      -10644.731      0.31994554   2.1623428e-09      -23.025851       -23.025851      -21243.411                                                  -21243.411
              2      -10645.981      0.31558259   2.1284802e-09      -23.025851       -23.025851       -21245.91                                                   -21245.91
              4      -10645.477      0.28822417   2.3989482e-09      -23.025851       -23.025851      -21244.902                                                  -21244.902
              1       -10645.81      0.29481178   2.3368042e-09      -23.025851       -23.025851      -21245.569                                                  -21245.569
              2      -10645.729      0.29117174   2.4056876e-09      -23.025851       -23.025851      -21245.406                                                  -21245.406
              2       -10645.73      0.29129403   2.3947149e-09      -23.025851       -23.025851      -21245.409                                                  -21245.409
              1      -10645.632      0.33637644   1.8453111e-09      -23.025851       -23.025851      -21245.212                                                  -21245.212
              1      -10645.974       0.3261976   1.9682774e-09      -23.025851       -23.025851      -21245.896                                                  -21245.896
              2      -10645.417       0.3178206   1.9944975e-09      -23.025851       -23.025851      -21244.781                                                  -21244.781
              1      -10646.053       0.3120094   2.1511742e-09      -23.025851       -23.025851      -21246.054                                                  -21246.054
              5      -10645.706      0.30082932   2.2201651e-09      -23.025851       -23.025851      -21245.361                                                  -21245.361
              3      -10643.902      0.30592958   2.0577303e-09      -23.025851       -23.025851      -21241.753                                                  -21241.753
              1       -10644.15       0.3119835   1.9985074e-09      -23.025851       -23.025851      -21242.249                                                  -21242.249
              5      -10645.867      0.30123438   2.2354478e-09      -23.025851       -23.025851      -21245.682                                                  -21245.682
              1      -10645.782       0.3357214   1.8677202e-09      -23.025851       -23.025851      -21245.512                                                  -21245.512
              2      -10645.734      0.33549836   1.9284337e-09      -23.025851       -23.025851      -21245.416                                                  -21245.416
              1      -10645.999      0.31865903   2.0899019e-09      -23.025851       -23.025851      -21245.947                                                  -21245.947
              4      -10646.051      0.31391154   2.1315959e-09      -23.025851       -23.025851      -21246.051                                                  -21246.051
              4      -10645.524      0.30383665   2.1631183e-09      -23.025851       -23.025851      -21244.996                                                  -21244.996
              5      -10645.725       0.3053342   2.1608876e-09      -23.025851       -23.025851      -21245.399                                                  -21245.399
              1      -10645.655      0.32742916   1.9189721e-09      -23.025851       -23.025851      -21245.259                                                  -21245.259
              1      -10645.767      0.32475476    1.952554e-09      -23.025851       -23.025851      -21245.482                                                  -21245.482
              2       -10644.13      0.30873171   2.0338726e-09      -23.025851       -23.025851      -21242.209                                                  -21242.209
              2      -10645.517      0.28666776   2.4387489e-09      -23.025851       -23.025851      -21244.983                                                  -21244.983
              1      -10645.846      0.29934866   2.2614396e-09      -23.025851       -23.025851      -21245.641                                                  -21245.641
              1      -10645.832      0.32355382   1.9700014e-09      -23.025851       -23.025851      -21245.612                                                  -21245.612
              1      -10645.918      0.33144874   1.9470888e-09      -23.025851       -23.025851      -21245.785                                                  -21245.785
              2      -10645.556      0.32742378   2.0354464e-09      -23.025851       -23.025851       -21245.06                                                   -21245.06
              3      -10645.715      0.29213347   2.3658051e-09      -23.025851       -23.025851      -21245.378                                                  -21245.378
              2      -10645.866      0.29624337   2.3326421e-09      -23.025851       -23.025851       -21245.68                                                   -21245.68
              1      -10645.789      0.33418094   1.8788276e-09      -23.025851       -23.025851      -21245.527                                                  -21245.527
              1      -10645.763      0.29230728   2.3856753e-09      -23.025851       -23.025851      -21245.475                                                  -21245.475
              4      -10644.803      0.28380766   2.4133646e-09      -23.025851       -23.025851      -21243.554                                                  -21243.554
              6      -10645.027      0.29877715   2.1975866e-09      -23.025851       -23.025851      -21244.003                                                  -21244.003
              2      -10645.579      0.31419871    2.183937e-09      -23.025851       -23.025851      -21245.107                                                  -21245.107
              5      -10645.724      0.30094882   2.3242037e-09      -23.025851       -23.025851      -21245.396                                                  -21245.396
              1       -10645.59      0.28826129   2.4678696e-09      -23.025851       -23.025851      -21245.129                                                  -21245.129
              5      -10645.588      0.28699105   2.4601113e-09      -23.025851       -23.025851      -21245.124                                                  -21245.124
              2      -10645.022      0.35724924   1.7507431e-09      -23.025851       -23.025851      -21243.992                                                  -21243.992
              1      -10644.178      0.32805177   2.0921797e-09      -23.025851       -23.025851      -21242.303                                                  -21242.303
              1      -10644.976      0.32516994   2.0926911e-09      -23.025851       -23.025851      -21243.899                                                  -21243.899
              1      -10644.836      0.30753232   2.3043425e-09      -23.025851       -23.025851      -21243.619                                                  -21243.619
              3       -10645.85      0.29568414   2.3358538e-09      -23.025851       -23.025851      -21245.649                                                  -21245.649
              3      -10645.844      0.30638154   2.2499437e-09      -23.025851       -23.025851      -21245.637                                                  -21245.637
              3       -10645.89      0.29779949   2.3020509e-09      -23.025851       -23.025851      -21245.728                                                  -21245.728
              1      -10644.254      0.30183492   2.1207365e-09      -23.025851       -23.025851      -21242.455                                                  -21242.455
              4      -10643.991      0.33509571   1.7748961e-09      -23.025851       -23.025851       -21241.93                                                   -21241.93
              2       -10645.55       0.2928504   2.4328686e-09      -23.025851       -23.025851      -21245.048                                                  -21245.048
              2       -10645.36      0.28418181    2.463426e-09      -23.025851       -23.025851      -21244.669                                                  -21244.669
              2      -10645.228      0.29577836   2.2522997e-09      -23.025851       -23.025851      -21244.404                                                  -21244.404
              2      -10645.098      0.29479104   2.2579418e-09      -23.025851       -23.025851      -21244.145                                                  -21244.145
              1      -10645.106      0.29499286   2.2554713e-09      -23.025851       -23.025851      -21244.159                                                  -21244.159
              2      -10645.242      0.28608915    2.540302e-09      -23.025851       -23.025851      -21244.432                                                  -21244.432
              1      -10645.456       0.2836754   2.5091412e-09      -23.025851       -23.025851      -21244.859                                                  -21244.859
              2      -10645.778      0.30126065   2.3144669e-09      -23.025851       -23.025851      -21245.504                                                  -21245.504
              2      -10645.523      0.28547908   2.4943201e-09      -23.025851       -23.025851      -21244.994                                                  -21244.994
              3      -10645.717       0.2918211   2.4139136e-09      -23.025851       -23.025851      -21245.382                                                  -21245.382
              3      -10645.658      0.32658727   2.0372098e-09      -23.025851       -23.025851      -21245.264                                                  -21245.264
              1      -10645.448      0.31975438   2.1288529e-09      -23.025851       -23.025851      -21244.844                                                  -21244.844
              2      -10645.822      0.31703318   2.0333278e-09      -23.025851       -23.025851      -21245.592                                                  -21245.592
              3      -10645.814      0.30832568    2.131971e-09      -23.025851       -23.025851      -21245.577                                                  -21245.577
              1      -10645.856      0.31720852   2.0349659e-09      -23.025851       -23.025851       -21245.66                                                   -21245.66
              1      -10645.775      0.33014121   1.9862223e-09      -23.025851       -23.025851      -21245.498                                                  -21245.498
              1      -10645.612      0.31111769   2.2172338e-09      -23.025851       -23.025851      -21245.172                                                  -21245.172
              1      -10645.791      0.32529891   2.0400577e-09      -23.025851       -23.025851      -21245.531                                                  -21245.531
              2      -10643.991      0.34108713   1.9602094e-09      -23.025851       -23.025851      -21241.929                                                  -21241.929
              2       -10645.48      0.31617038   2.1678813e-09      -23.025851       -23.025851      -21244.908                                                  -21244.908
              1      -10645.388      0.28349543   2.5427343e-09      -23.025851       -23.025851      -21244.725                                                  -21244.725
              2      -10644.871       0.2951071    2.457034e-09      -23.025851       -23.025851       -21243.69                                                   -21243.69
              3      -10644.826      0.31244879   2.2457144e-09      -23.025851       -23.025851      -21243.601                                                  -21243.601
              2       -10645.39      0.28654244    2.518158e-09      -23.025851       -23.025851      -21244.727                                                  -21244.727
              1      -10645.571      0.30516626   2.1496472e-09      -23.025851       -23.025851      -21245.089                                                  -21245.089
              1      -10646.013      0.31187947   2.1638342e-09      -23.025851       -23.025851      -21245.975                                                  -21245.975
              4      -10645.624      0.28817524   2.4351125e-09      -23.025851       -23.025851      -21245.195                                                  -21245.195
              2      -10645.612      0.28827576   2.4264262e-09      -23.025851       -23.025851      -21245.173                                                  -21245.173
              7      -10645.216      0.28218417   2.5834858e-09      -23.025851       -23.025851       -21244.38                                                   -21244.38
              8      -10645.972      0.31254268   2.1641066e-09      -23.025851       -23.025851      -21245.892                                                  -21245.892
              6       -10645.68      0.30511016   2.1596087e-09      -23.025851       -23.025851      -21245.309                                                  -21245.309
              1       -10645.76      0.30786891   2.1320725e-09      -23.025851       -23.025851      -21245.467                                                  -21245.467
              4       -10645.91      0.30213377   2.2850562e-09      -23.025851       -23.025851      -21245.769                                                  -21245.769
              4      -10645.959      0.32978046   1.9438747e-09      -23.025851       -23.025851      -21245.865                                                  -21245.865
              1       -10645.74      0.34148705   1.8393055e-09      -23.025851       -23.025851      -21245.427                                                  -21245.427
              2      -10645.843      0.30402853   2.1914186e-09      -23.025851       -23.025851      -21245.634                                                  -21245.634
              1      -10645.874      0.31342535   2.1671678e-09      -23.025851       -23.025851      -21245.697                                                  -21245.697
              1      -10645.634      0.28992638   2.4472721e-09      -23.025851       -23.025851      -21245.215                                                  -21245.215
              3      -10645.727      0.29249469   2.4071826e-09      -23.025851       -23.025851      -21245.403                                                  -21245.403
              3      -10645.933       0.3238435   1.9799991e-09      -23.025851       -23.025851      -21245.814                                                  -21245.814
              2      -10641.065      0.33175906   1.7272265e-09      -23.025851       -23.025851      -21236.079                                                  -21236.079
              3       -10639.33      0.33107963    1.698923e-09      -23.025851       -23.025851      -21232.607                                                  -21232.607
              4      -10644.804      0.28079923   2.4683441e-09      -23.025851       -23.025851      -21243.557                                                  -21243.557
              1      -10645.789      0.29370619   2.3806507e-09      -23.025851       -23.025851      -21245.526                                                  -21245.526
              2      -10645.962      0.30158689   2.2736645e-09      -23.025851       -23.025851      -21245.872                                                  -21245.872
              1      -10645.964      0.32683389   1.9978064e-09      -23.025851       -23.025851      -21245.876                                                  -21245.876
              8      -10645.911      0.32710635   2.0044276e-09      -23.025851       -23.025851      -21245.771                                                  -21245.771
              2      -10645.946      0.33069291   1.9471147e-09      -23.025851       -23.025851       -21245.84                                                   -21245.84
              1      -10646.068      0.31322554   2.1305422e-09      -23.025851       -23.025851      -21246.084                                                  -21246.084
              4      -10645.911      0.30820274   2.1451749e-09      -23.025851       -23.025851      -21245.769                                                  -21245.769
              2      -10645.976      0.30208047   2.2623079e-09      -23.025851       -23.025851        -21245.9                                                    -21245.9
              1       -10645.75      0.30667363   2.1461449e-09      -23.025851       -23.025851      -21245.449                                                  -21245.449
              3      -10645.312      0.34670747   1.7489971e-09      -23.025851       -23.025851      -21244.573                                                  -21244.573
              1      -10645.083      0.35436407   1.6872714e-09      -23.025851       -23.025851      -21244.115                                                  -21244.115
              1      -10645.229      0.33470721   1.9757564e-09      -23.025851       -23.025851      -21244.407                                                  -21244.407
              2      -10643.389      0.32106703   2.1955901e-09      -23.025851       -23.025851      -21240.727                                                  -21240.727
              2      -10644.076      0.33336343   2.0380432e-09      -23.025851       -23.025851      -21242.101                                                  -21242.101
              2      -10643.848       0.3475625   1.8997881e-09      -23.025851       -23.025851      -21241.645                                                  -21241.645
              3      -10645.306      0.34876982     1.73624e-09      -23.025851       -23.025851       -21244.56                                                   -21244.56
              2      -10645.478      0.32740117   1.9064221e-09      -23.025851       -23.025851      -21244.904                                                  -21244.904
              1       -10645.79      0.33294615   1.8874567e-09      -23.025851       -23.025851      -21245.528                                                  -21245.528
              1      -10644.709      0.35040814   1.6893317e-09      -23.025851       -23.025851      -21243.366                                                  -21243.366
              3      -10645.308      0.35644271    1.712616e-09      -23.025851       -23.025851      -21244.563                                                  -21244.563
              4      -10645.084      0.35793088   1.6699011e-09      -23.025851       -23.025851      -21244.115                                                  -21244.115
              3      -10645.829      0.33549845   1.8777261e-09      -23.025851       -23.025851      -21245.606                                                  -21245.606
              1      -10646.011      0.32262223   2.0397259e-09      -23.025851       -23.025851       -21245.97                                                   -21245.97
              2      -10645.289      0.33933482   1.7975158e-09      -23.025851       -23.025851      -21244.526                                                  -21244.526
              4      -10644.262       0.3470806     1.69326e-09      -23.025851       -23.025851      -21242.472                                                  -21242.472
              2      -10644.874      0.33641232   1.7981664e-09      -23.025851       -23.025851      -21243.697                                                  -21243.697
              1      -10645.928       0.3315456   1.9243164e-09      -23.025851       -23.025851      -21245.804                                                  -21245.804
              4      -10646.019      0.31106432   2.1280952e-09      -23.025851       -23.025851      -21245.986                                                  -21245.986
              1      -10645.781       0.3085577   2.1256461e-09      -23.025851       -23.025851       -21245.51                                                   -21245.51
              3      -10645.066       0.3042135   2.3332571e-09      -23.025851       -23.025851       -21244.08                                                   -21244.08
              1      -10645.857      0.31412066   2.1610878e-09      -23.025851       -23.025851      -21245.663                                                  -21245.663
              1      -10645.841      0.31422215   2.1616737e-09      -23.025851       -23.025851       -21245.63                                                   -21245.63
              1       -10645.55      0.28599316    2.479599e-09      -23.025851       -23.025851      -21245.048                                                  -21245.048
              1      -10645.712      0.34081928   1.8285418e-09      -23.025851       -23.025851      -21245.372                                                  -21245.372
              1      -10645.464      0.34801492   1.8120588e-09      -23.025851       -23.025851      -21244.876                                                  -21244.876
              1      -10645.488      0.31360161   2.1970474e-09      -23.025851       -23.025851      -21244.924                                                  -21244.924
              2      -10645.981      0.30833421   2.1550061e-09      -23.025851       -23.025851       -21245.91                                                   -21245.91
              1       -10645.96      0.30626395   2.1788762e-09      -23.025851       -23.025851      -21245.867                                                  -21245.867
              1      -10645.886      0.29808039   2.3244652e-09      -23.025851       -23.025851      -21245.721                                                  -21245.721
              2      -10645.843      0.29533502   2.3497706e-09      -23.025851       -23.025851      -21245.634                                                  -21245.634
              1      -10643.909      0.31566786   2.2426015e-09      -23.025851       -23.025851      -21241.766                                                  -21241.766
              1      -10645.123      0.30201268   2.3569385e-09      -23.025851       -23.025851      -21244.195                                                  -21244.195
              1      -10645.649      0.31220086   2.2018843e-09      -23.025851       -23.025851      -21245.245                                                  -21245.245
              1      -10645.612      0.31053938   2.2239263e-09      -23.025851       -23.025851      -21245.171                                                  -21245.171
              6       -10645.94      0.30085732   2.2878416e-09      -23.025851       -23.025851      -21245.828                                                  -21245.828
              5      -10645.925      0.29906135   2.2973793e-09      -23.025851       -23.025851      -21245.799                                                  -21245.799
              4      -10646.052      0.31057731   2.1653769e-09      -23.025851       -23.025851      -21246.053                                                  -21246.053
              3      -10645.595      0.32270541   1.9577105e-09      -23.025851       -23.025851      -21245.139                                                  -21245.139
              1      -10645.627      0.32315987   1.9557556e-09      -23.025851       -23.025851      -21245.203                                                  -21245.203
              2      -10645.403      0.35047673    1.737832e-09      -23.025851       -23.025851      -21244.755                                                  -21244.755
              5      -10644.863      0.34487154   1.7342027e-09      -23.025851       -23.025851      -21243.674                                                  -21243.674
              2      -10645.879      0.33467344   1.8970504e-09      -23.025851       -23.025851      -21245.705                                                  -21245.705
              2      -10645.657      0.34227652   1.8559899e-09      -23.025851       -23.025851      -21245.262                                                  -21245.262
              2      -10645.397      0.34953767   1.8019248e-09      -23.025851       -23.025851      -21244.742                                                  -21244.742
              3      -10645.595      0.33805238   1.8300154e-09      -23.025851       -23.025851      -21245.139                                                  -21245.139
              1      -10645.068       0.3476671   1.8480302e-09      -23.025851       -23.025851      -21244.084                                                  -21244.084
              1      -10644.914      0.34073644   1.9279921e-09      -23.025851       -23.025851      -21243.776                                                  -21243.776
              2      -10645.764      0.33810144    1.851187e-09      -23.025851       -23.025851      -21245.476                                                  -21245.476
              2      -10645.814           0.295    2.366541e-09      -23.025851       -23.025851      -21245.576                                                  -21245.576
              1      -10646.045      0.30838944   2.1870611e-09      -23.025851       -23.025851      -21246.038                                                  -21246.038
              4      -10645.906      0.31576675   2.1368153e-09      -23.025851       -23.025851      -21245.761                                                  -21245.761
              1      -10644.435      0.27811786    2.490991e-09      -23.025851       -23.025851      -21242.819                                                  -21242.819
              1      -10642.481      0.27609764    2.429582e-09      -23.025851       -23.025851       -21238.91                                                   -21238.91
              1      -10644.941      0.32103596   1.9371964e-09      -23.025851       -23.025851       -21243.83                                                   -21243.83
              1       -10646.01      0.31757781   2.0525831e-09      -23.025851       -23.025851      -21245.968                                                  -21245.968
              3       -10645.75      0.30107314   2.2215414e-09      -23.025851       -23.025851      -21245.448                                                  -21245.448
              2      -10645.988      0.30693394   2.2212925e-09      -23.025851       -23.025851      -21245.924                                                  -21245.924
              1      -10645.966      0.30865289   2.2078136e-09      -23.025851       -23.025851       -21245.88                                                   -21245.88
              6      -10645.797      0.30182411   2.3060032e-09      -23.025851       -23.025851      -21245.542                                                  -21245.542
              1      -10645.654      0.29103759   2.4348044e-09      -23.025851       -23.025851      -21245.256                                                  -21245.256
              1      -10645.619      0.28844798   2.4580969e-09      -23.025851       -23.025851      -21245.186                                                  -21245.186
              1      -10645.675      0.28986287   2.4342359e-09      -23.025851       -23.025851      -21245.298                                                  -21245.298
              3      -10646.053      0.31958555   2.0638658e-09      -23.025851       -23.025851      -21246.054                                                  -21246.054
              1      -10645.683       0.3283103   1.9136747e-09      -23.025851       -23.025851      -21245.315                                                  -21245.315
              1       -10645.98      0.32393207   2.0307328e-09      -23.025851       -23.025851      -21245.908                                                  -21245.908
              2       -10645.83      0.29666834   2.3046006e-09      -23.025851       -23.025851      -21245.609                                                  -21245.609
              2      -10645.749      0.30959441   2.1100825e-09      -23.025851       -23.025851      -21245.447                                                  -21245.447
              3       -10645.06      0.32951196   1.8643959e-09      -23.025851       -23.025851      -21244.067                                                  -21244.067
              1      -10645.789      0.30808865   2.1322968e-09      -23.025851       -23.025851      -21245.527                                                  -21245.527
              1      -10645.708      0.30705843   2.1373153e-09      -23.025851       -23.025851      -21245.364                                                  -21245.364
              1      -10645.678      0.31529108   2.0392088e-09      -23.025851       -23.025851      -21245.304                                                  -21245.304
              1      -10646.001      0.31964933   2.0302737e-09      -23.025851       -23.025851       -21245.95                                                   -21245.95
              4      -10644.501      0.35449043   1.6537355e-09      -23.025851       -23.025851      -21242.949                                                  -21242.949
              1      -10644.599      0.34410473     1.90726e-09      -23.025851       -23.025851      -21243.147                                                  -21243.147
              1      -10644.976      0.27652218   2.5786173e-09      -23.025851       -23.025851      -21243.899                                                  -21243.899
              7      -10645.135       0.2776614    2.582914e-09      -23.025851       -23.025851      -21244.219                                                  -21244.219
              1      -10645.497      0.28872665   2.3923123e-09      -23.025851       -23.025851      -21244.943                                                  -21244.943
              1      -10645.115      0.32581098    2.078922e-09      -23.025851       -23.025851      -21244.178                                                  -21244.178
              4      -10644.181      0.31612825   2.2277921e-09      -23.025851       -23.025851       -21242.31                                                   -21242.31
              2      -10643.005      0.29370913   2.5527468e-09      -23.025851       -23.025851      -21239.959                                                  -21239.959
              4      -10644.111      0.30812736   2.3268193e-09      -23.025851       -23.025851       -21242.17                                                   -21242.17
              6      -10645.008      0.35691281   1.7554386e-09      -23.025851       -23.025851      -21243.964                                                  -21243.964
              4      -10645.063      0.35301396   1.7926011e-09      -23.025851       -23.025851      -21244.074                                                  -21244.074
              5      -10644.068      0.32871251   2.0886085e-09      -23.025851       -23.025851      -21242.085                                                  -21242.085
              1      -10644.877      0.28866078   2.5383855e-09      -23.025851       -23.025851      -21243.703                                                  -21243.703
              2      -10643.992      0.27891892   2.4489096e-09      -23.025851       -23.025851      -21241.933                                                  -21241.933
              1      -10644.816      0.30040801   2.1644847e-09      -23.025851       -23.025851      -21243.581                                                  -21243.581
              2      -10644.402      0.29606847   2.2024343e-09      -23.025851       -23.025851      -21242.753                                                  -21242.753
              1      -10644.678      0.33056526    1.838206e-09      -23.025851       -23.025851      -21243.305                                                  -21243.305
              1      -10644.883       0.3304495   1.8479769e-09      -23.025851       -23.025851      -21243.714                                                  -21243.714
              1      -10645.606      0.31589801   2.0272129e-09      -23.025851       -23.025851       -21245.16                                                   -21245.16
              1      -10644.692      0.30865615   2.0575865e-09      -23.025851       -23.025851      -21243.332                                                  -21243.332
              5      -10645.249        0.293383    2.289523e-09      -23.025851       -23.025851      -21244.446                                                  -21244.446
              4      -10644.748      0.29836448   2.1880553e-09      -23.025851       -23.025851      -21243.445                                                  -21243.445
              2      -10645.331      0.30664548   2.1145827e-09      -23.025851       -23.025851      -21244.611                                                  -21244.611
              2      -10645.767      0.34033301    1.850252e-09      -23.025851       -23.025851      -21245.482                                                  -21245.482
              4      -10645.834      0.30160008   2.2248227e-09      -23.025851       -23.025851      -21245.617                                                  -21245.617
              1      -10645.723      0.29246758   2.4084754e-09      -23.025851       -23.025851      -21245.394                                                  -21245.394
              1      -10645.747      0.29859268   2.3471906e-09      -23.025851       -23.025851      -21245.442                                                  -21245.442
              1      -10645.681      0.29805979   2.3609515e-09      -23.025851       -23.025851      -21245.311                                                  -21245.311
              4       -10644.44      0.27804531    2.492673e-09      -23.025851       -23.025851      -21242.828                                                  -21242.828
              3      -10645.927      0.30179586   2.2389469e-09      -23.025851       -23.025851      -21245.803                                                  -21245.803
              2      -10645.739      0.33850348   1.8445358e-09      -23.025851       -23.025851      -21245.425                                                  -21245.425
              1      -10645.661       0.3413135   1.8676699e-09      -23.025851       -23.025851       -21245.27                                                   -21245.27
              4      -10646.057       0.3166998   2.0746255e-09      -23.025851       -23.025851      -21246.063                                                  -21246.063
              1      -10645.843      0.31499942   2.0572548e-09      -23.025851       -23.025851      -21245.634                                                  -21245.634
              1      -10644.492      0.34602084   1.7096961e-09      -23.025851       -23.025851      -21242.933                                                  -21242.933
              2      -10646.044      0.32243577    2.025765e-09      -23.025851       -23.025851      -21246.036                                                  -21246.036
              4      -10645.769      0.30931731     2.11522e-09      -23.025851       -23.025851      -21245.486                                                  -21245.486
              3      -10645.809      0.29930118   2.3310137e-09      -23.025851       -23.025851      -21245.566                                                  -21245.566
              3       -10645.83      0.32009906   2.0028637e-09      -23.025851       -23.025851      -21245.608                                                  -21245.608
              3      -10645.956      0.32091533   2.0103485e-09      -23.025851       -23.025851       -21245.86                                                   -21245.86
              1        -10644.7      0.33214687   1.8256146e-09      -23.025851       -23.025851      -21243.349                                                  -21243.349
              2      -10645.551      0.30898717   2.1011029e-09      -23.025851       -23.025851      -21245.049                                                  -21245.049
              1      -10645.632      0.34494031   1.7977764e-09      -23.025851       -23.025851      -21245.211                                                  -21245.211
              1      -10645.581       0.3349568   1.9496992e-09      -23.025851       -23.025851       -21245.11                                                   -21245.11
              5      -10645.992      0.32414678   1.9884475e-09      -23.025851       -23.025851      -21245.932                                                  -21245.932
              2       -10646.02      0.31218391   2.1589501e-09      -23.025851       -23.025851      -21245.989                                                  -21245.989
              5      -10645.976      0.30799666   2.1585581e-09      -23.025851       -23.025851        -21245.9                                                    -21245.9
              1      -10646.072      0.31576083   2.0947716e-09      -23.025851       -23.025851      -21246.092                                                  -21246.092
              2      -10645.593      0.29442144   2.4108872e-09      -23.025851       -23.025851      -21245.134                                                  -21245.134
              3      -10645.581      0.30040723   2.3443663e-09      -23.025851       -23.025851      -21245.111                                                  -21245.111
              1      -10644.795      0.29253587   2.2726146e-09      -23.025851       -23.025851      -21243.539                                                  -21243.539
              3      -10645.357      0.30892843   2.0888574e-09      -23.025851       -23.025851      -21244.663                                                  -21244.663
              2       -10646.07      0.31305471   2.1251801e-09      -23.025851       -23.025851      -21246.089                                                  -21246.089
              1      -10645.463       0.3036052   2.1615558e-09      -23.025851       -23.025851      -21244.874                                                  -21244.874
              1      -10645.481      0.30797777    2.108271e-09      -23.025851       -23.025851      -21244.911                                                  -21244.911
              1      -10645.953      0.31123561   2.1137673e-09      -23.025851       -23.025851      -21245.854                                                  -21245.854
              3      -10645.942      0.30906388   2.1387836e-09      -23.025851       -23.025851      -21245.831                                                  -21245.831
              2      -10645.757      0.33483286    1.933469e-09      -23.025851       -23.025851      -21245.462                                                  -21245.462
              2      -10645.772      0.33401003   1.9412819e-09      -23.025851       -23.025851      -21245.493                                                  -21245.493
              1      -10646.008      0.31752387   2.1014973e-09      -23.025851       -23.025851      -21245.963                                                  -21245.963
              3      -10645.875      0.32348202   1.9754522e-09      -23.025851       -23.025851      -21245.697                                                  -21245.697
              1      -10644.301       0.3539189   1.6489685e-09      -23.025851       -23.025851      -21242.551                                                  -21242.551
              3      -10643.683      0.35453546   1.8375431e-09      -23.025851       -23.025851      -21241.314                                                  -21241.314
              1      -10643.141      0.33297961   2.0700647e-09      -23.025851       -23.025851       -21240.23                                                   -21240.23
              3      -10645.633      0.33112911   1.8858314e-09      -23.025851       -23.025851      -21245.214                                                  -21245.214
              2      -10645.877      0.32273726   1.9825975e-09      -23.025851       -23.025851      -21245.702                                                  -21245.702
              2      -10645.801      0.32043096   1.9967068e-09      -23.025851       -23.025851       -21245.55                                                   -21245.55
              1      -10645.988      0.32678687   1.9687866e-09      -23.025851       -23.025851      -21245.924                                                  -21245.924
              1      -10646.066        0.317386   2.0845561e-09      -23.025851       -23.025851       -21246.08                                                   -21246.08
              1      -10645.694      0.32473103   2.0552269e-09      -23.025851       -23.025851      -21245.337                                                  -21245.337
              1      -10645.501      0.30347636   2.3149188e-09      -23.025851       -23.025851       -21244.95                                                   -21244.95
              1      -10645.503      0.28480987   2.4947857e-09      -23.025851       -23.025851      -21244.955                                                  -21244.955
              1      -10645.593      0.28760203   2.4379899e-09      -23.025851       -23.025851      -21245.134                                                  -21245.134
              1      -10645.444      0.28901633   2.3797912e-09      -23.025851       -23.025851      -21244.836                                                  -21244.836
              1      -10645.681      0.29339469   2.3344355e-09      -23.025851       -23.025851      -21245.311                                                  -21245.311
              5      -10645.083       0.2775928   2.5709121e-09      -23.025851       -23.025851      -21244.114                                                  -21244.114
              1       -10646.07       0.3130848   2.1251334e-09      -23.025851       -23.025851      -21246.089                                                  -21246.089
              2      -10644.653      0.29636591   2.2104019e-09      -23.025851       -23.025851      -21243.254                                                  -21243.254
              8      -10645.181      0.29414888   2.2729919e-09      -23.025851       -23.025851       -21244.31                                                   -21244.31
              1      -10645.291      0.35038522   1.7258943e-09      -23.025851       -23.025851       -21244.53                                                   -21244.53
              1       -10645.44       0.3440737   1.8601236e-09      -23.025851       -23.025851      -21244.828                                                  -21244.828
              5      -10645.344      0.30712579   2.1095757e-09      -23.025851       -23.025851      -21244.637                                                  -21244.637
              1      -10645.609      0.33683386   1.8398897e-09      -23.025851       -23.025851      -21245.167                                                  -21245.167
              1      -10645.428       0.2874799   2.4063482e-09      -23.025851       -23.025851      -21244.804                                                  -21244.804
              1      -10645.201      0.28624232   2.4034466e-09      -23.025851       -23.025851      -21244.351                                                  -21244.351
              1        -10645.7      0.30275273   2.3063806e-09      -23.025851       -23.025851      -21245.349                                                  -21245.349
              9      -10645.536      0.29225351   2.4409274e-09      -23.025851       -23.025851      -21245.019                                                  -21245.019
              1      -10645.536      0.29786298   2.3778209e-09      -23.025851       -23.025851      -21245.021                                                  -21245.021
              5      -10645.177      0.29920522   2.3881318e-09      -23.025851       -23.025851      -21244.302                                                  -21244.302
              1      -10645.944      0.30620776    2.237576e-09      -23.025851       -23.025851      -21245.836                                                  -21245.836
              1       -10645.53      0.33223386   1.9838384e-09      -23.025851       -23.025851      -21245.008                                                  -21245.008
              1      -10645.993      0.31470891   2.0801167e-09      -23.025851       -23.025851      -21245.934                                                  -21245.934
              1      -10644.116        0.343847   1.7112918e-09      -23.025851       -23.025851      -21242.181                                                  -21242.181
              2      -10644.082       0.3279815   1.8386308e-09      -23.025851       -23.025851      -21242.112                                                  -21242.112
              2      -10644.531      0.29507845    2.222169e-09      -23.025851       -23.025851      -21243.009                                                  -21243.009
              1      -10643.505      0.32554495   1.8421499e-09      -23.025851       -23.025851      -21240.958                                                  -21240.958
              4       -10645.09      0.34480113   1.7467451e-09      -23.025851       -23.025851      -21244.129                                                  -21244.129
              4      -10645.273      0.34519724   1.8609314e-09      -23.025851       -23.025851      -21244.494                                                  -21244.494
              1      -10644.786      0.32964529    2.051695e-09      -23.025851       -23.025851       -21243.52                                                   -21243.52
              1      -10644.483      0.32850501   2.0762413e-09      -23.025851       -23.025851      -21242.914                                                  -21242.914
              1      -10645.554      0.28666911   2.4842107e-09      -23.025851       -23.025851      -21245.056                                                  -21245.056
              3      -10645.511      0.29325208   2.4327934e-09      -23.025851       -23.025851       -21244.97                                                   -21244.97
              3      -10645.418       0.2835341   2.5342972e-09      -23.025851       -23.025851      -21244.785                                                  -21244.785
             10       -10645.46      0.30037091   2.3546501e-09      -23.025851       -23.025851      -21244.869                                                  -21244.869
              2      -10644.477      0.30327799   2.3727694e-09      -23.025851       -23.025851      -21242.902                                                  -21242.902
              2      -10644.045      0.31100881   2.2938829e-09      -23.025851       -23.025851      -21242.038                                                  -21242.038
              1       -10645.76      0.30339328    2.190283e-09      -23.025851       -23.025851      -21245.469                                                  -21245.469
              1      -10645.866      0.31804568   2.0274278e-09      -23.025851       -23.025851      -21245.681                                                  -21245.681
              1      -10645.858      0.33303905   1.9398619e-09      -23.025851       -23.025851      -21245.665                                                  -21245.665
              1      -10645.454      0.30333713   2.3199869e-09      -23.025851       -23.025851      -21244.856                                                  -21244.856
              1      -10645.436      0.29880566   2.3751189e-09      -23.025851       -23.025851      -21244.821                                                  -21244.821
              2      -10645.522      0.28770287    2.416844e-09      -23.025851       -23.025851      -21244.992                                                  -21244.992
              1      -10645.853      0.29913265   2.2662985e-09      -23.025851       -23.025851      -21245.654                                                  -21245.654
              3      -10645.819      0.30606979    2.256375e-09      -23.025851       -23.025851      -21245.586                                                  -21245.586
              4      -10645.853      0.30707611   2.1521348e-09      -23.025851       -23.025851      -21245.654                                                  -21245.654
              3      -10645.276      0.35509386   1.7491947e-09      -23.025851       -23.025851      -21244.501                                                  -21244.501
              2      -10645.844      0.33611412   1.8997117e-09      -23.025851       -23.025851      -21245.636                                                  -21245.636
              1      -10645.282      0.30927921   2.2603071e-09      -23.025851       -23.025851      -21244.513                                                  -21244.513
              1      -10645.846      0.29693733   2.3449432e-09      -23.025851       -23.025851       -21245.64                                                   -21245.64
              4      -10645.798      0.29405986   2.3759257e-09      -23.025851       -23.025851      -21245.544                                                  -21245.544
              6      -10645.844       0.2956532   2.3509513e-09      -23.025851       -23.025851      -21245.637                                                  -21245.637
              1      -10645.843      0.29546944   2.3510744e-09      -23.025851       -23.025851      -21245.635                                                  -21245.635
              1      -10646.002      0.32671284   1.9831742e-09      -23.025851       -23.025851      -21245.953                                                  -21245.953
              1      -10645.823      0.33760561   1.8712783e-09      -23.025851       -23.025851      -21245.595                                                  -21245.595
              1       -10644.62      0.33313529   2.0207749e-09      -23.025851       -23.025851      -21243.189                                                  -21243.189
              4      -10645.558       0.2870703   2.4400643e-09      -23.025851       -23.025851      -21245.065                                                  -21245.065
              3      -10646.053      0.30903815   2.1748617e-09      -23.025851       -23.025851      -21246.054                                                  -21246.054
              1       -10645.38      0.35211408    1.728384e-09      -23.025851       -23.025851      -21244.707                                                  -21244.707
              1      -10645.142      0.30625943   2.3043251e-09      -23.025851       -23.025851      -21244.232                                                  -21244.232
              1      -10645.728       0.2918582   2.3762619e-09      -23.025851       -23.025851      -21245.404                                                  -21245.404
              1      -10645.795      0.29662105    2.297667e-09      -23.025851       -23.025851      -21245.539                                                  -21245.539
              2      -10645.918      0.29999431   2.2675877e-09      -23.025851       -23.025851      -21245.784                                                  -21245.784
              3      -10646.026      0.30631252   2.1990635e-09      -23.025851       -23.025851          -21246                                                      -21246
              1      -10646.001      0.32403677   1.9916189e-09      -23.025851       -23.025851       -21245.95                                                   -21245.95
              1      -10645.864      0.32873291   1.9919475e-09      -23.025851       -23.025851      -21245.676                                                  -21245.676
              4      -10645.198      0.35910661   1.7059681e-09      -23.025851       -23.025851      -21244.344                                                  -21244.344
              1      -10645.729      0.33664303   1.9153908e-09      -23.025851       -23.025851      -21245.406                                                  -21245.406
              1      -10645.239      0.34577505   1.7495523e-09      -23.025851       -23.025851      -21244.427                                                  -21244.427
              1      -10644.963      0.32718797   2.0708782e-09      -23.025851       -23.025851      -21243.875                                                  -21243.875
              1      -10645.701      0.30796599   2.2464687e-09      -23.025851       -23.025851       -21245.35                                                   -21245.35
              1      -10644.774      0.30988545    2.278696e-09      -23.025851       -23.025851      -21243.496                                                  -21243.496
              2      -10644.954      0.30199655   2.3663792e-09      -23.025851       -23.025851      -21243.856                                                  -21243.856
              1      -10645.207      0.28809909   2.3713656e-09      -23.025851       -23.025851      -21244.362                                                  -21244.362
              4       -10645.51      0.28878657   2.3931047e-09      -23.025851       -23.025851      -21244.969                                                  -21244.969
              4      -10645.511      0.28767133   2.4155709e-09      -23.025851       -23.025851      -21244.971                                                  -21244.971
              1      -10645.575      0.31392537   2.1874057e-09      -23.025851       -23.025851      -21245.098                                                  -21245.098
              1       -10644.37      0.29647214   2.4642639e-09      -23.025851       -23.025851      -21242.689                                                  -21242.689
              3      -10643.999       0.3241653    2.141409e-09      -23.025851       -23.025851      -21241.947                                                  -21241.947
              2       -10645.76      0.30268634   2.3008768e-09      -23.025851       -23.025851      -21245.468                                                  -21245.468
              4      -10645.117      0.28666024   2.5454046e-09      -23.025851       -23.025851      -21244.182                                                  -21244.182
              3      -10646.052      0.31252389   2.1463025e-09      -23.025851       -23.025851      -21246.052                                                  -21246.052
              1      -10645.834      0.32789871   1.9321592e-09      -23.025851       -23.025851      -21245.617                                                  -21245.617
              2      -10645.718      0.34190597   1.8277625e-09      -23.025851       -23.025851      -21245.385                                                  -21245.385
              3      -10645.441      0.35235625   1.7493021e-09      -23.025851       -23.025851       -21244.83                                                   -21244.83
              3      -10645.263      0.34612504   1.7489377e-09      -23.025851       -23.025851      -21244.474                                                  -21244.474
              2      -10645.626      0.32067032   1.9796914e-09      -23.025851       -23.025851      -21245.199                                                  -21245.199
              6      -10645.974      0.32488276   1.9785353e-09      -23.025851       -23.025851      -21245.897                                                  -21245.897
              1      -10645.317      0.30672003   2.2886777e-09      -23.025851       -23.025851      -21244.582                                                  -21244.582
              1      -10645.827      0.30172159    2.221977e-09      -23.025851       -23.025851      -21245.602                                                  -21245.602
              1      -10645.973      0.31523486   2.0710442e-09      -23.025851       -23.025851      -21245.895                                                  -21245.895
              1      -10646.023      0.32437076   1.9978367e-09      -23.025851       -23.025851      -21245.993                                                  -21245.993
              2      -10646.004      0.31611099   2.1183116e-09      -23.025851       -23.025851      -21245.957                                                  -21245.957
              2      -10645.939      0.30939907   2.2040604e-09      -23.025851       -23.025851      -21245.825                                                  -21245.825
              1      -10645.996      0.30817429   2.2068008e-09      -23.025851       -23.025851      -21245.941                                                  -21245.941
              1      -10645.788      0.33683366   1.8622725e-09      -23.025851       -23.025851      -21245.523                                                  -21245.523
              1      -10645.795      0.33850268   1.8579427e-09      -23.025851       -23.025851      -21245.538                                                  -21245.538
              3      -10645.191      0.32359655    2.099821e-09      -23.025851       -23.025851       -21244.33                                                   -21244.33
              4      -10643.722      0.33656777   2.0154257e-09      -23.025851       -23.025851      -21241.392                                                  -21241.392
              1      -10643.393      0.30577899   2.3806541e-09      -23.025851       -23.025851      -21240.734                                                  -21240.734
              1      -10645.457       0.2910078   2.4633072e-09      -23.025851       -23.025851      -21244.863                                                  -21244.863
              1      -10644.905      0.35122275   1.6941506e-09      -23.025851       -23.025851      -21243.758                                                  -21243.758
              5      -10645.721      0.32085128   1.9854418e-09      -23.025851       -23.025851      -21245.391                                                  -21245.391
              2      -10644.993      0.32622882   1.8905235e-09      -23.025851       -23.025851      -21243.935                                                  -21243.935
              1      -10645.514       0.3216724   1.9620574e-09      -23.025851       -23.025851      -21244.976                                                  -21244.976
              2      -10645.565       0.2937793   2.3121469e-09      -23.025851       -23.025851      -21245.078                                                  -21245.078
              3      -10645.641      0.28847746   2.4428212e-09      -23.025851       -23.025851      -21245.231                                                  -21245.231
              3      -10645.025      0.28460363   2.4168019e-09      -23.025851       -23.025851      -21243.999                                                  -21243.999
              5      -10645.396       0.2910991   2.4685876e-09      -23.025851       -23.025851      -21244.741                                                  -21244.741
              1      -10645.488      0.32120346   1.9649622e-09      -23.025851       -23.025851      -21244.924                                                  -21244.924
              1       -10645.25      0.34516033   1.8628625e-09      -23.025851       -23.025851      -21244.449                                                  -21244.449
              1      -10644.284      0.30624165   2.3436336e-09      -23.025851       -23.025851      -21242.516                                                  -21242.516
              1      -10644.979        0.280903   2.4823378e-09      -23.025851       -23.025851      -21243.906                                                  -21243.906
              1       -10645.67      0.31808514   2.0091435e-09      -23.025851       -23.025851      -21245.289                                                  -21245.289
              1      -10645.586      0.31311832   2.0560795e-09      -23.025851       -23.025851       -21245.12                                                   -21245.12
              2      -10643.587      0.32311853   1.8671204e-09      -23.025851       -23.025851      -21241.123                                                  -21241.123
              1      -10646.043      0.32255889   2.0233507e-09      -23.025851       -23.025851      -21246.035                                                  -21246.035
              1      -10646.003      0.32436347   2.0197197e-09      -23.025851       -23.025851      -21245.953                                                  -21245.953
              1      -10645.826      0.29622537   2.3555636e-09      -23.025851       -23.025851        -21245.6                                                    -21245.6
              3      -10644.852        0.317279   2.1879126e-09      -23.025851       -23.025851      -21243.651                                                  -21243.651
              1      -10644.569      0.32223771   2.1427872e-09      -23.025851       -23.025851      -21243.086                                                  -21243.086
              1      -10645.015      0.29211456   2.2923509e-09      -23.025851       -23.025851      -21243.978                                                  -21243.978
              2      -10645.062      0.29333604   2.2770205e-09      -23.025851       -23.025851      -21244.072                                                  -21244.072
              1      -10645.326      0.29726511    2.237892e-09      -23.025851       -23.025851        -21244.6                                                    -21244.6
              2      -10645.368      0.29044269   2.3467108e-09      -23.025851       -23.025851      -21244.685                                                  -21244.685
              1      -10645.045      0.28839234   2.3532849e-09      -23.025851       -23.025851      -21244.038                                                  -21244.038
              4      -10645.352      0.29495752   2.2736743e-09      -23.025851       -23.025851      -21244.652                                                  -21244.652
              5      -10645.578      0.31321521   2.0543793e-09      -23.025851       -23.025851      -21245.103                                                  -21245.103
              5      -10645.451      0.30469807    2.146688e-09      -23.025851       -23.025851       -21244.85                                                   -21244.85
              4      -10641.583      0.30944559   1.9503236e-09      -23.025851       -23.025851      -21237.114                                                  -21237.114
              1      -10642.027      0.30938081   1.9622271e-09      -23.025851       -23.025851      -21238.002                                                  -21238.002
              1      -10642.816      0.33903454     1.70917e-09      -23.025851       -23.025851      -21239.581                                                  -21239.581
              3      -10646.038       0.3142315   2.0951398e-09      -23.025851       -23.025851      -21246.025                                                  -21246.025
              1      -10644.828      0.29973393   2.1739458e-09      -23.025851       -23.025851      -21243.605                                                  -21243.605
              1       -10644.83      0.30444004   2.1141584e-09      -23.025851       -23.025851      -21243.609                                                  -21243.609
              2      -10642.817       0.2837273   2.3176411e-09      -23.025851       -23.025851      -21239.582                                                  -21239.582
              1       -10645.42      0.30614889   2.1264316e-09      -23.025851       -23.025851      -21244.789                                                  -21244.789
              1      -10645.565      0.29024943   2.3736429e-09      -23.025851       -23.025851      -21245.078                                                  -21245.078
              3      -10644.776      0.27535506   2.5782811e-09      -23.025851       -23.025851        -21243.5                                                    -21243.5
              4      -10645.548       0.2885525   2.4041475e-09      -23.025851       -23.025851      -21245.045                                                  -21245.045
              4      -10645.383      0.28330049   2.4888701e-09      -23.025851       -23.025851      -21244.715                                                  -21244.715
              4      -10645.148      0.33634671   1.9625646e-09      -23.025851       -23.025851      -21244.245                                                  -21244.245
              1      -10645.504      0.30546676   2.2911644e-09      -23.025851       -23.025851      -21244.957                                                  -21244.957
              2      -10644.697       0.3226015   2.1335307e-09      -23.025851       -23.025851      -21243.343                                                  -21243.343
              3      -10645.495      0.32322498   2.0865912e-09      -23.025851       -23.025851      -21244.938                                                  -21244.938
              1      -10645.991      0.30903535    2.198933e-09      -23.025851       -23.025851       -21245.93                                                   -21245.93
              3      -10644.109      0.33548735   2.0144407e-09      -23.025851       -23.025851      -21242.166                                                  -21242.166
              1      -10644.153      0.33508428   2.0171815e-09      -23.025851       -23.025851      -21242.255                                                  -21242.255
              4      -10645.079      0.34444302   1.8809652e-09      -23.025851       -23.025851      -21244.106                                                  -21244.106
              2      -10645.033      0.35356656   1.7888942e-09      -23.025851       -23.025851      -21244.013                                                  -21244.013
              2      -10645.052      0.35644846   1.7569429e-09      -23.025851       -23.025851      -21244.052                                                  -21244.052
              2       -10644.69      0.35915675   1.6356526e-09      -23.025851       -23.025851      -21243.329                                                  -21243.329
              3      -10645.961      0.31821998    2.037614e-09      -23.025851       -23.025851       -21245.87                                                   -21245.87
              1      -10645.939      0.31132303   2.1107054e-09      -23.025851       -23.025851      -21245.827                                                  -21245.827
              3      -10645.268      0.30627668   2.1152463e-09      -23.025851       -23.025851      -21244.485                                                  -21244.485
              1      -10645.514      0.32102934   1.9683775e-09      -23.025851       -23.025851      -21244.977                                                  -21244.977
              5      -10645.047      0.28522839   2.4075345e-09      -23.025851       -23.025851      -21244.043                                                  -21244.043
              1      -10645.156      0.29067939   2.3246652e-09      -23.025851       -23.025851      -21244.261                                                  -21244.261
              1      -10645.722      0.32657599   1.9320959e-09      -23.025851       -23.025851      -21245.392                                                  -21245.392
              2      -10645.698      0.32879938   2.0089386e-09      -23.025851       -23.025851      -21245.344                                                  -21245.344
              8      -10644.807      0.29047155   2.5197269e-09      -23.025851       -23.025851      -21243.562                                                  -21243.562
              6      -10645.584      0.30695566   2.2677649e-09      -23.025851       -23.025851      -21245.117                                                  -21245.117
              1       -10645.27      0.33396273   1.9815124e-09      -23.025851       -23.025851      -21244.488                                                  -21244.488
              4      -10645.889      0.32756821   2.0023273e-09      -23.025851       -23.025851      -21245.726                                                  -21245.726
              1      -10646.026      0.32205523   2.0423672e-09      -23.025851       -23.025851      -21246.001                                                  -21246.001
              1      -10644.916      0.34359476    1.745837e-09      -23.025851       -23.025851       -21243.78                                                   -21243.78
              2      -10644.769      0.31543152   1.9863604e-09      -23.025851       -23.025851      -21243.486                                                  -21243.486
              2      -10645.856      0.32072306   1.9994659e-09      -23.025851       -23.025851       -21245.66                                                   -21245.66
              2      -10646.026        0.322084   2.0145613e-09      -23.025851       -23.025851          -21246                                                      -21246
              4      -10645.315      0.31314655   2.0383079e-09      -23.025851       -23.025851      -21244.579                                                  -21244.579
              1      -10645.922      0.31553093   2.0605515e-09      -23.025851       -23.025851      -21245.792                                                  -21245.792
              1      -10645.655      0.29762796   2.2615913e-09      -23.025851       -23.025851      -21245.258                                                  -21245.258
              1      -10645.202      0.30012809   2.1898884e-09      -23.025851       -23.025851      -21244.353                                                  -21244.353
              2      -10645.601      0.31196397   2.0701454e-09      -23.025851       -23.025851       -21245.15                                                   -21245.15
              4      -10646.035      0.31296605   2.1090422e-09      -23.025851       -23.025851      -21246.019                                                  -21246.019
              1      -10645.859      0.30927086   2.1253477e-09      -23.025851       -23.025851      -21245.667                                                  -21245.667
              3      -10645.671      0.30250188   2.1933693e-09      -23.025851       -23.025851      -21245.291                                                  -21245.291
              3       -10645.94       0.3109105   2.1158191e-09      -23.025851       -23.025851      -21245.829                                                  -21245.829
             11      -10645.812      0.33186297   1.8982739e-09      -23.025851       -23.025851      -21245.572                                                  -21245.572
              1      -10644.933      0.34930633   1.7079523e-09      -23.025851       -23.025851      -21243.814                                                  -21243.814
              1      -10645.143      0.35472322   1.6902994e-09      -23.025851       -23.025851      -21244.233                                                  -21244.233
              1      -10645.435      0.28865573   2.4909762e-09      -23.025851       -23.025851      -21244.819                                                  -21244.819
              1      -10645.314      0.29793361   2.3945151e-09      -23.025851       -23.025851      -21244.577                                                  -21244.577
              3      -10642.753      0.29448241   2.5501824e-09      -23.025851       -23.025851      -21239.454                                                  -21239.454
              2      -10641.392       0.3056287   2.4371433e-09      -23.025851       -23.025851      -21236.732                                                  -21236.732
              1      -10641.894      0.30566395   2.4243515e-09      -23.025851       -23.025851      -21237.736                                                  -21237.736
              3      -10641.339      0.31207891   2.3558825e-09      -23.025851       -23.025851      -21236.625                                                  -21236.625
              2      -10642.125      0.33324647   2.0924746e-09      -23.025851       -23.025851      -21238.198                                                  -21238.198
              5      -10644.716      0.35477519   1.7950512e-09      -23.025851       -23.025851       -21243.38                                                   -21243.38
              1      -10642.934      0.32956046   2.1126243e-09      -23.025851       -23.025851      -21239.817                                                  -21239.817
              3      -10642.753      0.36000937   1.8128748e-09      -23.025851       -23.025851      -21239.454                                                  -21239.454
              1      -10642.457      0.35777277   1.8407062e-09      -23.025851       -23.025851      -21238.863                                                  -21238.863
              3       -10642.64      0.36116315    1.805231e-09      -23.025851       -23.025851      -21239.229                                                  -21239.229
              1       -10644.84      0.32838887   2.0631308e-09      -23.025851       -23.025851      -21243.628                                                  -21243.628
              1      -10643.155      0.32841367   2.1193375e-09      -23.025851       -23.025851      -21240.258                                                  -21240.258
              5      -10644.878      0.28505841   2.5835811e-09      -23.025851       -23.025851      -21243.704                                                  -21243.704
              2      -10644.637      0.29059102   2.5278525e-09      -23.025851       -23.025851      -21243.221                                                  -21243.221
              3       -10643.22      0.34051532   1.9889889e-09      -23.025851       -23.025851      -21240.388                                                  -21240.388
              5      -10642.964      0.30518806   2.4013261e-09      -23.025851       -23.025851      -21239.876                                                  -21239.876
              1      -10643.577      0.29541383   2.5098675e-09      -23.025851       -23.025851      -21241.103                                                  -21241.103
              1      -10645.085      0.29293396   2.4713258e-09      -23.025851       -23.025851      -21244.118                                                  -21244.118
              1      -10645.206      0.28844085    2.516774e-09      -23.025851       -23.025851      -21244.359                                                  -21244.359
              7      -10645.711      0.29649708   2.2861848e-09      -23.025851       -23.025851       -21245.37                                                   -21245.37
              2      -10640.992      0.30093045   2.5092628e-09      -23.025851       -23.025851      -21235.932                                                  -21235.932
              3      -10642.703       0.3037783   2.4271395e-09      -23.025851       -23.025851      -21239.354                                                  -21239.354
              1      -10644.001       0.3209109   2.1783699e-09      -23.025851       -23.025851       -21241.95                                                   -21241.95
              1      -10645.641      0.34261394   1.8542179e-09      -23.025851       -23.025851       -21245.23                                                   -21245.23
              3      -10645.247      0.35501854   1.7540741e-09      -23.025851       -23.025851      -21244.442                                                  -21244.442
              3      -10645.442      0.34833795   1.8108119e-09      -23.025851       -23.025851      -21244.833                                                  -21244.833
              3      -10644.925      0.31966142   2.1572081e-09      -23.025851       -23.025851      -21243.798                                                  -21243.798
              3      -10645.559      0.31581609   2.1666891e-09      -23.025851       -23.025851      -21245.067                                                  -21245.067
              1       -10645.67      0.29109273   2.4307887e-09      -23.025851       -23.025851      -21245.288                                                  -21245.288
              1      -10645.697      0.29151216   2.3744903e-09      -23.025851       -23.025851      -21245.342                                                  -21245.342
              4      -10645.977      0.30222105   2.2614709e-09      -23.025851       -23.025851      -21245.903                                                  -21245.903
              7      -10645.374      0.28211572   2.5208911e-09      -23.025851       -23.025851      -21244.695                                                  -21244.695
              1       -10646.07      0.31619724   2.0874399e-09      -23.025851       -23.025851      -21246.088                                                  -21246.088
              2      -10645.999      0.32100921   2.0623058e-09      -23.025851       -23.025851      -21245.946                                                  -21245.946
              1      -10644.904      0.29472929   2.4599461e-09      -23.025851       -23.025851      -21243.757                                                  -21243.757
              1      -10644.949      0.27626618   2.5806867e-09      -23.025851       -23.025851      -21243.847                                                  -21243.847
              3      -10645.895      0.29949004   2.2698848e-09      -23.025851       -23.025851      -21245.738                                                  -21245.738
              1        -10645.3       0.3224034    1.942034e-09      -23.025851       -23.025851      -21244.548                                                  -21244.548
              1      -10645.327      0.35062979   1.7281756e-09      -23.025851       -23.025851      -21244.602                                                  -21244.602
              1      -10645.197      0.35015142   1.7194972e-09      -23.025851       -23.025851      -21244.343                                                  -21244.343
              8       -10644.97      0.35316979   1.6861887e-09      -23.025851       -23.025851      -21243.888                                                  -21243.888
              2      -10644.908      0.35384954    1.678442e-09      -23.025851       -23.025851      -21243.765                                                  -21243.765
              3      -10645.913       0.3262453   2.0145599e-09      -23.025851       -23.025851      -21245.774                                                  -21245.774
              3       -10645.88      0.30666818   2.1608549e-09      -23.025851       -23.025851      -21245.708                                                  -21245.708
              1      -10642.273      0.32894831   1.7785459e-09      -23.025851       -23.025851      -21238.495                                                  -21238.495
              6      -10645.488      0.32551757    1.924053e-09      -23.025851       -23.025851      -21244.924                                                  -21244.924
              2      -10643.979      0.33673385   1.7612452e-09      -23.025851       -23.025851      -21241.906                                                  -21241.906
              4      -10645.877      0.31842013   2.0247893e-09      -23.025851       -23.025851      -21245.703                                                  -21245.703
              3      -10645.626      0.31076335   2.0859123e-09      -23.025851       -23.025851      -21245.201                                                  -21245.201
              2      -10645.754      0.30353175    2.187718e-09      -23.025851       -23.025851      -21245.456                                                  -21245.456
              2      -10645.714      0.30285738   2.1927047e-09      -23.025851       -23.025851      -21245.376                                                  -21245.376
              1      -10646.065      0.31426023   2.1220033e-09      -23.025851       -23.025851      -21246.078                                                  -21246.078
              1      -10646.046      0.31877931   2.0500448e-09      -23.025851       -23.025851      -21246.041                                                  -21246.041
              2      -10645.654       0.3435286   1.8392976e-09      -23.025851       -23.025851      -21245.257                                                  -21245.257
              1      -10644.478      0.31434081   2.2378154e-09      -23.025851       -23.025851      -21242.905                                                  -21242.905
              7      -10644.307      0.32757585   2.0928653e-09      -23.025851       -23.025851      -21242.563                                                  -21242.563
              1      -10644.429      0.30663019   2.3330337e-09      -23.025851       -23.025851      -21242.807                                                  -21242.807
              2      -10644.261      0.31547681    2.232574e-09      -23.025851       -23.025851      -21242.471                                                  -21242.471
              2      -10643.324       0.2937441   2.5414697e-09      -23.025851       -23.025851      -21240.596                                                  -21240.596
              1      -10645.633       0.2921474   2.4288264e-09      -23.025851       -23.025851      -21245.214                                                  -21245.214
              1      -10645.347        0.328354   2.0384035e-09      -23.025851       -23.025851      -21244.642                                                  -21244.642
              2      -10645.638      0.33860531   1.9030735e-09      -23.025851       -23.025851      -21245.224                                                  -21245.224
              1      -10645.519        0.321225   2.1076031e-09      -23.025851       -23.025851      -21244.987                                                  -21244.987
              1      -10645.893      0.31829475   2.1094687e-09      -23.025851       -23.025851      -21245.735                                                  -21245.735
              4      -10645.132      0.31360151    2.217483e-09      -23.025851       -23.025851      -21244.212                                                  -21244.212
              2      -10643.101      0.31650223   2.2574157e-09      -23.025851       -23.025851       -21240.15                                                   -21240.15
              2       -10645.79      0.30858917   2.2310643e-09      -23.025851       -23.025851      -21245.528                                                  -21245.528
              4      -10645.538      0.31239229   2.2077474e-09      -23.025851       -23.025851      -21245.024                                                  -21245.024
              1      -10646.008      0.32238147   2.0434697e-09      -23.025851       -23.025851      -21245.965                                                  -21245.965
              1      -10645.866      0.32978431   1.9790132e-09      -23.025851       -23.025851      -21245.681                                                  -21245.681
              1      -10645.906      0.31377938     2.15938e-09      -23.025851       -23.025851      -21245.761                                                  -21245.761
              2      -10644.598      0.30508592   2.0954957e-09      -23.025851       -23.025851      -21243.144                                                  -21243.144
              4      -10645.147      0.35752217   1.7359101e-09      -23.025851       -23.025851      -21244.242                                                  -21244.242
              7      -10645.136      0.35690339   1.7443771e-09      -23.025851       -23.025851      -21244.219                                                  -21244.219
              1       -10644.67      0.35281965   1.8167079e-09      -23.025851       -23.025851      -21243.289                                                  -21243.289
              7      -10645.121      0.33520324   1.9762108e-09      -23.025851       -23.025851      -21244.191                                                  -21244.191
              2      -10644.845      0.33103626   2.0340346e-09      -23.025851       -23.025851      -21243.639                                                  -21243.639
              1      -10645.526      0.31984389   2.1228723e-09      -23.025851       -23.025851      -21244.999                                                  -21244.999
              1      -10645.892      0.33012291   1.9707786e-09      -23.025851       -23.025851      -21245.731                                                  -21245.731
              1      -10645.862      0.30661085   2.2452629e-09      -23.025851       -23.025851      -21245.672                                                  -21245.672
              2      -10645.984      0.30453295   2.2446929e-09      -23.025851       -23.025851      -21245.917                                                  -21245.917
              2      -10646.003      0.31116693   2.1736715e-09      -23.025851       -23.025851      -21245.955                                                  -21245.955
              4       -10645.52      0.28818377    2.483313e-09      -23.025851       -23.025851      -21244.988                                                  -21244.988
              4      -10645.527      0.28841899   2.4800244e-09      -23.025851       -23.025851      -21245.002                                                  -21245.002
              3      -10645.433      0.28636289   2.5132878e-09      -23.025851       -23.025851      -21244.815                                                  -21244.815
              1      -10645.812      0.33636201   1.8696522e-09      -23.025851       -23.025851      -21245.571                                                  -21245.571
              2      -10645.701      0.34296802   1.8326581e-09      -23.025851       -23.025851       -21245.35                                                   -21245.35
              2      -10645.837      0.31699132   2.1304908e-09      -23.025851       -23.025851      -21245.622                                                  -21245.622
              1      -10646.041      0.32208405    2.035635e-09      -23.025851       -23.025851       -21246.03                                                   -21246.03
              1      -10646.049      0.32097067   2.0469894e-09      -23.025851       -23.025851      -21246.046                                                  -21246.046
              1      -10646.052      0.32129024   2.0355441e-09      -23.025851       -23.025851      -21246.052                                                  -21246.052
              3      -10645.676      0.30402982   2.1733487e-09      -23.025851       -23.025851      -21245.301                                                  -21245.301
              3      -10645.703      0.30657421   2.1429481e-09      -23.025851       -23.025851      -21245.354                                                  -21245.354
              1      -10645.792      0.31243771   2.0807781e-09      -23.025851       -23.025851      -21245.532                                                  -21245.532
              2       -10645.54      0.31196585   2.2125108e-09      -23.025851       -23.025851      -21245.029                                                  -21245.029
              3      -10645.686      0.29317519   2.4106021e-09      -23.025851       -23.025851       -21245.32                                                   -21245.32
              1      -10645.553      0.28651236   2.4539978e-09      -23.025851       -23.025851      -21245.054                                                  -21245.054
              2      -10645.674      0.28976584    2.410514e-09      -23.025851       -23.025851      -21245.297                                                  -21245.297
              1      -10645.838      0.30789614   2.2337391e-09      -23.025851       -23.025851      -21245.625                                                  -21245.625
              1      -10645.981      0.31506778   2.0740457e-09      -23.025851       -23.025851      -21245.909                                                  -21245.909
              2      -10645.959      0.32684918   1.9600297e-09      -23.025851       -23.025851      -21245.866                                                  -21245.866
              1       -10646.07      0.31281573   2.1281141e-09      -23.025851       -23.025851      -21246.088                                                  -21246.088
              1       -10645.78      0.31037578     2.21159e-09      -23.025851       -23.025851      -21245.509                                                  -21245.509
              1      -10645.846       0.2985887   2.3314387e-09      -23.025851       -23.025851       -21245.64                                                   -21245.64
              3      -10645.785      0.33755525   1.8948211e-09      -23.025851       -23.025851      -21245.517                                                  -21245.517
              2      -10645.305      0.34386829   1.8729002e-09      -23.025851       -23.025851      -21244.559                                                  -21244.559
              1      -10645.158       0.3001504   2.3777192e-09      -23.025851       -23.025851      -21244.263                                                  -21244.263
              3      -10646.068      0.31592666    2.100928e-09      -23.025851       -23.025851      -21246.085                                                  -21246.085
              2      -10645.753      0.31006161   2.2177227e-09      -23.025851       -23.025851      -21245.455                                                  -21245.455
              1      -10645.309      0.29555998   2.4235201e-09      -23.025851       -23.025851      -21244.566                                                  -21244.566
              2      -10645.719      0.33985495   1.8768645e-09      -23.025851       -23.025851      -21245.386                                                  -21245.386
              1      -10645.988      0.31496941   2.1342447e-09      -23.025851       -23.025851      -21245.924                                                  -21245.924
              1      -10646.066      0.31548793   2.1074745e-09      -23.025851       -23.025851      -21246.081                                                  -21246.081
              3      -10642.959       0.3234668   2.1801165e-09      -23.025851       -23.025851      -21239.867                                                  -21239.867
              5      -10644.396      0.31458343   2.2381085e-09      -23.025851       -23.025851      -21242.741                                                  -21242.741
              2      -10644.536      0.32361278   2.1285272e-09      -23.025851       -23.025851      -21243.021                                                  -21243.021
              1      -10644.369      0.32256322   2.1466808e-09      -23.025851       -23.025851      -21242.686                                                  -21242.686
              5       -10645.69       0.2930863   2.4105939e-09      -23.025851       -23.025851      -21245.329                                                  -21245.329
              2      -10646.067      0.31383623   2.1252431e-09      -23.025851       -23.025851      -21246.082                                                  -21246.082
              3      -10645.532      0.28975541    2.377922e-09      -23.025851       -23.025851      -21245.012                                                  -21245.012
              2      -10645.709      0.29425899   2.3237217e-09      -23.025851       -23.025851      -21245.367                                                  -21245.367
              5      -10645.621      0.32618507   1.9273321e-09      -23.025851       -23.025851       -21245.19                                                   -21245.19
              1      -10645.822      0.33055562   1.9094163e-09      -23.025851       -23.025851      -21245.592                                                  -21245.592
              6      -10645.914      0.32763863   1.9453421e-09      -23.025851       -23.025851      -21245.776                                                  -21245.776
              3      -10645.435      0.34342184   1.7797091e-09      -23.025851       -23.025851      -21244.818                                                  -21244.818
              2      -10645.243      0.34359925    1.764274e-09      -23.025851       -23.025851      -21244.434                                                  -21244.434
              1      -10645.534      0.28624706   2.4541171e-09      -23.025851       -23.025851      -21245.015                                                  -21245.015
             10       -10645.42      0.28492767   2.4577774e-09      -23.025851       -23.025851      -21244.788                                                  -21244.788
              1      -10645.037      0.28038039   2.4992828e-09      -23.025851       -23.025851      -21244.023                                                  -21244.023
              1      -10644.814       0.3046583   2.3405113e-09      -23.025851       -23.025851      -21243.576                                                  -21243.576
              2      -10644.669      0.29535525   2.4645808e-09      -23.025851       -23.025851      -21243.287                                                  -21243.287
              7       -10644.86      0.30440589   2.3414032e-09      -23.025851       -23.025851      -21243.668                                                  -21243.668
              2      -10645.437      0.35241983    1.751622e-09      -23.025851       -23.025851      -21244.823                                                  -21244.823
              2      -10645.353      0.32990764   1.8767116e-09      -23.025851       -23.025851      -21244.654                                                  -21244.654
              2      -10645.761       0.2922289   2.3888217e-09      -23.025851       -23.025851      -21245.471                                                  -21245.471
              2      -10645.576      0.28738498   2.4376271e-09      -23.025851       -23.025851        -21245.1                                                    -21245.1
              4      -10644.505      0.29337536   2.4983401e-09      -23.025851       -23.025851      -21242.958                                                  -21242.958
              1      -10645.309       0.2879218   2.3842717e-09      -23.025851       -23.025851      -21244.567                                                  -21244.567
              2      -10645.766      0.33450602   1.8734821e-09      -23.025851       -23.025851      -21245.481                                                  -21245.481
              5      -10645.147       0.3522125    1.703879e-09      -23.025851       -23.025851      -21244.242                                                  -21244.242
              1      -10645.889      0.29917627    2.316455e-09      -23.025851       -23.025851      -21245.725                                                  -21245.725
              1       -10645.44      0.29316217   2.3090904e-09      -23.025851       -23.025851      -21244.828                                                  -21244.828
              2       -10644.69      0.28399071   2.4023014e-09      -23.025851       -23.025851      -21243.329                                                  -21243.329
              4      -10645.723        0.326636   1.9317052e-09      -23.025851       -23.025851      -21245.395                                                  -21245.395
              3      -10645.584       0.3230213   2.0828855e-09      -23.025851       -23.025851      -21245.117                                                  -21245.117
              1      -10645.298      0.31160245   2.2319729e-09      -23.025851       -23.025851      -21244.544                                                  -21244.544
              2      -10645.301      0.30945668   2.2571333e-09      -23.025851       -23.025851      -21244.549                                                  -21244.549
              3      -10645.585      0.32460767   2.0649272e-09      -23.025851       -23.025851      -21245.118                                                  -21245.118
              1      -10645.633      0.32445043   2.0632126e-09      -23.025851       -23.025851      -21245.214                                                  -21245.214
              2      -10645.366      0.34798541   1.7461206e-09      -23.025851       -23.025851      -21244.681                                                  -21244.681
              1      -10645.032      0.35322484    1.689898e-09      -23.025851       -23.025851      -21244.012                                                  -21244.012
              1      -10645.352      0.35396141   1.7515309e-09      -23.025851       -23.025851      -21244.653                                                  -21244.653
              2      -10645.161      0.36008348   1.6754681e-09      -23.025851       -23.025851       -21244.27                                                   -21244.27
              5       -10644.93       0.3528736   1.6855228e-09      -23.025851       -23.025851      -21243.808                                                  -21243.808
              1      -10644.693      0.33481584   1.9999153e-09      -23.025851       -23.025851      -21243.335                                                  -21243.335
              1      -10644.979      0.33557254   1.9792954e-09      -23.025851       -23.025851      -21243.906                                                  -21243.906
              1      -10644.858      0.34959209   1.8398536e-09      -23.025851       -23.025851      -21243.663                                                  -21243.663
              3      -10645.593        0.321662   2.0976384e-09      -23.025851       -23.025851      -21245.134                                                  -21245.134
              1      -10645.175      0.30101786   2.1763272e-09      -23.025851       -23.025851      -21244.297                                                  -21244.297
              7       -10645.05      0.29917864     2.19346e-09      -23.025851       -23.025851      -21244.048                                                  -21244.048
              1      -10644.981      0.30030175   2.1745795e-09      -23.025851       -23.025851       -21243.91                                                   -21243.91
              2       -10645.19      0.28712518   2.3867087e-09      -23.025851       -23.025851      -21244.328                                                  -21244.328
              4      -10645.229      0.28273299    2.474299e-09      -23.025851       -23.025851      -21244.406                                                  -21244.406
              1      -10645.451      0.34625755   1.7641731e-09      -23.025851       -23.025851       -21244.85                                                   -21244.85
              2      -10644.592      0.35266831   1.8218409e-09      -23.025851       -23.025851      -21243.132                                                  -21243.132
              3      -10645.813       0.3362244   1.8704786e-09      -23.025851       -23.025851      -21245.573                                                  -21245.573
              1      -10645.793      0.33508384   1.9252601e-09      -23.025851       -23.025851      -21245.535                                                  -21245.535
              1      -10645.915      0.32483892   2.0309524e-09      -23.025851       -23.025851      -21245.778                                                  -21245.778
              1      -10645.738      0.30271038    2.303037e-09      -23.025851       -23.025851      -21245.424                                                  -21245.424
              1       -10645.85      0.29581941   2.3307401e-09      -23.025851       -23.025851      -21245.648                                                  -21245.648
              3        -10645.9      0.31243394   2.1754149e-09      -23.025851       -23.025851      -21245.748                                                  -21245.748
              1      -10644.887      0.31353495   2.2301106e-09      -23.025851       -23.025851      -21243.722                                                  -21243.722
              1      -10644.995         0.29422   2.4610515e-09      -23.025851       -23.025851      -21243.937                                                  -21243.937
              1      -10644.241      0.27684303   2.5019998e-09      -23.025851       -23.025851       -21242.43                                                   -21242.43
              2      -10645.775      0.29591463   2.3695541e-09      -23.025851       -23.025851      -21245.499                                                  -21245.499
              1      -10646.038      0.31179966   2.1585994e-09      -23.025851       -23.025851      -21246.023                                                  -21246.023
              3      -10645.943      0.31557677    2.134223e-09      -23.025851       -23.025851      -21245.834                                                  -21245.834
              2      -10645.649      0.34484017   1.8039455e-09      -23.025851       -23.025851      -21245.246                                                  -21245.246
              1      -10645.649      0.34500444   1.8053929e-09      -23.025851       -23.025851      -21245.247                                                  -21245.247
              3       -10645.94      0.30855193   2.2130825e-09      -23.025851       -23.025851      -21245.829                                                  -21245.829
              3      -10645.281      0.34540101   1.7548836e-09      -23.025851       -23.025851      -21244.509                                                  -21244.509
              2      -10645.285       0.3459023     1.75196e-09      -23.025851       -23.025851      -21244.518                                                  -21244.518
              2      -10644.982       0.3593157   1.7317276e-09      -23.025851       -23.025851      -21243.912                                                  -21243.912
              2      -10645.489      0.31853578   2.1401863e-09      -23.025851       -23.025851      -21244.926                                                  -21244.926
              1       -10644.81      0.32144422   2.1419066e-09      -23.025851       -23.025851      -21243.569                                                  -21243.569
              3      -10645.796      0.31266871   2.1838754e-09      -23.025851       -23.025851       -21245.54                                                   -21245.54
              1      -10645.807      0.31059137   2.2064945e-09      -23.025851       -23.025851      -21245.563                                                  -21245.563
              1      -10645.565      0.29039669   2.3709595e-09      -23.025851       -23.025851      -21245.079                                                  -21245.079
              4      -10644.954      0.31528131   1.9963768e-09      -23.025851       -23.025851      -21243.856                                                  -21243.856
              2      -10645.376      0.34935683   1.7397816e-09      -23.025851       -23.025851      -21244.701                                                  -21244.701
             10      -10644.897      0.35542892   1.6686281e-09      -23.025851       -23.025851      -21243.743                                                  -21243.743
              2      -10644.991      0.36168443   1.6457864e-09      -23.025851       -23.025851       -21243.93                                                   -21243.93
              1      -10644.521      0.34859484   1.8652741e-09      -23.025851       -23.025851      -21242.991                                                  -21242.991
              1      -10645.306      0.33603226    1.957026e-09      -23.025851       -23.025851      -21244.561                                                  -21244.561
              2      -10645.085      0.35598594   1.6790029e-09      -23.025851       -23.025851      -21244.117                                                  -21244.117
              2      -10645.165      0.35673583   1.7431495e-09      -23.025851       -23.025851      -21244.279                                                  -21244.279
              3      -10641.049      0.35270088   1.9184942e-09      -23.025851       -23.025851      -21236.046                                                  -21236.046
              3       -10645.89      0.33031735    1.968618e-09      -23.025851       -23.025851      -21245.728                                                  -21245.728
              3      -10645.806      0.32375411   1.9654821e-09      -23.025851       -23.025851       -21245.56                                                   -21245.56
              1      -10646.026      0.31753918   2.0566477e-09      -23.025851       -23.025851      -21246.001                                                  -21246.001
              1      -10644.939      0.29663619   2.2219515e-09      -23.025851       -23.025851      -21243.827                                                  -21243.827
              3      -10645.977       0.3048593   2.2439364e-09      -23.025851       -23.025851      -21245.903                                                  -21245.903
              1          -10646      0.30478687   2.2368577e-09      -23.025851       -23.025851      -21245.948                                                  -21245.948
              3      -10645.649       0.3404652   1.8798228e-09      -23.025851       -23.025851      -21245.245                                                  -21245.245
              1      -10646.053      0.31483555   2.0928126e-09      -23.025851       -23.025851      -21246.054                                                  -21246.054
              1       -10644.19      0.34767773   1.6864271e-09      -23.025851       -23.025851      -21242.329                                                  -21242.329
              1      -10644.699      0.35870711   1.6385868e-09      -23.025851       -23.025851      -21243.346                                                  -21243.346
              4      -10645.547      0.34489434   1.7827187e-09      -23.025851       -23.025851      -21245.043                                                  -21245.043
              1      -10645.604      0.33490169   1.8536766e-09      -23.025851       -23.025851      -21245.157                                                  -21245.157
              3      -10645.278      0.33868198   1.8017224e-09      -23.025851       -23.025851      -21244.505                                                  -21244.505
              1       -10645.55      0.34569625   1.7791802e-09      -23.025851       -23.025851      -21245.048                                                  -21245.048
              1       -10645.74      0.34100987   1.8359275e-09      -23.025851       -23.025851      -21245.428                                                  -21245.428
              1      -10642.636      0.34269463   1.9819113e-09      -23.025851       -23.025851       -21239.22                                                   -21239.22
              2      -10644.307      0.29177822   2.5287334e-09      -23.025851       -23.025851      -21242.562                                                  -21242.562
              1      -10644.392      0.30967471   2.2972241e-09      -23.025851       -23.025851      -21242.732                                                  -21242.732
              3      -10645.398      0.34555017   1.8473317e-09      -23.025851       -23.025851      -21244.745                                                  -21244.745
              5       -10645.07      0.34438277   1.8820553e-09      -23.025851       -23.025851      -21244.089                                                  -21244.089
              2      -10645.111       0.3442638   1.8809887e-09      -23.025851       -23.025851      -21244.171                                                  -21244.171
              5      -10645.187      0.35736606   1.7328333e-09      -23.025851       -23.025851      -21244.322                                                  -21244.322
              1      -10644.716      0.34575716   1.7210742e-09      -23.025851       -23.025851       -21243.38                                                   -21243.38
              1      -10645.392      0.33866784   1.8091993e-09      -23.025851       -23.025851      -21244.732                                                  -21244.732
              6      -10645.071      0.33309705   1.8344659e-09      -23.025851       -23.025851       -21244.09                                                   -21244.09
              2      -10645.531       0.3472314   1.8119629e-09      -23.025851       -23.025851      -21245.011                                                  -21245.011
              6      -10645.995      0.31975057   2.0280552e-09      -23.025851       -23.025851      -21245.938                                                  -21245.938
              2      -10645.755      0.32096807   1.9872251e-09      -23.025851       -23.025851      -21245.459                                                  -21245.459
              6      -10644.099      0.35594296   1.6283309e-09      -23.025851       -23.025851      -21242.146                                                  -21242.146
              2      -10644.221      0.35555121   1.6354533e-09      -23.025851       -23.025851       -21242.39                                                   -21242.39
              1      -10645.436      0.35211259   1.7408772e-09      -23.025851       -23.025851       -21244.82                                                   -21244.82
              1      -10645.458      0.35162621    1.748237e-09      -23.025851       -23.025851      -21244.865                                                  -21244.865
              1      -10645.282      0.30542709   2.1264889e-09      -23.025851       -23.025851      -21244.512                                                  -21244.512
              4      -10645.673      0.29445442   2.4002224e-09      -23.025851       -23.025851      -21245.295                                                  -21245.295
              1      -10645.777      0.29632172   2.2995011e-09      -23.025851       -23.025851      -21245.503                                                  -21245.503
              1      -10646.063      0.31905249   2.0637162e-09      -23.025851       -23.025851      -21246.074                                                  -21246.074
              1       -10646.01      0.32123573   2.0571381e-09      -23.025851       -23.025851      -21245.968                                                  -21245.968
              2      -10645.085      0.27688596   2.5924363e-09      -23.025851       -23.025851      -21244.118                                                  -21244.118
              1      -10645.209      0.33801664   1.9414059e-09      -23.025851       -23.025851      -21244.366                                                  -21244.366
              1      -10645.474      0.29992975   2.2116232e-09      -23.025851       -23.025851      -21244.896                                                  -21244.896
              3      -10645.448       0.3043296   2.1511785e-09      -23.025851       -23.025851      -21244.844                                                  -21244.844
              2      -10645.477      0.30843862   2.1024764e-09      -23.025851       -23.025851      -21244.903                                                  -21244.903
              7      -10645.428      0.30775357   2.1073955e-09      -23.025851       -23.025851      -21244.805                                                  -21244.805
              2      -10644.896      0.31852859   2.1714873e-09      -23.025851       -23.025851      -21243.741                                                  -21243.741
              1      -10644.529      0.31473355   2.2311761e-09      -23.025851       -23.025851      -21243.006                                                  -21243.006
              1      -10645.674       0.3375662   1.8414979e-09      -23.025851       -23.025851      -21245.297                                                  -21245.297
              1      -10645.562        0.342402    1.798361e-09      -23.025851       -23.025851      -21245.072                                                  -21245.072
              2      -10645.922      0.30290546   2.2203064e-09      -23.025851       -23.025851      -21245.793                                                  -21245.793
              1      -10645.869      0.33502548   1.9076761e-09      -23.025851       -23.025851      -21245.687                                                  -21245.687
              1      -10645.721      0.33257535    1.963847e-09      -23.025851       -23.025851       -21245.39                                                   -21245.39
              1      -10645.071       0.3313245   2.0205128e-09      -23.025851       -23.025851      -21244.091                                                  -21244.091
              3      -10645.566      0.28681499   2.4793941e-09      -23.025851       -23.025851       -21245.08                                                   -21245.08
              1      -10645.581      0.28682125   2.4675058e-09      -23.025851       -23.025851      -21245.111                                                  -21245.111
              2      -10645.544      0.32740812   2.0364396e-09      -23.025851       -23.025851      -21245.036                                                  -21245.036
              1      -10645.433      0.33250252   1.9875204e-09      -23.025851       -23.025851      -21244.814                                                  -21244.814
              3      -10645.672      0.33936965   1.8899595e-09      -23.025851       -23.025851      -21245.293                                                  -21245.293
              1      -10646.037      0.31146614    2.127751e-09      -23.025851       -23.025851      -21246.021                                                  -21246.021
              3      -10646.002      0.32661812   1.9772203e-09      -23.025851       -23.025851      -21245.952                                                  -21245.952
             12      -10646.008      0.32619794   1.9829838e-09      -23.025851       -23.025851      -21245.964                                                  -21245.964
              2      -10645.964       0.3197905   2.0827169e-09      -23.025851       -23.025851      -21245.877                                                  -21245.877
              1      -10645.375      0.35102234   1.7318271e-09      -23.025851       -23.025851      -21244.699                                                  -21244.699
              2      -10645.208      0.33150278   1.8549189e-09      -23.025851       -23.025851      -21244.364                                                  -21244.364
              1      -10645.186      0.32966832   1.8694493e-09      -23.025851       -23.025851       -21244.32                                                   -21244.32
              1      -10643.822       0.3381488     1.74489e-09      -23.025851       -23.025851      -21241.592                                                  -21241.592
              1      -10645.636      0.33034744   1.8924813e-09      -23.025851       -23.025851      -21245.219                                                  -21245.219
              1      -10645.476      0.31098584   2.0725719e-09      -23.025851       -23.025851        -21244.9                                                    -21244.9
              4      -10645.401      0.31669639   2.0052298e-09      -23.025851       -23.025851      -21244.751                                                  -21244.751
              7      -10643.924      0.32566677   1.8542341e-09      -23.025851       -23.025851      -21241.797                                                  -21241.797
              1      -10645.831      0.31128277   2.0980212e-09      -23.025851       -23.025851      -21245.609                                                  -21245.609
              1       -10644.95      0.32865189   2.0553819e-09      -23.025851       -23.025851      -21243.848                                                  -21243.848
              3       -10644.77       0.3166493   2.1987667e-09      -23.025851       -23.025851      -21243.488                                                  -21243.488
              1      -10645.306      0.31804893   2.1566287e-09      -23.025851       -23.025851       -21244.56                                                   -21244.56
              2      -10644.872      0.35840025   1.7495229e-09      -23.025851       -23.025851      -21243.692                                                  -21243.692
              2      -10643.746      0.32773945   2.1096261e-09      -23.025851       -23.025851      -21241.441                                                  -21241.441
              1      -10645.768      0.30738037   2.2469448e-09      -23.025851       -23.025851      -21245.485                                                  -21245.485
              2      -10644.023      0.33545411   2.0176426e-09      -23.025851       -23.025851      -21241.994                                                  -21241.994
              1      -10643.934      0.32202161   2.1678711e-09      -23.025851       -23.025851      -21241.815                                                  -21241.815
              2      -10644.262      0.32147328   2.1629449e-09      -23.025851       -23.025851      -21242.471                                                  -21242.471
              1      -10645.295      0.32596912   2.0677752e-09      -23.025851       -23.025851      -21244.538                                                  -21244.538
              5      -10645.127      0.33511345   1.9768756e-09      -23.025851       -23.025851      -21244.202                                                  -21244.202
              1      -10646.034      0.32297306   2.0263901e-09      -23.025851       -23.025851      -21246.016                                                  -21246.016
              3      -10645.549      0.33768753   1.8283669e-09      -23.025851       -23.025851      -21245.046                                                  -21245.046
              2      -10645.169      0.34981913   1.7193748e-09      -23.025851       -23.025851      -21244.287                                                  -21244.287
              5      -10645.208      0.35107377   1.7150736e-09      -23.025851       -23.025851      -21244.365                                                  -21244.365
              1      -10645.519      0.34862859   1.7636679e-09      -23.025851       -23.025851      -21244.986                                                  -21244.986
              3      -10645.948      0.30942303   2.1353361e-09      -23.025851       -23.025851      -21245.845                                                  -21245.845
              2      -10644.658      0.36441881   1.7022155e-09      -23.025851       -23.025851      -21243.263                                                  -21243.263
              1      -10645.916       0.3073871   2.2293909e-09      -23.025851       -23.025851      -21245.781                                                  -21245.781
              1      -10646.067      0.31387165   2.1106693e-09      -23.025851       -23.025851      -21246.082                                                  -21246.082
              7      -10644.668      0.34660535   1.7130074e-09      -23.025851       -23.025851      -21243.284                                                  -21243.284
              1       -10645.03       0.3465911   1.7311696e-09      -23.025851       -23.025851      -21244.008                                                  -21244.008
              3      -10645.574      0.33052138   1.8862296e-09      -23.025851       -23.025851      -21245.097                                                  -21245.097
              4      -10645.612      0.34072153   1.8141511e-09      -23.025851       -23.025851      -21245.172                                                  -21245.172
              1      -10645.205      0.35260579   1.7065231e-09      -23.025851       -23.025851      -21244.359                                                  -21244.359
              1      -10645.581      0.34625155   1.8159109e-09      -23.025851       -23.025851      -21245.111                                                  -21245.111
              3      -10645.972      0.32784055   1.9818231e-09      -23.025851       -23.025851      -21245.892                                                  -21245.892
              3      -10645.712      0.34242375    1.838963e-09      -23.025851       -23.025851      -21245.372                                                  -21245.372
              1      -10644.894      0.35746072   1.7577301e-09      -23.025851       -23.025851      -21243.736                                                  -21243.736
              7      -10644.608      0.36263782   1.6124729e-09      -23.025851       -23.025851      -21243.165                                                  -21243.165
              2      -10644.987      0.36375344   1.6400233e-09      -23.025851       -23.025851      -21243.923                                                  -21243.923
              1      -10645.599      0.34294449    1.799761e-09      -23.025851       -23.025851      -21245.146                                                  -21245.146
              7      -10645.482      0.34008676   1.8058572e-09      -23.025851       -23.025851      -21244.911                                                  -21244.911
              1      -10645.315      0.34724193   1.7459738e-09      -23.025851       -23.025851      -21244.579                                                  -21244.579
              1      -10645.918      0.31491225   2.1451182e-09      -23.025851       -23.025851      -21245.783                                                  -21245.783
              1      -10645.799      0.30331642    2.195812e-09      -23.025851       -23.025851      -21245.547                                                  -21245.547
              3      -10645.731      0.30116338    2.218071e-09      -23.025851       -23.025851       -21245.41                                                   -21245.41
              2      -10646.039      0.30724791   2.1937026e-09      -23.025851       -23.025851      -21246.026                                                  -21246.026
              3      -10645.864      0.31654205   2.0428362e-09      -23.025851       -23.025851      -21245.675                                                  -21245.675
              1      -10645.119      0.32921625   2.0411663e-09      -23.025851       -23.025851      -21244.185                                                  -21244.185
              2      -10645.113      0.30072165   2.3733297e-09      -23.025851       -23.025851      -21244.174                                                  -21244.174
              2      -10645.151      0.31494057   2.0097918e-09      -23.025851       -23.025851       -21244.25                                                   -21244.25
              1      -10645.712      0.30967567    2.225846e-09      -23.025851       -23.025851      -21245.372                                                  -21245.372
              2      -10645.654      0.31152759   2.2092464e-09      -23.025851       -23.025851      -21245.256                                                  -21245.256
              2      -10645.028      0.29367792   2.2697606e-09      -23.025851       -23.025851      -21244.004                                                  -21244.004
              7      -10645.477      0.33977929   1.9045916e-09      -23.025851       -23.025851      -21244.903                                                  -21244.903
              3      -10645.923      0.29923369   2.2859507e-09      -23.025851       -23.025851      -21245.793                                                  -21245.793
              2       -10645.82      0.29524673   2.3303244e-09      -23.025851       -23.025851      -21245.587                                                  -21245.587
              2      -10645.655       0.2888797   2.4374221e-09      -23.025851       -23.025851      -21245.259                                                  -21245.259
              1      -10645.597      0.28743428   2.4460526e-09      -23.025851       -23.025851      -21245.143                                                  -21245.143
              5      -10646.037      0.30727035   2.1895514e-09      -23.025851       -23.025851      -21246.023                                                  -21246.023
              7      -10645.668      0.29274854   2.3439008e-09      -23.025851       -23.025851      -21245.284                                                  -21245.284
              1      -10645.839      0.29697165   2.3010503e-09      -23.025851       -23.025851      -21245.625                                                  -21245.625
              4      -10646.002      0.30383149   2.2359932e-09      -23.025851       -23.025851      -21245.952                                                  -21245.952
              1      -10645.303      0.30504609   2.3095428e-09      -23.025851       -23.025851      -21244.555                                                  -21244.555
              1      -10645.319      0.30423389   2.3183056e-09      -23.025851       -23.025851      -21244.586                                                  -21244.586
              2       -10645.27      0.34343647   1.8799596e-09      -23.025851       -23.025851      -21244.488                                                  -21244.488
              2      -10645.855      0.33341456    1.935638e-09      -23.025851       -23.025851      -21245.658                                                  -21245.658
              3      -10645.449      0.28465007   2.4710722e-09      -23.025851       -23.025851      -21244.846                                                  -21244.846
              6      -10645.161      0.28102125   2.5015037e-09      -23.025851       -23.025851       -21244.27                                                   -21244.27
              3      -10644.989       0.2787578   2.5281601e-09      -23.025851       -23.025851      -21243.927                                                  -21243.927
              1      -10644.956      0.29816303   2.4139168e-09      -23.025851       -23.025851       -21243.86                                                   -21243.86
              2      -10644.914      0.28998335   2.5193583e-09      -23.025851       -23.025851      -21243.776                                                  -21243.776
              4      -10645.284       0.2935765   2.4492585e-09      -23.025851       -23.025851      -21244.516                                                  -21244.516
              3      -10645.564      0.29796232   2.3741518e-09      -23.025851       -23.025851      -21245.077                                                  -21245.077
              1       -10644.66      0.27699788   2.5308099e-09      -23.025851       -23.025851      -21243.268                                                  -21243.268
              4      -10645.378      0.29275048   2.3099857e-09      -23.025851       -23.025851      -21244.705                                                  -21244.705
              2      -10644.697      0.28805976   2.3354391e-09      -23.025851       -23.025851      -21243.342                                                  -21243.342
              4      -10644.979      0.28933644    2.333254e-09      -23.025851       -23.025851      -21243.907                                                  -21243.907
              1      -10645.633      0.30198766   2.1968064e-09      -23.025851       -23.025851      -21245.215                                                  -21245.215
              2      -10645.839      0.31280312    2.081324e-09      -23.025851       -23.025851      -21245.626                                                  -21245.626
              2      -10645.555      0.32652663   1.9194486e-09      -23.025851       -23.025851      -21245.058                                                  -21245.058
              6      -10645.061      0.35194829   1.6993017e-09      -23.025851       -23.025851       -21244.07                                                   -21244.07
              1      -10645.139      0.32387473   2.0993503e-09      -23.025851       -23.025851      -21244.226                                                  -21244.226
              2      -10645.865      0.29723476   2.3038315e-09      -23.025851       -23.025851      -21245.678                                                  -21245.678
              2      -10645.563      0.31899192   1.9919903e-09      -23.025851       -23.025851      -21245.074                                                  -21245.074
              3      -10645.553      0.34367546   1.8531913e-09      -23.025851       -23.025851      -21245.055                                                  -21245.055
              2      -10645.828      0.33496012   1.8804432e-09      -23.025851       -23.025851      -21245.605                                                  -21245.605
              2      -10645.275      0.28521212   2.5460525e-09      -23.025851       -23.025851      -21244.498                                                  -21244.498
              3      -10645.505      0.31092336   2.2270697e-09      -23.025851       -23.025851      -21244.958                                                  -21244.958
              2      -10645.741      0.34034895   1.8649209e-09      -23.025851       -23.025851      -21245.431                                                  -21245.431
              1       -10646.01      0.32229094   2.0081458e-09      -23.025851       -23.025851      -21245.968                                                  -21245.968
              1      -10645.979      0.30555413   2.2368397e-09      -23.025851       -23.025851      -21245.907                                                  -21245.907
              1      -10645.594      0.29325061   2.3244599e-09      -23.025851       -23.025851      -21245.137                                                  -21245.137
              7      -10645.285      0.29244373   2.3068477e-09      -23.025851       -23.025851      -21244.517                                                  -21244.517
              9      -10645.895      0.33228836   1.9101313e-09      -23.025851       -23.025851      -21245.738                                                  -21245.738
              3      -10645.561      0.32001169   1.9815893e-09      -23.025851       -23.025851       -21245.07                                                   -21245.07
              2      -10645.446      0.31544388   2.1783882e-09      -23.025851       -23.025851       -21244.84                                                   -21244.84
              1      -10645.882      0.33466901   1.9064663e-09      -23.025851       -23.025851      -21245.713                                                  -21245.713
              4      -10645.572      0.29936959   2.2277983e-09      -23.025851       -23.025851      -21245.093                                                  -21245.093
              1      -10644.824      0.30331947   2.1277085e-09      -23.025851       -23.025851      -21243.595                                                  -21243.595
              4      -10645.234      0.32109099   1.9511654e-09      -23.025851       -23.025851      -21244.416                                                  -21244.416
              2       -10645.52      0.32248197   1.9546539e-09      -23.025851       -23.025851      -21244.988                                                  -21244.988
              2      -10645.884      0.32887588   1.9310514e-09      -23.025851       -23.025851      -21245.717                                                  -21245.717
              2      -10645.481      0.31049919   2.2336311e-09      -23.025851       -23.025851       -21244.91                                                   -21244.91
              2      -10646.039      0.32227836   2.0187772e-09      -23.025851       -23.025851      -21246.026                                                  -21246.026
              3      -10645.602      0.28812757    2.464935e-09      -23.025851       -23.025851      -21245.152                                                  -21245.152
              1      -10646.009      0.31398952   2.1413935e-09      -23.025851       -23.025851      -21245.966                                                  -21245.966
              1      -10645.495      0.32175023   2.1032225e-09      -23.025851       -23.025851      -21244.938                                                  -21244.938
              2      -10645.316      0.33900574   1.9243855e-09      -23.025851       -23.025851      -21244.581                                                  -21244.581
              4      -10645.839         0.31457   2.1579055e-09      -23.025851       -23.025851      -21245.626                                                  -21245.626
              5      -10645.904      0.31811463   2.1102965e-09      -23.025851       -23.025851      -21245.755                                                  -21245.755
              1      -10645.188      0.29345252   2.4578465e-09      -23.025851       -23.025851      -21244.325                                                  -21244.325
              1      -10644.351      0.29475641   2.2181366e-09      -23.025851       -23.025851       -21242.65                                                   -21242.65
              1      -10645.039      0.31687349   1.9837676e-09      -23.025851       -23.025851      -21244.025                                                  -21244.025
              5      -10641.579      0.30588851   1.9893149e-09      -23.025851       -23.025851      -21237.107                                                  -21237.107
              1      -10642.438      0.31198288   1.9452492e-09      -23.025851       -23.025851      -21238.824                                                  -21238.824
              1      -10642.359      0.31578306   1.9039199e-09      -23.025851       -23.025851      -21238.665                                                  -21238.665
              1          -10646      0.31919788   2.0344506e-09      -23.025851       -23.025851      -21245.948                                                  -21245.948
              5      -10645.872      0.33171953   1.9542355e-09      -23.025851       -23.025851      -21245.692                                                  -21245.692
