#        weight    minuslogpost         Omega_m             A_s   minuslogprior minuslogprior__0            chi2 chi2__functions_and_classes.SO_x_DESI_Likelihood_w_emulator
              2      -10640.471      0.33347808   2.1246072e-09      -23.025851       -23.025851      -21234.891                                                  -21234.891
              1      -10640.943      0.33040423   2.1489058e-09      -23.025851       -23.025851      -21235.834                                                  -21235.834
              1      -10646.026      0.32070564   2.0262154e-09      -23.025851       -23.025851          -21246                                                      -21246
              1      -10642.186      0.32592906   2.1716683e-09      -23.025851       -23.025851      -21238.321                                                  -21238.321
              3      -10644.808      0.31567484   2.2084927e-09      -23.025851       -23.025851      -21243.565                                                  -21243.565
              1      -10645.044      0.31445089   2.2119397e-09      -23.025851       -23.025851      -21244.036                                                  -21244.036
              1      -10645.485      0.31392907   2.1934111e-09      -23.025851       -23.025851      -21244.919                                                  -21244.919
              1      -10645.377      0.31270815   2.0468195e-09      -23.025851       -23.025851      -21244.702                                                  -21244.702
              1      -10645.782      0.31563706   2.0443801e-09      -23.025851       -23.025851      -21245.512                                                  -21245.512
              2       -10645.91      0.31171524   2.1821955e-09      -23.025851       -23.025851      -21245.769                                                  -21245.769
              3       -10645.59      0.30876461   2.2462201e-09      -23.025851       -23.025851      -21245.128                                                  -21245.128
              2      -10645.214       0.3091079   2.2661931e-09      -23.025851       -23.025851      -21244.377                                                  -21244.377
              1      -10645.735      0.30176959    2.313815e-09      -23.025851       -23.025851      -21245.419                                                  -21245.419
              1      -10645.593      0.30268074   2.3169653e-09      -23.025851       -23.025851      -21245.134                                                  -21245.134
              1      -10644.409      0.29859209   2.4352193e-09      -23.025851       -23.025851      -21242.765                                                  -21242.765
              3      -10644.663      0.29990301    2.406958e-09      -23.025851       -23.025851      -21243.274                                                  -21243.274
              1       -10645.42      0.28304035   2.5100287e-09      -23.025851       -23.025851      -21244.788                                                  -21244.788
              3      -10645.396      0.28258306   2.5148555e-09      -23.025851       -23.025851      -21244.741                                                  -21244.741
              2      -10642.981      0.30080051   2.4579338e-09      -23.025851       -23.025851       -21239.91                                                   -21239.91
              2      -10641.672      0.29891204   2.5199313e-09      -23.025851       -23.025851      -21237.292                                                  -21237.292
              1      -10641.936      0.29505109   2.5661972e-09      -23.025851       -23.025851      -21237.819                                                  -21237.819
              2       -10642.04       0.2964901   2.5433761e-09      -23.025851       -23.025851      -21238.029                                                  -21238.029
              1      -10645.037      0.28500258   2.4106985e-09      -23.025851       -23.025851      -21244.023                                                  -21244.023
              1       -10645.62      0.29197061   2.3503678e-09      -23.025851       -23.025851      -21245.188                                                  -21245.188
              3      -10645.715      0.30040561   2.3312223e-09      -23.025851       -23.025851      -21245.379                                                  -21245.379
              2      -10645.687      0.30040685   2.3342654e-09      -23.025851       -23.025851      -21245.323                                                  -21245.323
              1      -10645.922      0.30478859   2.2562668e-09      -23.025851       -23.025851      -21245.792                                                  -21245.792
              1      -10645.853      0.30019411    2.249155e-09      -23.025851       -23.025851      -21245.654                                                  -21245.654
              2       -10645.74      0.30051467   2.2284462e-09      -23.025851       -23.025851      -21245.428                                                  -21245.428
              1      -10645.771      0.33225306   1.8903092e-09      -23.025851       -23.025851      -21245.491                                                  -21245.491
              2       -10645.77       0.3389953   1.8489655e-09      -23.025851       -23.025851      -21245.488                                                  -21245.488
              1      -10645.976      0.32868678   1.9566631e-09      -23.025851       -23.025851      -21245.901                                                  -21245.901
              4      -10645.862       0.3271429   1.9418856e-09      -23.025851       -23.025851      -21245.673                                                  -21245.673
              1      -10645.556      0.32869035   1.9004805e-09      -23.025851       -23.025851      -21245.061                                                  -21245.061
              1      -10645.639      0.32936904     1.90093e-09      -23.025851       -23.025851      -21245.226                                                  -21245.226
              1      -10645.974      0.32899476   1.9574432e-09      -23.025851       -23.025851      -21245.897                                                  -21245.897
              1      -10645.457      0.33219435   1.9893495e-09      -23.025851       -23.025851      -21244.861                                                  -21244.861
              2      -10645.578      0.32462479   2.0652577e-09      -23.025851       -23.025851      -21245.103                                                  -21245.103
              4      -10645.671      0.31571589   2.1596893e-09      -23.025851       -23.025851       -21245.29                                                   -21245.29
              2      -10645.659      0.32460943   2.0594082e-09      -23.025851       -23.025851      -21245.267                                                  -21245.267
              3      -10645.666       0.3174865   2.0150219e-09      -23.025851       -23.025851       -21245.28                                                   -21245.28
              1      -10645.728      0.32171418   2.0866243e-09      -23.025851       -23.025851      -21245.404                                                  -21245.404
              1       -10645.85      0.31963451   2.0989035e-09      -23.025851       -23.025851      -21245.649                                                  -21245.649
              1      -10646.058      0.31853153    2.075064e-09      -23.025851       -23.025851      -21246.064                                                  -21246.064
              3      -10645.466       0.3285849   2.0285502e-09      -23.025851       -23.025851      -21244.881                                                  -21244.881
              3      -10645.337      0.33686233   1.9461922e-09      -23.025851       -23.025851      -21244.622                                                  -21244.622
              4      -10644.892      0.33587594   1.9801112e-09      -23.025851       -23.025851      -21243.732                                                  -21243.732
              2        -10645.2      0.32963721   2.0323662e-09      -23.025851       -23.025851      -21244.349                                                  -21244.349
              1      -10645.345      0.33280683   1.9896593e-09      -23.025851       -23.025851      -21244.639                                                  -21244.639
              1      -10645.929      0.32972065   1.9681432e-09      -23.025851       -23.025851      -21245.807                                                  -21245.807
              1      -10645.786      0.33728225   1.8596825e-09      -23.025851       -23.025851       -21245.52                                                   -21245.52
              1      -10645.275      0.34296596   1.8846408e-09      -23.025851       -23.025851      -21244.498                                                  -21244.498
              3      -10644.642      0.34036762    1.943812e-09      -23.025851       -23.025851      -21243.233                                                  -21243.233
              1      -10645.737      0.33451328   1.8697308e-09      -23.025851       -23.025851      -21245.422                                                  -21245.422
              1      -10645.719      0.33657469   1.8534403e-09      -23.025851       -23.025851      -21245.386                                                  -21245.386
              2      -10645.919      0.33181412   1.9197219e-09      -23.025851       -23.025851      -21245.786                                                  -21245.786
              1      -10645.684      0.32887951   1.9088679e-09      -23.025851       -23.025851      -21245.316                                                  -21245.316
              1      -10645.594      0.32927207   1.8982543e-09      -23.025851       -23.025851      -21245.136                                                  -21245.136
              1      -10645.799      0.33247421   1.8920871e-09      -23.025851       -23.025851      -21245.546                                                  -21245.546
              1      -10644.004      0.33499686   2.0230672e-09      -23.025851       -23.025851      -21241.957                                                  -21241.957
              1      -10645.961      0.32988018   1.9472243e-09      -23.025851       -23.025851      -21245.871                                                  -21245.871
              4      -10645.899      0.33334715   1.9238347e-09      -23.025851       -23.025851      -21245.747                                                  -21245.747
              1      -10645.878      0.33204934   1.9488573e-09      -23.025851       -23.025851      -21245.704                                                  -21245.704
              2      -10645.587       0.3356848   1.9410231e-09      -23.025851       -23.025851      -21245.123                                                  -21245.123
              2      -10645.585      0.33713783   1.9248925e-09      -23.025851       -23.025851      -21245.119                                                  -21245.119
              1      -10644.653      0.33851231    1.962623e-09      -23.025851       -23.025851      -21243.255                                                  -21243.255
              2      -10645.962      0.32606502   2.0079667e-09      -23.025851       -23.025851      -21245.873                                                  -21245.873
              1      -10645.784      0.32565385   2.0367683e-09      -23.025851       -23.025851      -21245.516                                                  -21245.516
              1      -10646.013      0.32559406   1.9871693e-09      -23.025851       -23.025851      -21245.974                                                  -21245.974
              2      -10645.331      0.33319883   1.9862526e-09      -23.025851       -23.025851       -21244.61                                                   -21244.61
              2      -10645.145      0.33243896   2.0047306e-09      -23.025851       -23.025851      -21244.239                                                  -21244.239
              1      -10645.976      0.32787021   1.9798365e-09      -23.025851       -23.025851        -21245.9                                                    -21245.9
              3      -10645.957      0.33016554   1.9495499e-09      -23.025851       -23.025851      -21245.862                                                  -21245.862
              2      -10645.993      0.32575159   1.9767272e-09      -23.025851       -23.025851      -21245.933                                                  -21245.933
              3      -10645.929      0.33191774   1.9338395e-09      -23.025851       -23.025851      -21245.806                                                  -21245.806
              2      -10645.838      0.32911726   1.9226648e-09      -23.025851       -23.025851      -21245.624                                                  -21245.624
              1      -10645.991      0.32430232   1.9868593e-09      -23.025851       -23.025851      -21245.929                                                  -21245.929
              4        -10645.2      0.32031895   1.9569819e-09      -23.025851       -23.025851      -21244.348                                                  -21244.348
              2      -10644.772      0.32055636   1.9343837e-09      -23.025851       -23.025851      -21243.493                                                  -21243.493
              2      -10645.897      0.32963537   1.9274469e-09      -23.025851       -23.025851      -21245.742                                                  -21245.742
              1      -10645.457      0.33023747   2.0108882e-09      -23.025851       -23.025851      -21244.862                                                  -21244.862
              3      -10646.024      0.31801668   2.0923041e-09      -23.025851       -23.025851      -21245.996                                                  -21245.996
              1      -10645.995      0.31649946   2.1156666e-09      -23.025851       -23.025851      -21245.938                                                  -21245.938
              1      -10645.687      0.28990044   2.4262433e-09      -23.025851       -23.025851      -21245.323                                                  -21245.323
              5      -10645.173      0.28786222   2.3724733e-09      -23.025851       -23.025851      -21244.295                                                  -21244.295
              2      -10645.965      0.30592627   2.1846325e-09      -23.025851       -23.025851      -21245.877                                                  -21245.877
              2      -10645.811      0.29475851   2.3687385e-09      -23.025851       -23.025851       -21245.57                                                   -21245.57
              1      -10645.746      0.31047009   2.2136595e-09      -23.025851       -23.025851      -21245.441                                                  -21245.441
              1      -10645.689      0.31045641   2.2188146e-09      -23.025851       -23.025851      -21245.326                                                  -21245.326
              1      -10645.805      0.29491947   2.3324189e-09      -23.025851       -23.025851      -21245.558                                                  -21245.558
              1      -10645.334      0.29832322   2.2234516e-09      -23.025851       -23.025851      -21244.615                                                  -21244.615
              1      -10645.984      0.30377397   2.2229309e-09      -23.025851       -23.025851      -21245.915                                                  -21245.915
              1      -10645.896      0.29773822   2.3198225e-09      -23.025851       -23.025851       -21245.74                                                   -21245.74
              2          -10646      0.32664858   1.9753408e-09      -23.025851       -23.025851      -21245.948                                                  -21245.948
              1      -10645.634      0.32345563   2.0743756e-09      -23.025851       -23.025851      -21245.216                                                  -21245.216
              1      -10645.871      0.31842083   2.1105385e-09      -23.025851       -23.025851       -21245.69                                                   -21245.69
              1      -10646.048       0.3152274   2.1179407e-09      -23.025851       -23.025851      -21246.045                                                  -21246.045
              1      -10645.936      0.32203701   1.9968194e-09      -23.025851       -23.025851       -21245.82                                                   -21245.82
              2      -10646.031      0.32046628    2.029836e-09      -23.025851       -23.025851      -21246.011                                                  -21246.011
              1        -10645.9      0.32616457   1.9551456e-09      -23.025851       -23.025851      -21245.748                                                  -21245.748
              1      -10645.561      0.33073174   1.9981983e-09      -23.025851       -23.025851      -21245.071                                                  -21245.071
              1      -10645.464        0.326893   2.0474687e-09      -23.025851       -23.025851      -21244.877                                                  -21244.877
              1      -10645.754      0.32128584   1.9840012e-09      -23.025851       -23.025851      -21245.456                                                  -21245.456
              2      -10645.996      0.31601693   2.1209541e-09      -23.025851       -23.025851       -21245.94                                                   -21245.94
              3      -10645.843      0.29935296   2.3247998e-09      -23.025851       -23.025851      -21245.635                                                  -21245.635
              1      -10645.698      0.29044394   2.4022633e-09      -23.025851       -23.025851      -21245.345                                                  -21245.345
              1      -10645.783      0.30313259   2.2932316e-09      -23.025851       -23.025851      -21245.515                                                  -21245.515
              1      -10644.055      0.30059843   2.4238884e-09      -23.025851       -23.025851      -21242.058                                                  -21242.058
              1      -10645.775      0.29273491   2.3836061e-09      -23.025851       -23.025851      -21245.499                                                  -21245.499
              2      -10645.845      0.29538335   2.3465797e-09      -23.025851       -23.025851      -21245.638                                                  -21245.638
              2      -10645.935      0.30218059   2.2791448e-09      -23.025851       -23.025851      -21245.818                                                  -21245.818
              1      -10644.987      0.31644332   2.1914304e-09      -23.025851       -23.025851      -21243.922                                                  -21243.922
              3      -10645.744       0.3179092   2.1286682e-09      -23.025851       -23.025851      -21245.436                                                  -21245.436
              1      -10645.911      0.31938623   2.0947698e-09      -23.025851       -23.025851      -21245.771                                                  -21245.771
              1      -10646.027      0.30619235    2.202645e-09      -23.025851       -23.025851      -21246.003                                                  -21246.003
              3      -10645.582      0.30836306   2.1109498e-09      -23.025851       -23.025851      -21245.113                                                  -21245.113
              1      -10645.081       0.2910769   2.3128398e-09      -23.025851       -23.025851       -21244.11                                                   -21244.11
              7      -10642.699      0.28843261    2.243259e-09      -23.025851       -23.025851      -21239.346                                                  -21239.346
              6      -10643.666      0.28677851    2.304157e-09      -23.025851       -23.025851      -21241.281                                                  -21241.281
              2      -10645.272      0.28399224   2.4541192e-09      -23.025851       -23.025851      -21244.491                                                  -21244.491
              3      -10644.519      0.29822356   2.4349888e-09      -23.025851       -23.025851      -21242.987                                                  -21242.987
              5      -10644.484      0.29149613   2.5239292e-09      -23.025851       -23.025851      -21242.917                                                  -21242.917
              1      -10644.505      0.28843081   2.5632025e-09      -23.025851       -23.025851      -21242.957                                                  -21242.957
              1      -10644.901       0.2808432   2.4759814e-09      -23.025851       -23.025851      -21243.751                                                  -21243.751
              2      -10644.829      0.29017045   2.5222651e-09      -23.025851       -23.025851      -21243.606                                                  -21243.606
              1      -10645.416      0.28355729   2.5349679e-09      -23.025851       -23.025851      -21244.781                                                  -21244.781
              1      -10645.602      0.28760817    2.464453e-09      -23.025851       -23.025851      -21245.151                                                  -21245.151
              4      -10645.287      0.28389422   2.5577277e-09      -23.025851       -23.025851      -21244.521                                                  -21244.521
              2      -10645.321      0.28391099   2.5525431e-09      -23.025851       -23.025851       -21244.59                                                   -21244.59
              1      -10645.322      0.28386986   2.5525547e-09      -23.025851       -23.025851      -21244.593                                                  -21244.593
              2      -10645.471       0.2870477   2.5011782e-09      -23.025851       -23.025851      -21244.891                                                  -21244.891
              3      -10645.537      0.28644637    2.490639e-09      -23.025851       -23.025851      -21245.022                                                  -21245.022
              2       -10645.69      0.29026619    2.427593e-09      -23.025851       -23.025851      -21245.328                                                  -21245.328
              1      -10645.605      0.29058688   2.3738023e-09      -23.025851       -23.025851      -21245.158                                                  -21245.158
              3      -10645.991      0.31185189   2.1685072e-09      -23.025851       -23.025851      -21245.931                                                  -21245.931
              1      -10645.998      0.31178393   2.1680119e-09      -23.025851       -23.025851      -21245.944                                                  -21245.944
              1      -10646.037      0.32323186   2.0136154e-09      -23.025851       -23.025851      -21246.022                                                  -21246.022
              2      -10645.976      0.32197747   2.0037272e-09      -23.025851       -23.025851        -21245.9                                                    -21245.9
              2       -10645.44      0.30863248    2.097666e-09      -23.025851       -23.025851      -21244.829                                                  -21244.829
              2      -10645.512      0.34859335    1.796702e-09      -23.025851       -23.025851      -21244.973                                                  -21244.973
              2      -10645.514      0.34886364   1.7922934e-09      -23.025851       -23.025851      -21244.977                                                  -21244.977
              3      -10645.731      0.34105366   1.8328147e-09      -23.025851       -23.025851      -21245.411                                                  -21245.411
              1        -10645.4      0.32193116   1.9523657e-09      -23.025851       -23.025851      -21244.748                                                  -21244.748
              4      -10645.498      0.32067816   1.9707982e-09      -23.025851       -23.025851      -21244.945                                                  -21244.945
              1       -10646.04      0.31546514   2.1176351e-09      -23.025851       -23.025851      -21246.029                                                  -21246.029
              3       -10645.67      0.30085193   2.2160492e-09      -23.025851       -23.025851      -21245.288                                                  -21245.288
              1      -10645.966       0.3200092   2.0206354e-09      -23.025851       -23.025851      -21245.881                                                  -21245.881
              1      -10645.972       0.3201714   2.0770919e-09      -23.025851       -23.025851      -21245.892                                                  -21245.892
              1      -10646.051      0.32044581   2.0530721e-09      -23.025851       -23.025851      -21246.051                                                  -21246.051
              3      -10645.441      0.35193292   1.7614518e-09      -23.025851       -23.025851       -21244.83                                                   -21244.83
              1      -10644.875      0.36129743   1.6367476e-09      -23.025851       -23.025851      -21243.698                                                  -21243.698
              3      -10644.921      0.36160111   1.6392337e-09      -23.025851       -23.025851       -21243.79                                                   -21243.79
              1      -10644.737      0.32574425   2.0966882e-09      -23.025851       -23.025851      -21243.422                                                  -21243.422
              2      -10645.601       0.3237739   2.0731926e-09      -23.025851       -23.025851       -21245.15                                                   -21245.15
              2      -10645.938      0.30628792   2.2377649e-09      -23.025851       -23.025851      -21245.825                                                  -21245.825
              1      -10646.049      0.31308624   2.1119259e-09      -23.025851       -23.025851      -21246.047                                                  -21246.047
              4      -10646.049      0.31331419   2.1091114e-09      -23.025851       -23.025851      -21246.047                                                  -21246.047
              2      -10645.918      0.32683666   2.0065557e-09      -23.025851       -23.025851      -21245.785                                                  -21245.785
              3      -10645.992       0.3236304   1.9925119e-09      -23.025851       -23.025851      -21245.931                                                  -21245.931
              1      -10646.045      0.31707814   2.0663235e-09      -23.025851       -23.025851      -21246.038                                                  -21246.038
              4      -10645.598      0.32080318   2.1069851e-09      -23.025851       -23.025851      -21245.145                                                  -21245.145
              1      -10645.828      0.30193006    2.300754e-09      -23.025851       -23.025851      -21245.604                                                  -21245.604
              2      -10645.916      0.30247523   2.2255691e-09      -23.025851       -23.025851       -21245.78                                                   -21245.78
              1      -10645.616       0.3107499   2.0852745e-09      -23.025851       -23.025851      -21245.181                                                  -21245.181
              3      -10645.612      0.30542392      2.1497e-09      -23.025851       -23.025851      -21245.173                                                  -21245.173
              6      -10645.465      0.32041501   1.9712631e-09      -23.025851       -23.025851      -21244.878                                                  -21244.878
              4      -10645.745      0.33315455   1.9545445e-09      -23.025851       -23.025851      -21245.439                                                  -21245.439
              1      -10645.562      0.33679879   1.9306959e-09      -23.025851       -23.025851      -21245.073                                                  -21245.073
              1      -10645.507       0.3453545   1.7752586e-09      -23.025851       -23.025851      -21244.962                                                  -21244.962
              4       -10645.37      0.35073212   1.7325214e-09      -23.025851       -23.025851      -21244.689                                                  -21244.689
              1      -10644.851      0.36259385   1.7071857e-09      -23.025851       -23.025851       -21243.65                                                   -21243.65
              3        -10644.9      0.36497861   1.6253528e-09      -23.025851       -23.025851      -21243.748                                                  -21243.748
              1      -10645.263      0.35768465   1.7104665e-09      -23.025851       -23.025851      -21244.475                                                  -21244.475
              3      -10645.636      0.34100388   1.8749287e-09      -23.025851       -23.025851      -21245.221                                                  -21245.221
              1      -10644.899      0.35084523   1.8249276e-09      -23.025851       -23.025851      -21243.746                                                  -21243.746
              2      -10645.402      0.35110841   1.7819108e-09      -23.025851       -23.025851      -21244.752                                                  -21244.752
              1      -10645.217      0.33546117   1.8229737e-09      -23.025851       -23.025851      -21244.382                                                  -21244.382
              7      -10644.616      0.34104313    1.751114e-09      -23.025851       -23.025851      -21243.181                                                  -21243.181
              1      -10643.991      0.35337742   1.6408563e-09      -23.025851       -23.025851      -21241.931                                                  -21241.931
              1      -10645.528      0.34467389   1.8442522e-09      -23.025851       -23.025851      -21245.005                                                  -21245.005
              2      -10646.023      0.32294774    2.006831e-09      -23.025851       -23.025851      -21245.994                                                  -21245.994
              2      -10646.046      0.32023575   2.0587489e-09      -23.025851       -23.025851       -21246.04                                                   -21246.04
              1      -10645.908      0.32870345   1.9361283e-09      -23.025851       -23.025851      -21245.763                                                  -21245.763
              3      -10644.819      0.35527521   1.7844929e-09      -23.025851       -23.025851      -21243.587                                                  -21243.587
              2      -10644.878      0.35543561   1.7794475e-09      -23.025851       -23.025851      -21243.705                                                  -21243.705
              1      -10645.546      0.34395893   1.8506506e-09      -23.025851       -23.025851      -21245.041                                                  -21245.041
              2      -10645.578      0.34590142   1.8215891e-09      -23.025851       -23.025851      -21245.104                                                  -21245.104
              4      -10645.794      0.33588255   1.9149942e-09      -23.025851       -23.025851      -21245.537                                                  -21245.537
              3      -10645.954      0.32465575   2.0269028e-09      -23.025851       -23.025851      -21245.856                                                  -21245.856
              2      -10645.853      0.30562509   2.2571989e-09      -23.025851       -23.025851      -21245.655                                                  -21245.655
              6       -10645.69      0.32510025   2.0513815e-09      -23.025851       -23.025851      -21245.329                                                  -21245.329
              1      -10645.352       0.3200366   2.1313366e-09      -23.025851       -23.025851      -21244.652                                                  -21244.652
              2      -10645.462      0.31858387    2.141294e-09      -23.025851       -23.025851      -21244.873                                                  -21244.873
              1      -10645.393      0.31506919   2.1859599e-09      -23.025851       -23.025851      -21244.734                                                  -21244.734
              3      -10645.738      0.29385286   2.3947764e-09      -23.025851       -23.025851      -21245.424                                                  -21245.424
              2      -10645.982      0.32768475   1.9619786e-09      -23.025851       -23.025851      -21245.913                                                  -21245.913
              1      -10644.567      0.32944773   2.0626931e-09      -23.025851       -23.025851      -21243.083                                                  -21243.083
              1      -10643.177      0.32474295   2.1597051e-09      -23.025851       -23.025851      -21240.302                                                  -21240.302
              2      -10643.828      0.31815244   2.2159935e-09      -23.025851       -23.025851      -21241.604                                                  -21241.604
              1       -10644.85      0.30321797   2.3565202e-09      -23.025851       -23.025851      -21243.649                                                  -21243.649
              1      -10645.965      0.30200893   2.2704091e-09      -23.025851       -23.025851      -21245.878                                                  -21245.878
              1      -10645.913      0.32782075   1.9954731e-09      -23.025851       -23.025851      -21245.775                                                  -21245.775
              1      -10645.975      0.32041474   2.0182247e-09      -23.025851       -23.025851      -21245.899                                                  -21245.899
              1      -10645.649      0.32932422   1.9021939e-09      -23.025851       -23.025851      -21245.247                                                  -21245.247
              3      -10645.572      0.31804089   2.0023566e-09      -23.025851       -23.025851      -21245.092                                                  -21245.092
              1      -10645.412      0.32064926   1.9656455e-09      -23.025851       -23.025851      -21244.772                                                  -21244.772
              3      -10645.535      0.34700874   1.7713706e-09      -23.025851       -23.025851      -21245.018                                                  -21245.018
              1      -10645.618      0.34619286   1.8040263e-09      -23.025851       -23.025851      -21245.185                                                  -21245.185
              1      -10645.622      0.34596484   1.8073213e-09      -23.025851       -23.025851      -21245.193                                                  -21245.193
              1      -10645.716      0.33190157   1.8870779e-09      -23.025851       -23.025851       -21245.38                                                   -21245.38
              5      -10645.422      0.33568122   1.9534685e-09      -23.025851       -23.025851      -21244.793                                                  -21244.793
              1      -10645.802      0.32926472    1.993362e-09      -23.025851       -23.025851      -21245.552                                                  -21245.552
              1      -10646.072      0.31507768   2.1053006e-09      -23.025851       -23.025851      -21246.093                                                  -21246.093
              4      -10645.341      0.32579047   1.9125478e-09      -23.025851       -23.025851       -21244.63                                                   -21244.63
              4      -10645.368      0.34887902   1.7413765e-09      -23.025851       -23.025851      -21244.684                                                  -21244.684
              2      -10645.308      0.34490897   1.8615013e-09      -23.025851       -23.025851      -21244.565                                                  -21244.565
              3       -10645.24      0.34192915   1.8979082e-09      -23.025851       -23.025851      -21244.429                                                  -21244.429
              3      -10645.361       0.3476634   1.8270864e-09      -23.025851       -23.025851       -21244.67                                                   -21244.67
              2      -10643.774      0.35207736   1.8581809e-09      -23.025851       -23.025851      -21241.495                                                  -21241.495
              1      -10644.714      0.33275066   2.0211242e-09      -23.025851       -23.025851      -21243.376                                                  -21243.376
              4       -10645.93      0.33195976   1.9279724e-09      -23.025851       -23.025851      -21245.808                                                  -21245.808
              2      -10645.905      0.31577947   2.1367548e-09      -23.025851       -23.025851      -21245.759                                                  -21245.759
              1       -10645.94      0.32702534   2.0005231e-09      -23.025851       -23.025851      -21245.828                                                  -21245.828
              1      -10645.054      0.33278833   2.0055039e-09      -23.025851       -23.025851      -21244.056                                                  -21244.056
              1      -10644.924      0.33094414   2.0315375e-09      -23.025851       -23.025851      -21243.797                                                  -21243.797
              3      -10645.565      0.30290829    2.178515e-09      -23.025851       -23.025851      -21245.078                                                  -21245.078
              1      -10645.918      0.31100228   2.1116825e-09      -23.025851       -23.025851      -21245.785                                                  -21245.785
              2      -10645.926      0.30223078    2.280792e-09      -23.025851       -23.025851        -21245.8                                                    -21245.8
              1      -10645.578      0.30843453   2.1097371e-09      -23.025851       -23.025851      -21245.104                                                  -21245.104
              1      -10645.183      0.31618696   2.1847316e-09      -23.025851       -23.025851      -21244.314                                                  -21244.314
              1      -10645.382       0.2906791   2.4747533e-09      -23.025851       -23.025851      -21244.712                                                  -21244.712
              1      -10645.374      0.29434315   2.4328952e-09      -23.025851       -23.025851      -21244.697                                                  -21244.697
              2      -10645.308      0.29459943   2.4350978e-09      -23.025851       -23.025851      -21244.565                                                  -21244.565
              2      -10645.007      0.31705697   2.1833695e-09      -23.025851       -23.025851      -21243.963                                                  -21243.963
              8      -10645.538      0.29859666    2.369199e-09      -23.025851       -23.025851      -21245.024                                                  -21245.024
              2      -10645.531      0.28848513   2.4788392e-09      -23.025851       -23.025851       -21245.01                                                   -21245.01
              1      -10645.592      0.28743934   2.4687277e-09      -23.025851       -23.025851      -21245.132                                                  -21245.132
              4      -10645.335      0.28566356   2.5340762e-09      -23.025851       -23.025851      -21244.618                                                  -21244.618
              3      -10645.328      0.29178026   2.4670047e-09      -23.025851       -23.025851      -21244.604                                                  -21244.604
              1       -10645.76      0.31694199   2.1383034e-09      -23.025851       -23.025851      -21245.468                                                  -21245.468
              4      -10645.833      0.33237911   1.8975761e-09      -23.025851       -23.025851      -21245.615                                                  -21245.615
              1      -10645.528      0.32991442   2.0096404e-09      -23.025851       -23.025851      -21245.005                                                  -21245.005
             10      -10645.268      0.28199224   2.4967158e-09      -23.025851       -23.025851      -21244.485                                                  -21244.485
              2      -10646.054      0.30934084   2.1659056e-09      -23.025851       -23.025851      -21246.055                                                  -21246.055
              2      -10645.796      0.29478665   2.3325898e-09      -23.025851       -23.025851      -21245.541                                                  -21245.541
              2      -10645.539      0.30486871   2.1509676e-09      -23.025851       -23.025851      -21245.026                                                  -21245.026
              1      -10644.942      0.35904884    1.737754e-09      -23.025851       -23.025851      -21243.833                                                  -21243.833
              2       -10645.29      0.34771389   1.8325345e-09      -23.025851       -23.025851      -21244.528                                                  -21244.528
              2       -10645.05      0.35855893   1.7339872e-09      -23.025851       -23.025851      -21244.048                                                  -21244.048
              1      -10644.507      0.35747532   1.7786469e-09      -23.025851       -23.025851      -21242.961                                                  -21242.961
              2       -10644.45      0.34995729   1.8546514e-09      -23.025851       -23.025851      -21242.849                                                  -21242.849
              1      -10644.199      0.34913646   1.8723497e-09      -23.025851       -23.025851      -21242.347                                                  -21242.347
              1      -10645.471      0.30155386    2.189214e-09      -23.025851       -23.025851       -21244.89                                                   -21244.89
              5       -10644.99      0.31473317   2.0039293e-09      -23.025851       -23.025851      -21243.928                                                  -21243.928
              4       -10645.69      0.34349761   1.8205755e-09      -23.025851       -23.025851      -21245.328                                                  -21245.328
              3      -10646.048      0.31951944   2.0439979e-09      -23.025851       -23.025851      -21246.044                                                  -21246.044
              3      -10645.729      0.29813245   2.2627067e-09      -23.025851       -23.025851      -21245.405                                                  -21245.405
              1       -10646.03      0.32403308   2.0062601e-09      -23.025851       -23.025851      -21246.009                                                  -21246.009
              1       -10645.88      0.32208526   2.0674926e-09      -23.025851       -23.025851      -21245.708                                                  -21245.708
              2       -10644.24      0.33052464   2.0630018e-09      -23.025851       -23.025851      -21242.428                                                  -21242.428
              2      -10645.713      0.33932558    1.884618e-09      -23.025851       -23.025851      -21245.375                                                  -21245.375
              1      -10645.314      0.31999794   2.1339401e-09      -23.025851       -23.025851      -21244.576                                                  -21244.576
              1      -10645.985      0.31138681    2.174704e-09      -23.025851       -23.025851      -21245.919                                                  -21245.919
              1      -10645.956      0.30982355   2.1966762e-09      -23.025851       -23.025851      -21245.861                                                  -21245.861
              2      -10645.692      0.29631778   2.2865621e-09      -23.025851       -23.025851      -21245.333                                                  -21245.333
              9      -10645.514      0.34986047   1.7645458e-09      -23.025851       -23.025851      -21244.976                                                  -21244.976
              2      -10645.354      0.35486756   1.7349343e-09      -23.025851       -23.025851      -21244.657                                                  -21244.657
              1      -10644.974      0.30873962   2.2831297e-09      -23.025851       -23.025851      -21243.896                                                  -21243.896
              1      -10645.387      0.29425076   2.2872898e-09      -23.025851       -23.025851      -21244.722                                                  -21244.722
              4      -10645.514       0.2972801   2.3865335e-09      -23.025851       -23.025851      -21244.977                                                  -21244.977
              1      -10645.765      0.29277249   2.3684353e-09      -23.025851       -23.025851      -21245.479                                                  -21245.479
              1      -10645.853      0.33459145   1.8878643e-09      -23.025851       -23.025851      -21245.654                                                  -21245.654
              1       -10645.94      0.32988302   1.9628667e-09      -23.025851       -23.025851      -21245.829                                                  -21245.829
              1       -10646.05      0.31837207   2.0551284e-09      -23.025851       -23.025851      -21246.047                                                  -21246.047
              3      -10645.796      0.30630464   2.2563434e-09      -23.025851       -23.025851       -21245.54                                                   -21245.54
              1      -10645.935      0.30940367   2.2045017e-09      -23.025851       -23.025851      -21245.819                                                  -21245.819
              2       -10645.94      0.30250855   2.2750132e-09      -23.025851       -23.025851      -21245.828                                                  -21245.828
              3      -10645.821      0.32595098   1.9473006e-09      -23.025851       -23.025851      -21245.591                                                  -21245.591
              4      -10645.945      0.32459101   1.9754761e-09      -23.025851       -23.025851      -21245.839                                                  -21245.839
              3      -10645.996      0.32678768   1.9725475e-09      -23.025851       -23.025851       -21245.94                                                   -21245.94
              1      -10645.993      0.32614973    1.998631e-09      -23.025851       -23.025851      -21245.934                                                  -21245.934
              2      -10646.063      0.31726899   2.0883693e-09      -23.025851       -23.025851      -21246.073                                                  -21246.073
              1        -10645.6      0.34662961   1.7880511e-09      -23.025851       -23.025851      -21245.148                                                  -21245.148
              1      -10645.452      0.33714627   1.9353858e-09      -23.025851       -23.025851      -21244.852                                                  -21244.852
              2      -10644.774       0.2907782   2.2977356e-09      -23.025851       -23.025851      -21243.496                                                  -21243.496
              1      -10645.356      0.32145703   1.9544039e-09      -23.025851       -23.025851       -21244.66                                                   -21244.66
              3      -10644.569      0.28789231   2.3306262e-09      -23.025851       -23.025851      -21243.086                                                  -21243.086
              2      -10645.969      0.30494834   2.1998881e-09      -23.025851       -23.025851      -21245.887                                                  -21245.887
              1      -10645.576      0.31799018   2.0031522e-09      -23.025851       -23.025851        -21245.1                                                    -21245.1
              2       -10644.91        0.286047   2.3825537e-09      -23.025851       -23.025851      -21243.769                                                  -21243.769
              1      -10645.851      0.29696578   2.3047329e-09      -23.025851       -23.025851       -21245.65                                                   -21245.65
              1      -10645.323      0.28107271   2.5357731e-09      -23.025851       -23.025851      -21244.594                                                  -21244.594
              1      -10645.041      0.29286682   2.2826971e-09      -23.025851       -23.025851       -21244.03                                                   -21244.03
              1      -10646.014       0.3217831   2.0136914e-09      -23.025851       -23.025851      -21245.977                                                  -21245.977
              5      -10645.154      0.31422326   2.0176419e-09      -23.025851       -23.025851      -21244.256                                                  -21244.256
              6      -10646.001      0.32326883   1.9977954e-09      -23.025851       -23.025851      -21245.951                                                  -21245.951
              1      -10645.997       0.3139698   2.0892058e-09      -23.025851       -23.025851      -21245.943                                                  -21245.943
              1       -10646.05      0.31327457   2.1100161e-09      -23.025851       -23.025851      -21246.049                                                  -21246.049
              1      -10645.339      0.29182712   2.3212832e-09      -23.025851       -23.025851      -21244.627                                                  -21244.627
              3      -10646.021      0.31483854   2.0840882e-09      -23.025851       -23.025851       -21245.99                                                   -21245.99
              1      -10645.226      0.34788321   1.7352554e-09      -23.025851       -23.025851      -21244.401                                                  -21244.401
              1      -10645.137      0.36115768   1.6727138e-09      -23.025851       -23.025851      -21244.223                                                  -21244.223
              4      -10645.256       0.3537659   1.7679996e-09      -23.025851       -23.025851       -21244.46                                                   -21244.46
              4      -10645.192      0.35082277   1.8065034e-09      -23.025851       -23.025851      -21244.332                                                  -21244.332
              1      -10645.569      0.32274638   2.0870497e-09      -23.025851       -23.025851      -21245.086                                                  -21245.086
              1      -10645.608      0.29964611   2.3507307e-09      -23.025851       -23.025851      -21245.164                                                  -21245.164
              4      -10645.743      0.29875413   2.3459844e-09      -23.025851       -23.025851      -21245.434                                                  -21245.434
              2      -10645.763      0.30691589   2.2527636e-09      -23.025851       -23.025851      -21245.475                                                  -21245.475
              1      -10645.917      0.30535257   2.2510786e-09      -23.025851       -23.025851      -21245.783                                                  -21245.783
              1      -10645.847       0.3174406   2.0315999e-09      -23.025851       -23.025851      -21245.642                                                  -21245.642
              5      -10645.698      0.34105904   1.8247198e-09      -23.025851       -23.025851      -21245.344                                                  -21245.344
              1      -10645.938      0.32912495   1.9393423e-09      -23.025851       -23.025851      -21245.824                                                  -21245.824
              1      -10645.686      0.33106942   1.8908868e-09      -23.025851       -23.025851       -21245.32                                                   -21245.32
              1      -10645.856      0.33282887   1.8983943e-09      -23.025851       -23.025851       -21245.66                                                   -21245.66
              2      -10646.002      0.30397751   2.2294862e-09      -23.025851       -23.025851      -21245.952                                                  -21245.952
              1      -10646.052       0.3186463   2.0535187e-09      -23.025851       -23.025851      -21246.052                                                  -21246.052
              2      -10646.005      0.32097418   2.0187356e-09      -23.025851       -23.025851      -21245.959                                                  -21245.959
              2      -10645.641      0.31335636   2.1891665e-09      -23.025851       -23.025851      -21245.229                                                  -21245.229
              1      -10645.874      0.29677458   2.3335672e-09      -23.025851       -23.025851      -21245.696                                                  -21245.696
              1      -10645.934      0.29980998   2.2790898e-09      -23.025851       -23.025851      -21245.816                                                  -21245.816
              4      -10646.052      0.31096823   2.1399671e-09      -23.025851       -23.025851      -21246.053                                                  -21246.053
              2      -10645.808      0.30123312   2.2265069e-09      -23.025851       -23.025851      -21245.564                                                  -21245.564
              3       -10644.67      0.31496363   1.9870516e-09      -23.025851       -23.025851      -21243.289                                                  -21243.289
              2       -10643.41      0.33192564   1.7832539e-09      -23.025851       -23.025851      -21240.768                                                  -21240.768
              1      -10644.497      0.32468191   1.8837084e-09      -23.025851       -23.025851      -21242.942                                                  -21242.942
              1      -10645.699      0.31839758   2.0082147e-09      -23.025851       -23.025851      -21245.346                                                  -21245.346
              3      -10641.306       0.2741408   2.4212302e-09      -23.025851       -23.025851      -21236.561                                                  -21236.561
              1      -10644.553      0.28129513   2.4404508e-09      -23.025851       -23.025851      -21243.055                                                  -21243.055
              1      -10644.239      0.27838618   2.4729824e-09      -23.025851       -23.025851      -21242.427                                                  -21242.427
              1      -10645.228      0.28949982    2.349614e-09      -23.025851       -23.025851      -21244.404                                                  -21244.404
              1       -10645.64      0.29168456   2.3589051e-09      -23.025851       -23.025851      -21245.228                                                  -21245.228
              1       -10645.92      0.29935137   2.3043079e-09      -23.025851       -23.025851      -21245.788                                                  -21245.788
              1      -10645.238      0.27905802   2.5780729e-09      -23.025851       -23.025851      -21244.425                                                  -21244.425
              9      -10645.072      0.28405906   2.5797471e-09      -23.025851       -23.025851      -21244.093                                                  -21244.093
              1      -10645.631      0.29815406    2.365397e-09      -23.025851       -23.025851      -21245.211                                                  -21245.211
              1      -10644.661      0.31821453   2.1851722e-09      -23.025851       -23.025851       -21243.27                                                   -21243.27
              4       -10643.23      0.30928412   2.3415959e-09      -23.025851       -23.025851      -21240.408                                                  -21240.408
              2      -10645.469      0.31578174   2.1730355e-09      -23.025851       -23.025851      -21244.887                                                  -21244.887
              3      -10644.303      0.31484245   2.2385593e-09      -23.025851       -23.025851      -21242.553                                                  -21242.553
              4      -10644.618      0.33641689   1.9860507e-09      -23.025851       -23.025851      -21243.183                                                  -21243.183
              3      -10645.765      0.33982971   1.8456738e-09      -23.025851       -23.025851      -21245.478                                                  -21245.478
              1      -10646.002      0.32434341   1.9895725e-09      -23.025851       -23.025851      -21245.952                                                  -21245.952
              2      -10645.533      0.34738755   1.7697378e-09      -23.025851       -23.025851      -21245.014                                                  -21245.014
              2      -10645.442      0.33745001   1.9328214e-09      -23.025851       -23.025851      -21244.831                                                  -21244.831
              2      -10645.997      0.32677367   1.9872837e-09      -23.025851       -23.025851      -21245.941                                                  -21245.941
              2      -10645.222      0.31914005   2.1487193e-09      -23.025851       -23.025851      -21244.392                                                  -21244.392
              2      -10645.404      0.34740073   1.8260166e-09      -23.025851       -23.025851      -21244.756                                                  -21244.756
              2      -10645.133      0.34835995   1.8367705e-09      -23.025851       -23.025851      -21244.215                                                  -21244.215
              6      -10645.823      0.30430422   2.1850953e-09      -23.025851       -23.025851      -21245.594                                                  -21245.594
              2      -10645.965      0.32609869   1.9668837e-09      -23.025851       -23.025851      -21245.877                                                  -21245.877
              2      -10645.061      0.31595018   1.9945238e-09      -23.025851       -23.025851      -21244.071                                                  -21244.071
              1      -10645.685      0.34313551   1.8370082e-09      -23.025851       -23.025851      -21245.318                                                  -21245.318
              3      -10645.705      0.34106334    1.863127e-09      -23.025851       -23.025851      -21245.359                                                  -21245.359
              4      -10645.813      0.33647334   1.9033872e-09      -23.025851       -23.025851      -21245.575                                                  -21245.575
              1      -10645.928       0.3292546   1.9745367e-09      -23.025851       -23.025851      -21245.805                                                  -21245.805
              1      -10645.868       0.3315349   1.9090616e-09      -23.025851       -23.025851      -21245.685                                                  -21245.685
              1      -10645.885      0.31540299    2.057503e-09      -23.025851       -23.025851      -21245.719                                                  -21245.719
              1      -10643.805      0.32712789   1.8371199e-09      -23.025851       -23.025851      -21241.558                                                  -21241.558
              2      -10643.626      0.30669975   2.0391277e-09      -23.025851       -23.025851      -21241.199                                                  -21241.199
              1      -10644.253      0.33402251   1.7927281e-09      -23.025851       -23.025851      -21242.455                                                  -21242.455
              2      -10645.924      0.32317927   1.9845412e-09      -23.025851       -23.025851      -21245.795                                                  -21245.795
              4      -10645.837      0.29507865   2.3512204e-09      -23.025851       -23.025851      -21245.623                                                  -21245.623
              4       -10645.89      0.29820125   2.3225945e-09      -23.025851       -23.025851      -21245.728                                                  -21245.728
              1      -10645.855      0.30994389   2.2087719e-09      -23.025851       -23.025851      -21245.658                                                  -21245.658
              1      -10645.806      0.30702967   2.2470457e-09      -23.025851       -23.025851      -21245.561                                                  -21245.561
              2      -10645.885      0.30481325   2.2618741e-09      -23.025851       -23.025851      -21245.717                                                  -21245.717
              2      -10645.354      0.35403341   1.7194847e-09      -23.025851       -23.025851      -21244.656                                                  -21244.656
              1       -10645.78      0.33193941   1.9648101e-09      -23.025851       -23.025851      -21245.507                                                  -21245.507
              1      -10645.723      0.33436579   1.8692289e-09      -23.025851       -23.025851      -21245.395                                                  -21245.395
              1      -10645.306       0.3458066   1.7541326e-09      -23.025851       -23.025851       -21244.56                                                   -21244.56
              1      -10645.483      0.35039906   1.7533219e-09      -23.025851       -23.025851      -21244.915                                                  -21244.915
              2      -10645.717      0.34129771   1.8570744e-09      -23.025851       -23.025851      -21245.382                                                  -21245.382
              1       -10645.37      0.34076272   1.9018413e-09      -23.025851       -23.025851      -21244.689                                                  -21244.689
              1      -10645.622      0.34030384   1.8849791e-09      -23.025851       -23.025851      -21245.192                                                  -21245.192
              3      -10645.581      0.34401659   1.8455328e-09      -23.025851       -23.025851       -21245.11                                                   -21245.11
              2      -10644.343      0.31702854   2.2113492e-09      -23.025851       -23.025851      -21242.634                                                  -21242.634
              1      -10644.312       0.3101669   2.2942854e-09      -23.025851       -23.025851      -21242.573                                                  -21242.573
              6       -10645.22      0.30476935   2.3178699e-09      -23.025851       -23.025851      -21244.388                                                  -21244.388
              4      -10645.071      0.29022935   2.5057129e-09      -23.025851       -23.025851       -21244.09                                                   -21244.09
              7      -10645.301      0.28283565   2.5645731e-09      -23.025851       -23.025851      -21244.551                                                  -21244.551
              2      -10645.527      0.30314345   2.3168161e-09      -23.025851       -23.025851      -21245.003                                                  -21245.003
              1      -10645.452      0.29186997    2.454311e-09      -23.025851       -23.025851      -21244.853                                                  -21244.853
              1      -10645.285      0.28191995   2.5014676e-09      -23.025851       -23.025851      -21244.518                                                  -21244.518
              2      -10645.185      0.29215087   2.4739002e-09      -23.025851       -23.025851      -21244.319                                                  -21244.319
              1      -10645.396      0.28338129   2.5412945e-09      -23.025851       -23.025851      -21244.741                                                  -21244.741
              6      -10646.042      0.30821151   2.1904976e-09      -23.025851       -23.025851      -21246.032                                                  -21246.032
              2      -10645.926      0.30174038    2.239446e-09      -23.025851       -23.025851        -21245.8                                                    -21245.8
              3      -10644.748      0.33031471   1.8433002e-09      -23.025851       -23.025851      -21243.445                                                  -21243.445
              1      -10645.476        0.313782   2.1957463e-09      -23.025851       -23.025851        -21244.9                                                    -21244.9
              1      -10645.724      0.29111849    2.410619e-09      -23.025851       -23.025851      -21245.396                                                  -21245.396
              2      -10645.307      0.33929424   1.9218656e-09      -23.025851       -23.025851      -21244.563                                                  -21244.563
              1      -10645.457      0.33341437   1.9759303e-09      -23.025851       -23.025851      -21244.862                                                  -21244.862
              3      -10645.597       0.3427786   1.8003609e-09      -23.025851       -23.025851      -21245.142                                                  -21245.142
              1      -10645.749      0.33831298   1.8917106e-09      -23.025851       -23.025851      -21245.445                                                  -21245.445
              1       -10646.07       0.3129201   2.1304371e-09      -23.025851       -23.025851      -21246.088                                                  -21246.088
              1      -10646.058      0.31672528   2.0971973e-09      -23.025851       -23.025851      -21246.064                                                  -21246.064
              3      -10645.915      0.31135962   2.1855185e-09      -23.025851       -23.025851      -21245.779                                                  -21245.779
              2      -10645.492      0.35044079   1.7568696e-09      -23.025851       -23.025851      -21244.933                                                  -21244.933
              5       -10645.39      0.35254388   1.7290526e-09      -23.025851       -23.025851      -21244.728                                                  -21244.728
              1      -10645.148      0.35957688   1.6727182e-09      -23.025851       -23.025851      -21244.244                                                  -21244.244
              1      -10645.402      0.34612632    1.760119e-09      -23.025851       -23.025851      -21244.752                                                  -21244.752
              1      -10645.332       0.3469403   1.7491932e-09      -23.025851       -23.025851      -21244.613                                                  -21244.613
              1      -10645.205       0.3557832    1.691692e-09      -23.025851       -23.025851      -21244.359                                                  -21244.359
              4      -10644.504      0.31674965   2.2084724e-09      -23.025851       -23.025851      -21242.956                                                  -21242.956
              1      -10644.471       0.3168427   2.2086641e-09      -23.025851       -23.025851      -21242.889                                                  -21242.889
              2      -10645.144      0.31346237   2.2184806e-09      -23.025851       -23.025851      -21244.237                                                  -21244.237
              2      -10644.283      0.34640877   1.8963529e-09      -23.025851       -23.025851      -21242.514                                                  -21242.514
              3       -10645.73      0.33885386   1.8878629e-09      -23.025851       -23.025851      -21245.409                                                  -21245.409
              1      -10645.703      0.33235542    1.968143e-09      -23.025851       -23.025851      -21245.354                                                  -21245.354
              2      -10645.752      0.31497275   2.1615123e-09      -23.025851       -23.025851      -21245.453                                                  -21245.453
              1      -10645.834      0.31346078   2.1710868e-09      -23.025851       -23.025851      -21245.616                                                  -21245.616
              1      -10644.247      0.35278269   1.6541741e-09      -23.025851       -23.025851      -21242.443                                                  -21242.443
              1      -10645.521      0.32955713   2.0140963e-09      -23.025851       -23.025851      -21244.991                                                  -21244.991
              1      -10645.804      0.32122574   2.0853641e-09      -23.025851       -23.025851      -21245.556                                                  -21245.556
              1      -10645.723      0.33616945     1.92183e-09      -23.025851       -23.025851      -21245.394                                                  -21245.394
              1      -10645.334      0.33665192   1.9486291e-09      -23.025851       -23.025851      -21244.616                                                  -21244.616
              1      -10644.272      0.36130955   1.7522759e-09      -23.025851       -23.025851      -21242.492                                                  -21242.492
              1      -10642.119      0.34885346   1.9330136e-09      -23.025851       -23.025851      -21238.186                                                  -21238.186
             10      -10643.041      0.35918718   1.8128038e-09      -23.025851       -23.025851       -21240.03                                                   -21240.03
              1      -10645.781      0.29608616    2.366949e-09      -23.025851       -23.025851       -21245.51                                                   -21245.51
              4      -10645.855      0.29823624   2.3324776e-09      -23.025851       -23.025851      -21245.659                                                  -21245.659
              3      -10645.873      0.33382209   1.9258847e-09      -23.025851       -23.025851      -21245.694                                                  -21245.694
              2      -10646.001      0.32051791    2.021984e-09      -23.025851       -23.025851       -21245.95                                                   -21245.95
              3      -10645.989      0.31077222   2.1254587e-09      -23.025851       -23.025851      -21245.926                                                  -21245.926
              1      -10645.392      0.34837447    1.816071e-09      -23.025851       -23.025851      -21244.732                                                  -21244.732
              1      -10645.251      0.34488537   1.8657874e-09      -23.025851       -23.025851      -21244.449                                                  -21244.449
              1      -10646.017      0.31099828   2.1284341e-09      -23.025851       -23.025851      -21245.982                                                  -21245.982
              2      -10645.615      0.29040119   2.3792669e-09      -23.025851       -23.025851      -21245.179                                                  -21245.179
              1      -10645.404      0.28631423   2.4258498e-09      -23.025851       -23.025851      -21244.757                                                  -21244.757
              5      -10644.884      0.28420683   2.4124457e-09      -23.025851       -23.025851      -21243.717                                                  -21243.717
              1      -10646.003      0.30392406   2.2326168e-09      -23.025851       -23.025851      -21245.954                                                  -21245.954
              3      -10645.801       0.2965444   2.3588079e-09      -23.025851       -23.025851      -21245.551                                                  -21245.551
              5      -10645.664      0.28958524   2.4110751e-09      -23.025851       -23.025851      -21245.277                                                  -21245.277
              2      -10645.318      0.29610293   2.2541138e-09      -23.025851       -23.025851      -21244.585                                                  -21244.585
              5      -10645.122      0.29649946   2.4248296e-09      -23.025851       -23.025851      -21244.192                                                  -21244.192
              1      -10645.587      0.29139954    2.443018e-09      -23.025851       -23.025851      -21245.122                                                  -21245.122
              3      -10645.846      0.31726141   2.1264424e-09      -23.025851       -23.025851      -21245.641                                                  -21245.641
              1       -10645.62      0.32938852   2.0087748e-09      -23.025851       -23.025851      -21245.187                                                  -21245.187
              2      -10645.436      0.32802819   2.0366607e-09      -23.025851       -23.025851      -21244.819                                                  -21244.819
              1       -10645.09       0.3162702   2.1884956e-09      -23.025851       -23.025851      -21244.128                                                  -21244.128
              2      -10645.019      0.32855473   2.0532506e-09      -23.025851       -23.025851      -21243.986                                                  -21243.986
              2      -10645.052      0.34598647   1.8664057e-09      -23.025851       -23.025851      -21244.052                                                  -21244.052
              4      -10645.413      0.33930757   1.9146145e-09      -23.025851       -23.025851      -21244.774                                                  -21244.774
              1      -10645.099      0.35677208   1.6765552e-09      -23.025851       -23.025851      -21244.147                                                  -21244.147
              3      -10645.061      0.35813771   1.6668704e-09      -23.025851       -23.025851      -21244.071                                                  -21244.071
              1      -10644.608       0.3443683   1.9042138e-09      -23.025851       -23.025851      -21243.164                                                  -21243.164
              1      -10645.732      0.31062964   2.2131174e-09      -23.025851       -23.025851      -21245.412                                                  -21245.412
              2      -10645.388      0.33657407   1.9460093e-09      -23.025851       -23.025851      -21244.724                                                  -21244.724
              2      -10645.674      0.29000695   2.4346195e-09      -23.025851       -23.025851      -21245.297                                                  -21245.297
              4      -10646.066      0.31439745   2.1198048e-09      -23.025851       -23.025851       -21246.08                                                   -21246.08
              1      -10646.031      0.32060822   2.0285358e-09      -23.025851       -23.025851       -21246.01                                                   -21246.01
              1      -10645.675      0.34218244    1.853852e-09      -23.025851       -23.025851      -21245.299                                                  -21245.299
              1      -10645.557      0.34562088   1.8288413e-09      -23.025851       -23.025851      -21245.062                                                  -21245.062
              1      -10645.012      0.33215485   2.0143849e-09      -23.025851       -23.025851      -21243.972                                                  -21243.972
              2      -10645.086      0.33475908   1.9827758e-09      -23.025851       -23.025851      -21244.119                                                  -21244.119
              2      -10645.599      0.29019979   2.4522547e-09      -23.025851       -23.025851      -21245.145                                                  -21245.145
              3      -10645.587      0.31289593    2.198445e-09      -23.025851       -23.025851      -21245.122                                                  -21245.122
              5      -10645.804      0.29378423   2.3646604e-09      -23.025851       -23.025851      -21245.557                                                  -21245.557
              6      -10645.692      0.30522534   2.2789025e-09      -23.025851       -23.025851      -21245.331                                                  -21245.331
              4      -10645.921       0.3311342   1.9506217e-09      -23.025851       -23.025851      -21245.791                                                  -21245.791
              1      -10646.026      0.32430982   2.0006983e-09      -23.025851       -23.025851          -21246                                                      -21246
              3      -10643.969      0.34748654    1.680066e-09      -23.025851       -23.025851      -21241.886                                                  -21241.886
              2      -10645.364      0.28192422   2.5232925e-09      -23.025851       -23.025851      -21244.676                                                  -21244.676
              1      -10644.688      0.32498664   1.8885128e-09      -23.025851       -23.025851      -21243.324                                                  -21243.324
              2      -10644.711      0.34458932   1.7291841e-09      -23.025851       -23.025851       -21243.37                                                   -21243.37
              2      -10645.092      0.35089152   1.7076326e-09      -23.025851       -23.025851      -21244.132                                                  -21244.132
              3      -10645.128      0.35698004   1.6783725e-09      -23.025851       -23.025851      -21244.204                                                  -21244.204
              1      -10644.563      0.32536633   2.1078471e-09      -23.025851       -23.025851      -21243.075                                                  -21243.075
              1      -10644.882      0.32223144   2.1298891e-09      -23.025851       -23.025851      -21243.712                                                  -21243.712
              2      -10644.539      0.27365928   2.5906922e-09      -23.025851       -23.025851      -21243.025                                                  -21243.025
              2      -10644.431       0.3290866    1.841347e-09      -23.025851       -23.025851       -21242.81                                                   -21242.81
              3      -10644.658      0.32892348   1.8516534e-09      -23.025851       -23.025851      -21243.263                                                  -21243.263
              8      -10644.347      0.36042908   1.6113954e-09      -23.025851       -23.025851      -21242.642                                                  -21242.642
              1      -10644.271      0.35112876    1.850167e-09      -23.025851       -23.025851      -21242.489                                                  -21242.489
              1      -10644.211      0.35098106   1.8538416e-09      -23.025851       -23.025851       -21242.37                                                   -21242.37
              1      -10645.366      0.30019083   2.3637278e-09      -23.025851       -23.025851       -21244.68                                                   -21244.68
              4      -10645.264      0.28139224   2.5817624e-09      -23.025851       -23.025851      -21244.476                                                  -21244.476
              2      -10645.364      0.29307552    2.448678e-09      -23.025851       -23.025851      -21244.677                                                  -21244.677
              2      -10645.389      0.29367369   2.4395733e-09      -23.025851       -23.025851      -21244.725                                                  -21244.725
              3      -10644.364      0.29275556    2.513179e-09      -23.025851       -23.025851      -21242.676                                                  -21242.676
              2      -10645.559      0.29573467   2.3999875e-09      -23.025851       -23.025851      -21245.067                                                  -21245.067
              1      -10645.796      0.29526183   2.3703411e-09      -23.025851       -23.025851      -21245.541                                                  -21245.541
              1        -10645.7      0.29288814   2.4103888e-09      -23.025851       -23.025851      -21245.349                                                  -21245.349
              1      -10645.692      0.29174739   2.4209234e-09      -23.025851       -23.025851      -21245.333                                                  -21245.333
              2      -10645.354      0.30174628   2.3458653e-09      -23.025851       -23.025851      -21244.657                                                  -21244.657
              7      -10645.227      0.33173557   2.0080448e-09      -23.025851       -23.025851      -21244.402                                                  -21244.402
              2      -10644.686      0.30672723   2.0798441e-09      -23.025851       -23.025851      -21243.321                                                  -21243.321
              1      -10645.674      0.31144647   2.2085702e-09      -23.025851       -23.025851      -21245.297                                                  -21245.297
              1      -10644.645      0.32807629   2.0746445e-09      -23.025851       -23.025851      -21243.239                                                  -21243.239
              2      -10643.392      0.31142164   2.3102642e-09      -23.025851       -23.025851      -21240.733                                                  -21240.733
              2      -10645.336      0.31948469   2.1385317e-09      -23.025851       -23.025851       -21244.62                                                   -21244.62
              1      -10645.848      0.29754385   2.3398763e-09      -23.025851       -23.025851      -21245.645                                                  -21245.645
              5      -10643.181      0.28619152   2.2936243e-09      -23.025851       -23.025851      -21240.311                                                  -21240.311
              2      -10644.087      0.30751332   2.0461621e-09      -23.025851       -23.025851      -21242.122                                                  -21242.122
              1      -10644.949      0.30518191   2.1109812e-09      -23.025851       -23.025851      -21243.846                                                  -21243.846
              2      -10645.746      0.29173038   2.3981084e-09      -23.025851       -23.025851       -21245.44                                                   -21245.44
              1      -10645.597      0.28794881   2.4298627e-09      -23.025851       -23.025851      -21245.143                                                  -21245.143
              2       -10645.64      0.31337592   2.0572467e-09      -23.025851       -23.025851      -21245.228                                                  -21245.228
              3      -10645.236      0.28784247   2.3784602e-09      -23.025851       -23.025851       -21244.42                                                   -21244.42
              1      -10645.618       0.3274644   1.9157515e-09      -23.025851       -23.025851      -21245.184                                                  -21245.184
             10      -10645.901      0.33301658    1.909246e-09      -23.025851       -23.025851      -21245.751                                                  -21245.751
              7      -10645.309      0.33303075   1.8478813e-09      -23.025851       -23.025851      -21244.566                                                  -21244.566
              1      -10645.286      0.31886571   2.1483871e-09      -23.025851       -23.025851       -21244.52                                                   -21244.52
              2      -10645.445      0.31335509   2.2026661e-09      -23.025851       -23.025851      -21244.838                                                  -21244.838
              1      -10645.515      0.28527713   2.4772756e-09      -23.025851       -23.025851      -21244.978                                                  -21244.978
              4      -10645.402      0.29566949    2.414972e-09      -23.025851       -23.025851      -21244.752                                                  -21244.752
              1      -10643.945      0.33915423   1.9815518e-09      -23.025851       -23.025851      -21241.838                                                  -21241.838
              1      -10638.362      0.32917242   2.2096135e-09      -23.025851       -23.025851      -21230.673                                                  -21230.673
              1      -10643.647      0.31905772   2.2111688e-09      -23.025851       -23.025851      -21241.242                                                  -21241.242
              1      -10644.477      0.34972512   1.8558596e-09      -23.025851       -23.025851      -21242.903                                                  -21242.903
              2      -10644.375      0.35867804   1.7729113e-09      -23.025851       -23.025851      -21242.699                                                  -21242.699
              1      -10642.856       0.3308019   2.1010887e-09      -23.025851       -23.025851      -21239.661                                                  -21239.661
              2      -10645.438      0.30392342   2.1556696e-09      -23.025851       -23.025851      -21244.824                                                  -21244.824
              1      -10645.849      0.31831288   2.1141582e-09      -23.025851       -23.025851      -21245.646                                                  -21245.646
              2      -10646.063      0.31096815   2.1484493e-09      -23.025851       -23.025851      -21246.075                                                  -21246.075
              6      -10645.903      0.30588515   2.1744301e-09      -23.025851       -23.025851      -21245.754                                                  -21245.754
              1      -10645.904      0.32875795   1.9855799e-09      -23.025851       -23.025851      -21245.756                                                  -21245.756
              3      -10645.887      0.32763232   2.0018226e-09      -23.025851       -23.025851      -21245.722                                                  -21245.722
              4       -10645.52      0.30958802   2.2416823e-09      -23.025851       -23.025851      -21244.987                                                  -21244.987
              1      -10645.501      0.28491182   2.5019303e-09      -23.025851       -23.025851      -21244.951                                                  -21244.951
              1      -10645.517       0.2852905   2.4780233e-09      -23.025851       -23.025851      -21244.981                                                  -21244.981
              2      -10645.581      0.34141911    1.876572e-09      -23.025851       -23.025851      -21245.109                                                  -21245.109
              2      -10644.847      0.32871199   1.8615483e-09      -23.025851       -23.025851      -21243.641                                                  -21243.641
              3      -10643.086      0.27929979   2.3994483e-09      -23.025851       -23.025851      -21240.121                                                  -21240.121
              3      -10644.963      0.32250384   1.9239919e-09      -23.025851       -23.025851      -21243.875                                                  -21243.875
              2      -10645.027       0.3165688   1.9863758e-09      -23.025851       -23.025851      -21244.003                                                  -21244.003
              1      -10645.754      0.31717715   2.0254427e-09      -23.025851       -23.025851      -21245.455                                                  -21245.455
              3      -10645.721      0.30943095   2.1094338e-09      -23.025851       -23.025851       -21245.39                                                   -21245.39
              1      -10645.712      0.31044863   2.0965683e-09      -23.025851       -23.025851      -21245.372                                                  -21245.372
              2      -10645.928      0.32779121   1.9931526e-09      -23.025851       -23.025851      -21245.805                                                  -21245.805
              2      -10645.894       0.3013909   2.2954765e-09      -23.025851       -23.025851      -21245.737                                                  -21245.737
              1      -10645.189       0.3251703   1.9099315e-09      -23.025851       -23.025851      -21244.326                                                  -21244.326
              2      -10644.076      0.27504057    2.526011e-09      -23.025851       -23.025851      -21242.101                                                  -21242.101
              1      -10644.933      0.29336202   2.2685226e-09      -23.025851       -23.025851      -21243.815                                                  -21243.815
              2      -10645.023      0.29418616   2.2619471e-09      -23.025851       -23.025851      -21243.994                                                  -21243.994
              3      -10645.784      0.32044061   1.9949962e-09      -23.025851       -23.025851      -21245.516                                                  -21245.516
              5      -10646.038      0.32307963   2.0203664e-09      -23.025851       -23.025851      -21246.025                                                  -21246.025
              4      -10644.622      0.33298423   1.8153666e-09      -23.025851       -23.025851      -21243.193                                                  -21243.193
              4      -10646.006      0.31148713   2.1200373e-09      -23.025851       -23.025851       -21245.96                                                   -21245.96
              1      -10645.403      0.30026896   2.2015498e-09      -23.025851       -23.025851      -21244.754                                                  -21244.754
              2      -10645.707      0.29864131   2.3515446e-09      -23.025851       -23.025851      -21245.363                                                  -21245.363
              1       -10645.91      0.29893215   2.3106607e-09      -23.025851       -23.025851      -21245.768                                                  -21245.768
              2      -10645.877      0.32605453   2.0217933e-09      -23.025851       -23.025851      -21245.702                                                  -21245.702
              5      -10645.929      0.33004278   1.9637919e-09      -23.025851       -23.025851      -21245.807                                                  -21245.807
              6      -10645.752       0.3025277   2.3035011e-09      -23.025851       -23.025851      -21245.452                                                  -21245.452
              1      -10645.796      0.30035962   2.3219008e-09      -23.025851       -23.025851       -21245.54                                                   -21245.54
              4      -10646.047      0.31109898   2.1628305e-09      -23.025851       -23.025851      -21246.041                                                  -21246.041
              1      -10645.472       0.3108711   2.0735989e-09      -23.025851       -23.025851      -21244.892                                                  -21244.892
              3      -10644.864      0.35690455   1.7653628e-09      -23.025851       -23.025851      -21243.676                                                  -21243.676
              2      -10644.849      0.35811509   1.7539696e-09      -23.025851       -23.025851      -21243.645                                                  -21243.645
              2      -10644.367        0.353924   1.8191636e-09      -23.025851       -23.025851      -21242.682                                                  -21242.682
              2      -10643.688      0.35205373   1.8611137e-09      -23.025851       -23.025851      -21241.324                                                  -21241.324
              1      -10643.809      0.35063393   1.8709976e-09      -23.025851       -23.025851      -21241.567                                                  -21241.567
              1      -10644.467      0.34205194   1.9334652e-09      -23.025851       -23.025851      -21242.883                                                  -21242.883
              6       -10644.91      0.34817649   1.8515405e-09      -23.025851       -23.025851      -21243.768                                                  -21243.768
             11      -10644.949      0.28448477   2.5852077e-09      -23.025851       -23.025851      -21243.847                                                  -21243.847
              1      -10645.616      0.28864098   2.4588233e-09      -23.025851       -23.025851       -21245.18                                                   -21245.18
              1      -10645.441      0.31159699   2.2233717e-09      -23.025851       -23.025851      -21244.831                                                  -21244.831
              1      -10645.364      0.31379419   2.2025072e-09      -23.025851       -23.025851      -21244.676                                                  -21244.676
              5      -10642.424      0.29293787   2.5817313e-09      -23.025851       -23.025851      -21238.796                                                  -21238.796
              1      -10644.459      0.27427182   2.5700027e-09      -23.025851       -23.025851      -21242.867                                                  -21242.867
              2      -10646.058      0.31002847   2.1587464e-09      -23.025851       -23.025851      -21246.065                                                  -21246.065
              2      -10646.045      0.30949169   2.1571861e-09      -23.025851       -23.025851      -21246.038                                                  -21246.038
              1      -10646.028       0.3239511   2.0031905e-09      -23.025851       -23.025851      -21246.004                                                  -21246.004
              2      -10645.801      0.32531449   1.9507829e-09      -23.025851       -23.025851       -21245.55                                                   -21245.55
              2      -10645.624      0.28859955   2.4221604e-09      -23.025851       -23.025851      -21245.197                                                  -21245.197
              3      -10645.496      0.28870848   2.4822442e-09      -23.025851       -23.025851       -21244.94                                                   -21244.94
              2      -10645.745      0.31772502   2.1306816e-09      -23.025851       -23.025851      -21245.438                                                  -21245.438
              4      -10645.026      0.30550363   2.3196273e-09      -23.025851       -23.025851      -21244.001                                                  -21244.001
              5      -10644.846      0.30015999   2.3947806e-09      -23.025851       -23.025851       -21243.64                                                   -21243.64
              1      -10644.997      0.29238578   2.4838833e-09      -23.025851       -23.025851      -21243.942                                                  -21243.942
              3      -10644.852      0.28131867   2.4625324e-09      -23.025851       -23.025851      -21243.653                                                  -21243.653
              1      -10645.913      0.32149634   1.9987269e-09      -23.025851       -23.025851      -21245.774                                                  -21245.774
              2      -10645.773      0.32859364   2.0041644e-09      -23.025851       -23.025851      -21245.495                                                  -21245.495
              6      -10645.362      0.28556303   2.4348171e-09      -23.025851       -23.025851      -21244.673                                                  -21244.673
              2      -10645.922      0.31837413   2.1049851e-09      -23.025851       -23.025851      -21245.793                                                  -21245.793
              1      -10645.117      0.27954979    2.528097e-09      -23.025851       -23.025851      -21244.181                                                  -21244.181
              1      -10644.543      0.27436746   2.5755848e-09      -23.025851       -23.025851      -21243.035                                                  -21243.035
              1      -10644.127      0.29737974   2.1727895e-09      -23.025851       -23.025851      -21242.202                                                  -21242.202
              2      -10645.781      0.29312891   2.3838668e-09      -23.025851       -23.025851      -21245.511                                                  -21245.511
              1      -10645.774      0.29992066   2.2414104e-09      -23.025851       -23.025851      -21245.496                                                  -21245.496
              1      -10646.015      0.30905801   2.1531103e-09      -23.025851       -23.025851      -21245.978                                                  -21245.978
              1      -10644.035      0.33903988   1.7448947e-09      -23.025851       -23.025851      -21242.018                                                  -21242.018
              1      -10644.064      0.34989001   1.6666404e-09      -23.025851       -23.025851      -21242.077                                                  -21242.077
              1      -10645.928      0.31708124   2.0447638e-09      -23.025851       -23.025851      -21245.804                                                  -21245.804
              1      -10645.394      0.31332932   2.0409682e-09      -23.025851       -23.025851      -21244.736                                                  -21244.736
              2      -10645.359      0.30303068   2.1617439e-09      -23.025851       -23.025851      -21244.665                                                  -21244.665
              4      -10645.638       0.2988564    2.241467e-09      -23.025851       -23.025851      -21245.224                                                  -21245.224
              1      -10645.877      0.32552165   1.9575391e-09      -23.025851       -23.025851      -21245.702                                                  -21245.702
              1      -10644.818      0.32547878   2.0962458e-09      -23.025851       -23.025851      -21243.583                                                  -21243.583
              2      -10643.921      0.33497173   2.0260394e-09      -23.025851       -23.025851       -21241.79                                                   -21241.79
              1      -10645.695        0.315979   2.1547842e-09      -23.025851       -23.025851      -21245.338                                                  -21245.338
              3        -10645.8      0.33816389   1.8600925e-09      -23.025851       -23.025851      -21245.547                                                  -21245.547
              1      -10645.759      0.33796306   1.8943802e-09      -23.025851       -23.025851      -21245.467                                                  -21245.467
              3      -10645.981      0.31026117   2.1876694e-09      -23.025851       -23.025851      -21245.911                                                  -21245.911
              1      -10645.895      0.30101838   2.2989182e-09      -23.025851       -23.025851      -21245.738                                                  -21245.738
              1      -10645.914      0.30014214    2.301803e-09      -23.025851       -23.025851      -21245.776                                                  -21245.776
              2      -10645.977      0.30530737   2.2396083e-09      -23.025851       -23.025851      -21245.903                                                  -21245.903
              3      -10645.885      0.29819599   2.2911983e-09      -23.025851       -23.025851      -21245.718                                                  -21245.718
              2      -10645.902      0.30755421   2.1522929e-09      -23.025851       -23.025851      -21245.752                                                  -21245.752
              3       -10645.51      0.29629078   2.2671905e-09      -23.025851       -23.025851      -21244.968                                                  -21244.968
              1      -10645.929      0.30604858   2.2418771e-09      -23.025851       -23.025851      -21245.806                                                  -21245.806
              1      -10645.834       0.2975339   2.3433401e-09      -23.025851       -23.025851      -21245.615                                                  -21245.615
              2      -10645.807       0.2938725   2.3644396e-09      -23.025851       -23.025851      -21245.562                                                  -21245.562
              1      -10644.692      0.27760592   2.5212858e-09      -23.025851       -23.025851      -21243.333                                                  -21243.333
              3      -10644.677      0.27901592   2.4920198e-09      -23.025851       -23.025851      -21243.302                                                  -21243.302
              3      -10645.918      0.31569424   2.0582793e-09      -23.025851       -23.025851      -21245.785                                                  -21245.785
              2      -10645.878      0.30948961   2.1248754e-09      -23.025851       -23.025851      -21245.704                                                  -21245.704
              2      -10645.834      0.32917333   1.9217173e-09      -23.025851       -23.025851      -21245.616                                                  -21245.616
              1      -10644.157      0.34247088   1.7228974e-09      -23.025851       -23.025851      -21242.262                                                  -21242.262
              1      -10644.272      0.34505961   1.7080275e-09      -23.025851       -23.025851      -21242.493                                                  -21242.493
              3      -10646.055      0.31434127   2.0990242e-09      -23.025851       -23.025851      -21246.057                                                  -21246.057
              1      -10646.053      0.31440057   2.0976864e-09      -23.025851       -23.025851      -21246.054                                                  -21246.054
              1      -10645.964      0.32965712   1.9482496e-09      -23.025851       -23.025851      -21245.876                                                  -21245.876
              1      -10645.967      0.31243516   2.1660477e-09      -23.025851       -23.025851      -21245.883                                                  -21245.883
              1      -10645.953      0.30375144   2.2141789e-09      -23.025851       -23.025851      -21245.855                                                  -21245.855
              2      -10643.333      0.31301983   2.2925556e-09      -23.025851       -23.025851      -21240.614                                                  -21240.614
              1      -10643.439      0.31321157   2.2870109e-09      -23.025851       -23.025851      -21240.826                                                  -21240.826
              5      -10642.342      0.33901375   2.0265904e-09      -23.025851       -23.025851      -21238.632                                                  -21238.632
              2      -10644.072      0.36122243    1.761179e-09      -23.025851       -23.025851      -21242.092                                                  -21242.092
              3      -10644.826      0.36084482   1.7273963e-09      -23.025851       -23.025851      -21243.601                                                  -21243.601
              1      -10644.519      0.35613751   1.7910829e-09      -23.025851       -23.025851      -21242.987                                                  -21242.987
              4      -10644.542      0.35632818   1.7881771e-09      -23.025851       -23.025851      -21243.032                                                  -21243.032
              2      -10645.433      0.34977475   1.7943764e-09      -23.025851       -23.025851      -21244.814                                                  -21244.814
              4      -10645.342      0.35542473   1.7259689e-09      -23.025851       -23.025851      -21244.632                                                  -21244.632
              2       -10645.73      0.30194158   2.3124295e-09      -23.025851       -23.025851      -21245.408                                                  -21245.408
              3      -10645.336      0.35543761   1.7302764e-09      -23.025851       -23.025851       -21244.62                                                   -21244.62
              3      -10644.363      0.33118399   1.8206192e-09      -23.025851       -23.025851      -21242.675                                                  -21242.675
              2      -10644.839      0.30222367   2.1422874e-09      -23.025851       -23.025851      -21243.627                                                  -21243.627
              1      -10643.365      0.30316982   2.0718539e-09      -23.025851       -23.025851      -21240.678                                                  -21240.678
              1      -10643.294      0.32637413   1.8284123e-09      -23.025851       -23.025851      -21240.537                                                  -21240.537
              5      -10645.387      0.30379639   2.1537816e-09      -23.025851       -23.025851      -21244.722                                                  -21244.722
              1       -10645.59      0.32509835   2.0591022e-09      -23.025851       -23.025851      -21245.127                                                  -21245.127
              7      -10646.009      0.30512044   2.2104142e-09      -23.025851       -23.025851      -21245.966                                                  -21245.966
              3      -10645.919      0.32200615   2.0635048e-09      -23.025851       -23.025851      -21245.786                                                  -21245.786
              2      -10645.542      0.29812307    2.374281e-09      -23.025851       -23.025851      -21245.033                                                  -21245.033
              2      -10645.922       0.3309355   1.9533833e-09      -23.025851       -23.025851      -21245.792                                                  -21245.792
              1       -10645.06      0.30460679   2.3287492e-09      -23.025851       -23.025851      -21244.069                                                  -21244.069
              1      -10645.585      0.28692563   2.4670873e-09      -23.025851       -23.025851      -21245.118                                                  -21245.118
              5      -10645.619      0.28850981   2.4579011e-09      -23.025851       -23.025851      -21245.187                                                  -21245.187
              1      -10645.434      0.29493051   2.2809836e-09      -23.025851       -23.025851      -21244.816                                                  -21244.816
              1      -10645.313       0.2920188   2.3159542e-09      -23.025851       -23.025851      -21244.575                                                  -21244.575
              2      -10644.442      0.28742316   2.3310106e-09      -23.025851       -23.025851      -21242.833                                                  -21242.833
              6      -10645.023      0.29232602   2.2897007e-09      -23.025851       -23.025851      -21243.995                                                  -21243.995
              9      -10645.238      0.30629533   2.1131804e-09      -23.025851       -23.025851      -21244.423                                                  -21244.423
              2       -10644.91      0.28252427   2.4448922e-09      -23.025851       -23.025851      -21243.768                                                  -21243.768
              1      -10645.882      0.31287896   2.0851672e-09      -23.025851       -23.025851      -21245.711                                                  -21245.711
              3      -10645.679      0.32462382   2.0576427e-09      -23.025851       -23.025851      -21245.307                                                  -21245.307
              4      -10645.709      0.29310247   2.4069613e-09      -23.025851       -23.025851      -21245.366                                                  -21245.366
              1      -10644.872      0.27679551   2.5572574e-09      -23.025851       -23.025851      -21243.693                                                  -21243.693
              1      -10644.917      0.28994811   2.3194063e-09      -23.025851       -23.025851      -21243.782                                                  -21243.782
              1      -10645.435      0.32695145   1.9076683e-09      -23.025851       -23.025851      -21244.817                                                  -21244.817
              1      -10645.909      0.33152757   1.9486139e-09      -23.025851       -23.025851      -21245.766                                                  -21245.766
              1      -10645.875      0.33227309   1.9465721e-09      -23.025851       -23.025851      -21245.698                                                  -21245.698
              1      -10645.825      0.31101838   2.1997947e-09      -23.025851       -23.025851      -21245.599                                                  -21245.599
              2      -10645.717      0.30348248   2.2964339e-09      -23.025851       -23.025851      -21245.382                                                  -21245.382
              2      -10645.748      0.30127869   2.3178601e-09      -23.025851       -23.025851      -21245.444                                                  -21245.444
              1      -10644.945      0.30028137   2.1729087e-09      -23.025851       -23.025851      -21243.839                                                  -21243.839
              1      -10644.675      0.33568666   1.7953355e-09      -23.025851       -23.025851      -21243.299                                                  -21243.299
              1      -10645.333      0.33940301   1.7998464e-09      -23.025851       -23.025851      -21244.614                                                  -21244.614
              1      -10645.705      0.29514646   2.3076214e-09      -23.025851       -23.025851      -21245.358                                                  -21245.358
              1      -10644.943      0.28277243   2.4431584e-09      -23.025851       -23.025851      -21243.835                                                  -21243.835
              1      -10644.594      0.28204858   2.4297653e-09      -23.025851       -23.025851      -21243.136                                                  -21243.136
              1      -10646.018      0.30904669   2.1540526e-09      -23.025851       -23.025851      -21245.984                                                  -21245.984
              1      -10644.989      0.30411604   2.3384937e-09      -23.025851       -23.025851      -21243.926                                                  -21243.926
              2       -10645.85      0.31758995   2.1222605e-09      -23.025851       -23.025851      -21245.649                                                  -21245.649
              1      -10645.942      0.31347774   2.1581495e-09      -23.025851       -23.025851      -21245.832                                                  -21245.832
              2      -10645.973       0.3243747   1.9824259e-09      -23.025851       -23.025851      -21245.895                                                  -21245.895
              1      -10646.031       0.3240541   2.0074831e-09      -23.025851       -23.025851      -21246.009                                                  -21246.009
              1      -10645.615       0.3325135   1.9741742e-09      -23.025851       -23.025851      -21245.178                                                  -21245.178
              2      -10645.547        0.327376   2.0365974e-09      -23.025851       -23.025851      -21245.042                                                  -21245.042
              1      -10645.587      0.29012375    2.379561e-09      -23.025851       -23.025851      -21245.121                                                  -21245.121
              1      -10645.793      0.30397756   2.1860416e-09      -23.025851       -23.025851      -21245.535                                                  -21245.535
              1      -10645.581      0.33410986   1.9591392e-09      -23.025851       -23.025851       -21245.11                                                   -21245.11
              1       -10645.48      0.32343911    2.085155e-09      -23.025851       -23.025851      -21244.908                                                  -21244.908
              1      -10645.982      0.31844398   2.0954569e-09      -23.025851       -23.025851      -21245.913                                                  -21245.913
              1      -10644.516      0.28150314   2.4342352e-09      -23.025851       -23.025851      -21242.979                                                  -21242.979
              1      -10644.232      0.29054425   2.2729106e-09      -23.025851       -23.025851      -21242.412                                                  -21242.412
              1      -10643.019      0.33968073   1.7095193e-09      -23.025851       -23.025851      -21239.987                                                  -21239.987
              2      -10645.267      0.35649129   1.7316627e-09      -23.025851       -23.025851      -21244.482                                                  -21244.482
              1      -10645.347      0.35106477   1.7895219e-09      -23.025851       -23.025851      -21244.643                                                  -21244.643
              3      -10645.772       0.3253087   1.9480257e-09      -23.025851       -23.025851      -21245.493                                                  -21245.493
              1      -10645.738      0.30449024   2.2828555e-09      -23.025851       -23.025851      -21245.424                                                  -21245.424
              2      -10645.815      0.33616033   1.9073541e-09      -23.025851       -23.025851      -21245.578                                                  -21245.578
              1      -10645.982        0.314018   2.0859465e-09      -23.025851       -23.025851      -21245.912                                                  -21245.912
              4      -10645.815      0.31909153   2.0114602e-09      -23.025851       -23.025851      -21245.579                                                  -21245.579
              2      -10645.737      0.31879602   2.0073393e-09      -23.025851       -23.025851      -21245.423                                                  -21245.423
              4      -10645.828      0.31683785    2.035975e-09      -23.025851       -23.025851      -21245.604                                                  -21245.604
              3      -10645.812      0.30263182   2.2952892e-09      -23.025851       -23.025851      -21245.572                                                  -21245.572
              4      -10645.515      0.29388158   2.4252989e-09      -23.025851       -23.025851      -21244.979                                                  -21244.979
              5      -10645.406      0.30667543    2.283585e-09      -23.025851       -23.025851      -21244.761                                                  -21244.761
              4      -10645.451      0.28541426   2.5175597e-09      -23.025851       -23.025851      -21244.851                                                  -21244.851
              2       -10644.99      0.33569833    1.977425e-09      -23.025851       -23.025851      -21243.929                                                  -21243.929
              2      -10645.414      0.30694682   2.2798407e-09      -23.025851       -23.025851      -21244.777                                                  -21244.777
              1      -10645.533      0.28649798   2.4471953e-09      -23.025851       -23.025851      -21245.014                                                  -21245.014
              3      -10645.443      0.29726706   2.3927786e-09      -23.025851       -23.025851      -21244.834                                                  -21244.834
              4      -10645.461      0.29497405   2.4180454e-09      -23.025851       -23.025851       -21244.87                                                   -21244.87
              4      -10645.527      0.31750807   2.1494158e-09      -23.025851       -23.025851      -21245.003                                                  -21245.003
              1      -10646.058      0.32010657   2.0520055e-09      -23.025851       -23.025851      -21246.065                                                  -21246.065
              1       -10645.94      0.29986741   2.2854221e-09      -23.025851       -23.025851      -21245.829                                                  -21245.829
              1      -10645.084       0.2930828   2.2822854e-09      -23.025851       -23.025851      -21244.116                                                  -21244.116
              1      -10645.919      0.31491279   2.0669455e-09      -23.025851       -23.025851      -21245.787                                                  -21245.787
              1      -10646.056      0.31125718   2.1572155e-09      -23.025851       -23.025851       -21246.06                                                   -21246.06
              1      -10645.155      0.28937201   2.5098374e-09      -23.025851       -23.025851      -21244.259                                                  -21244.259
              1       -10645.26      0.28052402   2.5870168e-09      -23.025851       -23.025851      -21244.467                                                  -21244.467
              1      -10645.264      0.32262585   2.1068856e-09      -23.025851       -23.025851      -21244.477                                                  -21244.477
              3      -10644.796      0.32427838   2.1105721e-09      -23.025851       -23.025851       -21243.54                                                   -21243.54
              3      -10644.845      0.32418861   2.1094683e-09      -23.025851       -23.025851      -21243.638                                                  -21243.638
              2      -10644.856       0.3238757   2.1124815e-09      -23.025851       -23.025851      -21243.661                                                  -21243.661
              1      -10645.376      0.35106412   1.7860721e-09      -23.025851       -23.025851        -21244.7                                                    -21244.7
              1      -10644.945      0.34612681   1.8707325e-09      -23.025851       -23.025851      -21243.838                                                  -21243.838
              2      -10645.718      0.32025006   2.1041171e-09      -23.025851       -23.025851      -21245.384                                                  -21245.384
              2      -10644.628      0.35187153   1.8280934e-09      -23.025851       -23.025851      -21243.204                                                  -21243.204
              6      -10645.192      0.34798787   1.8367664e-09      -23.025851       -23.025851      -21244.333                                                  -21244.333
              1      -10645.164      0.34084288   1.9139676e-09      -23.025851       -23.025851      -21244.276                                                  -21244.276
              4      -10645.272      0.27975969   2.5649617e-09      -23.025851       -23.025851      -21244.493                                                  -21244.493
              2      -10645.586      0.28781156   2.4709001e-09      -23.025851       -23.025851      -21245.121                                                  -21245.121
              1      -10646.007      0.30425611   2.2296715e-09      -23.025851       -23.025851      -21245.963                                                  -21245.963
              2      -10643.946      0.35760739   1.7997617e-09      -23.025851       -23.025851       -21241.84                                                   -21241.84
              4        -10645.4      0.32743289   1.9011995e-09      -23.025851       -23.025851      -21244.747                                                  -21244.747
              6      -10646.056      0.31884857   2.0717841e-09      -23.025851       -23.025851      -21246.061                                                  -21246.061
              1      -10645.721      0.29543385   2.3834198e-09      -23.025851       -23.025851       -21245.39                                                   -21245.39
              1      -10646.014      0.30495981     2.21815e-09      -23.025851       -23.025851      -21245.977                                                  -21245.977
              1      -10645.604      0.33424119    1.955714e-09      -23.025851       -23.025851      -21245.157                                                  -21245.157
              5      -10642.956      0.32645359   2.1464532e-09      -23.025851       -23.025851       -21239.86                                                   -21239.86
              2      -10642.876      0.29144236   2.5884515e-09      -23.025851       -23.025851        -21239.7                                                    -21239.7
              1      -10642.781      0.29419991   2.5532098e-09      -23.025851       -23.025851       -21239.51                                                   -21239.51
              3       -10642.81      0.29431598   2.5506748e-09      -23.025851       -23.025851      -21239.569                                                  -21239.569
              1      -10645.391      0.32802492   2.0393975e-09      -23.025851       -23.025851      -21244.731                                                  -21244.731
              2      -10646.049      0.30940547   2.1611154e-09      -23.025851       -23.025851      -21246.047                                                  -21246.047
              2      -10645.852      0.29573691   2.3355403e-09      -23.025851       -23.025851      -21245.652                                                  -21245.652
              7      -10646.053      0.31706896   2.0690889e-09      -23.025851       -23.025851      -21246.054                                                  -21246.054
              3      -10645.954      0.30129607   2.2569477e-09      -23.025851       -23.025851      -21245.857                                                  -21245.857
              3      -10645.368      0.32833329   2.0373934e-09      -23.025851       -23.025851      -21244.684                                                  -21244.684
              1      -10644.921      0.31106375   2.2578338e-09      -23.025851       -23.025851       -21243.79                                                   -21243.79
              1      -10644.765      0.31433775    2.226044e-09      -23.025851       -23.025851      -21243.479                                                  -21243.479
              4      -10644.614      0.31381756   2.2385541e-09      -23.025851       -23.025851      -21243.177                                                  -21243.177
              1      -10644.637      0.31347664   2.2416658e-09      -23.025851       -23.025851      -21243.222                                                  -21243.222
              2      -10644.154      0.34354545   1.9297215e-09      -23.025851       -23.025851      -21242.256                                                  -21242.256
              3      -10645.541      0.31078402   2.2261945e-09      -23.025851       -23.025851      -21245.031                                                  -21245.031
              2      -10645.174      0.28770053   2.5282121e-09      -23.025851       -23.025851      -21244.296                                                  -21244.296
              2      -10645.357       0.2833471   2.5504511e-09      -23.025851       -23.025851      -21244.663                                                  -21244.663
              2      -10645.403      0.29732487   2.3952363e-09      -23.025851       -23.025851      -21244.755                                                  -21244.755
              3      -10645.335      0.28247382   2.5604455e-09      -23.025851       -23.025851      -21244.619                                                  -21244.619
              1      -10645.222      0.27886835   2.5964703e-09      -23.025851       -23.025851      -21244.392                                                  -21244.392
              1      -10645.154      0.28340391   2.4515814e-09      -23.025851       -23.025851      -21244.256                                                  -21244.256
              1      -10645.285       0.2802085   2.5778664e-09      -23.025851       -23.025851      -21244.518                                                  -21244.518
              1      -10645.269       0.2798028   2.5819713e-09      -23.025851       -23.025851      -21244.486                                                  -21244.486
              2      -10644.061      0.30356065   2.3857745e-09      -23.025851       -23.025851       -21242.07                                                   -21242.07
              1      -10645.595      0.32925143    2.012212e-09      -23.025851       -23.025851      -21245.138                                                  -21245.138
              5       -10644.82      0.34538755   1.8844717e-09      -23.025851       -23.025851      -21243.588                                                  -21243.588
              2      -10644.973      0.36132332   1.7102528e-09      -23.025851       -23.025851      -21243.895                                                  -21243.895
              2      -10644.824      0.33611371   1.7982827e-09      -23.025851       -23.025851      -21243.596                                                  -21243.596
              2      -10645.731      0.32965881   1.9066251e-09      -23.025851       -23.025851       -21245.41                                                   -21245.41
              2      -10645.242      0.35515193   1.7530253e-09      -23.025851       -23.025851      -21244.433                                                  -21244.433
              5      -10645.095      0.36196848   1.6620593e-09      -23.025851       -23.025851      -21244.139                                                  -21244.139
              4      -10645.005      0.36280079   1.6443813e-09      -23.025851       -23.025851      -21243.959                                                  -21243.959
              6      -10645.012      0.36449829   1.6603983e-09      -23.025851       -23.025851      -21243.973                                                  -21243.973
              7      -10645.055      0.36306652   1.6752879e-09      -23.025851       -23.025851      -21244.059                                                  -21244.059
              1      -10644.134      0.34121086   1.9541399e-09      -23.025851       -23.025851      -21242.216                                                  -21242.216
              1      -10645.825      0.32319047    2.060782e-09      -23.025851       -23.025851      -21245.599                                                  -21245.599
              1      -10645.517      0.33145239   1.8743093e-09      -23.025851       -23.025851      -21244.983                                                  -21244.983
              4      -10645.429      0.33532205   1.8370985e-09      -23.025851       -23.025851      -21244.807                                                  -21244.807
              1       -10645.69      0.33797865   1.8406619e-09      -23.025851       -23.025851      -21245.328                                                  -21245.328
              2      -10645.954      0.31290029   2.0943775e-09      -23.025851       -23.025851      -21245.857                                                  -21245.857
              6      -10645.916      0.31287395   2.0894768e-09      -23.025851       -23.025851      -21245.781                                                  -21245.781
              1      -10645.862      0.33469617   1.8900421e-09      -23.025851       -23.025851      -21245.673                                                  -21245.673
              1      -10644.903      0.32059218   2.1475333e-09      -23.025851       -23.025851      -21243.755                                                  -21243.755
              1      -10646.068      0.31382298   2.1119764e-09      -23.025851       -23.025851      -21246.084                                                  -21246.084
              1      -10645.991       0.3263877   1.9720325e-09      -23.025851       -23.025851      -21245.929                                                  -21245.929
              1      -10646.032      0.32175935   2.0440856e-09      -23.025851       -23.025851      -21246.013                                                  -21246.013
              2      -10645.919      0.30569826   2.1795257e-09      -23.025851       -23.025851      -21245.787                                                  -21245.787
              2      -10645.092      0.30740999   2.0916251e-09      -23.025851       -23.025851      -21244.133                                                  -21244.133
              2      -10644.733      0.35533347   1.6597995e-09      -23.025851       -23.025851      -21243.413                                                  -21243.413
              1      -10644.417      0.35806151   1.6283049e-09      -23.025851       -23.025851      -21242.783                                                  -21242.783
              1      -10644.947      0.30925443    2.278245e-09      -23.025851       -23.025851      -21243.843                                                  -21243.843
              2      -10645.774      0.29312452   2.3881381e-09      -23.025851       -23.025851      -21245.496                                                  -21245.496
              2      -10645.831      0.29481741   2.3544082e-09      -23.025851       -23.025851       -21245.61                                                   -21245.61
              2      -10645.785      0.33122703   1.9725198e-09      -23.025851       -23.025851      -21245.518                                                  -21245.518
              3      -10645.382      0.32839665   2.0358687e-09      -23.025851       -23.025851      -21244.712                                                  -21244.712
              1      -10645.383      0.32803805   2.0397431e-09      -23.025851       -23.025851      -21244.715                                                  -21244.715
              1      -10645.965      0.32501156   1.9754514e-09      -23.025851       -23.025851      -21245.877                                                  -21245.877
              2      -10645.918      0.32205344   1.9941356e-09      -23.025851       -23.025851      -21245.784                                                  -21245.784
              1      -10645.875      0.31048629   2.1124497e-09      -23.025851       -23.025851      -21245.699                                                  -21245.699
              7      -10645.775      0.31074631   2.0988127e-09      -23.025851       -23.025851      -21245.499                                                  -21245.499
              1       -10645.91      0.31658187    2.047758e-09      -23.025851       -23.025851      -21245.768                                                  -21245.768
              4      -10645.522      0.29345235   2.4293803e-09      -23.025851       -23.025851      -21244.993                                                  -21244.993
              3      -10645.958       0.3084493   2.1492986e-09      -23.025851       -23.025851      -21245.864                                                  -21245.864
              1      -10645.953      0.30918457   2.1390267e-09      -23.025851       -23.025851      -21245.854                                                  -21245.854
              1      -10646.067      0.31569511    2.090208e-09      -23.025851       -23.025851      -21246.083                                                  -21246.083
              2      -10645.202      0.30173577   2.1685892e-09      -23.025851       -23.025851      -21244.352                                                  -21244.352
              3      -10645.407      0.31299581   2.2092128e-09      -23.025851       -23.025851      -21244.762                                                  -21244.762
              2      -10645.699      0.30639786   2.2647442e-09      -23.025851       -23.025851      -21245.346                                                  -21245.346
              2       -10644.63      0.35424403   1.6612393e-09      -23.025851       -23.025851      -21243.208                                                  -21243.208
              4      -10645.009      0.35791413   1.7445966e-09      -23.025851       -23.025851      -21243.967                                                  -21243.967
              4      -10645.432      0.34549613   1.8448958e-09      -23.025851       -23.025851      -21244.812                                                  -21244.812
              1      -10645.461      0.35134094   1.7475544e-09      -23.025851       -23.025851      -21244.869                                                  -21244.869
              2      -10643.865      0.33913116   1.7385819e-09      -23.025851       -23.025851      -21241.679                                                  -21241.679
              3      -10645.293      0.31545378   2.0120571e-09      -23.025851       -23.025851      -21244.535                                                  -21244.535
              2      -10644.826      0.35184761   1.6859995e-09      -23.025851       -23.025851      -21243.601                                                  -21243.601
              1      -10645.683      0.34377329   1.8233749e-09      -23.025851       -23.025851      -21245.314                                                  -21245.314
              2      -10645.634        0.338747   1.9018467e-09      -23.025851       -23.025851      -21245.216                                                  -21245.216
              1      -10645.582      0.31649605    2.157304e-09      -23.025851       -23.025851      -21245.112                                                  -21245.112
              2      -10645.114      0.30244086   2.1542512e-09      -23.025851       -23.025851      -21244.177                                                  -21244.177
              2      -10645.263      0.35652387   1.6979012e-09      -23.025851       -23.025851      -21244.474                                                  -21244.474
              2      -10645.638      0.34553619   1.8049586e-09      -23.025851       -23.025851      -21245.224                                                  -21245.224
              4      -10645.618      0.29200081   2.4325083e-09      -23.025851       -23.025851      -21245.185                                                  -21245.185
              1      -10645.433      0.31445381   2.1906315e-09      -23.025851       -23.025851      -21244.815                                                  -21244.815
              1      -10645.741      0.31626109   2.1477008e-09      -23.025851       -23.025851      -21245.431                                                  -21245.431
              4      -10645.237      0.34244449   1.8926499e-09      -23.025851       -23.025851      -21244.422                                                  -21244.422
              3      -10645.023      0.30175003   2.3657492e-09      -23.025851       -23.025851      -21243.994                                                  -21243.994
              1      -10645.142      0.28109445    2.603757e-09      -23.025851       -23.025851      -21244.233                                                  -21244.233
              8      -10645.157      0.27747628    2.604597e-09      -23.025851       -23.025851      -21244.261                                                  -21244.261
              4      -10645.181      0.28802121   2.3704403e-09      -23.025851       -23.025851       -21244.31                                                   -21244.31
              1      -10645.075      0.28717055   2.3761165e-09      -23.025851       -23.025851      -21244.099                                                  -21244.099
              1      -10644.911      0.29091359    2.304005e-09      -23.025851       -23.025851       -21243.77                                                   -21243.77
              1      -10645.695      0.30248631   2.1959049e-09      -23.025851       -23.025851      -21245.339                                                  -21245.339
              4      -10645.444      0.29078096   2.3488142e-09      -23.025851       -23.025851      -21244.837                                                  -21244.837
              3      -10645.758      0.34044826    1.843338e-09      -23.025851       -23.025851      -21245.464                                                  -21245.464
              1      -10645.642      0.34236623   1.8571823e-09      -23.025851       -23.025851      -21245.233                                                  -21245.233
              1      -10645.618      0.34096247   1.8776629e-09      -23.025851       -23.025851      -21245.184                                                  -21245.184
              2      -10645.587      0.30267754   2.1834055e-09      -23.025851       -23.025851      -21245.121                                                  -21245.121
              1      -10644.512      0.31444558   1.9860201e-09      -23.025851       -23.025851      -21242.973                                                  -21242.973
              3      -10644.729      0.30330906   2.1232557e-09      -23.025851       -23.025851      -21243.406                                                  -21243.406
              4      -10645.505      0.30585774   2.1359876e-09      -23.025851       -23.025851      -21244.959                                                  -21244.959
              1      -10645.736      0.33045642   1.9005955e-09      -23.025851       -23.025851       -21245.42                                                   -21245.42
              2      -10645.201      0.30378426    2.142198e-09      -23.025851       -23.025851      -21244.351                                                  -21244.351
              1      -10645.215      0.34094712    1.781197e-09      -23.025851       -23.025851      -21244.379                                                  -21244.379
              1      -10645.508      0.33966855   1.8110036e-09      -23.025851       -23.025851      -21244.965                                                  -21244.965
              1      -10645.384      0.33311688   1.9838909e-09      -23.025851       -23.025851      -21244.717                                                  -21244.717
              1      -10645.854      0.29656744   2.3446446e-09      -23.025851       -23.025851      -21245.655                                                  -21245.655
              3       -10646.02      0.30739761   2.2078357e-09      -23.025851       -23.025851      -21245.987                                                  -21245.987
              4      -10645.835      0.33715567   1.8808621e-09      -23.025851       -23.025851      -21245.619                                                  -21245.619
              2      -10645.383      0.34713767   1.8309765e-09      -23.025851       -23.025851      -21244.714                                                  -21244.714
              1      -10645.472      0.30611195   2.1304327e-09      -23.025851       -23.025851      -21244.892                                                  -21244.892
              3       -10645.47       0.3375242   1.9299752e-09      -23.025851       -23.025851      -21244.887                                                  -21244.887
              2      -10645.489      0.32675604   2.0474304e-09      -23.025851       -23.025851      -21244.926                                                  -21244.926
              2       -10645.86      0.33544974   1.8876416e-09      -23.025851       -23.025851      -21245.669                                                  -21245.669
              6      -10645.849      0.33626703   1.8827377e-09      -23.025851       -23.025851      -21245.646                                                  -21245.646
              1      -10645.939      0.30762051    2.223341e-09      -23.025851       -23.025851      -21245.827                                                  -21245.827
              2      -10645.946       0.3259733   2.0122855e-09      -23.025851       -23.025851       -21245.84                                                   -21245.84
              1      -10645.508      0.31576828   2.0218079e-09      -23.025851       -23.025851      -21244.964                                                  -21244.964
              1      -10644.191      0.33947244   1.7469349e-09      -23.025851       -23.025851      -21242.331                                                  -21242.331
              3      -10643.874      0.33174903   1.7989562e-09      -23.025851       -23.025851      -21241.696                                                  -21241.696
              1      -10645.032      0.35354017    1.688129e-09      -23.025851       -23.025851      -21244.013                                                  -21244.013
              1      -10645.312      0.31414581   2.0272029e-09      -23.025851       -23.025851      -21244.573                                                  -21244.573
              1      -10644.839      0.31851695   1.9576528e-09      -23.025851       -23.025851      -21243.627                                                  -21243.627
              2      -10644.512      0.32903334   2.0693452e-09      -23.025851       -23.025851      -21242.973                                                  -21242.973
              1      -10645.627      0.34500585    1.796492e-09      -23.025851       -23.025851      -21245.203                                                  -21245.203
             11      -10644.945      0.36284997   1.6368108e-09      -23.025851       -23.025851      -21243.838                                                  -21243.838
              2      -10645.223      0.35033591   1.8093194e-09      -23.025851       -23.025851      -21244.395                                                  -21244.395
              1      -10645.687      0.33377151   1.9535349e-09      -23.025851       -23.025851      -21245.323                                                  -21245.323
              3      -10645.061      0.34792311   1.7241944e-09      -23.025851       -23.025851      -21244.071                                                  -21244.071
              1       -10644.72      0.35910541   1.6375888e-09      -23.025851       -23.025851      -21243.387                                                  -21243.387
              1      -10645.542      0.34879247   1.7844065e-09      -23.025851       -23.025851      -21245.032                                                  -21245.032
              2      -10645.721       0.3390392   1.8870091e-09      -23.025851       -23.025851      -21245.391                                                  -21245.391
              1      -10643.759      0.28562146   2.3260142e-09      -23.025851       -23.025851      -21241.466                                                  -21241.466
              3       -10643.46      0.29848032   2.1331239e-09      -23.025851       -23.025851      -21240.869                                                  -21240.869
              1      -10645.169      0.33821896   1.7988268e-09      -23.025851       -23.025851      -21244.286                                                  -21244.286
              1      -10645.151      0.30248735   2.3495601e-09      -23.025851       -23.025851       -21244.25                                                   -21244.25
              4      -10645.857      0.30209205   2.2209712e-09      -23.025851       -23.025851      -21245.662                                                  -21245.662
              4      -10645.941      0.30046137   2.2681514e-09      -23.025851       -23.025851      -21245.831                                                  -21245.831
              1      -10645.616      0.29430233   2.3095794e-09      -23.025851       -23.025851       -21245.18                                                   -21245.18
              1      -10645.576      0.31535118   2.0309209e-09      -23.025851       -23.025851        -21245.1                                                    -21245.1
              2      -10645.131      0.29261743   2.2925473e-09      -23.025851       -23.025851      -21244.209                                                  -21244.209
              1      -10644.663      0.31799569   1.9553537e-09      -23.025851       -23.025851      -21243.275                                                  -21243.275
              2      -10645.155      0.35937437   1.6742984e-09      -23.025851       -23.025851      -21244.259                                                  -21244.259
              4      -10645.586      0.34603531   1.7842225e-09      -23.025851       -23.025851      -21245.119                                                  -21245.119
              1      -10645.615      0.34355068   1.8463262e-09      -23.025851       -23.025851      -21245.178                                                  -21245.178
              1      -10645.328      0.34450486   1.8644079e-09      -23.025851       -23.025851      -21244.604                                                  -21244.604
              6      -10645.611      0.29546907   2.3974366e-09      -23.025851       -23.025851      -21245.169                                                  -21245.169
              3        -10645.5      0.28870728   2.3931505e-09      -23.025851       -23.025851      -21244.949                                                  -21244.949
              4      -10644.771      0.27655848   2.5509081e-09      -23.025851       -23.025851      -21243.491                                                  -21243.491
              2       -10645.81       0.2939878   2.3626214e-09      -23.025851       -23.025851      -21245.568                                                  -21245.568
              2      -10646.058      0.31105592   2.1419341e-09      -23.025851       -23.025851      -21246.064                                                  -21246.064
              2      -10645.559      0.34757985   1.8010051e-09      -23.025851       -23.025851      -21245.067                                                  -21245.067
              3      -10645.241      0.34041204   1.9139777e-09      -23.025851       -23.025851      -21244.431                                                  -21244.431
              2      -10645.512      0.34749138   1.7657144e-09      -23.025851       -23.025851      -21244.971                                                  -21244.971
              1      -10643.731      0.30764685   2.3460703e-09      -23.025851       -23.025851       -21241.41                                                   -21241.41
              1      -10644.604       0.3032414   2.3677401e-09      -23.025851       -23.025851      -21243.156                                                  -21243.156
              5       -10644.71      0.31756394   2.1906928e-09      -23.025851       -23.025851      -21243.368                                                  -21243.368
              1      -10644.751      0.28308669   2.4223082e-09      -23.025851       -23.025851       -21243.45                                                   -21243.45
              2      -10645.301       0.3053682   2.1283971e-09      -23.025851       -23.025851       -21244.55                                                   -21244.55
              2      -10645.239      0.30489211   2.1305271e-09      -23.025851       -23.025851      -21244.426                                                  -21244.426
              3      -10645.873      0.30477704   2.2638498e-09      -23.025851       -23.025851      -21245.695                                                  -21245.695
              1      -10645.998      0.30791262   2.1644781e-09      -23.025851       -23.025851      -21245.945                                                  -21245.945
              2      -10646.059      0.31539989   2.0889106e-09      -23.025851       -23.025851      -21246.066                                                  -21246.066
              1      -10646.043      0.31536391   2.1180512e-09      -23.025851       -23.025851      -21246.034                                                  -21246.034
              1      -10645.605       0.2915862   2.3549882e-09      -23.025851       -23.025851      -21245.157                                                  -21245.157
              3      -10645.486      0.29302162   2.3159063e-09      -23.025851       -23.025851       -21244.92                                                   -21244.92
              1      -10644.719      0.29322503   2.2582675e-09      -23.025851       -23.025851      -21243.387                                                  -21243.387
              1      -10644.887      0.29567502     2.23246e-09      -23.025851       -23.025851      -21243.722                                                  -21243.722
              2      -10645.114      0.28559811   2.4067593e-09      -23.025851       -23.025851      -21244.175                                                  -21244.175
              1      -10645.969      0.30490853   2.2003716e-09      -23.025851       -23.025851      -21245.886                                                  -21245.886
              1      -10645.771      0.30576455   2.2650842e-09      -23.025851       -23.025851       -21245.49                                                   -21245.49
              1      -10645.896      0.29774497   2.3082215e-09      -23.025851       -23.025851      -21245.741                                                  -21245.741
              2      -10646.049      0.30904819   2.1667605e-09      -23.025851       -23.025851      -21246.046                                                  -21246.046
              2      -10646.005      0.31147878   2.1699725e-09      -23.025851       -23.025851      -21245.958                                                  -21245.958
              2      -10646.018      0.32507995   1.9923889e-09      -23.025851       -23.025851      -21245.984                                                  -21245.984
              1        -10644.9      0.36364404   1.6911533e-09      -23.025851       -23.025851      -21243.749                                                  -21243.749
              1      -10642.703      0.33603633   2.0489287e-09      -23.025851       -23.025851      -21239.355                                                  -21239.355
              2      -10645.944      0.30605594   2.2391366e-09      -23.025851       -23.025851      -21245.837                                                  -21245.837
              2       -10645.95      0.30435787   2.2552986e-09      -23.025851       -23.025851      -21245.848                                                  -21245.848
              2      -10645.308      0.34017686   1.9123433e-09      -23.025851       -23.025851      -21244.564                                                  -21244.564
              1      -10645.647       0.3099204   2.0974125e-09      -23.025851       -23.025851      -21245.243                                                  -21245.243
              1      -10645.741      0.33002306   1.9910476e-09      -23.025851       -23.025851       -21245.43                                                   -21245.43
              1      -10645.523       0.3150395   2.1780833e-09      -23.025851       -23.025851      -21244.995                                                  -21244.995
              1      -10645.783      0.31203601   2.1923679e-09      -23.025851       -23.025851      -21245.514                                                  -21245.514
              3       -10644.45      0.35745551   1.6333999e-09      -23.025851       -23.025851      -21242.848                                                  -21242.848
              1      -10645.208      0.34321387   1.8862588e-09      -23.025851       -23.025851      -21244.365                                                  -21244.365
              1      -10645.995      0.30459828   2.2401944e-09      -23.025851       -23.025851      -21245.939                                                  -21245.939
              2      -10645.767      0.33884319   1.8486252e-09      -23.025851       -23.025851      -21245.482                                                  -21245.482
              1      -10645.101      0.34948082   1.8270617e-09      -23.025851       -23.025851      -21244.151                                                  -21244.151
              2      -10644.759      0.33672256   1.9770002e-09      -23.025851       -23.025851      -21243.466                                                  -21243.466
              2      -10645.761      0.32936113   1.9965763e-09      -23.025851       -23.025851      -21245.471                                                  -21245.471
              2      -10645.464      0.28850378    2.391808e-09      -23.025851       -23.025851      -21244.876                                                  -21244.876
              4      -10645.593      0.29071369   2.3693526e-09      -23.025851       -23.025851      -21245.134                                                  -21245.134
              3        -10645.8      0.31212856    2.189662e-09      -23.025851       -23.025851      -21245.548                                                  -21245.548
              5      -10645.363      0.33094952   2.0089007e-09      -23.025851       -23.025851      -21244.674                                                  -21244.674
              2      -10645.812      0.31362179    2.171365e-09      -23.025851       -23.025851      -21245.573                                                  -21245.573
              1       -10645.93      0.31378751   2.1562384e-09      -23.025851       -23.025851      -21245.809                                                  -21245.809
              4      -10646.041      0.31035107   2.1722193e-09      -23.025851       -23.025851      -21246.031                                                  -21246.031
              2      -10645.794      0.30391363   2.2832812e-09      -23.025851       -23.025851      -21245.537                                                  -21245.537
              5      -10645.616      0.30591836   2.2773651e-09      -23.025851       -23.025851       -21245.18                                                   -21245.18
              3      -10645.331      0.30764945   2.2767511e-09      -23.025851       -23.025851      -21244.611                                                  -21244.611
              4       -10645.25      0.31724668   2.1689081e-09      -23.025851       -23.025851      -21244.449                                                  -21244.449
              2      -10645.859      0.29603021   2.3316674e-09      -23.025851       -23.025851      -21245.666                                                  -21245.666
              4      -10645.803      0.29393663   2.3561346e-09      -23.025851       -23.025851      -21245.554                                                  -21245.554
              3      -10645.922      0.29886973   2.2980016e-09      -23.025851       -23.025851      -21245.791                                                  -21245.791
              1      -10645.981      0.30419591   2.2149952e-09      -23.025851       -23.025851      -21245.911                                                  -21245.911
              4      -10645.021      0.29529585   2.2457596e-09      -23.025851       -23.025851      -21243.991                                                  -21243.991
              3      -10645.589      0.29723351   2.3800722e-09      -23.025851       -23.025851      -21245.126                                                  -21245.126
              1      -10646.028      0.31667538   2.1067907e-09      -23.025851       -23.025851      -21246.005                                                  -21246.005
              3      -10645.843      0.31344468   2.1703405e-09      -23.025851       -23.025851      -21245.634                                                  -21245.634
              2      -10644.562      0.32234028   2.1419072e-09      -23.025851       -23.025851      -21243.072                                                  -21243.072
              1      -10645.826      0.32676861   2.0196078e-09      -23.025851       -23.025851      -21245.599                                                  -21245.599
              4      -10645.983      0.30567443    2.192575e-09      -23.025851       -23.025851      -21245.914                                                  -21245.914
              2      -10643.201      0.33465459   1.7545629e-09      -23.025851       -23.025851      -21240.351                                                  -21240.351
              4      -10642.563      0.31824092   1.8848258e-09      -23.025851       -23.025851      -21239.074                                                  -21239.074
              1      -10645.426      0.35123515   1.7388234e-09      -23.025851       -23.025851        -21244.8                                                    -21244.8
              2      -10645.454      0.35068063    1.745596e-09      -23.025851       -23.025851      -21244.856                                                  -21244.856
              4      -10644.524      0.32593789   2.1030001e-09      -23.025851       -23.025851      -21242.997                                                  -21242.997
              1       -10645.12      0.28827052   2.5258854e-09      -23.025851       -23.025851      -21244.189                                                  -21244.189
              1      -10645.265      0.28374894   2.4581558e-09      -23.025851       -23.025851      -21244.478                                                  -21244.478
              1      -10645.939      0.29990902   2.2809471e-09      -23.025851       -23.025851      -21245.827                                                  -21245.827
              4      -10645.625      0.29774192   2.3707366e-09      -23.025851       -23.025851      -21245.197                                                  -21245.197
              1      -10645.628      0.29729079   2.3753807e-09      -23.025851       -23.025851      -21245.205                                                  -21245.205
              5      -10645.816      0.30005006   2.2453891e-09      -23.025851       -23.025851       -21245.58                                                   -21245.58
              2      -10644.477      0.27682292    2.519175e-09      -23.025851       -23.025851      -21242.903                                                  -21242.903
              1      -10645.569      0.34799231   1.7877676e-09      -23.025851       -23.025851      -21245.087                                                  -21245.087
              2      -10645.309      0.34681044   1.8408766e-09      -23.025851       -23.025851      -21244.566                                                  -21244.566
              1      -10645.961      0.31018696   2.1919291e-09      -23.025851       -23.025851       -21245.87                                                   -21245.87
              1       -10645.97      0.30598275   2.2347709e-09      -23.025851       -23.025851      -21245.889                                                  -21245.889
              5      -10645.845      0.30883356   2.1290082e-09      -23.025851       -23.025851      -21245.637                                                  -21245.637
              1      -10646.017      0.30565015   2.2226747e-09      -23.025851       -23.025851      -21245.982                                                  -21245.982
              1       -10645.12      0.28362721   2.4436812e-09      -23.025851       -23.025851      -21244.188                                                  -21244.188
              1      -10645.112      0.28406499    2.434662e-09      -23.025851       -23.025851      -21244.173                                                  -21244.173
              1      -10645.462      0.28842948   2.3929182e-09      -23.025851       -23.025851      -21244.872                                                  -21244.872
              1      -10645.559      0.29599438   2.2764114e-09      -23.025851       -23.025851      -21245.066                                                  -21245.066
              2      -10645.968       0.3220888   2.0551085e-09      -23.025851       -23.025851      -21245.885                                                  -21245.885
              1      -10645.265      0.28458537   2.4414375e-09      -23.025851       -23.025851      -21244.479                                                  -21244.479
              2      -10645.782       0.2939172   2.3826102e-09      -23.025851       -23.025851      -21245.513                                                  -21245.513
              3      -10645.677      0.34067616   1.8229691e-09      -23.025851       -23.025851      -21245.302                                                  -21245.302
             14      -10645.807      0.30289006   2.2027067e-09      -23.025851       -23.025851      -21245.563                                                  -21245.563
              1      -10645.857      0.32605929   1.9504171e-09      -23.025851       -23.025851      -21245.662                                                  -21245.662
              2      -10646.033      0.32019717   2.0327801e-09      -23.025851       -23.025851      -21246.014                                                  -21246.014
              3      -10644.726      0.32046058   1.9333426e-09      -23.025851       -23.025851        -21243.4                                                    -21243.4
              2      -10643.403      0.34262689   1.9624331e-09      -23.025851       -23.025851      -21240.753                                                  -21240.753
              1      -10642.484      0.33341871   2.0821262e-09      -23.025851       -23.025851      -21238.917                                                  -21238.917
              1      -10641.516      0.30816878   2.4012733e-09      -23.025851       -23.025851      -21236.981                                                  -21236.981
              6      -10645.365      0.28448266   2.5405096e-09      -23.025851       -23.025851      -21244.678                                                  -21244.678
              1      -10645.859      0.29598694   2.3407023e-09      -23.025851       -23.025851      -21245.665                                                  -21245.665
              7      -10645.517      0.28731491   2.4907438e-09      -23.025851       -23.025851      -21244.982                                                  -21244.982
              3      -10645.807      0.29526105   2.3673385e-09      -23.025851       -23.025851      -21245.563                                                  -21245.563
              1      -10645.749      0.32870574   1.9162734e-09      -23.025851       -23.025851      -21245.446                                                  -21245.446
              2      -10645.775      0.33411059   1.8773679e-09      -23.025851       -23.025851      -21245.499                                                  -21245.499
              1      -10645.667      0.32997103   1.8981987e-09      -23.025851       -23.025851      -21245.282                                                  -21245.282
              1       -10645.35      0.32888571   2.0323308e-09      -23.025851       -23.025851      -21244.649                                                  -21244.649
              3      -10645.691      0.30519622   2.2792902e-09      -23.025851       -23.025851       -21245.33                                                   -21245.33
              2      -10645.943       0.3002348   2.2745464e-09      -23.025851       -23.025851      -21245.834                                                  -21245.834
              1      -10645.726      0.34048021    1.866959e-09      -23.025851       -23.025851      -21245.399                                                  -21245.399
              1      -10645.701      0.34026732   1.8746552e-09      -23.025851       -23.025851      -21245.349                                                  -21245.349
              1       -10645.62      0.32180992   2.0940145e-09      -23.025851       -23.025851      -21245.188                                                  -21245.188
              1      -10645.973      0.30986598   2.1337873e-09      -23.025851       -23.025851      -21245.894                                                  -21245.894
              1      -10645.884      0.30367664   2.2022755e-09      -23.025851       -23.025851      -21245.717                                                  -21245.717
              1      -10645.593      0.30214462   2.1910933e-09      -23.025851       -23.025851      -21245.134                                                  -21245.134
              1      -10645.096      0.30822607   2.0821464e-09      -23.025851       -23.025851       -21244.14                                                   -21244.14
              1      -10645.478      0.32548805   1.9236757e-09      -23.025851       -23.025851      -21244.903                                                  -21244.903
              5      -10645.635      0.31290278   2.0621329e-09      -23.025851       -23.025851      -21245.218                                                  -21245.218
              4      -10645.906      0.32889687   1.9834743e-09      -23.025851       -23.025851       -21245.76                                                   -21245.76
              2      -10645.711      0.32703011   2.0278234e-09      -23.025851       -23.025851       -21245.37                                                   -21245.37
              2      -10645.785      0.33269382   1.8887168e-09      -23.025851       -23.025851      -21245.519                                                  -21245.519
              3      -10645.743      0.33404409   1.9444547e-09      -23.025851       -23.025851      -21245.434                                                  -21245.434
              1       -10645.82      0.32295104   2.0640972e-09      -23.025851       -23.025851      -21245.587                                                  -21245.587
              1      -10645.863      0.32052682   2.0021479e-09      -23.025851       -23.025851      -21245.674                                                  -21245.674
              2      -10645.474      0.33581437   1.9484052e-09      -23.025851       -23.025851      -21244.896                                                  -21244.896
              5      -10645.014      0.36054689   1.7150152e-09      -23.025851       -23.025851      -21243.976                                                  -21243.976
              2      -10645.878      0.29743814   2.3046507e-09      -23.025851       -23.025851      -21245.704                                                  -21245.704
              2       -10645.81      0.30225119   2.2120345e-09      -23.025851       -23.025851      -21245.568                                                  -21245.568
              2      -10645.919      0.33210143   1.9361792e-09      -23.025851       -23.025851      -21245.787                                                  -21245.787
              2      -10645.956      0.30474538   2.1999428e-09      -23.025851       -23.025851      -21245.861                                                  -21245.861
              5      -10645.813      0.30005291   2.3227405e-09      -23.025851       -23.025851      -21245.573                                                  -21245.573
              2       -10645.83      0.30278256   2.2912914e-09      -23.025851       -23.025851      -21245.609                                                  -21245.609
              2      -10645.714      0.29749303   2.3631447e-09      -23.025851       -23.025851      -21245.376                                                  -21245.376
              4      -10643.605      0.33789218   2.0050916e-09      -23.025851       -23.025851      -21241.159                                                  -21241.159
              2       -10643.37      0.34986139    1.891739e-09      -23.025851       -23.025851      -21240.688                                                  -21240.688
              4      -10644.758      0.33234521   2.0236539e-09      -23.025851       -23.025851      -21243.464                                                  -21243.464
              2      -10645.344       0.3430635   1.8788219e-09      -23.025851       -23.025851      -21244.636                                                  -21244.636
              1      -10645.497      0.28910885   2.4781921e-09      -23.025851       -23.025851      -21244.943                                                  -21244.943
              1      -10645.562      0.28642703   2.4620806e-09      -23.025851       -23.025851      -21245.072                                                  -21245.072
              2       -10645.29      0.28107445   2.5242935e-09      -23.025851       -23.025851      -21244.527                                                  -21244.527
              3      -10645.656      0.29297996   2.3378487e-09      -23.025851       -23.025851      -21245.261                                                  -21245.261
              1      -10645.149       0.3265697   1.8950237e-09      -23.025851       -23.025851      -21244.246                                                  -21244.246
              5      -10645.747      0.31448253   2.1675761e-09      -23.025851       -23.025851      -21245.442                                                  -21245.442
              5      -10645.395      0.34198596   1.8867614e-09      -23.025851       -23.025851      -21244.738                                                  -21244.738
              2      -10645.465      0.34937508   1.7946901e-09      -23.025851       -23.025851      -21244.878                                                  -21244.878
              4      -10645.517      0.34951252   1.7635552e-09      -23.025851       -23.025851      -21244.983                                                  -21244.983
              2      -10645.643      0.33802502    1.909236e-09      -23.025851       -23.025851      -21245.234                                                  -21245.234
              1      -10645.116      0.33773673   1.9494343e-09      -23.025851       -23.025851      -21244.181                                                  -21244.181
              2      -10645.664      0.29351007   2.4109647e-09      -23.025851       -23.025851      -21245.276                                                  -21245.276
              1      -10645.597      0.29199689   2.4356454e-09      -23.025851       -23.025851      -21245.143                                                  -21245.143
              3      -10643.679      0.30216883   2.4173675e-09      -23.025851       -23.025851      -21241.306                                                  -21241.306
              1      -10644.907      0.29804351   2.4180652e-09      -23.025851       -23.025851      -21243.763                                                  -21243.763
              1      -10645.852      0.29568269   2.3403742e-09      -23.025851       -23.025851      -21245.653                                                  -21245.653
              1      -10645.873      0.29657302   2.3308128e-09      -23.025851       -23.025851      -21245.694                                                  -21245.694
              4      -10645.477      0.29266717   2.4428296e-09      -23.025851       -23.025851      -21244.903                                                  -21244.903
              2      -10645.376      0.29613355   2.4115616e-09      -23.025851       -23.025851        -21244.7                                                    -21244.7
              1      -10645.509       0.2856746   2.5014496e-09      -23.025851       -23.025851      -21244.966                                                  -21244.966
              2      -10645.554      0.31685413   2.0134076e-09      -23.025851       -23.025851      -21245.056                                                  -21245.056
              1      -10645.878      0.31742383   2.0351383e-09      -23.025851       -23.025851      -21245.704                                                  -21245.704
              3      -10645.213      0.32777398   1.8875258e-09      -23.025851       -23.025851      -21244.373                                                  -21244.373
              3      -10644.985      0.33016392   2.0372334e-09      -23.025851       -23.025851      -21243.919                                                  -21243.919
              1      -10645.205      0.28066768   2.5978839e-09      -23.025851       -23.025851      -21244.358                                                  -21244.358
              1      -10645.228      0.27903059   2.5952937e-09      -23.025851       -23.025851      -21244.404                                                  -21244.404
              1      -10645.876      0.32761121   1.9398282e-09      -23.025851       -23.025851      -21245.701                                                  -21245.701
              1       -10645.78      0.33960902   1.8533925e-09      -23.025851       -23.025851      -21245.509                                                  -21245.509
              3      -10645.796      0.29349187   2.3732496e-09      -23.025851       -23.025851       -21245.54                                                   -21245.54
              1      -10645.588      0.28743768   2.4408853e-09      -23.025851       -23.025851      -21245.125                                                  -21245.125
              2      -10645.656      0.29310813   2.4160354e-09      -23.025851       -23.025851      -21245.261                                                  -21245.261
              5      -10645.485      0.28490459   2.5101862e-09      -23.025851       -23.025851      -21244.918                                                  -21244.918
              2      -10645.298      0.28896618   2.3649414e-09      -23.025851       -23.025851      -21244.545                                                  -21244.545
              3      -10645.065      0.36322208   1.6676907e-09      -23.025851       -23.025851      -21244.078                                                  -21244.078
              3      -10646.025      0.31070579   2.1735874e-09      -23.025851       -23.025851      -21245.998                                                  -21245.998
              4      -10642.397      0.29193999   2.5965544e-09      -23.025851       -23.025851      -21238.743                                                  -21238.743
              3      -10643.007      0.27276956   2.5115634e-09      -23.025851       -23.025851      -21239.963                                                  -21239.963
              1      -10643.849      0.28201956    2.388205e-09      -23.025851       -23.025851      -21241.647                                                  -21241.647
              1      -10645.756      0.31565174   2.1533551e-09      -23.025851       -23.025851      -21245.461                                                  -21245.461
              2      -10645.769      0.29654497   2.3647808e-09      -23.025851       -23.025851      -21245.487                                                  -21245.487
              3      -10645.333      0.28125704   2.5335698e-09      -23.025851       -23.025851      -21244.614                                                  -21244.614
              2      -10645.811      0.32293416    1.973637e-09      -23.025851       -23.025851      -21245.571                                                  -21245.571
              1      -10645.472      0.34928205   1.7947371e-09      -23.025851       -23.025851      -21244.892                                                  -21244.892
              2      -10645.388      0.35301062   1.7580362e-09      -23.025851       -23.025851      -21244.725                                                  -21244.725
              2      -10645.652      0.33837805   1.8336347e-09      -23.025851       -23.025851      -21245.253                                                  -21245.253
              2      -10645.377      0.28246543   2.5487306e-09      -23.025851       -23.025851      -21244.703                                                  -21244.703
              1      -10645.344      0.29482177   2.4296917e-09      -23.025851       -23.025851      -21244.636                                                  -21244.636
              1      -10645.125      0.29312815   2.4662186e-09      -23.025851       -23.025851      -21244.198                                                  -21244.198
              1      -10646.022      0.32421547   1.9982248e-09      -23.025851       -23.025851      -21245.992                                                  -21245.992
              2      -10646.011      0.32570291   1.9858288e-09      -23.025851       -23.025851      -21245.971                                                  -21245.971
              4      -10645.883      0.33455909   1.9085958e-09      -23.025851       -23.025851      -21245.715                                                  -21245.715
              1      -10645.844      0.33590839    1.902894e-09      -23.025851       -23.025851      -21245.637                                                  -21245.637
              1      -10646.012      0.30745942    2.209849e-09      -23.025851       -23.025851      -21245.972                                                  -21245.972
              1      -10645.169      0.30465157   2.1294392e-09      -23.025851       -23.025851      -21244.286                                                  -21244.286
              1      -10645.294      0.30214973   2.1689312e-09      -23.025851       -23.025851      -21244.536                                                  -21244.536
              5      -10645.139      0.30004388   2.1871267e-09      -23.025851       -23.025851      -21244.226                                                  -21244.226
              1      -10644.983      0.29872318   2.1957822e-09      -23.025851       -23.025851      -21243.914                                                  -21243.914
              1      -10644.679      0.31355679   2.0024376e-09      -23.025851       -23.025851      -21243.306                                                  -21243.306
              1      -10643.478       0.3236972   1.8583665e-09      -23.025851       -23.025851      -21240.904                                                  -21240.904
              1      -10643.821      0.34181544   1.7165695e-09      -23.025851       -23.025851       -21241.59                                                   -21241.59
              1      -10645.754      0.32044054   1.9922821e-09      -23.025851       -23.025851      -21245.456                                                  -21245.456
              1      -10642.857      0.29569794   2.1487963e-09      -23.025851       -23.025851      -21239.661                                                  -21239.661
              1      -10645.183      0.32545007   1.9070427e-09      -23.025851       -23.025851      -21244.315                                                  -21244.315
              1      -10645.813      0.29416518   2.3657968e-09      -23.025851       -23.025851      -21245.574                                                  -21245.574
              1      -10645.916      0.32307834   2.0514851e-09      -23.025851       -23.025851      -21245.779                                                  -21245.779
              1      -10645.459      0.32436368   2.0760941e-09      -23.025851       -23.025851      -21244.866                                                  -21244.866
              2       -10645.57      0.32112412   1.9712214e-09      -23.025851       -23.025851      -21245.088                                                  -21245.088
              1      -10645.849      0.33570202   1.8827981e-09      -23.025851       -23.025851      -21245.647                                                  -21245.647
              5      -10645.677      0.29903306   2.3507446e-09      -23.025851       -23.025851      -21245.301                                                  -21245.301
              3      -10645.697      0.32862919    2.010915e-09      -23.025851       -23.025851      -21245.343                                                  -21245.343
              2      -10645.401      0.30329179   2.3242355e-09      -23.025851       -23.025851      -21244.749                                                  -21244.749
              1      -10645.816      0.30656877   2.2512032e-09      -23.025851       -23.025851       -21245.58                                                   -21245.58
              2      -10645.469      0.32352137   2.0849283e-09      -23.025851       -23.025851      -21244.886                                                  -21244.886
              3      -10645.793      0.30674833   2.1495586e-09      -23.025851       -23.025851      -21245.534                                                  -21245.534
              1      -10645.773      0.30993554   2.1081942e-09      -23.025851       -23.025851      -21245.494                                                  -21245.494
              2      -10645.554      0.29330311     2.31874e-09      -23.025851       -23.025851      -21245.057                                                  -21245.057
              1      -10644.739      0.28482717   2.3912253e-09      -23.025851       -23.025851      -21243.425                                                  -21243.425
              1      -10644.198      0.30434084   2.0877713e-09      -23.025851       -23.025851      -21242.345                                                  -21242.345
              2       -10644.63       0.2929784   2.2570642e-09      -23.025851       -23.025851      -21243.209                                                  -21243.209
              1      -10645.373       0.3080338   2.1004886e-09      -23.025851       -23.025851      -21244.695                                                  -21244.695
              1      -10645.428      0.30573368    2.293321e-09      -23.025851       -23.025851      -21244.805                                                  -21244.805
              2      -10644.944       0.3217593   2.1324517e-09      -23.025851       -23.025851      -21243.836                                                  -21243.836
              2      -10645.509      0.35012142    1.766673e-09      -23.025851       -23.025851      -21244.966                                                  -21244.966
              3      -10644.988      0.36195149    1.644559e-09      -23.025851       -23.025851      -21243.924                                                  -21243.924
              1      -10645.512      0.34996665   1.7716243e-09      -23.025851       -23.025851      -21244.972                                                  -21244.972
              2      -10645.448      0.35207942    1.754082e-09      -23.025851       -23.025851      -21244.844                                                  -21244.844
              4       -10645.47      0.34898683    1.753445e-09      -23.025851       -23.025851      -21244.889                                                  -21244.889
              2      -10645.882      0.32597321   2.0220413e-09      -23.025851       -23.025851      -21245.713                                                  -21245.713
              5      -10645.486       0.3451994   1.8428433e-09      -23.025851       -23.025851      -21244.921                                                  -21244.921
              1      -10645.471      0.34432169   1.8544213e-09      -23.025851       -23.025851      -21244.891                                                  -21244.891
              3      -10645.509      0.34321662   1.8632513e-09      -23.025851       -23.025851      -21244.967                                                  -21244.967
              1      -10645.116      0.34887578    1.832454e-09      -23.025851       -23.025851      -21244.181                                                  -21244.181
              3      -10645.982      0.30244173   2.2515039e-09      -23.025851       -23.025851      -21245.913                                                  -21245.913
              1      -10645.823      0.33776109   1.8744088e-09      -23.025851       -23.025851      -21245.594                                                  -21245.594
              1       -10645.66      0.33930869   1.8922706e-09      -23.025851       -23.025851      -21245.268                                                  -21245.268
              1      -10645.807       0.3070785   2.2463626e-09      -23.025851       -23.025851      -21245.563                                                  -21245.563
              3      -10645.549      0.30048475   2.3462557e-09      -23.025851       -23.025851      -21245.046                                                  -21245.046
              3      -10644.486      0.31843787   2.1895274e-09      -23.025851       -23.025851      -21242.921                                                  -21242.921
              7      -10644.953      0.28467258    2.582609e-09      -23.025851       -23.025851      -21243.855                                                  -21243.855
              1       -10645.47      0.28444772    2.515758e-09      -23.025851       -23.025851      -21244.888                                                  -21244.888
              1      -10645.681      0.29387605   2.3257826e-09      -23.025851       -23.025851      -21245.309                                                  -21245.309
              1      -10645.872      0.32712725   2.0098691e-09      -23.025851       -23.025851      -21245.692                                                  -21245.692
              1      -10645.998      0.30411431   2.2419743e-09      -23.025851       -23.025851      -21245.944                                                  -21245.944
              1      -10645.603      0.30791006   2.1180324e-09      -23.025851       -23.025851      -21245.155                                                  -21245.155
              1      -10645.332      0.30915997   2.0845801e-09      -23.025851       -23.025851      -21244.612                                                  -21244.612
              2      -10645.006      0.34074525   1.7711715e-09      -23.025851       -23.025851      -21243.961                                                  -21243.961
              1      -10645.248      0.30979548   2.2561481e-09      -23.025851       -23.025851      -21244.444                                                  -21244.444
              1      -10645.788      0.32581553   2.0345082e-09      -23.025851       -23.025851      -21245.524                                                  -21245.524
              1        -10645.1      0.33951054   1.9315171e-09      -23.025851       -23.025851      -21244.149                                                  -21244.149
              3      -10645.683      0.34319508   1.8149397e-09      -23.025851       -23.025851      -21245.313                                                  -21245.313
              2      -10644.299      0.31082948   2.2867802e-09      -23.025851       -23.025851      -21242.546                                                  -21242.546
              4      -10645.818      0.29629821   2.3084086e-09      -23.025851       -23.025851      -21245.583                                                  -21245.583
              1      -10646.038      0.30713235   2.1982386e-09      -23.025851       -23.025851      -21246.024                                                  -21246.024
              7       -10645.51      0.29319756    2.433534e-09      -23.025851       -23.025851      -21244.968                                                  -21244.968
              4      -10646.001      0.30721254   2.2151708e-09      -23.025851       -23.025851      -21245.951                                                  -21245.951
              1      -10645.589      0.31902408   2.1279098e-09      -23.025851       -23.025851      -21245.126                                                  -21245.126
              3      -10645.026      0.34492219   1.8789016e-09      -23.025851       -23.025851      -21243.999                                                  -21243.999
              2      -10644.936      0.32196772   2.1304668e-09      -23.025851       -23.025851       -21243.82                                                   -21243.82
              1      -10644.429      0.29207887    2.519011e-09      -23.025851       -23.025851      -21242.805                                                  -21242.805
              5      -10644.419      0.29213242   2.5187798e-09      -23.025851       -23.025851      -21242.786                                                  -21242.786
              1      -10644.932      0.29090833   2.5065191e-09      -23.025851       -23.025851      -21243.813                                                  -21243.813
              2      -10644.939      0.30739466   2.3010537e-09      -23.025851       -23.025851      -21243.827                                                  -21243.827
              1      -10646.007      0.30423939    2.231442e-09      -23.025851       -23.025851      -21245.963                                                  -21245.963
              3      -10645.958       0.3301167   1.9494028e-09      -23.025851       -23.025851      -21245.864                                                  -21245.864
              5      -10645.796      0.33102059   1.9026076e-09      -23.025851       -23.025851       -21245.54                                                   -21245.54
              1      -10645.609      0.34501712   1.8278223e-09      -23.025851       -23.025851      -21245.166                                                  -21245.166
              2      -10645.849      0.33193254   1.9031463e-09      -23.025851       -23.025851      -21245.646                                                  -21245.646
              1      -10645.829      0.33616921   1.9035884e-09      -23.025851       -23.025851      -21245.607                                                  -21245.607
              3      -10645.805      0.29762858   2.3482034e-09      -23.025851       -23.025851      -21245.558                                                  -21245.558
              1       -10645.47      0.34906211   1.7531756e-09      -23.025851       -23.025851      -21244.889                                                  -21244.889
              9      -10643.501      0.36469098    1.749247e-09      -23.025851       -23.025851       -21240.95                                                   -21240.95
              2      -10643.967      0.35991526   1.7773235e-09      -23.025851       -23.025851      -21241.883                                                  -21241.883
              1      -10644.617      0.29383175   2.4868466e-09      -23.025851       -23.025851      -21243.182                                                  -21243.182
              2      -10645.669      0.29264648    2.418244e-09      -23.025851       -23.025851      -21245.287                                                  -21245.287
              2       -10645.35      0.28164312   2.5568119e-09      -23.025851       -23.025851      -21244.649                                                  -21244.649
              1      -10645.263      0.31869818   2.1515779e-09      -23.025851       -23.025851      -21244.474                                                  -21244.474
              3       -10646.07      0.31272069   2.1301185e-09      -23.025851       -23.025851      -21246.088                                                  -21246.088
              2      -10646.046      0.31403222   2.1318629e-09      -23.025851       -23.025851      -21246.041                                                  -21246.041
              2      -10645.584      0.31068115   2.0836146e-09      -23.025851       -23.025851      -21245.115                                                  -21245.115
              3      -10643.037      0.32247978   1.8569593e-09      -23.025851       -23.025851      -21240.022                                                  -21240.022
              7        -10644.2      0.28709643   2.3236478e-09      -23.025851       -23.025851      -21242.349                                                  -21242.349
              2      -10645.901      0.29808145   2.3021409e-09      -23.025851       -23.025851      -21245.751                                                  -21245.751
              1      -10645.784      0.29718045   2.3560823e-09      -23.025851       -23.025851      -21245.517                                                  -21245.517
              4      -10644.461      0.34205715   1.9336364e-09      -23.025851       -23.025851      -21242.871                                                  -21242.871
              5      -10645.347      0.34054703   1.9057964e-09      -23.025851       -23.025851      -21244.642                                                  -21244.642
              1      -10646.029      0.32396827   2.0134392e-09      -23.025851       -23.025851      -21246.006                                                  -21246.006
              4       -10645.96      0.32140845   2.0646093e-09      -23.025851       -23.025851      -21245.867                                                  -21245.867
              2      -10645.968      0.31916049   2.0895113e-09      -23.025851       -23.025851      -21245.884                                                  -21245.884
              3      -10646.028      0.32212358   2.0148024e-09      -23.025851       -23.025851      -21246.004                                                  -21246.004
              2      -10645.746       0.3062245   2.1514631e-09      -23.025851       -23.025851       -21245.44                                                   -21245.44
              1      -10645.768      0.30710146   2.1425138e-09      -23.025851       -23.025851      -21245.484                                                  -21245.484
              5      -10645.751      0.29620765   2.2969216e-09      -23.025851       -23.025851       -21245.45                                                   -21245.45
              1       -10645.37       0.3282573    1.892108e-09      -23.025851       -23.025851      -21244.689                                                  -21244.689
              1      -10645.693      0.34072695    1.825302e-09      -23.025851       -23.025851      -21245.334                                                  -21245.334
              4      -10645.629      0.29384906   2.4124705e-09      -23.025851       -23.025851      -21245.207                                                  -21245.207
              1       -10645.22       0.3239016   2.0948944e-09      -23.025851       -23.025851      -21244.388                                                  -21244.388
              1       -10645.73      0.33267499   1.9617634e-09      -23.025851       -23.025851      -21245.408                                                  -21245.408
              1      -10645.219       0.3486179   1.8281715e-09      -23.025851       -23.025851      -21244.386                                                  -21244.386
              1      -10645.549      0.31575071   2.1681607e-09      -23.025851       -23.025851      -21245.046                                                  -21245.046
              3      -10645.752      0.31882301    2.008299e-09      -23.025851       -23.025851      -21245.451                                                  -21245.451
              1      -10645.992       0.3112682   2.1199891e-09      -23.025851       -23.025851      -21245.933                                                  -21245.933
              4      -10645.674      0.30287379   2.1886031e-09      -23.025851       -23.025851      -21245.297                                                  -21245.297
              1      -10643.384      0.30123643   2.0959533e-09      -23.025851       -23.025851      -21240.716                                                  -21240.716
              1      -10643.602      0.30473801   2.0611846e-09      -23.025851       -23.025851      -21241.153                                                  -21241.153
              5      -10645.683      0.29574483   2.2945958e-09      -23.025851       -23.025851      -21245.314                                                  -21245.314
              1      -10645.418      0.31404977   2.1962471e-09      -23.025851       -23.025851      -21244.785                                                  -21244.785
              3       -10645.18      0.28630021   2.5439817e-09      -23.025851       -23.025851      -21244.308                                                  -21244.308
              3      -10645.258      0.30731286   2.2851011e-09      -23.025851       -23.025851      -21244.465                                                  -21244.465
              1      -10645.942      0.31791305   2.0380998e-09      -23.025851       -23.025851      -21245.833                                                  -21245.833
              1      -10645.773      0.31999604   1.9983771e-09      -23.025851       -23.025851      -21245.494                                                  -21245.494
              2       -10645.78      0.32435427   1.9574349e-09      -23.025851       -23.025851      -21245.508                                                  -21245.508
              2      -10645.407      0.30995991   2.2447682e-09      -23.025851       -23.025851      -21244.762                                                  -21244.762
              1      -10645.392      0.30039588    2.359442e-09      -23.025851       -23.025851      -21244.731                                                  -21244.731
              2      -10645.645      0.34312791   1.8467726e-09      -23.025851       -23.025851      -21245.238                                                  -21245.238
              3      -10645.451      0.33965532    1.806456e-09      -23.025851       -23.025851       -21244.85                                                   -21244.85
              2      -10645.479      0.35063474    1.772847e-09      -23.025851       -23.025851      -21244.905                                                  -21244.905
              1      -10645.091      0.28956443    2.512405e-09      -23.025851       -23.025851      -21244.131                                                  -21244.131
              8      -10645.349       0.2814313   2.5553651e-09      -23.025851       -23.025851      -21244.646                                                  -21244.646
              1      -10644.013      0.28384704   2.3661421e-09      -23.025851       -23.025851      -21241.974                                                  -21241.974
              2      -10645.612      0.31049294   2.0879795e-09      -23.025851       -23.025851      -21245.173                                                  -21245.173
              1      -10645.766      0.30463101   2.2784455e-09      -23.025851       -23.025851      -21245.479                                                  -21245.479
              5      -10644.765      0.30433594   2.1123127e-09      -23.025851       -23.025851      -21243.479                                                  -21243.479
              2      -10645.451      0.33940211   1.8082311e-09      -23.025851       -23.025851       -21244.85                                                   -21244.85
              1      -10645.575      0.33803414   1.8282563e-09      -23.025851       -23.025851      -21245.099                                                  -21245.099
              3      -10645.881      0.31966706   2.0126696e-09      -23.025851       -23.025851      -21245.711                                                  -21245.711
              1      -10645.976      0.32020915   2.0759574e-09      -23.025851       -23.025851        -21245.9                                                    -21245.9
              2      -10646.012      0.31952159   2.0773187e-09      -23.025851       -23.025851      -21245.971                                                  -21245.971
              1      -10645.423      0.33259793   1.9871007e-09      -23.025851       -23.025851      -21244.795                                                  -21244.795
              1      -10644.528      0.31050662    2.281685e-09      -23.025851       -23.025851      -21243.005                                                  -21243.005
              4      -10645.172      0.31867315   2.1566207e-09      -23.025851       -23.025851      -21244.293                                                  -21244.293
              1      -10645.301      0.35219031   1.7814241e-09      -23.025851       -23.025851      -21244.551                                                  -21244.551
              4      -10644.332      0.35572422   1.8031473e-09      -23.025851       -23.025851      -21242.612                                                  -21242.612
              4      -10643.981      0.35713949   1.8029326e-09      -23.025851       -23.025851      -21241.911                                                  -21241.911
              3      -10643.566      0.33551242   2.0311713e-09      -23.025851       -23.025851       -21241.08                                                   -21241.08
              1      -10645.999      0.30909675   2.1965326e-09      -23.025851       -23.025851      -21245.947                                                  -21245.947
              1      -10646.023      0.31136145   2.1672522e-09      -23.025851       -23.025851      -21245.994                                                  -21245.994
              4      -10644.354      0.33897006   1.7567277e-09      -23.025851       -23.025851      -21242.657                                                  -21242.657
              3      -10644.857      0.33297215   1.8254097e-09      -23.025851       -23.025851      -21243.662                                                  -21243.662
              2      -10644.817      0.33589466   1.7997016e-09      -23.025851       -23.025851      -21243.582                                                  -21243.582
              1      -10645.854      0.32071203   2.0861639e-09      -23.025851       -23.025851      -21245.656                                                  -21245.656
              3      -10644.582      0.34083661   1.9414093e-09      -23.025851       -23.025851      -21243.113                                                  -21243.113
              2      -10644.357      0.34214152   1.9367221e-09      -23.025851       -23.025851      -21242.662                                                  -21242.662
              1      -10643.612      0.35172919   1.8665747e-09      -23.025851       -23.025851      -21241.172                                                  -21241.172
              2      -10645.664       0.2896486   2.4388808e-09      -23.025851       -23.025851      -21245.277                                                  -21245.277
              5      -10645.421      0.28292276   2.5175928e-09      -23.025851       -23.025851      -21244.791                                                  -21244.791
              1      -10645.877      0.29676276   2.3279904e-09      -23.025851       -23.025851      -21245.703                                                  -21245.703
              1      -10645.874      0.31995332   2.0090652e-09      -23.025851       -23.025851      -21245.697                                                  -21245.697
              6      -10645.678      0.34314701   1.8390762e-09      -23.025851       -23.025851      -21245.304                                                  -21245.304
              1      -10645.088      0.36179785   1.6886423e-09      -23.025851       -23.025851      -21244.124                                                  -21244.124
              1      -10643.965      0.32183892   2.1689174e-09      -23.025851       -23.025851      -21241.879                                                  -21241.879
              1       -10645.51      0.31307691   2.2016611e-09      -23.025851       -23.025851      -21244.969                                                  -21244.969
              1      -10645.455      0.30844597   2.2594505e-09      -23.025851       -23.025851      -21244.859                                                  -21244.859
              9      -10645.583      0.29182627   2.3475485e-09      -23.025851       -23.025851      -21245.114                                                  -21245.114
              1      -10645.477      0.29557289    2.275003e-09      -23.025851       -23.025851      -21244.902                                                  -21244.902
             11      -10645.396      0.35368212   1.7328326e-09      -23.025851       -23.025851       -21244.74                                                   -21244.74
              1      -10643.993      0.34171158   1.9537439e-09      -23.025851       -23.025851      -21241.935                                                  -21241.935
              1      -10645.697      0.30017861   2.3357459e-09      -23.025851       -23.025851      -21245.342                                                  -21245.342
              2      -10645.723      0.30141126    2.319147e-09      -23.025851       -23.025851      -21245.395                                                  -21245.395
              1       -10644.66       0.3556273   1.7894023e-09      -23.025851       -23.025851      -21243.268                                                  -21243.268
              4      -10642.518      0.35107182   1.9022867e-09      -23.025851       -23.025851      -21238.984                                                  -21238.984
              1      -10645.187       0.3257832   2.0756036e-09      -23.025851       -23.025851      -21244.322                                                  -21244.322
              3      -10645.299      0.35607806   1.7306265e-09      -23.025851       -23.025851      -21244.547                                                  -21244.547
              3      -10645.355      0.33413281   1.9746022e-09      -23.025851       -23.025851      -21244.659                                                  -21244.659
              7      -10646.027      0.31775497   2.0546379e-09      -23.025851       -23.025851      -21246.003                                                  -21246.003
              6      -10645.915      0.29855297   2.3010299e-09      -23.025851       -23.025851      -21245.778                                                  -21245.778
              2      -10645.005      0.36312748   1.6437262e-09      -23.025851       -23.025851      -21243.958                                                  -21243.958
              1      -10645.444      0.34891224   1.8036581e-09      -23.025851       -23.025851      -21244.836                                                  -21244.836
              3      -10645.236      0.29486695   2.2662431e-09      -23.025851       -23.025851       -21244.42                                                   -21244.42
              5      -10646.013      0.31136382   2.1231348e-09      -23.025851       -23.025851      -21245.975                                                  -21245.975
              3      -10645.418      0.35215555   1.7643609e-09      -23.025851       -23.025851      -21244.784                                                  -21244.784
              5      -10645.972      0.30587793   2.1869033e-09      -23.025851       -23.025851      -21245.892                                                  -21245.892
              4      -10645.475      0.29044182   2.4674713e-09      -23.025851       -23.025851      -21244.898                                                  -21244.898
              1      -10645.689      0.29353907   2.4066869e-09      -23.025851       -23.025851      -21245.327                                                  -21245.327
              1      -10645.556      0.30220956   2.3254999e-09      -23.025851       -23.025851       -21245.06                                                   -21245.06
              6      -10644.657      0.29621516   2.4541559e-09      -23.025851       -23.025851      -21243.263                                                  -21243.263
              2      -10645.161      0.33697043   1.9552004e-09      -23.025851       -23.025851      -21244.271                                                  -21244.271
              1      -10645.688      0.33764251   1.9086738e-09      -23.025851       -23.025851      -21245.323                                                  -21245.323
              1      -10645.578      0.34528795   1.8297942e-09      -23.025851       -23.025851      -21245.104                                                  -21245.104
              1      -10645.062      0.34605474   1.8651423e-09      -23.025851       -23.025851      -21244.072                                                  -21244.072
              2      -10645.545      0.29103842   2.4524418e-09      -23.025851       -23.025851      -21245.038                                                  -21245.038
              1      -10645.558      0.29513949   2.2895655e-09      -23.025851       -23.025851      -21245.064                                                  -21245.064
              5      -10645.117      0.28585143   2.4025356e-09      -23.025851       -23.025851      -21244.182                                                  -21244.182
              4        -10645.7      0.31085305   2.0907981e-09      -23.025851       -23.025851      -21245.348                                                  -21245.348
              4      -10645.666      0.28918951   2.4283767e-09      -23.025851       -23.025851       -21245.28                                                   -21245.28
              4      -10645.542      0.29433423   2.3006304e-09      -23.025851       -23.025851      -21245.032                                                  -21245.032
              1      -10645.658      0.29697154   2.2720276e-09      -23.025851       -23.025851      -21245.264                                                  -21245.264
              3      -10645.827      0.30038382   2.2419809e-09      -23.025851       -23.025851      -21245.603                                                  -21245.603
              3      -10645.628      0.34303267   1.8035322e-09      -23.025851       -23.025851      -21245.204                                                  -21245.204
              4      -10644.691      0.36417638   1.7024982e-09      -23.025851       -23.025851      -21243.329                                                  -21243.329
              3      -10644.689      0.36286132   1.7159581e-09      -23.025851       -23.025851      -21243.326                                                  -21243.326
              3      -10644.163      0.32008519   2.1823273e-09      -23.025851       -23.025851      -21242.275                                                  -21242.275
              2      -10644.979       0.3312792   1.8452996e-09      -23.025851       -23.025851      -21243.907                                                  -21243.907
              1      -10645.433      0.31088067   2.2322914e-09      -23.025851       -23.025851      -21244.814                                                  -21244.814
              2      -10645.642      0.28848099   2.4400828e-09      -23.025851       -23.025851      -21245.232                                                  -21245.232
              3       -10642.81      0.26955571   2.5638465e-09      -23.025851       -23.025851      -21239.567                                                  -21239.567
              1      -10644.803      0.28775705   2.3468827e-09      -23.025851       -23.025851      -21243.554                                                  -21243.554
              1      -10645.892      0.30032665   2.3058004e-09      -23.025851       -23.025851      -21245.733                                                  -21245.733
              1      -10645.745      0.30253437   2.3042365e-09      -23.025851       -23.025851      -21245.438                                                  -21245.438
              3      -10645.714       0.2968269   2.3701391e-09      -23.025851       -23.025851      -21245.377                                                  -21245.377
              2      -10645.143      0.34266182   1.8959891e-09      -23.025851       -23.025851      -21244.234                                                  -21244.234
              2      -10645.344      0.35470451   1.7171767e-09      -23.025851       -23.025851      -21244.637                                                  -21244.637
              4      -10645.842      0.31975005   2.0075914e-09      -23.025851       -23.025851      -21245.633                                                  -21245.633
              5      -10645.847      0.33648721   1.8895859e-09      -23.025851       -23.025851      -21245.643                                                  -21245.643
              1      -10646.071      0.31659691   2.0885168e-09      -23.025851       -23.025851      -21246.091                                                  -21246.091
              1      -10645.491      0.31578075   2.1716529e-09      -23.025851       -23.025851       -21244.93                                                   -21244.93
              5        -10645.3      0.28085506   2.5341787e-09      -23.025851       -23.025851      -21244.549                                                  -21244.549
              1      -10645.599      0.28729268   2.4548704e-09      -23.025851       -23.025851      -21245.146                                                  -21245.146
              1      -10645.024      0.29920655   2.3971173e-09      -23.025851       -23.025851      -21243.997                                                  -21243.997
              3      -10642.723      0.31318312   2.3079133e-09      -23.025851       -23.025851      -21239.395                                                  -21239.395
              1      -10642.258      0.30455576   2.4293034e-09      -23.025851       -23.025851      -21238.465                                                  -21238.465
              2      -10642.134      0.30617133   2.4116226e-09      -23.025851       -23.025851      -21238.217                                                  -21238.217
              1      -10645.689      0.29691934   2.3724252e-09      -23.025851       -23.025851      -21245.326                                                  -21245.326
              3      -10645.631      0.31846841   2.1312286e-09      -23.025851       -23.025851       -21245.21                                                   -21245.21
              2      -10644.877      0.33833168   1.9548644e-09      -23.025851       -23.025851      -21243.702                                                  -21243.702
              3      -10644.278      0.34625455   1.8980758e-09      -23.025851       -23.025851      -21242.504                                                  -21242.504
              3      -10645.185      0.30893871   2.2697952e-09      -23.025851       -23.025851      -21244.319                                                  -21244.319
              1       -10644.73      0.31317372   2.2413201e-09      -23.025851       -23.025851      -21243.409                                                  -21243.409
              1      -10644.523      0.30398421   2.3619677e-09      -23.025851       -23.025851      -21242.995                                                  -21242.995
              1      -10645.447      0.29748638   2.3898038e-09      -23.025851       -23.025851      -21244.843                                                  -21244.843
              1      -10645.617      0.32415552   2.0677077e-09      -23.025851       -23.025851      -21245.183                                                  -21245.183
              3      -10646.011      0.32497909   2.0082016e-09      -23.025851       -23.025851       -21245.97                                                   -21245.97
              3      -10645.714       0.2907913   2.4153736e-09      -23.025851       -23.025851      -21245.376                                                  -21245.376
              1      -10645.725      0.32702702   1.9283959e-09      -23.025851       -23.025851      -21245.397                                                  -21245.397
              2      -10645.766      0.33688883   1.8582376e-09      -23.025851       -23.025851      -21245.481                                                  -21245.481
              1      -10645.066      0.31662453   2.1855668e-09      -23.025851       -23.025851       -21244.08                                                   -21244.08
              2      -10644.248      0.33811749   1.9820825e-09      -23.025851       -23.025851      -21242.445                                                  -21242.445
              1      -10644.242      0.32621062   2.1102954e-09      -23.025851       -23.025851      -21242.432                                                  -21242.432
              1      -10645.019      0.32528172   2.0894386e-09      -23.025851       -23.025851      -21243.986                                                  -21243.986
              1      -10645.714      0.29377123   2.3333039e-09      -23.025851       -23.025851      -21245.376                                                  -21245.376
              1      -10645.821       0.3023591   2.2120344e-09      -23.025851       -23.025851      -21245.591                                                  -21245.591
              1      -10645.531      0.29900631   2.2292759e-09      -23.025851       -23.025851      -21245.009                                                  -21245.009
             13      -10645.621      0.30804924   2.1177084e-09      -23.025851       -23.025851      -21245.189                                                  -21245.189
              2      -10645.278      0.29927417   2.2063681e-09      -23.025851       -23.025851      -21244.504                                                  -21244.504
              1      -10645.654      0.34050478   1.8206131e-09      -23.025851       -23.025851      -21245.255                                                  -21245.255
              2      -10645.747      0.33942219   1.8416695e-09      -23.025851       -23.025851      -21245.442                                                  -21245.442
              8      -10645.825      0.33741911   1.8713458e-09      -23.025851       -23.025851      -21245.598                                                  -21245.598
              2      -10646.066      0.31158098   2.1451557e-09      -23.025851       -23.025851       -21246.08                                                   -21246.08
              2      -10645.584      0.33471136   1.9521475e-09      -23.025851       -23.025851      -21245.117                                                  -21245.117
              1      -10645.543      0.33583045   1.9430508e-09      -23.025851       -23.025851      -21245.034                                                  -21245.034
              2       -10644.96      0.36409134    1.635268e-09      -23.025851       -23.025851      -21243.867                                                  -21243.867
              1      -10645.531      0.32017433   2.1187736e-09      -23.025851       -23.025851       -21245.01                                                   -21245.01
              1      -10646.069      0.31665304   2.0911513e-09      -23.025851       -23.025851      -21246.087                                                  -21246.087
             10      -10643.976      0.33125945   1.8064529e-09      -23.025851       -23.025851        -21241.9                                                    -21241.9
              3      -10644.145      0.30820517   2.0404129e-09      -23.025851       -23.025851      -21242.238                                                  -21242.238
              6      -10645.785      0.32427978   1.9585665e-09      -23.025851       -23.025851      -21245.518                                                  -21245.518
              2      -10645.355      0.32380985   2.0884936e-09      -23.025851       -23.025851      -21244.659                                                  -21244.659
              8      -10644.336      0.29533122   2.4806475e-09      -23.025851       -23.025851      -21242.621                                                  -21242.621
              2      -10645.599      0.30008011   2.3465799e-09      -23.025851       -23.025851      -21245.146                                                  -21245.146
              2      -10645.378      0.35362161   1.7255188e-09      -23.025851       -23.025851      -21244.705                                                  -21244.705
              2      -10645.486      0.35078207   1.7662323e-09      -23.025851       -23.025851       -21244.92                                                   -21244.92
              2      -10645.327      0.35576292   1.7153128e-09      -23.025851       -23.025851      -21244.602                                                  -21244.602
              1      -10645.078      0.34617809   1.7366812e-09      -23.025851       -23.025851      -21244.104                                                  -21244.104
              1      -10645.653      0.34485877   1.8158146e-09      -23.025851       -23.025851      -21245.255                                                  -21245.255
              2      -10645.959      0.32599219   2.0094604e-09      -23.025851       -23.025851      -21245.867                                                  -21245.867
              3      -10645.953      0.32092613   2.0713049e-09      -23.025851       -23.025851      -21245.854                                                  -21245.854
              2      -10645.399      0.31857051    2.145311e-09      -23.025851       -23.025851      -21244.746                                                  -21244.746
              1      -10645.899      0.30931741   2.2104454e-09      -23.025851       -23.025851      -21245.747                                                  -21245.747
              4       -10645.96      0.32905787   1.9464346e-09      -23.025851       -23.025851      -21245.867                                                  -21245.867
              3      -10645.328      0.34855775   1.7393624e-09      -23.025851       -23.025851      -21244.604                                                  -21244.604
              4      -10645.211      0.32802231    2.049558e-09      -23.025851       -23.025851       -21244.37                                                   -21244.37
              1      -10645.191      0.31872755   2.1550258e-09      -23.025851       -23.025851      -21244.331                                                  -21244.331
              1      -10645.793      0.31545447   2.1522871e-09      -23.025851       -23.025851      -21245.535                                                  -21245.535
              2      -10645.905       0.3068254   2.1622457e-09      -23.025851       -23.025851      -21245.758                                                  -21245.758
              1      -10645.034       0.2933589   2.2748822e-09      -23.025851       -23.025851      -21244.016                                                  -21244.016
              1       -10644.82      0.30170987    2.147876e-09      -23.025851       -23.025851      -21243.589                                                  -21243.589
             11      -10645.199       0.3021772   2.1626564e-09      -23.025851       -23.025851      -21244.347                                                  -21244.347
              2      -10645.995       0.3202017   2.0237399e-09      -23.025851       -23.025851      -21245.938                                                  -21245.938
              2      -10645.677      0.34394097   1.8239829e-09      -23.025851       -23.025851      -21245.302                                                  -21245.302
              1      -10645.535      0.31441612   2.1844538e-09      -23.025851       -23.025851      -21245.019                                                  -21245.019
              1      -10644.923      0.28420815   2.4154128e-09      -23.025851       -23.025851      -21243.794                                                  -21243.794
              1      -10645.226      0.30169806   2.1705586e-09      -23.025851       -23.025851        -21244.4                                                    -21244.4
              1      -10644.614      0.28010121   2.4665503e-09      -23.025851       -23.025851      -21243.176                                                  -21243.176
              2      -10644.358       0.2785144   2.4782759e-09      -23.025851       -23.025851      -21242.665                                                  -21242.665
              3      -10641.683      0.31127688   1.9332812e-09      -23.025851       -23.025851      -21237.315                                                  -21237.315
              1       -10641.92      0.32141599   1.8380755e-09      -23.025851       -23.025851      -21237.789                                                  -21237.789
              1      -10645.365      0.30831632   2.0965769e-09      -23.025851       -23.025851      -21244.678                                                  -21244.678
              1      -10645.351       0.3492001   1.8106791e-09      -23.025851       -23.025851      -21244.651                                                  -21244.651
              3      -10645.061      0.34173487   1.9102306e-09      -23.025851       -23.025851       -21244.07                                                   -21244.07
              1      -10645.114      0.34074585   1.9177633e-09      -23.025851       -23.025851      -21244.176                                                  -21244.176
              2      -10645.298      0.35591682   1.7059257e-09      -23.025851       -23.025851      -21244.545                                                  -21244.545
              1      -10645.671      0.29406006   2.3211316e-09      -23.025851       -23.025851       -21245.29                                                   -21245.29
              5      -10645.276      0.27999796   2.5800733e-09      -23.025851       -23.025851      -21244.501                                                  -21244.501
              3      -10645.727      0.29173424    2.410415e-09      -23.025851       -23.025851      -21245.403                                                  -21245.403
              3      -10641.758      0.32369997   2.2070068e-09      -23.025851       -23.025851      -21237.463                                                  -21237.463
              2      -10641.696      0.31300873   2.3360107e-09      -23.025851       -23.025851      -21237.339                                                  -21237.339
              2      -10644.868      0.29501868   2.4583351e-09      -23.025851       -23.025851      -21243.685                                                  -21243.685
              1      -10646.011      0.30757049   2.1726944e-09      -23.025851       -23.025851      -21245.971                                                  -21245.971
              4       -10646.03      0.32409415   2.0085523e-09      -23.025851       -23.025851      -21246.008                                                  -21246.008
              3      -10645.684      0.34301407   1.8394113e-09      -23.025851       -23.025851      -21245.316                                                  -21245.316
              1      -10645.232      0.35691561   1.7319326e-09      -23.025851       -23.025851      -21244.413                                                  -21244.413
              3      -10645.939      0.29985343   2.2836703e-09      -23.025851       -23.025851      -21245.827                                                  -21245.827
              1      -10645.038      0.31752911   2.1764232e-09      -23.025851       -23.025851      -21244.025                                                  -21244.025
              1      -10645.502      0.31078894   2.0765602e-09      -23.025851       -23.025851      -21244.951                                                  -21244.951
              2       -10645.27      0.32819121   1.8869377e-09      -23.025851       -23.025851      -21244.488                                                  -21244.488
              1      -10645.608      0.32273991   1.9583515e-09      -23.025851       -23.025851      -21245.165                                                  -21245.165
              1      -10645.631      0.32453904   1.9431164e-09      -23.025851       -23.025851       -21245.21                                                   -21245.21
              1      -10646.057      0.31068693   2.1613586e-09      -23.025851       -23.025851      -21246.063                                                  -21246.063
              4       -10645.68      0.30302701   2.3052233e-09      -23.025851       -23.025851      -21245.308                                                  -21245.308
              1      -10645.622      0.32531163   2.0543423e-09      -23.025851       -23.025851      -21245.192                                                  -21245.192
              4      -10645.544      0.32569479   2.0556264e-09      -23.025851       -23.025851      -21245.036                                                  -21245.036
              2      -10645.582      0.33897693   1.8223512e-09      -23.025851       -23.025851      -21245.112                                                  -21245.112
              4      -10645.965      0.32768144   1.9558748e-09      -23.025851       -23.025851      -21245.879                                                  -21245.879
              4      -10645.971      0.32743259   1.9591958e-09      -23.025851       -23.025851       -21245.89                                                   -21245.89
              1       -10645.53      0.34802999   1.7673521e-09      -23.025851       -23.025851      -21245.009                                                  -21245.009
              1      -10645.604      0.34609465   1.7888912e-09      -23.025851       -23.025851      -21245.157                                                  -21245.157
              2      -10645.544      0.34496227   1.7819465e-09      -23.025851       -23.025851      -21245.036                                                  -21245.036
              2      -10645.596      0.34333016    1.851951e-09      -23.025851       -23.025851       -21245.14                                                   -21245.14
              1      -10645.452       0.3424058   1.8775762e-09      -23.025851       -23.025851      -21244.853                                                  -21244.853
              1      -10645.095      0.33255674   2.0059903e-09      -23.025851       -23.025851      -21244.139                                                  -21244.139
              1      -10644.057      0.28978972   2.2760204e-09      -23.025851       -23.025851      -21242.063                                                  -21242.063
              1      -10643.859      0.31227661   1.9849822e-09      -23.025851       -23.025851      -21241.666                                                  -21241.666
              1      -10645.453      0.35128978   1.7450024e-09      -23.025851       -23.025851      -21244.855                                                  -21244.855
              4      -10645.182       0.3576004   1.6824115e-09      -23.025851       -23.025851      -21244.311                                                  -21244.311
              4      -10645.427      0.34548651   1.8454654e-09      -23.025851       -23.025851      -21244.802                                                  -21244.802
              4      -10645.494      0.34316836   1.8652993e-09      -23.025851       -23.025851      -21244.936                                                  -21244.936
              1      -10645.656      0.33687538   1.9210696e-09      -23.025851       -23.025851      -21245.261                                                  -21245.261
              4      -10644.162      0.35270658   1.6514417e-09      -23.025851       -23.025851      -21242.273                                                  -21242.273
              4      -10645.633      0.30128539   2.3296084e-09      -23.025851       -23.025851      -21245.213                                                  -21245.213
              2       -10645.95      0.30740465   2.1616505e-09      -23.025851       -23.025851      -21245.848                                                  -21245.848
              1      -10645.989      0.30470541   2.2416766e-09      -23.025851       -23.025851      -21245.927                                                  -21245.927
              5      -10645.554      0.29282089   2.4326222e-09      -23.025851       -23.025851      -21245.057                                                  -21245.057
              1      -10645.627      0.31630174   2.1562874e-09      -23.025851       -23.025851      -21245.203                                                  -21245.203
              4      -10646.018      0.31930131   2.0371911e-09      -23.025851       -23.025851      -21245.984                                                  -21245.984
              3      -10645.635      0.33789581   1.8350545e-09      -23.025851       -23.025851      -21245.219                                                  -21245.219
              2      -10645.144      0.34238685   1.7666931e-09      -23.025851       -23.025851      -21244.237                                                  -21244.237
              7      -10644.832      0.35863007    1.749758e-09      -23.025851       -23.025851      -21243.613                                                  -21243.613
              1       -10645.89      0.29738245   2.3215051e-09      -23.025851       -23.025851      -21245.729                                                  -21245.729
              2      -10645.924      0.30028784   2.2642361e-09      -23.025851       -23.025851      -21245.796                                                  -21245.796
              2      -10645.999      0.30383841   2.2421306e-09      -23.025851       -23.025851      -21245.946                                                  -21245.946
              1      -10645.884      0.29706004   2.3230888e-09      -23.025851       -23.025851      -21245.716                                                  -21245.716
              1      -10645.801      0.30199464    2.214591e-09      -23.025851       -23.025851      -21245.551                                                  -21245.551
              1      -10645.116      0.35901114   1.6693175e-09      -23.025851       -23.025851       -21244.18                                                   -21244.18
              3      -10644.776      0.35830738   1.6452771e-09      -23.025851       -23.025851      -21243.501                                                  -21243.501
             13      -10645.396      0.35365973   1.7433418e-09      -23.025851       -23.025851       -21244.74                                                   -21244.74
              2      -10645.355       0.3509992   1.7295095e-09      -23.025851       -23.025851      -21244.659                                                  -21244.659
              1      -10645.999      0.31028087   2.1839658e-09      -23.025851       -23.025851      -21245.947                                                  -21245.947
              1      -10646.049      0.30924248     2.17841e-09      -23.025851       -23.025851      -21246.047                                                  -21246.047
              2       -10646.05       0.3095435   2.1755465e-09      -23.025851       -23.025851      -21246.048                                                  -21246.048
              4      -10646.044      0.30931958   2.1806663e-09      -23.025851       -23.025851      -21246.037                                                  -21246.037
              3      -10645.999      0.30369902   2.2343981e-09      -23.025851       -23.025851      -21245.947                                                  -21245.947
              1       -10645.57      0.33939044   1.9008667e-09      -23.025851       -23.025851      -21245.089                                                  -21245.089
              1      -10645.315      0.31526066   2.0153613e-09      -23.025851       -23.025851      -21244.579                                                  -21244.579
              2      -10643.105      0.34014066   1.7082951e-09      -23.025851       -23.025851      -21240.159                                                  -21240.159
              2      -10643.175      0.32250533   1.8606277e-09      -23.025851       -23.025851      -21240.298                                                  -21240.298
              5      -10644.509       0.3387971   1.7639742e-09      -23.025851       -23.025851      -21242.967                                                  -21242.967
              2      -10644.561      0.33643708   1.7846354e-09      -23.025851       -23.025851       -21243.07                                                   -21243.07
              1      -10644.798      0.34648895   1.7199288e-09      -23.025851       -23.025851      -21243.545                                                  -21243.545
              2      -10645.984      0.31416157   2.1439271e-09      -23.025851       -23.025851      -21245.917                                                  -21245.917
              5      -10646.041      0.31766433   2.0918716e-09      -23.025851       -23.025851      -21246.031                                                  -21246.031
              1      -10645.652      0.31731943   2.0157121e-09      -23.025851       -23.025851      -21245.253                                                  -21245.253
              2      -10645.278      0.33471179   1.8324824e-09      -23.025851       -23.025851      -21244.505                                                  -21244.505
              2      -10645.898       0.3217879   1.9940289e-09      -23.025851       -23.025851      -21245.744                                                  -21245.744
              2      -10645.796      0.32337056   1.9681045e-09      -23.025851       -23.025851      -21245.541                                                  -21245.541
              2      -10645.797      0.32350092   1.9669335e-09      -23.025851       -23.025851      -21245.542                                                  -21245.542
              1      -10644.699      0.33080624   1.8369682e-09      -23.025851       -23.025851      -21243.346                                                  -21243.346
              1      -10645.878      0.33496232   1.9014261e-09      -23.025851       -23.025851      -21245.704                                                  -21245.704
              1        -10645.9      0.29797246   2.3045572e-09      -23.025851       -23.025851      -21245.749                                                  -21245.749
              1      -10646.038      0.30934005   2.1831041e-09      -23.025851       -23.025851      -21246.025                                                  -21246.025
              1      -10645.833      0.30997087   2.2108981e-09      -23.025851       -23.025851      -21245.614                                                  -21245.614
              1      -10645.972      0.30858251   2.2074428e-09      -23.025851       -23.025851      -21245.892                                                  -21245.892
              3      -10645.981      0.31698715   2.1123936e-09      -23.025851       -23.025851      -21245.911                                                  -21245.911
              3      -10645.978      0.30719211   2.2208311e-09      -23.025851       -23.025851      -21245.904                                                  -21245.904
              1       -10645.52      0.29515224   2.4104739e-09      -23.025851       -23.025851      -21244.989                                                  -21244.989
              1      -10645.381      0.28397662   2.5414555e-09      -23.025851       -23.025851      -21244.711                                                  -21244.711
              3      -10645.241      0.27975348   2.5492475e-09      -23.025851       -23.025851       -21244.43                                                   -21244.43
              2      -10643.773      0.31791943    2.220498e-09      -23.025851       -23.025851      -21241.494                                                  -21241.494
              2      -10643.414       0.3430529   1.9577953e-09      -23.025851       -23.025851      -21240.776                                                  -21240.776
              3      -10645.462      0.29905949   2.2228201e-09      -23.025851       -23.025851      -21244.872                                                  -21244.872
              2      -10645.256      0.32682724   1.8983457e-09      -23.025851       -23.025851      -21244.459                                                  -21244.459
              7       -10645.47        0.332955   1.8587296e-09      -23.025851       -23.025851      -21244.888                                                  -21244.888
              2      -10645.427      0.33418534   1.8459075e-09      -23.025851       -23.025851      -21244.802                                                  -21244.802
              1      -10644.674      0.35361936   1.8085655e-09      -23.025851       -23.025851      -21243.297                                                  -21243.297
              1      -10643.555      0.31943251   2.2096212e-09      -23.025851       -23.025851      -21241.058                                                  -21241.058
              2      -10643.566      0.33543037   2.0320379e-09      -23.025851       -23.025851       -21241.08                                                   -21241.08
              1       -10644.62      0.27761018   2.5149566e-09      -23.025851       -23.025851      -21243.188                                                  -21243.188
              2      -10643.659      0.31277012   1.9729763e-09      -23.025851       -23.025851      -21241.266                                                  -21241.266
              2       -10643.95      0.32667149   1.8459477e-09      -23.025851       -23.025851      -21241.848                                                  -21241.848
              2      -10644.075      0.32753622   1.8423596e-09      -23.025851       -23.025851      -21242.098                                                  -21242.098
              6      -10645.971      0.32315161   1.9924699e-09      -23.025851       -23.025851      -21245.891                                                  -21245.891
              4      -10645.463      0.31323951   2.2028294e-09      -23.025851       -23.025851      -21244.875                                                  -21244.875
             12      -10645.747      0.29945286   2.3379581e-09      -23.025851       -23.025851      -21245.442                                                  -21245.442
              3      -10645.716      0.29523236   2.3860751e-09      -23.025851       -23.025851      -21245.381                                                  -21245.381
              1      -10645.439      0.28399052   2.4860455e-09      -23.025851       -23.025851      -21244.826                                                  -21244.826
              2      -10645.593      0.29679188    2.267701e-09      -23.025851       -23.025851      -21245.134                                                  -21245.134
              1      -10645.439       0.3272263   1.9054877e-09      -23.025851       -23.025851      -21244.826                                                  -21244.826
              3      -10645.448      0.34996097   1.7463978e-09      -23.025851       -23.025851      -21244.844                                                  -21244.844
              3      -10644.318      0.33100598   2.0550578e-09      -23.025851       -23.025851      -21242.584                                                  -21242.584
              1      -10644.845      0.30136437   2.3797681e-09      -23.025851       -23.025851      -21243.639                                                  -21243.639
              1      -10645.779      0.29588968   2.3074634e-09      -23.025851       -23.025851      -21245.507                                                  -21245.507
              2      -10645.877       0.3341404   1.9196247e-09      -23.025851       -23.025851      -21245.703                                                  -21245.703
              1        -10645.7      0.29930743   2.3451472e-09      -23.025851       -23.025851      -21245.347                                                  -21245.347
              2      -10645.817       0.2960199   2.3593262e-09      -23.025851       -23.025851      -21245.583                                                  -21245.583
              2      -10646.058      0.31036702   2.1636121e-09      -23.025851       -23.025851      -21246.064                                                  -21246.064
              1      -10646.025      0.31367603   2.1415455e-09      -23.025851       -23.025851      -21245.998                                                  -21245.998
              1      -10645.882      0.30496778   2.2605167e-09      -23.025851       -23.025851      -21245.713                                                  -21245.713
              1      -10644.866      0.28440253   2.4076299e-09      -23.025851       -23.025851      -21243.681                                                  -21243.681
              1      -10645.003      0.32122541   2.1357633e-09      -23.025851       -23.025851      -21243.955                                                  -21243.955
              1      -10644.809      0.31762687   2.1857599e-09      -23.025851       -23.025851      -21243.566                                                  -21243.566
              1      -10644.489      0.29739332   2.4470067e-09      -23.025851       -23.025851      -21242.926                                                  -21242.926
              1      -10645.003      0.27698527   2.5716177e-09      -23.025851       -23.025851      -21243.955                                                  -21243.955
              1       -10644.19      0.27172515   2.6020776e-09      -23.025851       -23.025851      -21242.328                                                  -21242.328
              5      -10645.225      0.28437302   2.4408048e-09      -23.025851       -23.025851      -21244.398                                                  -21244.398
              3       -10645.25        0.282391    2.484718e-09      -23.025851       -23.025851      -21244.448                                                  -21244.448
              1      -10645.041      0.28092517   2.4884464e-09      -23.025851       -23.025851       -21244.03                                                   -21244.03
              1      -10646.041      0.31563457   2.0802974e-09      -23.025851       -23.025851       -21246.03                                                   -21246.03
              1       -10645.43      0.32605557   2.0589476e-09      -23.025851       -23.025851      -21244.808                                                  -21244.808
              2      -10645.886      0.33453264   1.9059791e-09      -23.025851       -23.025851       -21245.72                                                   -21245.72
              6      -10645.349      0.31643783   2.0048402e-09      -23.025851       -23.025851      -21244.646                                                  -21244.646
              2       -10645.49      0.30557112   2.1384999e-09      -23.025851       -23.025851      -21244.929                                                  -21244.929
              1      -10645.199      0.33789283   1.9432929e-09      -23.025851       -23.025851      -21244.346                                                  -21244.346
              2      -10644.167      0.28823056   2.5827354e-09      -23.025851       -23.025851      -21242.283                                                  -21242.283
              1       -10646.06       0.3185312   2.0588666e-09      -23.025851       -23.025851      -21246.069                                                  -21246.069
              2       -10645.36      0.35452032   1.7399783e-09      -23.025851       -23.025851      -21244.669                                                  -21244.669
              1      -10645.254      0.34483333   1.8661205e-09      -23.025851       -23.025851      -21244.456                                                  -21244.456
              3      -10646.017      0.32453172   1.9940021e-09      -23.025851       -23.025851      -21245.983                                                  -21245.983
              2      -10645.729      0.31834647   2.1248996e-09      -23.025851       -23.025851      -21245.407                                                  -21245.407
              3      -10645.937      0.32723936   1.9983672e-09      -23.025851       -23.025851      -21245.822                                                  -21245.822
              8      -10645.972      0.30874366   2.2057501e-09      -23.025851       -23.025851      -21245.892                                                  -21245.892
              2      -10645.723      0.30244761   2.3074925e-09      -23.025851       -23.025851      -21245.395                                                  -21245.395
              1      -10644.754      0.27893252   2.5001955e-09      -23.025851       -23.025851      -21243.457                                                  -21243.457
              2      -10645.615      0.28870012   2.4162724e-09      -23.025851       -23.025851      -21245.178                                                  -21245.178
              1      -10645.252      0.31245007   2.0424197e-09      -23.025851       -23.025851      -21244.453                                                  -21244.453
              1      -10644.989      0.35638959   1.6695217e-09      -23.025851       -23.025851      -21243.927                                                  -21243.927
              2      -10645.803      0.31903563   2.0107905e-09      -23.025851       -23.025851      -21245.553                                                  -21245.553
              4       -10646.05      0.31351016   2.1070806e-09      -23.025851       -23.025851      -21246.048                                                  -21246.048
              4      -10645.756      0.32762873   2.0169121e-09      -23.025851       -23.025851       -21245.46                                                   -21245.46
              1      -10645.479      0.29535074   2.2785798e-09      -23.025851       -23.025851      -21244.906                                                  -21244.906
              4      -10645.481      0.29587408   2.2707751e-09      -23.025851       -23.025851      -21244.909                                                  -21244.909
              2      -10645.215      0.29649851   2.2409962e-09      -23.025851       -23.025851      -21244.378                                                  -21244.378
              1      -10645.029      0.29323139    2.276438e-09      -23.025851       -23.025851      -21244.006                                                  -21244.006
              1       -10644.81      0.30048075   2.1632469e-09      -23.025851       -23.025851      -21243.569                                                  -21243.569
              3      -10645.086      0.35975294   1.6632131e-09      -23.025851       -23.025851       -21244.12                                                   -21244.12
              7      -10646.064      0.31103607   2.1521976e-09      -23.025851       -23.025851      -21246.075                                                  -21246.075
              3      -10645.896      0.31062137   2.1962748e-09      -23.025851       -23.025851       -21245.74                                                   -21245.74
              3      -10646.041      0.30757199   2.1884117e-09      -23.025851       -23.025851      -21246.031                                                  -21246.031
              1      -10645.461      0.33766852   1.8215123e-09      -23.025851       -23.025851       -21244.87                                                   -21244.87
              1      -10645.755      0.33829782    1.890763e-09      -23.025851       -23.025851      -21245.458                                                  -21245.458
              1      -10645.919      0.32214245   2.0619485e-09      -23.025851       -23.025851      -21245.786                                                  -21245.786
              2      -10644.008      0.30363699   2.0889033e-09      -23.025851       -23.025851      -21241.964                                                  -21241.964
              3      -10644.907      0.30233275   2.1443402e-09      -23.025851       -23.025851      -21243.762                                                  -21243.762
              1      -10645.376      0.30403115   2.1500288e-09      -23.025851       -23.025851        -21244.7                                                    -21244.7
              7      -10645.763      0.30005688   2.2379264e-09      -23.025851       -23.025851      -21245.474                                                  -21245.474
              1      -10645.948      0.31574863   2.1315508e-09      -23.025851       -23.025851      -21245.845                                                  -21245.845
              1      -10645.948      0.31845652   2.0333134e-09      -23.025851       -23.025851      -21245.844                                                  -21245.844
              2      -10644.977      0.35224784   1.6920924e-09      -23.025851       -23.025851      -21243.902                                                  -21243.902
              5      -10645.911       0.3328459   1.9143618e-09      -23.025851       -23.025851       -21245.77                                                   -21245.77
              1      -10645.668      0.29219879   2.3542068e-09      -23.025851       -23.025851      -21245.284                                                  -21245.284
              1      -10645.587      0.29189065   2.3470172e-09      -23.025851       -23.025851      -21245.123                                                  -21245.123
              1      -10643.844      0.29051724   2.2560754e-09      -23.025851       -23.025851      -21241.636                                                  -21241.636
              2      -10644.741       0.3237362   1.9024156e-09      -23.025851       -23.025851       -21243.43                                                   -21243.43
              1      -10642.088      0.32875148   1.7757684e-09      -23.025851       -23.025851      -21238.124                                                  -21238.124
              1      -10645.888      0.32910224   1.9298228e-09      -23.025851       -23.025851      -21245.724                                                  -21245.724
              2      -10645.987      0.32124649   2.0125593e-09      -23.025851       -23.025851      -21245.923                                                  -21245.923
              3      -10645.776      0.32667536   2.0258127e-09      -23.025851       -23.025851      -21245.501                                                  -21245.501
              2      -10645.778      0.33656829   1.9089915e-09      -23.025851       -23.025851      -21245.505                                                  -21245.505
              1      -10645.068      0.33580917   1.9724566e-09      -23.025851       -23.025851      -21244.084                                                  -21244.084
              2      -10645.656       0.2980177   2.3641989e-09      -23.025851       -23.025851      -21245.261                                                  -21245.261
              2      -10645.286      0.28108069   2.5783464e-09      -23.025851       -23.025851      -21244.521                                                  -21244.521
              4      -10646.027      0.31949672   2.0376024e-09      -23.025851       -23.025851      -21246.003                                                  -21246.003
              4      -10644.491      0.34067957   1.7488262e-09      -23.025851       -23.025851      -21242.931                                                  -21242.931
              2      -10645.915       0.3286884   1.9844302e-09      -23.025851       -23.025851      -21245.778                                                  -21245.778
              4      -10645.673      0.33526846    1.937798e-09      -23.025851       -23.025851      -21245.295                                                  -21245.295
              1      -10645.555      0.33767131   1.9215793e-09      -23.025851       -23.025851      -21245.058                                                  -21245.058
              4      -10644.285      0.33638694   1.7746021e-09      -23.025851       -23.025851      -21242.519                                                  -21242.519
              1      -10644.295      0.33639542   1.7748773e-09      -23.025851       -23.025851      -21242.538                                                  -21242.538
              1      -10645.029      0.31969526   1.9546041e-09      -23.025851       -23.025851      -21244.007                                                  -21244.007
              1      -10645.252      0.31806805   1.9824263e-09      -23.025851       -23.025851      -21244.451                                                  -21244.451
              2      -10645.227      0.31713419   1.9907246e-09      -23.025851       -23.025851      -21244.402                                                  -21244.402
              1      -10645.601       0.3233909   2.0775432e-09      -23.025851       -23.025851      -21245.149                                                  -21245.149
              2      -10645.517      0.34951885   1.7800635e-09      -23.025851       -23.025851      -21244.983                                                  -21244.983
              4      -10645.502      0.35006848   1.7751938e-09      -23.025851       -23.025851      -21244.951                                                  -21244.951
              1      -10644.786       0.3239492   2.1146814e-09      -23.025851       -23.025851       -21243.52                                                   -21243.52
              1      -10646.006      0.30447811   2.2354469e-09      -23.025851       -23.025851      -21245.959                                                  -21245.959
              5      -10645.293      0.30806453   2.0952029e-09      -23.025851       -23.025851      -21244.535                                                  -21244.535
              2      -10645.655      0.31462414   2.0446529e-09      -23.025851       -23.025851      -21245.258                                                  -21245.258
              1      -10645.488      0.32775709   1.9039045e-09      -23.025851       -23.025851      -21244.923                                                  -21244.923
              1       -10644.31      0.34503118   1.9091541e-09      -23.025851       -23.025851      -21242.569                                                  -21242.569
              1      -10644.612      0.28652676   2.5821146e-09      -23.025851       -23.025851      -21243.172                                                  -21243.172
              3      -10645.547       0.2986547   2.3677208e-09      -23.025851       -23.025851      -21245.042                                                  -21245.042
              3      -10644.441      0.29818988   2.4389634e-09      -23.025851       -23.025851       -21242.83                                                   -21242.83
              4      -10644.319      0.29908517   2.4327459e-09      -23.025851       -23.025851      -21242.585                                                  -21242.585
              2      -10643.968      0.32667788   2.1143605e-09      -23.025851       -23.025851      -21241.884                                                  -21241.884
              2      -10644.164      0.36334237   1.7376838e-09      -23.025851       -23.025851      -21242.276                                                  -21242.276
              1       -10641.62      0.32589341   2.1850392e-09      -23.025851       -23.025851      -21237.189                                                  -21237.189
              2      -10644.137      0.28852836   2.2985999e-09      -23.025851       -23.025851      -21242.223                                                  -21242.223
              1      -10645.337      0.31193581   2.0530447e-09      -23.025851       -23.025851      -21244.622                                                  -21244.622
              2      -10645.435       0.2873019   2.4108257e-09      -23.025851       -23.025851      -21244.819                                                  -21244.819
              2      -10645.288      0.29674758   2.4106935e-09      -23.025851       -23.025851      -21244.525                                                  -21244.525
              3      -10645.471      0.30409577    2.309766e-09      -23.025851       -23.025851       -21244.89                                                   -21244.89
              1      -10645.196      0.27824707   2.5901373e-09      -23.025851       -23.025851      -21244.341                                                  -21244.341
              1      -10645.914      0.32502601   2.0287804e-09      -23.025851       -23.025851      -21245.777                                                  -21245.777
              1      -10645.458      0.33014157   2.0118334e-09      -23.025851       -23.025851      -21244.865                                                  -21244.865
              4      -10645.871      0.32855167   1.9316647e-09      -23.025851       -23.025851      -21245.691                                                  -21245.691
              1      -10644.899      0.35496304   1.6713723e-09      -23.025851       -23.025851      -21243.746                                                  -21243.746
              4      -10644.726      0.34774559    1.864893e-09      -23.025851       -23.025851        -21243.4                                                    -21243.4
              1      -10645.548       0.3317548   1.8740784e-09      -23.025851       -23.025851      -21245.045                                                  -21245.045
              4      -10645.586      0.30604398    2.139738e-09      -23.025851       -23.025851       -21245.12                                                   -21245.12
              2      -10645.343      0.34217171   1.8885033e-09      -23.025851       -23.025851      -21244.635                                                  -21244.635
              2      -10643.933      0.34999864   1.6614008e-09      -23.025851       -23.025851      -21241.814                                                  -21241.814
              7      -10645.538       0.3228117   1.9526768e-09      -23.025851       -23.025851      -21245.023                                                  -21245.023
              1      -10645.396      0.33323821   1.8515493e-09      -23.025851       -23.025851      -21244.741                                                  -21244.741
              3      -10645.417      0.30003569   2.2057496e-09      -23.025851       -23.025851      -21244.781                                                  -21244.781
              1      -10645.191      0.29998566    2.191101e-09      -23.025851       -23.025851       -21244.33                                                   -21244.33
              1       -10645.86      0.30579516   2.2544567e-09      -23.025851       -23.025851      -21245.669                                                  -21245.669
              1       -10645.84      0.29938987   2.3249953e-09      -23.025851       -23.025851      -21245.628                                                  -21245.628
              1      -10645.528      0.28756965   2.4209949e-09      -23.025851       -23.025851      -21245.005                                                  -21245.005
              1      -10645.656       0.2923099   2.3499259e-09      -23.025851       -23.025851       -21245.26                                                   -21245.26
              3      -10644.481      0.29344668   2.2427457e-09      -23.025851       -23.025851      -21242.909                                                  -21242.909
              1      -10645.534      0.30329866   2.1709097e-09      -23.025851       -23.025851      -21245.016                                                  -21245.016
              1      -10644.764      0.31354807    2.006224e-09      -23.025851       -23.025851      -21243.476                                                  -21243.476
              6       -10644.94      0.34439897   1.7413894e-09      -23.025851       -23.025851      -21243.828                                                  -21243.828
              2      -10645.607      0.32686552   1.9202118e-09      -23.025851       -23.025851      -21245.162                                                  -21245.162
              1      -10645.826      0.31503702   2.0551513e-09      -23.025851       -23.025851      -21245.601                                                  -21245.601
              1      -10645.578      0.29016514   2.3772772e-09      -23.025851       -23.025851      -21245.103                                                  -21245.103
              2       -10644.99      0.28482218   2.4099798e-09      -23.025851       -23.025851      -21243.929                                                  -21243.929
              1      -10645.011      0.32243921   1.9268607e-09      -23.025851       -23.025851       -21243.97                                                   -21243.97
              4      -10645.784      0.30056425   2.3213294e-09      -23.025851       -23.025851      -21245.516                                                  -21245.516
              2      -10645.223      0.31331708   2.0311911e-09      -23.025851       -23.025851      -21244.393                                                  -21244.393
              3      -10644.714      0.30541242   2.0968051e-09      -23.025851       -23.025851      -21243.376                                                  -21243.376
              3      -10644.704      0.31509351   1.9871265e-09      -23.025851       -23.025851      -21243.357                                                  -21243.357
              2      -10645.986      0.31135468   2.1748224e-09      -23.025851       -23.025851      -21245.921                                                  -21245.921
              4       -10645.12      0.32812261   1.8796063e-09      -23.025851       -23.025851      -21244.188                                                  -21244.188
              2      -10645.848      0.30225641   2.2172664e-09      -23.025851       -23.025851      -21245.645                                                  -21245.645
              1      -10645.773      0.32439827   1.9563863e-09      -23.025851       -23.025851      -21245.495                                                  -21245.495
              8      -10645.955      0.32850526   1.9478568e-09      -23.025851       -23.025851      -21245.859                                                  -21245.859
              1      -10645.931      0.31925766    2.093643e-09      -23.025851       -23.025851      -21245.811                                                  -21245.811
              1       -10644.61      0.31753943    2.195055e-09      -23.025851       -23.025851      -21243.169                                                  -21243.169
              1      -10645.372       0.2938907   2.4384388e-09      -23.025851       -23.025851      -21244.692                                                  -21244.692
              3      -10645.761      0.30874538   2.2320411e-09      -23.025851       -23.025851      -21245.471                                                  -21245.471
              5      -10645.697       0.2919226   2.4186765e-09      -23.025851       -23.025851      -21245.342                                                  -21245.342
              3      -10645.884      0.29997798   2.3108011e-09      -23.025851       -23.025851      -21245.716                                                  -21245.716
              1      -10645.869      0.29947181   2.3185408e-09      -23.025851       -23.025851      -21245.686                                                  -21245.686
              2      -10646.042      0.31065669   2.1689094e-09      -23.025851       -23.025851      -21246.032                                                  -21246.032
              4      -10645.216      0.27942672   2.5516955e-09      -23.025851       -23.025851      -21244.381                                                  -21244.381
              1      -10645.821      0.29793883   2.3422517e-09      -23.025851       -23.025851      -21245.591                                                  -21245.591
              4      -10644.887      0.30291444   2.3584138e-09      -23.025851       -23.025851      -21243.723                                                  -21243.723
              1      -10645.874      0.32246273   2.0637499e-09      -23.025851       -23.025851      -21245.697                                                  -21245.697
              1      -10645.887      0.31046918   2.1991629e-09      -23.025851       -23.025851      -21245.721                                                  -21245.721
              1      -10646.029      0.30709368   2.1867808e-09      -23.025851       -23.025851      -21246.006                                                  -21246.006
              1      -10645.574      0.34765646   1.7804487e-09      -23.025851       -23.025851      -21245.095                                                  -21245.095
              2      -10644.968      0.34428295   1.8885402e-09      -23.025851       -23.025851      -21243.884                                                  -21243.884
              1      -10645.491      0.33284051   1.9798678e-09      -23.025851       -23.025851      -21244.931                                                  -21244.931
              2      -10645.603       0.3159775   2.1617865e-09      -23.025851       -23.025851      -21245.154                                                  -21245.154
              1      -10645.623      0.34494376   1.7955455e-09      -23.025851       -23.025851      -21245.195                                                  -21245.195
              3       -10645.37      0.35399301   1.7467813e-09      -23.025851       -23.025851      -21244.687                                                  -21244.687
              1      -10646.071      0.31676928   2.0860836e-09      -23.025851       -23.025851       -21246.09                                                   -21246.09
              2      -10646.053      0.31842596   2.0558406e-09      -23.025851       -23.025851      -21246.054                                                  -21246.054
              2      -10645.307      0.29665782   2.4104387e-09      -23.025851       -23.025851      -21244.562                                                  -21244.562
              2      -10646.058      0.31587302   2.0833359e-09      -23.025851       -23.025851      -21246.064                                                  -21246.064
              1      -10646.059      0.31150543   2.1533615e-09      -23.025851       -23.025851      -21246.065                                                  -21246.065
              4      -10646.065      0.31241638   2.1408668e-09      -23.025851       -23.025851      -21246.078                                                  -21246.078
              1      -10645.873      0.33157674   1.9095929e-09      -23.025851       -23.025851      -21245.694                                                  -21245.694
              2      -10643.217      0.35824856   1.8166104e-09      -23.025851       -23.025851      -21240.381                                                  -21240.381
              1      -10642.908      0.29688096   2.1351077e-09      -23.025851       -23.025851      -21239.764                                                  -21239.764
              3      -10642.619      0.27501392   2.4539828e-09      -23.025851       -23.025851      -21239.187                                                  -21239.187
              1      -10643.988      0.28603574   2.3299947e-09      -23.025851       -23.025851      -21241.924                                                  -21241.924
              1      -10644.047      0.31990729   1.9129512e-09      -23.025851       -23.025851      -21242.042                                                  -21242.042
              1       -10645.38      0.33236627   1.8576552e-09      -23.025851       -23.025851      -21244.708                                                  -21244.708
              1       -10645.66      0.31276502   2.0656183e-09      -23.025851       -23.025851      -21245.268                                                  -21245.268
              2      -10645.575      0.31271496   2.0598342e-09      -23.025851       -23.025851      -21245.099                                                  -21245.099
              3      -10646.007      0.32629881   1.9826389e-09      -23.025851       -23.025851      -21245.963                                                  -21245.963
              1      -10645.754      0.33820362    1.848843e-09      -23.025851       -23.025851      -21245.456                                                  -21245.456
              1      -10643.449      0.34888468   1.8989715e-09      -23.025851       -23.025851      -21240.846                                                  -21240.846
              1      -10645.246      0.29129062   2.4796092e-09      -23.025851       -23.025851       -21244.44                                                   -21244.44
              1      -10645.691      0.29331228   2.4085113e-09      -23.025851       -23.025851       -21245.33                                                   -21245.33
              1      -10645.651      0.28921676   2.4445191e-09      -23.025851       -23.025851      -21245.251                                                  -21245.251
              1      -10645.558      0.31104355   2.0775739e-09      -23.025851       -23.025851      -21245.064                                                  -21245.064
              5      -10645.741      0.29648029   2.2907185e-09      -23.025851       -23.025851      -21245.429                                                  -21245.429
              6      -10646.047      0.31020411   2.1714994e-09      -23.025851       -23.025851      -21246.042                                                  -21246.042
              3      -10645.983      0.31784783   2.0448598e-09      -23.025851       -23.025851      -21245.913                                                  -21245.913
              1      -10645.974      0.32903886   1.9566585e-09      -23.025851       -23.025851      -21245.896                                                  -21245.896
              1      -10645.992      0.32652673    1.993447e-09      -23.025851       -23.025851      -21245.932                                                  -21245.932
              2       -10645.95      0.30205721   2.2758595e-09      -23.025851       -23.025851      -21245.848                                                  -21245.848
              3       -10645.03      0.32268135   1.9254398e-09      -23.025851       -23.025851      -21244.008                                                  -21244.008
              1      -10645.948      0.30219696   2.2380198e-09      -23.025851       -23.025851      -21245.845                                                  -21245.845
              1      -10645.881       0.3292861   1.9273865e-09      -23.025851       -23.025851       -21245.71                                                   -21245.71
              1      -10645.107      0.33894167   1.9371656e-09      -23.025851       -23.025851      -21244.162                                                  -21244.162
              5      -10644.687      0.35748803    1.644831e-09      -23.025851       -23.025851      -21243.323                                                  -21243.323
              1       -10645.54      0.34513567   1.8372351e-09      -23.025851       -23.025851      -21245.029                                                  -21245.029
              3      -10645.573      0.34357675   1.8519524e-09      -23.025851       -23.025851      -21245.094                                                  -21245.094
              2      -10644.394      0.29154562   2.5277055e-09      -23.025851       -23.025851      -21242.736                                                  -21242.736
              1      -10645.269      0.28170796   2.5786823e-09      -23.025851       -23.025851      -21244.486                                                  -21244.486
              9      -10645.508      0.28670883   2.4968627e-09      -23.025851       -23.025851      -21244.965                                                  -21244.965
              2      -10645.221      0.28491729   2.4299376e-09      -23.025851       -23.025851      -21244.391                                                  -21244.391
              3      -10645.416      0.29065803   2.3478845e-09      -23.025851       -23.025851       -21244.78                                                   -21244.78
              4      -10645.718       0.3415821   1.8276951e-09      -23.025851       -23.025851      -21245.383                                                  -21245.383
              1      -10645.255      0.35802805    1.704242e-09      -23.025851       -23.025851      -21244.457                                                  -21244.457
              1      -10645.281      0.35704514   1.7181328e-09      -23.025851       -23.025851      -21244.509                                                  -21244.509
              5      -10645.365       0.3546805   1.7330185e-09      -23.025851       -23.025851      -21244.679                                                  -21244.679
              1      -10645.121      0.35930554   1.7173364e-09      -23.025851       -23.025851      -21244.191                                                  -21244.191
              3      -10645.868       0.3223177    1.985481e-09      -23.025851       -23.025851      -21245.684                                                  -21245.684
              7      -10644.828      0.30348804   2.1258217e-09      -23.025851       -23.025851      -21243.604                                                  -21243.604
              1      -10645.474      0.33363417   1.8535155e-09      -23.025851       -23.025851      -21244.896                                                  -21244.896
             10       -10645.04      0.31170409   2.2444853e-09      -23.025851       -23.025851      -21244.028                                                  -21244.028
              2      -10644.615      0.27673345   2.5322732e-09      -23.025851       -23.025851      -21243.179                                                  -21243.179
              1       -10645.89      0.32287847   1.9828603e-09      -23.025851       -23.025851      -21245.728                                                  -21245.728
              2      -10645.878      0.31989261   2.0100634e-09      -23.025851       -23.025851      -21245.704                                                  -21245.704
              4      -10645.496      0.28504469   2.5060937e-09      -23.025851       -23.025851       -21244.94                                                   -21244.94
              5      -10645.729      0.33298469   1.9583132e-09      -23.025851       -23.025851      -21245.406                                                  -21245.406
              1       -10645.74      0.32873461    1.915219e-09      -23.025851       -23.025851      -21245.429                                                  -21245.429
              2      -10645.684      0.30348507   2.1813466e-09      -23.025851       -23.025851      -21245.317                                                  -21245.317
              6      -10645.802      0.30471307   2.2735109e-09      -23.025851       -23.025851      -21245.552                                                  -21245.552
              2      -10645.726      0.31797783   2.1293666e-09      -23.025851       -23.025851      -21245.401                                                  -21245.401
              2      -10645.909      0.33321148   1.9150385e-09      -23.025851       -23.025851      -21245.766                                                  -21245.766
              1      -10645.861      0.33585006   1.8931454e-09      -23.025851       -23.025851       -21245.67                                                   -21245.67
              1      -10644.982      0.31660902   2.1897314e-09      -23.025851       -23.025851      -21243.913                                                  -21243.913
              1      -10645.476      0.29254348   2.4443347e-09      -23.025851       -23.025851        -21244.9                                                    -21244.9
              6      -10645.688      0.29239448   2.4170652e-09      -23.025851       -23.025851      -21245.323                                                  -21245.323
              1      -10645.682       0.2924683   2.3516968e-09      -23.025851       -23.025851      -21245.312                                                  -21245.312
              2      -10645.703      0.29242961    2.356883e-09      -23.025851       -23.025851      -21245.355                                                  -21245.355
              4      -10645.552      0.31337233   2.1953898e-09      -23.025851       -23.025851      -21245.052                                                  -21245.052
              1      -10644.709      0.31853612   2.1794764e-09      -23.025851       -23.025851      -21243.366                                                  -21243.366
              3      -10644.672      0.31270035    2.249426e-09      -23.025851       -23.025851      -21243.292                                                  -21243.292
              2      -10644.071      0.34663034   1.9016737e-09      -23.025851       -23.025851      -21242.089                                                  -21242.089
              1      -10645.946      0.30169491   2.2799141e-09      -23.025851       -23.025851       -21245.84                                                   -21245.84
              2        -10645.6      0.32170733   1.9677037e-09      -23.025851       -23.025851      -21245.149                                                  -21245.149
              1      -10645.885      0.33449629   1.9089738e-09      -23.025851       -23.025851      -21245.717                                                  -21245.717
              1      -10645.969      0.30531859    2.241588e-09      -23.025851       -23.025851      -21245.886                                                  -21245.886
              4      -10645.995      0.30342714   2.2375423e-09      -23.025851       -23.025851      -21245.939                                                  -21245.939
              1      -10645.538      0.34911784   1.7764501e-09      -23.025851       -23.025851      -21245.025                                                  -21245.025
              1      -10645.399      0.31544205   2.0183995e-09      -23.025851       -23.025851      -21244.747                                                  -21244.747
              4      -10644.723      0.32435151   1.8958833e-09      -23.025851       -23.025851      -21243.394                                                  -21243.394
              2      -10646.025      0.32039688   2.0286133e-09      -23.025851       -23.025851      -21245.997                                                  -21245.997
              4      -10645.849      0.33306788   1.9413296e-09      -23.025851       -23.025851      -21245.646                                                  -21245.646
              1      -10645.461      0.34522309    1.771027e-09      -23.025851       -23.025851       -21244.87                                                   -21244.87
              1      -10645.413      0.34834311   1.7489239e-09      -23.025851       -23.025851      -21244.774                                                  -21244.774
              1      -10644.751       0.3062251   2.3241938e-09      -23.025851       -23.025851      -21243.451                                                  -21243.451
              3      -10645.495      0.35053794   1.7601211e-09      -23.025851       -23.025851      -21244.939                                                  -21244.939
              1       -10645.89      0.30009949   2.2581195e-09      -23.025851       -23.025851      -21245.729                                                  -21245.729
              1      -10645.199      0.31527604   2.1944541e-09      -23.025851       -23.025851      -21244.346                                                  -21244.346
              1      -10645.133      0.29336318   2.4627918e-09      -23.025851       -23.025851      -21244.214                                                  -21244.214
              1      -10645.531      0.29162154   2.4481852e-09      -23.025851       -23.025851       -21245.01                                                   -21245.01
              4      -10645.331      0.32133776   2.1177555e-09      -23.025851       -23.025851       -21244.61                                                   -21244.61
              5      -10645.094      0.29798443   2.4081855e-09      -23.025851       -23.025851      -21244.137                                                  -21244.137
              3      -10645.863      0.32182203   2.0724772e-09      -23.025851       -23.025851      -21245.673                                                  -21245.673
              2      -10646.059      0.31777581   2.0649137e-09      -23.025851       -23.025851      -21246.067                                                  -21246.067
              1      -10646.059      0.31979691    2.049222e-09      -23.025851       -23.025851      -21246.067                                                  -21246.067
              4      -10645.924      0.32588363   2.0171958e-09      -23.025851       -23.025851      -21245.796                                                  -21245.796
              2      -10645.349      0.31307271   2.0410999e-09      -23.025851       -23.025851      -21244.646                                                  -21244.646
              7      -10645.877       0.3117442   2.0977468e-09      -23.025851       -23.025851      -21245.702                                                  -21245.702
              7      -10645.889      0.32217337   2.0654347e-09      -23.025851       -23.025851      -21245.725                                                  -21245.725
              1      -10646.016       0.3254633   1.9915758e-09      -23.025851       -23.025851      -21245.981                                                  -21245.981
              4      -10645.928      0.33210654   1.9274999e-09      -23.025851       -23.025851      -21245.804                                                  -21245.804
              4      -10645.991      0.31592181   2.1228671e-09      -23.025851       -23.025851      -21245.931                                                  -21245.931
              1      -10646.023      0.32138145   2.0519703e-09      -23.025851       -23.025851      -21245.994                                                  -21245.994
              3      -10645.869      0.33132961   1.9595764e-09      -23.025851       -23.025851      -21245.687                                                  -21245.687
              1      -10645.975      0.30287134   2.2358239e-09      -23.025851       -23.025851      -21245.899                                                  -21245.899
              2      -10644.487      0.31168712   2.2691122e-09      -23.025851       -23.025851      -21242.923                                                  -21242.923
              2      -10644.614      0.32036823   2.1622656e-09      -23.025851       -23.025851      -21243.177                                                  -21243.177
              1      -10645.402      0.28692372   2.5127434e-09      -23.025851       -23.025851      -21244.752                                                  -21244.752
              2      -10645.581      0.28737591   2.4395917e-09      -23.025851       -23.025851       -21245.11                                                   -21245.11
              1      -10645.892      0.32203004   2.0666332e-09      -23.025851       -23.025851      -21245.733                                                  -21245.733
              1      -10645.623      0.30174951   2.1990947e-09      -23.025851       -23.025851      -21245.193                                                  -21245.193
              2      -10645.555      0.31028787   2.0861232e-09      -23.025851       -23.025851      -21245.059                                                  -21245.059
              2      -10646.031      0.32394516   2.0117674e-09      -23.025851       -23.025851       -21246.01                                                   -21246.01
              3      -10645.696      0.32359591   2.0679405e-09      -23.025851       -23.025851       -21245.34                                                   -21245.34
              1       -10645.68       0.3133643   2.1860311e-09      -23.025851       -23.025851      -21245.307                                                  -21245.307
              1      -10645.879       0.3117588   2.1855191e-09      -23.025851       -23.025851      -21245.706                                                  -21245.706
              4      -10645.779      0.31190327   2.1942838e-09      -23.025851       -23.025851      -21245.505                                                  -21245.505
              7      -10644.208      0.34834795   1.6824181e-09      -23.025851       -23.025851      -21242.365                                                  -21242.365
              4      -10644.488      0.30437919    2.358525e-09      -23.025851       -23.025851      -21242.925                                                  -21242.925
              4      -10645.577      0.29171191   2.4412964e-09      -23.025851       -23.025851      -21245.103                                                  -21245.103
              4      -10645.687      0.33626448   1.9248723e-09      -23.025851       -23.025851      -21245.322                                                  -21245.322
              3      -10646.057      0.31441893   2.1240974e-09      -23.025851       -23.025851      -21246.061                                                  -21246.061
              8      -10646.071      0.31605611    2.096868e-09      -23.025851       -23.025851       -21246.09                                                   -21246.09
              2      -10644.976      0.34429171    1.744034e-09      -23.025851       -23.025851        -21243.9                                                    -21243.9
              1      -10644.709      0.35194713   1.6794307e-09      -23.025851       -23.025851      -21243.366                                                  -21243.366
              1      -10645.617      0.33468235   1.9496624e-09      -23.025851       -23.025851      -21245.183                                                  -21245.183
              3      -10643.789      0.29465362   2.5121577e-09      -23.025851       -23.025851      -21241.527                                                  -21241.527
              2      -10645.432      0.29417537   2.4298647e-09      -23.025851       -23.025851      -21244.813                                                  -21244.813
              1      -10645.473       0.2966544   2.3974243e-09      -23.025851       -23.025851      -21244.895                                                  -21244.895
              2      -10644.122      0.33760921   1.9917322e-09      -23.025851       -23.025851      -21242.192                                                  -21242.192
              2      -10644.332      0.34313894   1.9274786e-09      -23.025851       -23.025851      -21242.612                                                  -21242.612
              1      -10644.747      0.34264466    1.915887e-09      -23.025851       -23.025851      -21243.442                                                  -21243.442
              1      -10644.927      0.36422427   1.6813715e-09      -23.025851       -23.025851      -21243.802                                                  -21243.802
              3      -10645.826      0.30361251   2.2827633e-09      -23.025851       -23.025851      -21245.601                                                  -21245.601
              6      -10645.879      0.32111786   2.0786815e-09      -23.025851       -23.025851      -21245.707                                                  -21245.707
              1       -10645.83      0.31491664   2.1548253e-09      -23.025851       -23.025851      -21245.609                                                  -21245.609
              2      -10645.698      0.32390595   2.0642809e-09      -23.025851       -23.025851      -21245.344                                                  -21245.344
              1      -10645.902      0.30411167   2.2665741e-09      -23.025851       -23.025851      -21245.753                                                  -21245.753
              1      -10645.245      0.30818634   2.0909012e-09      -23.025851       -23.025851      -21244.438                                                  -21244.438
              2      -10643.691      0.30993337   2.0048543e-09      -23.025851       -23.025851       -21241.33                                                   -21241.33
              1      -10643.564       0.3094277   2.0062491e-09      -23.025851       -23.025851      -21241.077                                                  -21241.077
              1      -10643.036      0.31976578   1.8828829e-09      -23.025851       -23.025851      -21240.021                                                  -21240.021
              3      -10643.659      0.31968981   1.9022701e-09      -23.025851       -23.025851      -21241.267                                                  -21241.267
              1      -10645.062      0.31340728   2.0218006e-09      -23.025851       -23.025851      -21244.073                                                  -21244.073
              1       -10643.54      0.28081931   2.3936897e-09      -23.025851       -23.025851      -21241.027                                                  -21241.027
              2       -10642.97      0.27951122   2.3911279e-09      -23.025851       -23.025851      -21239.888                                                  -21239.888
              3      -10643.894      0.32203288   1.8871878e-09      -23.025851       -23.025851      -21241.736                                                  -21241.736
              3      -10646.044       0.3153028   2.0848816e-09      -23.025851       -23.025851      -21246.037                                                  -21246.037
              1      -10645.807      0.33831599   1.8640577e-09      -23.025851       -23.025851      -21245.563                                                  -21245.563
              3      -10645.187       0.3365447   1.8127916e-09      -23.025851       -23.025851      -21244.323                                                  -21244.323
              1      -10645.858      0.33335271   1.8956902e-09      -23.025851       -23.025851      -21245.665                                                  -21245.665
              7      -10644.931      0.34429737   1.8902688e-09      -23.025851       -23.025851       -21243.81                                                   -21243.81
              1      -10643.497      0.33360216   1.7717531e-09      -23.025851       -23.025851      -21240.942                                                  -21240.942
              2      -10645.626       0.3045076   2.1625998e-09      -23.025851       -23.025851      -21245.199                                                  -21245.199
              3      -10645.498      0.29527031   2.2815953e-09      -23.025851       -23.025851      -21244.944                                                  -21244.944
              3      -10645.494      0.33652676   1.8324953e-09      -23.025851       -23.025851      -21244.935                                                  -21244.935
              1      -10645.612      0.33450689   1.8573317e-09      -23.025851       -23.025851      -21245.172                                                  -21245.172
              1      -10645.608      0.33440562   1.8577458e-09      -23.025851       -23.025851      -21245.163                                                  -21245.163
              1      -10645.471      0.34329804   1.8659959e-09      -23.025851       -23.025851       -21244.89                                                   -21244.89
              2      -10645.464      0.34170392   1.8844151e-09      -23.025851       -23.025851      -21244.876                                                  -21244.876
              1      -10645.653      0.33870658   1.9001589e-09      -23.025851       -23.025851      -21245.255                                                  -21245.255
              3      -10645.875       0.3257369   2.0257894e-09      -23.025851       -23.025851      -21245.697                                                  -21245.697
              1      -10645.934      0.33029428    1.958947e-09      -23.025851       -23.025851      -21245.816                                                  -21245.816
              8        -10644.8      0.35260334    1.679921e-09      -23.025851       -23.025851      -21243.548                                                  -21243.548
              2      -10645.576      0.34164157   1.8045146e-09      -23.025851       -23.025851      -21245.101                                                  -21245.101
              3      -10645.553      0.34046746   1.8095703e-09      -23.025851       -23.025851      -21245.054                                                  -21245.054
              3      -10645.245      0.35820532   1.7062921e-09      -23.025851       -23.025851      -21244.439                                                  -21244.439
              3      -10645.126      0.36098435   1.6680227e-09      -23.025851       -23.025851        -21244.2                                                    -21244.2
              1      -10645.245      0.35594312   1.7427947e-09      -23.025851       -23.025851      -21244.439                                                  -21244.439
              2      -10645.665      0.34444092   1.8188177e-09      -23.025851       -23.025851      -21245.278                                                  -21245.278
              2      -10645.957      0.32316757   1.9897374e-09      -23.025851       -23.025851      -21245.862                                                  -21245.862
              1      -10646.004      0.32626736   1.9794093e-09      -23.025851       -23.025851      -21245.957                                                  -21245.957
              2      -10645.822      0.29463151   2.3627865e-09      -23.025851       -23.025851      -21245.592                                                  -21245.592
              2      -10645.092      0.30545744    2.115178e-09      -23.025851       -23.025851      -21244.133                                                  -21244.133
              3      -10645.544      0.31598727   2.1657535e-09      -23.025851       -23.025851      -21245.037                                                  -21245.037
              2      -10645.579      0.30373358    2.168843e-09      -23.025851       -23.025851      -21245.107                                                  -21245.107
              3      -10645.299      0.29823493   2.2222318e-09      -23.025851       -23.025851      -21244.546                                                  -21244.546
              1       -10645.91      0.29997184   2.3041363e-09      -23.025851       -23.025851      -21245.769                                                  -21245.769
              1      -10646.034      0.32127568   2.0239375e-09      -23.025851       -23.025851      -21246.017                                                  -21246.017
              1      -10645.989       0.3269626    1.988307e-09      -23.025851       -23.025851      -21245.926                                                  -21245.926
              3      -10645.228      0.35564253   1.6949649e-09      -23.025851       -23.025851      -21244.404                                                  -21244.404
              5      -10645.753      0.34091046   1.8445282e-09      -23.025851       -23.025851      -21245.454                                                  -21245.454
              1       -10645.68       0.3163974   2.1511915e-09      -23.025851       -23.025851      -21245.308                                                  -21245.308
              2      -10645.575      0.29882783   2.2357987e-09      -23.025851       -23.025851      -21245.098                                                  -21245.098
              1      -10645.934      0.30021298   2.2697332e-09      -23.025851       -23.025851      -21245.816                                                  -21245.816
              2      -10645.786      0.29673968   2.3599113e-09      -23.025851       -23.025851      -21245.521                                                  -21245.521
              1        -10645.9      0.29927152   2.2754144e-09      -23.025851       -23.025851      -21245.749                                                  -21245.749
              4      -10645.683      0.34368363    1.826554e-09      -23.025851       -23.025851      -21245.314                                                  -21245.314
              2      -10645.274      0.35736073   1.7132108e-09      -23.025851       -23.025851      -21244.497                                                  -21244.497
              6      -10645.173      0.32932795   1.8717516e-09      -23.025851       -23.025851      -21244.295                                                  -21244.295
              3       -10645.05      0.35575348   1.7645846e-09      -23.025851       -23.025851      -21244.047                                                  -21244.047
              8      -10645.364      0.35392347   1.7494407e-09      -23.025851       -23.025851      -21244.676                                                  -21244.676
              1      -10645.082      0.32055029    2.139673e-09      -23.025851       -23.025851      -21244.113                                                  -21244.113
              5      -10646.062        0.311071   2.1446366e-09      -23.025851       -23.025851      -21246.072                                                  -21246.072
              1      -10645.742      0.32995927   1.9051853e-09      -23.025851       -23.025851      -21245.432                                                  -21245.432
              1      -10645.779      0.33146614   1.8972312e-09      -23.025851       -23.025851      -21245.507                                                  -21245.507
              3      -10645.951      0.30118229   2.2577441e-09      -23.025851       -23.025851      -21245.851                                                  -21245.851
              1      -10645.943      0.32344986   1.9850654e-09      -23.025851       -23.025851      -21245.835                                                  -21245.835
              3      -10645.831      0.29663461    2.351106e-09      -23.025851       -23.025851      -21245.611                                                  -21245.611
              1      -10644.614      0.36014261   1.6260608e-09      -23.025851       -23.025851      -21243.177                                                  -21243.177
              1      -10645.452      0.35177085   1.7602615e-09      -23.025851       -23.025851      -21244.852                                                  -21244.852
              5      -10645.806      0.33834507    1.875129e-09      -23.025851       -23.025851       -21245.56                                                   -21245.56
              2      -10645.874      0.33516383   1.8976032e-09      -23.025851       -23.025851      -21245.696                                                  -21245.696
              4      -10645.365      0.34738642    1.829803e-09      -23.025851       -23.025851      -21244.679                                                  -21244.679
              1      -10645.173      0.34216928   1.8994145e-09      -23.025851       -23.025851      -21244.295                                                  -21244.295
              2      -10645.936      0.31293223   2.0913521e-09      -23.025851       -23.025851      -21245.819                                                  -21245.819
              2      -10646.038      0.31436765   2.1307104e-09      -23.025851       -23.025851      -21246.023                                                  -21246.023
              2      -10645.773      0.29266862   2.3847439e-09      -23.025851       -23.025851      -21245.495                                                  -21245.495
              4      -10645.627      0.28863247   2.4222157e-09      -23.025851       -23.025851      -21245.202                                                  -21245.202
              1      -10646.029      0.30821428   2.1968657e-09      -23.025851       -23.025851      -21246.007                                                  -21246.007
              2      -10644.682      0.35119139   1.8323269e-09      -23.025851       -23.025851      -21243.313                                                  -21243.313
              1      -10643.641       0.3474947   1.9069043e-09      -23.025851       -23.025851       -21241.23                                                   -21241.23
              2      -10644.196      0.32880632   2.0832637e-09      -23.025851       -23.025851       -21242.34                                                   -21242.34
              1       -10645.92      0.30281185   2.2766653e-09      -23.025851       -23.025851      -21245.787                                                  -21245.787
              1      -10645.726      0.30363048   2.1834481e-09      -23.025851       -23.025851        -21245.4                                                    -21245.4
              1      -10644.311      0.35554541   1.6390842e-09      -23.025851       -23.025851       -21242.57                                                   -21242.57
              3      -10645.192      0.35306883   1.7029381e-09      -23.025851       -23.025851      -21244.332                                                  -21244.332
              9      -10645.447       0.3520829   1.7548132e-09      -23.025851       -23.025851      -21244.842                                                  -21244.842
              3      -10646.024      0.31910251   2.0793626e-09      -23.025851       -23.025851      -21245.997                                                  -21245.997
              2      -10645.746      0.34067401   1.8581866e-09      -23.025851       -23.025851       -21245.44                                                   -21245.44
              7      -10645.715      0.34175386   1.8503934e-09      -23.025851       -23.025851      -21245.379                                                  -21245.379
              1      -10645.687      0.34362443   1.8246897e-09      -23.025851       -23.025851      -21245.322                                                  -21245.322
              5      -10645.584      0.34719419   1.7994355e-09      -23.025851       -23.025851      -21245.116                                                  -21245.116
              1       -10645.93      0.30711166   2.1622367e-09      -23.025851       -23.025851      -21245.808                                                  -21245.808
              1       -10645.69       0.3117737   2.0793539e-09      -23.025851       -23.025851      -21245.329                                                  -21245.329
              1      -10645.727       0.3066138   2.1446571e-09      -23.025851       -23.025851      -21245.402                                                  -21245.402
              1      -10645.582      0.30494329   2.1533832e-09      -23.025851       -23.025851      -21245.112                                                  -21245.112
              2      -10645.705      0.30558179   2.1558148e-09      -23.025851       -23.025851      -21245.359                                                  -21245.359
              4      -10645.495      0.32491751   1.9300701e-09      -23.025851       -23.025851      -21244.939                                                  -21244.939
              3      -10645.565      0.31124035   2.0758185e-09      -23.025851       -23.025851      -21245.078                                                  -21245.078
              3      -10645.074      0.29293468   2.4720429e-09      -23.025851       -23.025851      -21244.096                                                  -21244.096
              3      -10645.604      0.30666787   2.2696005e-09      -23.025851       -23.025851      -21245.156                                                  -21245.156
              2      -10645.631      0.28885594   2.4531351e-09      -23.025851       -23.025851       -21245.21                                                   -21245.21
              2      -10645.628      0.30941518   2.2357151e-09      -23.025851       -23.025851      -21245.205                                                  -21245.205
              2      -10645.699      0.29097839   2.3875673e-09      -23.025851       -23.025851      -21245.347                                                  -21245.347
              4      -10645.502      0.34449447   1.7795744e-09      -23.025851       -23.025851      -21244.953                                                  -21244.953
              4       -10644.98      0.36061393   1.6487445e-09      -23.025851       -23.025851      -21243.909                                                  -21243.909
              1       -10645.64      0.32963576   2.0044129e-09      -23.025851       -23.025851      -21245.228                                                  -21245.228
              7      -10645.951      0.32441239   2.0302706e-09      -23.025851       -23.025851      -21245.851                                                  -21245.851
              1      -10646.059      0.31889554   2.0550978e-09      -23.025851       -23.025851      -21246.067                                                  -21246.067
              2      -10644.925      0.31378643   2.0109832e-09      -23.025851       -23.025851      -21243.797                                                  -21243.797
              3      -10646.032      0.30866244   2.1638599e-09      -23.025851       -23.025851      -21246.012                                                  -21246.012
              3      -10645.052      0.29846507   2.2032385e-09      -23.025851       -23.025851      -21244.052                                                  -21244.052
              1      -10645.614      0.31169832   2.2102985e-09      -23.025851       -23.025851      -21245.177                                                  -21245.177
              1      -10645.572      0.29050264   2.4538889e-09      -23.025851       -23.025851      -21245.092                                                  -21245.092
              1      -10645.477      0.28532397   2.4613332e-09      -23.025851       -23.025851      -21244.902                                                  -21244.902
              4      -10646.014      0.32567264   1.9893042e-09      -23.025851       -23.025851      -21245.977                                                  -21245.977
              2      -10646.072      0.31405887   2.1180596e-09      -23.025851       -23.025851      -21246.091                                                  -21246.091
              2      -10645.588      0.29879669   2.3623886e-09      -23.025851       -23.025851      -21245.124                                                  -21245.124
              1      -10645.718      0.29694968   2.3683438e-09      -23.025851       -23.025851      -21245.385                                                  -21245.385
              1      -10645.832      0.29638619   2.3105886e-09      -23.025851       -23.025851      -21245.613                                                  -21245.613
              1      -10646.002      0.32622776   1.9932806e-09      -23.025851       -23.025851      -21245.952                                                  -21245.952
              3      -10645.232      0.31311977   2.2178688e-09      -23.025851       -23.025851      -21244.411                                                  -21244.411
              2      -10645.191      0.28370651   2.5714961e-09      -23.025851       -23.025851      -21244.331                                                  -21244.331
             12      -10646.038      0.32081983   2.0543747e-09      -23.025851       -23.025851      -21246.024                                                  -21246.024
              5      -10645.827      0.30911792    2.221134e-09      -23.025851       -23.025851      -21245.603                                                  -21245.603
              1      -10646.062      0.31587773   2.1051576e-09      -23.025851       -23.025851      -21246.073                                                  -21246.073
              1      -10645.243      0.35488763    1.756196e-09      -23.025851       -23.025851      -21244.433                                                  -21244.433
              1      -10645.146      0.35451281   1.7702062e-09      -23.025851       -23.025851      -21244.239                                                  -21244.239
              1      -10645.564      0.31849181   2.1356998e-09      -23.025851       -23.025851      -21245.076                                                  -21245.076
              2      -10645.591      0.31956343   2.1216264e-09      -23.025851       -23.025851       -21245.13                                                   -21245.13
              7      -10646.059      0.31747757   2.0676342e-09      -23.025851       -23.025851      -21246.066                                                  -21246.066
              3      -10645.935      0.32971427   1.9351125e-09      -23.025851       -23.025851      -21245.819                                                  -21245.819
              1      -10645.721      0.32850206   2.0102275e-09      -23.025851       -23.025851      -21245.391                                                  -21245.391
              3      -10645.828      0.29480849   2.3584377e-09      -23.025851       -23.025851      -21245.605                                                  -21245.605
              1      -10645.637      0.28866267   2.4502325e-09      -23.025851       -23.025851      -21245.222                                                  -21245.222
              4      -10645.068      0.27930633   2.5263948e-09      -23.025851       -23.025851      -21244.084                                                  -21244.084
              1      -10645.161      0.28108421   2.5000822e-09      -23.025851       -23.025851       -21244.27                                                   -21244.27
              3      -10645.929      0.30092292   2.2912249e-09      -23.025851       -23.025851      -21245.806                                                  -21245.806
              5      -10645.891      0.29957723   2.3125405e-09      -23.025851       -23.025851      -21245.731                                                  -21245.731
              1      -10645.723      0.29378331   2.3348745e-09      -23.025851       -23.025851      -21245.394                                                  -21245.394
              1          -10646      0.30881266   2.1527514e-09      -23.025851       -23.025851      -21245.948                                                  -21245.948
              3      -10645.075      0.33864876    1.941936e-09      -23.025851       -23.025851      -21244.098                                                  -21244.098
              8      -10645.632      0.28929394   2.4068278e-09      -23.025851       -23.025851      -21245.211                                                  -21245.211
              1       -10645.48      0.31772808   1.9994242e-09      -23.025851       -23.025851      -21244.908                                                  -21244.908
              2      -10644.717      0.28858501   2.3283354e-09      -23.025851       -23.025851      -21243.382                                                  -21243.382
              3      -10645.124      0.28108946    2.495025e-09      -23.025851       -23.025851      -21244.197                                                  -21244.197
              1      -10645.881       0.2972514   2.3292203e-09      -23.025851       -23.025851      -21245.711                                                  -21245.711
              4      -10645.667      0.34230955   1.8135126e-09      -23.025851       -23.025851      -21245.282                                                  -21245.282
              1      -10645.388      0.35106026   1.7333486e-09      -23.025851       -23.025851      -21244.724                                                  -21244.724
              2      -10645.482      0.34470837    1.848892e-09      -23.025851       -23.025851      -21244.913                                                  -21244.913
              1      -10645.473      0.34651349   1.8289601e-09      -23.025851       -23.025851      -21244.894                                                  -21244.894
              4      -10645.517      0.34890329   1.7910882e-09      -23.025851       -23.025851      -21244.981                                                  -21244.981
              2      -10644.885      0.35927253   1.6472028e-09      -23.025851       -23.025851      -21243.717                                                  -21243.717
              1      -10645.219      0.35722757   1.6889603e-09      -23.025851       -23.025851      -21244.387                                                  -21244.387
              1      -10645.284      0.29313874   2.2960095e-09      -23.025851       -23.025851      -21244.517                                                  -21244.517
              2      -10645.495      0.34807075   1.8068971e-09      -23.025851       -23.025851      -21244.938                                                  -21244.938
              1      -10645.885       0.3345473   1.9068095e-09      -23.025851       -23.025851      -21245.718                                                  -21245.718
              1      -10645.858      0.33593049   1.8876011e-09      -23.025851       -23.025851      -21245.664                                                  -21245.664
              4      -10645.852      0.33627705   1.8901044e-09      -23.025851       -23.025851      -21245.653                                                  -21245.653
              4      -10645.792      0.33886797   1.8571515e-09      -23.025851       -23.025851      -21245.533                                                  -21245.533
              2      -10645.517      0.34341718   1.7875165e-09      -23.025851       -23.025851      -21244.983                                                  -21244.983
              1       -10645.43      0.34384149   1.7766582e-09      -23.025851       -23.025851      -21244.809                                                  -21244.809
              1      -10644.886       0.3541202   1.6755276e-09      -23.025851       -23.025851      -21243.721                                                  -21243.721
              1      -10645.642      0.33515493     1.85515e-09      -23.025851       -23.025851      -21245.232                                                  -21245.232
              1      -10644.816      0.33910987   1.7744232e-09      -23.025851       -23.025851       -21243.58                                                   -21243.58
              1      -10644.839      0.36024139   1.6391432e-09      -23.025851       -23.025851      -21243.625                                                  -21243.625
              1      -10645.215        0.333334   1.9913394e-09      -23.025851       -23.025851      -21244.379                                                  -21244.379
              3      -10645.219      0.35334055   1.7766383e-09      -23.025851       -23.025851      -21244.386                                                  -21244.386
              2      -10644.871      0.34853703   1.8499008e-09      -23.025851       -23.025851      -21243.689                                                  -21243.689
              1      -10645.365      0.31552832   2.1822821e-09      -23.025851       -23.025851      -21244.679                                                  -21244.679
              4      -10645.598      0.34514214   1.7895383e-09      -23.025851       -23.025851      -21245.144                                                  -21245.144
              1       -10645.54      0.34899225   1.7725169e-09      -23.025851       -23.025851      -21245.029                                                  -21245.029
              1      -10645.595      0.33142824   1.9879198e-09      -23.025851       -23.025851      -21245.138                                                  -21245.138
              2      -10645.908      0.33248946   1.9345916e-09      -23.025851       -23.025851      -21245.765                                                  -21245.765
              2      -10645.836      0.33710192   1.8780961e-09      -23.025851       -23.025851      -21245.619                                                  -21245.619
              2      -10645.847      0.31643191   2.0422337e-09      -23.025851       -23.025851      -21245.642                                                  -21245.642
              3      -10645.874      0.33481354    1.909075e-09      -23.025851       -23.025851      -21245.697                                                  -21245.697
              5      -10645.773      0.33903032   1.8763876e-09      -23.025851       -23.025851      -21245.494                                                  -21245.494
              1      -10645.712      0.29080523    2.417218e-09      -23.025851       -23.025851      -21245.371                                                  -21245.371
              2      -10645.676      0.28975918   2.4118933e-09      -23.025851       -23.025851      -21245.301                                                  -21245.301
              2      -10645.877      0.30014499   2.3108414e-09      -23.025851       -23.025851      -21245.701                                                  -21245.701
              2      -10645.535        0.323506   1.9459186e-09      -23.025851       -23.025851      -21245.018                                                  -21245.018
              1      -10645.301      0.32862154   1.8848874e-09      -23.025851       -23.025851       -21244.55                                                   -21244.55
              3      -10645.688      0.30230403   2.1977269e-09      -23.025851       -23.025851      -21245.325                                                  -21245.325
              4      -10646.053      0.31285082   2.1424897e-09      -23.025851       -23.025851      -21246.054                                                  -21246.054
              1       -10645.88      0.30083551   2.2439828e-09      -23.025851       -23.025851      -21245.708                                                  -21245.708
              5      -10645.935      0.32990377   1.9339231e-09      -23.025851       -23.025851      -21245.818                                                  -21245.818
              1      -10645.169      0.29591673   2.4289683e-09      -23.025851       -23.025851      -21244.286                                                  -21244.286
              1      -10645.687      0.29040267   2.3978915e-09      -23.025851       -23.025851      -21245.323                                                  -21245.323
              2      -10645.764       0.3398828    1.845297e-09      -23.025851       -23.025851      -21245.476                                                  -21245.476
              4       -10644.51      0.32094613   2.1597681e-09      -23.025851       -23.025851      -21242.968                                                  -21242.968
              1      -10644.691      0.27389406   2.6020443e-09      -23.025851       -23.025851       -21243.33                                                   -21243.33
              1      -10644.418      0.28164024   2.4256084e-09      -23.025851       -23.025851      -21242.784                                                  -21242.784
              4      -10645.338        0.290966   2.3351543e-09      -23.025851       -23.025851      -21244.625                                                  -21244.625
              1      -10645.174      0.29939813   2.3859501e-09      -23.025851       -23.025851      -21244.296                                                  -21244.296
              1      -10645.933       0.3033468   2.2158392e-09      -23.025851       -23.025851      -21245.815                                                  -21245.815
              1      -10645.934      0.33150822   1.9280059e-09      -23.025851       -23.025851      -21245.816                                                  -21245.816
              1      -10645.919      0.33202133   1.9194088e-09      -23.025851       -23.025851      -21245.787                                                  -21245.787
              4      -10645.726      0.34189302   1.8316491e-09      -23.025851       -23.025851        -21245.4                                                    -21245.4
              1      -10645.498       0.3417113   1.8813565e-09      -23.025851       -23.025851      -21244.944                                                  -21244.944
              1      -10645.504      0.34161873   1.8818589e-09      -23.025851       -23.025851      -21244.956                                                  -21244.956
              4      -10645.396      0.35358675   1.7317995e-09      -23.025851       -23.025851      -21244.741                                                  -21244.741
              1      -10645.482      0.31720297   2.1558757e-09      -23.025851       -23.025851      -21244.912                                                  -21244.912
              4      -10645.317      0.31323828   2.2116924e-09      -23.025851       -23.025851      -21244.583                                                  -21244.583
              1      -10645.859       0.2975126   2.2963311e-09      -23.025851       -23.025851      -21245.666                                                  -21245.666
              1       -10645.88      0.32194454   1.9904197e-09      -23.025851       -23.025851      -21245.708                                                  -21245.708
              1      -10645.898        0.326722   1.9502222e-09      -23.025851       -23.025851      -21245.744                                                  -21245.744
              5      -10645.974      0.31354637   2.1525873e-09      -23.025851       -23.025851      -21245.896                                                  -21245.896
              1      -10645.023      0.29140956   2.3036719e-09      -23.025851       -23.025851      -21243.994                                                  -21243.994
              2      -10644.864      0.31299036   2.0167945e-09      -23.025851       -23.025851      -21243.676                                                  -21243.676
              5       -10645.63      0.30608389   2.1427763e-09      -23.025851       -23.025851      -21245.207                                                  -21245.207
              1      -10645.954      0.31908167   2.0279009e-09      -23.025851       -23.025851      -21245.856                                                  -21245.856
              1      -10645.294      0.29398538    2.443606e-09      -23.025851       -23.025851      -21244.535                                                  -21244.535
              1      -10645.751      0.33346873   1.9502468e-09      -23.025851       -23.025851       -21245.45                                                   -21245.45
              5      -10644.647      0.34649724   1.8810013e-09      -23.025851       -23.025851      -21243.242                                                  -21243.242
              1       -10643.78      0.28846555   2.2835427e-09      -23.025851       -23.025851      -21241.508                                                  -21241.508
              1      -10643.287      0.31172669   1.9723399e-09      -23.025851       -23.025851      -21240.522                                                  -21240.522
              2      -10645.777      0.29278613   2.3789078e-09      -23.025851       -23.025851      -21245.502                                                  -21245.502
              1      -10645.513      0.28654307   2.4408112e-09      -23.025851       -23.025851      -21244.975                                                  -21244.975
              1      -10645.444      0.28834188   2.3921575e-09      -23.025851       -23.025851      -21244.836                                                  -21244.836
              3      -10645.449      0.28666718   2.4255245e-09      -23.025851       -23.025851      -21244.846                                                  -21244.846
              1       -10645.86      0.30797111   2.1415575e-09      -23.025851       -23.025851      -21245.668                                                  -21245.668
              3      -10646.037      0.30844344    2.191741e-09      -23.025851       -23.025851      -21246.022                                                  -21246.022
              1      -10644.843      0.33635967   1.9771896e-09      -23.025851       -23.025851      -21243.634                                                  -21243.634
              2       -10642.35      0.32366953   2.1934122e-09      -23.025851       -23.025851      -21238.647                                                  -21238.647
              3      -10638.931      0.31357013   2.3862187e-09      -23.025851       -23.025851      -21231.811                                                  -21231.811
              2      -10639.047      0.31326256   2.3879713e-09      -23.025851       -23.025851      -21232.042                                                  -21232.042
              7      -10641.707      0.30172212   2.4810905e-09      -23.025851       -23.025851      -21237.362                                                  -21237.362
              3      -10644.929      0.35032882   1.8285377e-09      -23.025851       -23.025851      -21243.807                                                  -21243.807
              4      -10645.058       0.3383363   1.9461301e-09      -23.025851       -23.025851      -21244.063                                                  -21244.063
              1      -10645.965      0.32116197   2.0093653e-09      -23.025851       -23.025851      -21245.878                                                  -21245.878
              1      -10644.954      0.32700877   2.0732596e-09      -23.025851       -23.025851      -21243.857                                                  -21243.857
              1      -10645.086       0.3122059   2.2362687e-09      -23.025851       -23.025851      -21244.119                                                  -21244.119
              2      -10645.381      0.32340499   2.0915621e-09      -23.025851       -23.025851       -21244.71                                                   -21244.71
              1      -10644.941      0.31760499   2.1800955e-09      -23.025851       -23.025851      -21243.831                                                  -21243.831
              8       -10645.69      0.29004133   2.4108451e-09      -23.025851       -23.025851      -21245.328                                                  -21245.328
              1      -10645.128      0.29397021   2.2719795e-09      -23.025851       -23.025851      -21244.203                                                  -21244.203
              2      -10645.096       0.2913844   2.3091459e-09      -23.025851       -23.025851      -21244.141                                                  -21244.141
              3      -10644.616      0.28898102   2.3162756e-09      -23.025851       -23.025851       -21243.18                                                   -21243.18
              1      -10645.959      0.30094872   2.2724902e-09      -23.025851       -23.025851      -21245.867                                                  -21245.867
              2      -10645.953      0.30058996   2.2791525e-09      -23.025851       -23.025851      -21245.854                                                  -21245.854
              3      -10645.926      0.29923387   2.2999146e-09      -23.025851       -23.025851        -21245.8                                                    -21245.8
              1      -10645.869      0.29674355   2.3170226e-09      -23.025851       -23.025851      -21245.686                                                  -21245.686
              1      -10645.446      0.33865872   1.8131919e-09      -23.025851       -23.025851      -21244.841                                                  -21244.841
              2      -10644.519      0.36298153   1.7245432e-09      -23.025851       -23.025851      -21242.987                                                  -21242.987
              4      -10646.043       0.3109773    2.165456e-09      -23.025851       -23.025851      -21246.034                                                  -21246.034
              2      -10646.058      0.31120921   2.1565255e-09      -23.025851       -23.025851      -21246.064                                                  -21246.064
              1       -10645.95      0.30145263   2.2803237e-09      -23.025851       -23.025851      -21245.847                                                  -21245.847
              3      -10645.755      0.29211108   2.3839274e-09      -23.025851       -23.025851      -21245.459                                                  -21245.459
              4      -10645.491      0.33846614   1.8180628e-09      -23.025851       -23.025851      -21244.931                                                  -21244.931
              1      -10645.118      0.35794814   1.6733201e-09      -23.025851       -23.025851      -21244.184                                                  -21244.184
              2      -10645.246      0.34176684   1.8993022e-09      -23.025851       -23.025851       -21244.44                                                   -21244.44
              2      -10645.304      0.34975731   1.7305154e-09      -23.025851       -23.025851      -21244.556                                                  -21244.556
              1      -10645.879      0.29886556   2.2767783e-09      -23.025851       -23.025851      -21245.706                                                  -21245.706
              7      -10645.803      0.29860351   2.2660358e-09      -23.025851       -23.025851      -21245.555                                                  -21245.555
              3      -10645.443      0.32803475   2.0361245e-09      -23.025851       -23.025851      -21244.835                                                  -21244.835
              2      -10645.845      0.33368617   1.9340646e-09      -23.025851       -23.025851      -21245.638                                                  -21245.638
              3      -10646.036      0.32108303   2.0263208e-09      -23.025851       -23.025851      -21246.021                                                  -21246.021
              1      -10646.009      0.31725388   2.0558088e-09      -23.025851       -23.025851      -21245.966                                                  -21245.966
              2      -10645.885       0.3216024    1.994297e-09      -23.025851       -23.025851      -21245.719                                                  -21245.719
              6      -10646.014       0.3197703   2.0318757e-09      -23.025851       -23.025851      -21245.977                                                  -21245.977
              1      -10645.521      0.29748891   2.3835152e-09      -23.025851       -23.025851      -21244.991                                                  -21244.991
              1       -10645.72      0.29539337   2.3839335e-09      -23.025851       -23.025851      -21245.388                                                  -21245.388
              6      -10645.793      0.31533163   2.1537333e-09      -23.025851       -23.025851      -21245.534                                                  -21245.534
              1      -10645.641      0.32656564   2.0387735e-09      -23.025851       -23.025851       -21245.23                                                   -21245.23
              2      -10646.019      0.32458028   2.0098886e-09      -23.025851       -23.025851      -21245.987                                                  -21245.987
              7      -10645.613       0.3323237   1.8745521e-09      -23.025851       -23.025851      -21245.175                                                  -21245.175
              4      -10645.628      0.34432335   1.7982715e-09      -23.025851       -23.025851      -21245.204                                                  -21245.204
              1      -10645.845      0.29547775   2.3383639e-09      -23.025851       -23.025851      -21245.639                                                  -21245.639
              3      -10645.835      0.32541045   1.9535445e-09      -23.025851       -23.025851      -21245.618                                                  -21245.618
              3      -10645.644      0.33478861   1.9460885e-09      -23.025851       -23.025851      -21245.236                                                  -21245.236
              1      -10645.457      0.31223549   2.2148763e-09      -23.025851       -23.025851      -21244.863                                                  -21244.863
              2       -10645.92      0.30733936   2.2293299e-09      -23.025851       -23.025851      -21245.789                                                  -21245.789
              2      -10645.459       0.2989323   2.3717895e-09      -23.025851       -23.025851      -21244.867                                                  -21244.867
              4      -10645.552      0.28641551    2.456666e-09      -23.025851       -23.025851      -21245.053                                                  -21245.053
              1      -10645.364      0.30638116   2.1198688e-09      -23.025851       -23.025851      -21244.676                                                  -21244.676
              1      -10645.483      0.30222113   2.1812413e-09      -23.025851       -23.025851      -21244.915                                                  -21244.915
              3      -10641.239      0.27554398   2.3952918e-09      -23.025851       -23.025851      -21236.427                                                  -21236.427
              1      -10641.254      0.27564154   2.3941166e-09      -23.025851       -23.025851      -21236.455                                                  -21236.455
              3      -10643.506      0.28210763   2.3709257e-09      -23.025851       -23.025851       -21240.96                                                   -21240.96
              4      -10645.985      0.30261368   2.2521464e-09      -23.025851       -23.025851      -21245.919                                                  -21245.919
              5       -10645.44      0.28347873   2.5038679e-09      -23.025851       -23.025851      -21244.828                                                  -21244.828
              2      -10645.238      0.28147744   2.5033061e-09      -23.025851       -23.025851      -21244.425                                                  -21244.425
              3      -10642.822      0.33404496   1.7493129e-09      -23.025851       -23.025851      -21239.592                                                  -21239.592
              4      -10644.165      0.30697252   2.0553744e-09      -23.025851       -23.025851      -21242.279                                                  -21242.279
              6      -10645.194      0.30775789   2.0930724e-09      -23.025851       -23.025851      -21244.336                                                  -21244.336
              4      -10645.745      0.30294803    2.194697e-09      -23.025851       -23.025851      -21245.438                                                  -21245.438
              3      -10645.084      0.29035534    2.324421e-09      -23.025851       -23.025851      -21244.116                                                  -21244.116
              1      -10645.901       0.3233864    2.049831e-09      -23.025851       -23.025851       -21245.75                                                   -21245.75
              3      -10643.717      0.36357295   1.7522818e-09      -23.025851       -23.025851      -21241.383                                                  -21241.383
              1      -10645.385      0.35083712    1.787692e-09      -23.025851       -23.025851      -21244.718                                                  -21244.718
              2      -10644.875      0.35782455    1.654042e-09      -23.025851       -23.025851      -21243.698                                                  -21243.698
              2      -10645.553      0.34080638    1.886444e-09      -23.025851       -23.025851      -21245.054                                                  -21245.054
              7      -10645.532      0.34182223   1.8769046e-09      -23.025851       -23.025851      -21245.013                                                  -21245.013
              1      -10645.674      0.30311677   2.3047826e-09      -23.025851       -23.025851      -21245.295                                                  -21245.295
              4      -10645.356      0.28461321   2.5408472e-09      -23.025851       -23.025851      -21244.661                                                  -21244.661
              2      -10645.156      0.28227588   2.5904963e-09      -23.025851       -23.025851       -21244.26                                                   -21244.26
              2      -10644.238      0.30137265   2.4067798e-09      -23.025851       -23.025851      -21242.423                                                  -21242.423
              2      -10645.814      0.32127455   2.0838533e-09      -23.025851       -23.025851      -21245.576                                                  -21245.576
              1      -10645.715      0.29209657   2.4130559e-09      -23.025851       -23.025851      -21245.377                                                  -21245.377
              1      -10645.723       0.2917485   2.4118831e-09      -23.025851       -23.025851      -21245.395                                                  -21245.395
              4       -10646.05      0.31901523   2.0726511e-09      -23.025851       -23.025851      -21246.048                                                  -21246.048
              7       -10646.04       0.3210443   2.0505137e-09      -23.025851       -23.025851      -21246.028                                                  -21246.028
              1      -10645.225       0.3412907   1.7793203e-09      -23.025851       -23.025851      -21244.399                                                  -21244.399
              1      -10644.113      0.31038004   2.2991184e-09      -23.025851       -23.025851      -21242.174                                                  -21242.174
              1      -10645.332      0.29283585   2.4542537e-09      -23.025851       -23.025851      -21244.611                                                  -21244.611
              4      -10645.993      0.30524911   2.2356185e-09      -23.025851       -23.025851      -21245.935                                                  -21245.935
              1       -10646.06      0.31247001    2.123731e-09      -23.025851       -23.025851      -21246.068                                                  -21246.068
              1      -10645.955      0.32605075   2.0097009e-09      -23.025851       -23.025851      -21245.858                                                  -21245.858
              4       -10645.35      0.31220255   2.0508634e-09      -23.025851       -23.025851      -21244.649                                                  -21244.649
              2      -10645.499      0.29410216   2.2998761e-09      -23.025851       -23.025851      -21244.946                                                  -21244.946
              4      -10645.788      0.32346964   1.9663313e-09      -23.025851       -23.025851      -21245.524                                                  -21245.524
              2      -10645.891      0.30713923   2.1561089e-09      -23.025851       -23.025851      -21245.729                                                  -21245.729
              2      -10645.757      0.29456166    2.327247e-09      -23.025851       -23.025851      -21245.463                                                  -21245.463
              2      -10645.995      0.31617488   2.1193503e-09      -23.025851       -23.025851      -21245.938                                                  -21245.938
              1      -10645.652      0.29411465   2.3174018e-09      -23.025851       -23.025851      -21245.251                                                  -21245.251
              2       -10644.84      0.30874208   2.0633611e-09      -23.025851       -23.025851      -21243.628                                                  -21243.628
              7      -10645.879      0.30282921   2.2135464e-09      -23.025851       -23.025851      -21245.705                                                  -21245.705
              2      -10645.792      0.29347733   2.3635931e-09      -23.025851       -23.025851      -21245.532                                                  -21245.532
              4      -10645.399      0.28291415   2.5410321e-09      -23.025851       -23.025851      -21244.746                                                  -21244.746
              2      -10644.833      0.32347189   2.1180516e-09      -23.025851       -23.025851      -21243.613                                                  -21243.613
              1      -10645.479      0.33453919   1.9620272e-09      -23.025851       -23.025851      -21244.907                                                  -21244.907
              1      -10644.881      0.34597193   1.8755256e-09      -23.025851       -23.025851      -21243.711                                                  -21243.711
              3      -10644.411      0.28700197   2.3360189e-09      -23.025851       -23.025851      -21242.771                                                  -21242.771
              4      -10645.363      0.28943075   2.3634016e-09      -23.025851       -23.025851      -21244.674                                                  -21244.674
              2       -10645.78      0.30551425   2.2669164e-09      -23.025851       -23.025851      -21245.509                                                  -21245.509
              1      -10645.748      0.29230429   2.4010628e-09      -23.025851       -23.025851      -21245.443                                                  -21245.443
              1      -10645.705      0.29042233   2.4085695e-09      -23.025851       -23.025851      -21245.358                                                  -21245.358
              4      -10646.032      0.30743157   2.2020848e-09      -23.025851       -23.025851      -21246.013                                                  -21246.013
              1      -10645.212      0.35166172   1.7121583e-09      -23.025851       -23.025851      -21244.373                                                  -21244.373
              1      -10645.128      0.35280567   1.6991857e-09      -23.025851       -23.025851      -21244.204                                                  -21244.204
              5      -10644.912      0.36103867   1.7188761e-09      -23.025851       -23.025851      -21243.773                                                  -21243.773
              7      -10644.887       0.3616859   1.7140081e-09      -23.025851       -23.025851      -21243.722                                                  -21243.722
              1      -10645.378      0.33472093   1.9668032e-09      -23.025851       -23.025851      -21244.704                                                  -21244.704
              3      -10644.592      0.34839603   1.8642912e-09      -23.025851       -23.025851      -21243.132                                                  -21243.132
              1      -10644.638       0.3324431   2.0275068e-09      -23.025851       -23.025851      -21243.224                                                  -21243.224
              1      -10644.489      0.32374667   2.1288519e-09      -23.025851       -23.025851      -21242.925                                                  -21242.925
              1      -10646.031      0.31000401   2.1451268e-09      -23.025851       -23.025851      -21246.011                                                  -21246.011
              3      -10645.827      0.33474227   1.9237275e-09      -23.025851       -23.025851      -21245.603                                                  -21245.603
              3      -10645.702      0.33133022   1.9798499e-09      -23.025851       -23.025851      -21245.353                                                  -21245.353
              1      -10645.799      0.32161149   2.0814241e-09      -23.025851       -23.025851      -21245.546                                                  -21245.546
              2      -10645.544      0.32188115   1.9620568e-09      -23.025851       -23.025851      -21245.036                                                  -21245.036
              3      -10643.049       0.3062989   2.0251904e-09      -23.025851       -23.025851      -21240.046                                                  -21240.046
              3      -10642.488      0.30223105   2.0560311e-09      -23.025851       -23.025851      -21238.924                                                  -21238.924
              2      -10643.606      0.34100667   1.7160187e-09      -23.025851       -23.025851       -21241.16                                                   -21241.16
              3      -10644.808      0.33379107   1.8164768e-09      -23.025851       -23.025851      -21243.565                                                  -21243.565
              7      -10644.645      0.30891343   2.0525511e-09      -23.025851       -23.025851      -21243.238                                                  -21243.238
              1      -10644.408      0.30782589   2.0551026e-09      -23.025851       -23.025851      -21242.765                                                  -21242.765
              2      -10642.902      0.30041258   2.0904708e-09      -23.025851       -23.025851      -21239.752                                                  -21239.752
              2      -10642.307      0.29927617   2.0866425e-09      -23.025851       -23.025851      -21238.563                                                  -21238.563
              1      -10642.414      0.30840134   1.9832445e-09      -23.025851       -23.025851      -21238.776                                                  -21238.776
              1      -10644.989      0.31552871   1.9954455e-09      -23.025851       -23.025851      -21243.927                                                  -21243.927
              1      -10645.981      0.31704912   2.0528586e-09      -23.025851       -23.025851       -21245.91                                                   -21245.91
              2      -10645.839      0.30366361   2.1959722e-09      -23.025851       -23.025851      -21245.626                                                  -21245.626
              6      -10645.714      0.29132315   2.3843453e-09      -23.025851       -23.025851      -21245.376                                                  -21245.376
              6      -10646.017      0.30883917   2.1567524e-09      -23.025851       -23.025851      -21245.983                                                  -21245.983
              2      -10644.366      0.29116987   2.2701109e-09      -23.025851       -23.025851       -21242.68                                                   -21242.68
              1      -10645.944      0.32400751   2.0363609e-09      -23.025851       -23.025851      -21245.836                                                  -21245.836
              1      -10645.817      0.29777096   2.2821736e-09      -23.025851       -23.025851      -21245.583                                                  -21245.583
              3      -10645.803      0.29851043   2.2674584e-09      -23.025851       -23.025851      -21245.554                                                  -21245.554
              4      -10645.879      0.33216342   1.9071332e-09      -23.025851       -23.025851      -21245.707                                                  -21245.707
              3      -10645.441      0.30420904   2.3105209e-09      -23.025851       -23.025851      -21244.831                                                  -21244.831
              1      -10646.036       0.3218568   2.0412231e-09      -23.025851       -23.025851      -21246.021                                                  -21246.021
              3      -10645.431      0.33315993   1.8544479e-09      -23.025851       -23.025851      -21244.811                                                  -21244.811
              1      -10644.673      0.35877044   1.6368503e-09      -23.025851       -23.025851      -21243.295                                                  -21243.295
              1      -10645.158      0.35907982   1.6752897e-09      -23.025851       -23.025851      -21244.265                                                  -21244.265
              6      -10645.796      0.33276401   1.9529982e-09      -23.025851       -23.025851      -21245.541                                                  -21245.541
              1      -10645.778      0.32978928   1.9899027e-09      -23.025851       -23.025851      -21245.505                                                  -21245.505
              2      -10645.996      0.30793318   2.1637594e-09      -23.025851       -23.025851      -21245.941                                                  -21245.941
              3      -10645.355      0.28407963   2.4647516e-09      -23.025851       -23.025851      -21244.658                                                  -21244.658
              6      -10644.535      0.29304163   2.2512852e-09      -23.025851       -23.025851      -21243.019                                                  -21243.019
              1      -10644.467       0.3077262   2.0586701e-09      -23.025851       -23.025851      -21242.883                                                  -21242.883
              2      -10645.913       0.3018249   2.2875678e-09      -23.025851       -23.025851      -21245.774                                                  -21245.774
              3       -10645.77      0.31167922   2.1976497e-09      -23.025851       -23.025851      -21245.488                                                  -21245.488
              1      -10646.061      0.31048122   2.1546756e-09      -23.025851       -23.025851      -21246.071                                                  -21246.071
              2      -10645.655      0.30744229   2.2564983e-09      -23.025851       -23.025851      -21245.257                                                  -21245.257
              1       -10645.72       0.3070678   2.2551123e-09      -23.025851       -23.025851      -21245.389                                                  -21245.389
              4      -10645.258      0.35688628   1.6965958e-09      -23.025851       -23.025851      -21244.464                                                  -21244.464
              1      -10645.282       0.3560221   1.7023727e-09      -23.025851       -23.025851      -21244.513                                                  -21244.513
              2      -10645.867      0.31470042   2.0631607e-09      -23.025851       -23.025851      -21245.683                                                  -21245.683
              6      -10645.638      0.30865106   2.1117964e-09      -23.025851       -23.025851      -21245.224                                                  -21245.224
              2      -10645.122      0.31712012   2.1770495e-09      -23.025851       -23.025851      -21244.192                                                  -21244.192
              1      -10645.278      0.30831384   2.2719958e-09      -23.025851       -23.025851      -21244.505                                                  -21244.505
              2      -10645.603      0.30392025    2.168373e-09      -23.025851       -23.025851      -21245.155                                                  -21245.155
              2      -10644.165      0.27584094   2.5162379e-09      -23.025851       -23.025851      -21242.278                                                  -21242.278
              1      -10642.366      0.26896439   2.5552761e-09      -23.025851       -23.025851      -21238.681                                                  -21238.681
              2       -10641.79      0.32913606   2.1449358e-09      -23.025851       -23.025851      -21237.528                                                  -21237.528
              5      -10644.095      0.32432551   2.1364008e-09      -23.025851       -23.025851      -21242.139                                                  -21242.139
              2      -10644.898      0.32041944   2.1497528e-09      -23.025851       -23.025851      -21243.744                                                  -21243.744
              1      -10644.483      0.29679859    2.454972e-09      -23.025851       -23.025851      -21242.914                                                  -21242.914
              2      -10645.601      0.34267961   1.8014932e-09      -23.025851       -23.025851      -21245.151                                                  -21245.151
              3      -10645.975      0.32651887   1.9664271e-09      -23.025851       -23.025851      -21245.899                                                  -21245.899
              1      -10645.866      0.29808083   2.2876036e-09      -23.025851       -23.025851       -21245.68                                                   -21245.68
              1      -10645.958      0.31541078   2.0667814e-09      -23.025851       -23.025851      -21245.864                                                  -21245.864
             10      -10646.034      0.32332397   2.0202879e-09      -23.025851       -23.025851      -21246.017                                                  -21246.017
              2      -10645.834      0.33530032   1.8797831e-09      -23.025851       -23.025851      -21245.615                                                  -21245.615
              1      -10644.958      0.34489022   1.8827898e-09      -23.025851       -23.025851      -21243.864                                                  -21243.864
              2      -10645.821      0.29984971   2.3236254e-09      -23.025851       -23.025851      -21245.589                                                  -21245.589
              1       -10644.54      0.33707069   1.7787714e-09      -23.025851       -23.025851      -21243.029                                                  -21243.029
              1      -10644.484      0.34356118   1.7270375e-09      -23.025851       -23.025851      -21242.916                                                  -21242.916
              1      -10644.091      0.32300936     2.15142e-09      -23.025851       -23.025851       -21242.13                                                   -21242.13
              4      -10645.537      0.28836471   2.4788339e-09      -23.025851       -23.025851      -21245.021                                                  -21245.021
              1      -10645.425      0.31093799   2.2321428e-09      -23.025851       -23.025851      -21244.798                                                  -21244.798
              1      -10645.634      0.32137752   2.0978873e-09      -23.025851       -23.025851      -21245.216                                                  -21245.216
              3      -10645.286        0.325655    2.071781e-09      -23.025851       -23.025851       -21244.52                                                   -21244.52
              1      -10645.202      0.32550833   2.0779058e-09      -23.025851       -23.025851      -21244.351                                                  -21244.351
              2      -10645.402       0.3162324   2.1719842e-09      -23.025851       -23.025851      -21244.752                                                  -21244.752
              2      -10645.912      0.33289749   1.9153316e-09      -23.025851       -23.025851      -21245.772                                                  -21245.772
              1      -10644.348      0.31803617   2.1993951e-09      -23.025851       -23.025851      -21242.645                                                  -21242.645
              3      -10645.926       0.3126206    2.169921e-09      -23.025851       -23.025851      -21245.801                                                  -21245.801
              1      -10645.825      0.31309336   2.1761986e-09      -23.025851       -23.025851      -21245.598                                                  -21245.598
              2      -10645.001      0.36323373   1.6429682e-09      -23.025851       -23.025851       -21243.95                                                   -21243.95
              2      -10645.927      0.30714877   2.2303614e-09      -23.025851       -23.025851      -21245.802                                                  -21245.802
              1       -10644.64      0.31736031   2.1959372e-09      -23.025851       -23.025851      -21243.228                                                  -21243.228
              2      -10644.808      0.29359225    2.479804e-09      -23.025851       -23.025851      -21243.564                                                  -21243.564
              4       -10645.51      0.28497814   2.4907011e-09      -23.025851       -23.025851      -21244.968                                                  -21244.968
              1      -10645.962      0.31730828   2.1117302e-09      -23.025851       -23.025851      -21245.872                                                  -21245.872
              2      -10645.745       0.2924289   2.3684937e-09      -23.025851       -23.025851      -21245.438                                                  -21245.438
              2      -10645.643      0.29140082   2.3649283e-09      -23.025851       -23.025851      -21245.235                                                  -21245.235
              3      -10643.447      0.28456453   2.3291638e-09      -23.025851       -23.025851      -21240.842                                                  -21240.842
              1      -10643.263      0.28608997   2.2983208e-09      -23.025851       -23.025851      -21240.475                                                  -21240.475
              1      -10642.579      0.28807491   2.2443832e-09      -23.025851       -23.025851      -21239.107                                                  -21239.107
              2      -10642.983      0.35070328   1.6282037e-09      -23.025851       -23.025851      -21239.915                                                  -21239.915
              5      -10645.636      0.32995542   1.8957463e-09      -23.025851       -23.025851      -21245.219                                                  -21245.219
              2      -10645.652        0.325431   1.9365872e-09      -23.025851       -23.025851      -21245.253                                                  -21245.253
              1      -10645.013      0.33915615   1.7834379e-09      -23.025851       -23.025851      -21243.974                                                  -21243.974
              2      -10645.282      0.34796317   1.8304354e-09      -23.025851       -23.025851      -21244.512                                                  -21244.512
              2      -10644.997      0.36072408    1.714708e-09      -23.025851       -23.025851      -21243.942                                                  -21243.942
              4      -10645.686      0.34312008   1.8160776e-09      -23.025851       -23.025851       -21245.32                                                   -21245.32
              1      -10645.992      0.32737511   1.9684674e-09      -23.025851       -23.025851      -21245.931                                                  -21245.931
              1      -10645.917      0.32440723   1.9727126e-09      -23.025851       -23.025851      -21245.783                                                  -21245.783
              6      -10643.813      0.35338918   1.6346405e-09      -23.025851       -23.025851      -21241.574                                                  -21241.574
              3      -10645.352      0.35505987   1.7306182e-09      -23.025851       -23.025851      -21244.653                                                  -21244.653
              1      -10645.935      0.30422664   2.2596505e-09      -23.025851       -23.025851      -21245.818                                                  -21245.818
              1      -10645.972      0.30428402   2.2506811e-09      -23.025851       -23.025851      -21245.892                                                  -21245.892
             10      -10645.755      0.29217089   2.3958894e-09      -23.025851       -23.025851      -21245.459                                                  -21245.459
              1      -10645.121      0.30281118   2.3473058e-09      -23.025851       -23.025851       -21244.19                                                   -21244.19
              2       -10645.12      0.29795991   2.4069411e-09      -23.025851       -23.025851      -21244.188                                                  -21244.188
              1      -10645.851       0.3101869   2.2064638e-09      -23.025851       -23.025851       -21245.65                                                   -21245.65
              2      -10645.734      0.31505229   2.1621484e-09      -23.025851       -23.025851      -21245.417                                                  -21245.417
              2      -10645.878      0.29966195   2.3148629e-09      -23.025851       -23.025851      -21245.705                                                  -21245.705
              1      -10645.329        0.299095   2.2123428e-09      -23.025851       -23.025851      -21244.605                                                  -21244.605
              3      -10645.056      0.34065876   1.7743965e-09      -23.025851       -23.025851      -21244.061                                                  -21244.061
              1      -10645.949      0.33064236   1.9383593e-09      -23.025851       -23.025851      -21245.847                                                  -21245.847
              2      -10645.552      0.30267136   2.1806079e-09      -23.025851       -23.025851      -21245.052                                                  -21245.052
              2      -10645.805      0.32924533    1.917753e-09      -23.025851       -23.025851      -21245.559                                                  -21245.559
              4      -10645.998      0.31061313   2.1291764e-09      -23.025851       -23.025851      -21245.944                                                  -21245.944
              2      -10645.945      0.31768349   2.1099358e-09      -23.025851       -23.025851      -21245.838                                                  -21245.838
              1      -10644.968      0.30894702   2.2809264e-09      -23.025851       -23.025851      -21243.884                                                  -21243.884
              5      -10644.896      0.31149835   2.2538045e-09      -23.025851       -23.025851      -21243.741                                                  -21243.741
              2      -10645.725      0.33186744   1.8882621e-09      -23.025851       -23.025851      -21245.398                                                  -21245.398
              2      -10646.041      0.32141981   2.0448678e-09      -23.025851       -23.025851      -21246.031                                                  -21246.031
              1      -10646.034      0.31406435   2.1349691e-09      -23.025851       -23.025851      -21246.016                                                  -21246.016
              1      -10645.621       0.2973929   2.3750384e-09      -23.025851       -23.025851       -21245.19                                                   -21245.19
              1      -10645.402      0.28381983   2.4801778e-09      -23.025851       -23.025851      -21244.752                                                  -21244.752
              1       -10645.89      0.29912114   2.2750529e-09      -23.025851       -23.025851      -21245.727                                                  -21245.727
              2      -10645.908      0.31018678   2.1996227e-09      -23.025851       -23.025851      -21245.764                                                  -21245.764
              1      -10645.622      0.29985567   2.3470068e-09      -23.025851       -23.025851      -21245.192                                                  -21245.192
              1      -10644.818      0.28223498   2.4426724e-09      -23.025851       -23.025851      -21243.583                                                  -21243.583
              3      -10645.544      0.29850057   2.2376879e-09      -23.025851       -23.025851      -21245.036                                                  -21245.036
              6      -10645.533      0.29824579   2.2404022e-09      -23.025851       -23.025851      -21245.014                                                  -21245.014
              1       -10645.24      0.32553942   2.0755525e-09      -23.025851       -23.025851      -21244.428                                                  -21244.428
              3      -10644.683      0.30031792    2.400761e-09      -23.025851       -23.025851      -21243.315                                                  -21243.315
              2      -10644.682      0.30036133   2.4003023e-09      -23.025851       -23.025851      -21243.311                                                  -21243.311
              1      -10645.079      0.29227747   2.4798197e-09      -23.025851       -23.025851      -21244.107                                                  -21244.107
              2      -10645.913      0.29859477      2.3085e-09      -23.025851       -23.025851      -21245.775                                                  -21245.775
              2       -10645.61      0.31598848    2.161146e-09      -23.025851       -23.025851      -21245.168                                                  -21245.168
              3      -10644.581      0.36109083   1.7397349e-09      -23.025851       -23.025851       -21243.11                                                   -21243.11
              3      -10645.282      0.35722548   1.7085418e-09      -23.025851       -23.025851      -21244.513                                                  -21244.513
              1      -10645.789       0.2932408   2.3779298e-09      -23.025851       -23.025851      -21245.525                                                  -21245.525
              1       -10645.79      0.29324511   2.3749237e-09      -23.025851       -23.025851      -21245.528                                                  -21245.528
              1      -10645.845      0.32034791   2.0912891e-09      -23.025851       -23.025851      -21245.638                                                  -21245.638
              1      -10645.962      0.31538944   2.1336649e-09      -23.025851       -23.025851      -21245.872                                                  -21245.872
              1      -10646.041      0.32253943   2.0191169e-09      -23.025851       -23.025851       -21246.03                                                   -21246.03
              1      -10646.044      0.30860433   2.1862312e-09      -23.025851       -23.025851      -21246.037                                                  -21246.037
              3      -10645.315      0.29841841   2.2207678e-09      -23.025851       -23.025851      -21244.577                                                  -21244.577
              3       -10645.53      0.29115807   2.3523536e-09      -23.025851       -23.025851      -21245.009                                                  -21245.009
              1       -10644.36       0.3523485   1.6614365e-09      -23.025851       -23.025851      -21242.668                                                  -21242.668
              1       -10645.03      0.35496907   1.6800381e-09      -23.025851       -23.025851      -21244.008                                                  -21244.008
              2      -10645.933       0.2995245   2.2949398e-09      -23.025851       -23.025851      -21245.813                                                  -21245.813
              1      -10645.922      0.29891715   2.2995364e-09      -23.025851       -23.025851      -21245.793                                                  -21245.793
              4      -10645.797      0.30454474   2.2759007e-09      -23.025851       -23.025851      -21245.543                                                  -21245.543
              1      -10645.643       0.2943763    2.311875e-09      -23.025851       -23.025851      -21245.235                                                  -21245.235
              1      -10645.769      0.32248982   1.9738274e-09      -23.025851       -23.025851      -21245.487                                                  -21245.487
              1      -10644.359      0.34762322    1.693157e-09      -23.025851       -23.025851      -21242.666                                                  -21242.666
              3      -10645.154       0.3510777    1.710881e-09      -23.025851       -23.025851      -21244.257                                                  -21244.257
              1      -10645.214      0.35042255   1.7191745e-09      -23.025851       -23.025851      -21244.376                                                  -21244.376
              1      -10645.159       0.3451044   1.7487449e-09      -23.025851       -23.025851      -21244.265                                                  -21244.265
              1      -10645.665      0.32773498   2.0236893e-09      -23.025851       -23.025851      -21245.279                                                  -21245.279
              2      -10645.944      0.31804573   2.1058239e-09      -23.025851       -23.025851      -21245.837                                                  -21245.837
              2      -10645.697      0.34292529   1.8202973e-09      -23.025851       -23.025851      -21245.342                                                  -21245.342
              2       -10646.05      0.31745939   2.0640729e-09      -23.025851       -23.025851      -21246.048                                                  -21246.048
              7      -10645.924       0.3044779    2.259176e-09      -23.025851       -23.025851      -21245.795                                                  -21245.795
              2      -10646.071      0.31415448   2.1111347e-09      -23.025851       -23.025851      -21246.091                                                  -21246.091
              1      -10646.035      0.32072406   2.0287204e-09      -23.025851       -23.025851      -21246.018                                                  -21246.018
              1      -10645.321      0.33755028   1.9397352e-09      -23.025851       -23.025851      -21244.591                                                  -21244.591
              3      -10645.766      0.32422091   2.0547866e-09      -23.025851       -23.025851       -21245.48                                                   -21245.48
              3      -10645.653      0.34477242   1.8059336e-09      -23.025851       -23.025851      -21245.255                                                  -21245.255
              2      -10645.631      0.34519293   1.7975027e-09      -23.025851       -23.025851       -21245.21                                                   -21245.21
              1      -10644.755      0.31921595    2.169734e-09      -23.025851       -23.025851      -21243.458                                                  -21243.458
