[output] Output to be read-from/written-into folder '/pscratch/sd/l/lialubit/run_task_1', with prefix 'chain'
[output] Output to be read-from/written-into folder '/pscratch/sd/l/lialubit/run_task_2', with prefix 'chain'
[output] Output to be read-from/written-into folder '/pscratch/sd/l/lialubit/run_task_3', with prefix 'chain'
[output] Output to be read-from/written-into folder '/pscratch/sd/l/lialubit/run_task_0', with prefix 'chain'
LOADING FILE: /global/homes/l/lialubit/DESIxSO/functions_and_classes.py
Initializing SO_x_DESI_Likelihood...
  Loading lens shot noise from: data/DESI_shot_noise.npy
  Loading source shape noise from: data/DESI_shape_noise_bin1.npy
  Loading CMB noise from: data/SO_CMB_noise.npy
  Loaded lens data from data/DESI_lens_data.npy
  Loaded source data from: data/HSC_dist_0_3_bin1.npy
  Loading observed data vector from: cobaya_data/emulated_lensing_ratios_waw0_source_bin1_all_lens_bins_data_vector.npy
  Loading covariance matrix from: cobaya_data/emulated_lensing_ratios_waw0_source_bin1_all_lens_bins_covariance_matrix.npy
SO_x_DESI_Likelihood initialized successfully.
[mcmc] *WARNING* This run has been SEEDED with seed 1235
LOADING FILE: /global/homes/l/lialubit/DESIxSO/functions_and_classes.py
Initializing SO_x_DESI_Likelihood...
  Loading lens shot noise from: data/DESI_shot_noise.npy
  Loading source shape noise from: data/DESI_shape_noise_bin1.npy
  Loading CMB noise from: data/SO_CMB_noise.npy
  Loaded lens data from data/DESI_lens_data.npy
  Loaded source data from: data/HSC_dist_0_3_bin1.npy
  Loading observed data vector from: cobaya_data/emulated_lensing_ratios_waw0_source_bin1_all_lens_bins_data_vector.npy
  Loading covariance matrix from: cobaya_data/emulated_lensing_ratios_waw0_source_bin1_all_lens_bins_covariance_matrix.npy
SO_x_DESI_Likelihood initialized successfully.
[mcmc] *WARNING* This run has been SEEDED with seed 1234
LOADING FILE: /global/homes/l/lialubit/DESIxSO/functions_and_classes.py
Initializing SO_x_DESI_Likelihood...
  Loading lens shot noise from: data/DESI_shot_noise.npy
  Loading source shape noise from: data/DESI_shape_noise_bin1.npy
  Loading CMB noise from: data/SO_CMB_noise.npy
  Loaded lens data from data/DESI_lens_data.npy
  Loaded source data from: data/HSC_dist_0_3_bin1.npy
  Loading observed data vector from: cobaya_data/emulated_lensing_ratios_waw0_source_bin1_all_lens_bins_data_vector.npy
  Loading covariance matrix from: cobaya_data/emulated_lensing_ratios_waw0_source_bin1_all_lens_bins_covariance_matrix.npy
SO_x_DESI_Likelihood initialized successfully.
[mcmc] *WARNING* This run has been SEEDED with seed 1237
[mcmc] Getting initial point... (this may take a few seconds)
[mcmc] Getting initial point... (this may take a few seconds)
[mcmc] Getting initial point... (this may take a few seconds)
LOADING FILE: /global/homes/l/lialubit/DESIxSO/functions_and_classes.py
Initializing SO_x_DESI_Likelihood...
  Loading lens shot noise from: data/DESI_shot_noise.npy
  Loading source shape noise from: data/DESI_shape_noise_bin1.npy
  Loading CMB noise from: data/SO_CMB_noise.npy
  Loaded lens data from data/DESI_lens_data.npy
  Loaded source data from: data/HSC_dist_0_3_bin1.npy
  Loading observed data vector from: cobaya_data/emulated_lensing_ratios_waw0_source_bin1_all_lens_bins_data_vector.npy
  Loading covariance matrix from: cobaya_data/emulated_lensing_ratios_waw0_source_bin1_all_lens_bins_covariance_matrix.npy
SO_x_DESI_Likelihood initialized successfully.
[mcmc] *WARNING* This run has been SEEDED with seed 1236
[mcmc] Getting initial point... (this may take a few seconds)
[jax._src.xla_bridge] Unable to initialize backend 'tpu': INTERNAL: Failed to open libtpu.so: libtpu.so: cannot open shared object file: No such file or directory
[jax._src.xla_bridge] Unable to initialize backend 'tpu': INTERNAL: Failed to open libtpu.so: libtpu.so: cannot open shared object file: No such file or directory
[jax._src.xla_bridge] Unable to initialize backend 'tpu': INTERNAL: Failed to open libtpu.so: libtpu.so: cannot open shared object file: No such file or directory
[jax._src.xla_bridge] Unable to initialize backend 'tpu': INTERNAL: Failed to open libtpu.so: libtpu.so: cannot open shared object file: No such file or directory
[mcmc] Initial point: Omega_m:0.3346741, wa:-0.7495742, w0:-0.7179913
[model] Measuring speeds... (this may take a few seconds)
[mcmc] Initial point: Omega_m:0.3126217, wa:-0.6630192, w0:-0.8847971
[model] Measuring speeds... (this may take a few seconds)
[mcmc] Initial point: Omega_m:0.3321019, wa:-0.8142583, w0:-0.5527484
[model] Measuring speeds... (this may take a few seconds)
[mcmc] Initial point: Omega_m:0.3161738, wa:-0.9667531, w0:-0.6477198
[model] Measuring speeds... (this may take a few seconds)
[model] Setting measured speeds (per sec): {functions_and_classes.SO_x_DESI_Likelihood_w_emulator: 0.314}
[mcmc] Covariance matrix not present. We will start learning the covariance of the proposal earlier: R-1 = 30 (would be 2 if all params loaded).
[mcmc] Sampling!
[model] Setting measured speeds (per sec): {functions_and_classes.SO_x_DESI_Likelihood_w_emulator: 0.311}
[mcmc] Covariance matrix not present. We will start learning the covariance of the proposal earlier: R-1 = 30 (would be 2 if all params loaded).
[mcmc] Sampling!
[model] Setting measured speeds (per sec): {functions_and_classes.SO_x_DESI_Likelihood_w_emulator: 0.312}
[mcmc] Covariance matrix not present. We will start learning the covariance of the proposal earlier: R-1 = 30 (would be 2 if all params loaded).
[mcmc] Sampling!
[model] Setting measured speeds (per sec): {functions_and_classes.SO_x_DESI_Likelihood_w_emulator: 0.306}
[mcmc] Covariance matrix not present. We will start learning the covariance of the proposal earlier: R-1 = 30 (would be 2 if all params loaded).
[mcmc] Sampling!
[mcmc] Progress @ 2026-06-12 03:59:30 : 1 steps taken, and 0 accepted.
[mcmc] Progress @ 2026-06-12 03:59:30 : 1 steps taken, and 0 accepted.
[mcmc] Progress @ 2026-06-12 03:59:30 : 1 steps taken, and 0 accepted.
[mcmc] Progress @ 2026-06-12 03:59:30 : 1 steps taken, and 0 accepted.
[mcmc] Progress @ 2026-06-12 04:00:30 : 20 steps taken, and 16 accepted.
[mcmc] Progress @ 2026-06-12 04:00:30 : 20 steps taken, and 14 accepted.
[mcmc] Progress @ 2026-06-12 04:00:32 : 20 steps taken, and 14 accepted.
[mcmc] Progress @ 2026-06-12 04:00:32 : 20 steps taken, and 14 accepted.
[mcmc] Progress @ 2026-06-12 04:01:30 : 39 steps taken, and 31 accepted.
[mcmc] Progress @ 2026-06-12 04:01:31 : 39 steps taken, and 30 accepted.
[mcmc] Progress @ 2026-06-12 04:01:33 : 39 steps taken, and 28 accepted.
[mcmc] Progress @ 2026-06-12 04:01:34 : 43 steps taken, and 27 accepted.
[mcmc] Progress @ 2026-06-12 04:02:31 : 60 steps taken, and 48 accepted.
[mcmc] Progress @ 2026-06-12 04:02:31 : 58 steps taken, and 46 accepted.
[mcmc] Progress @ 2026-06-12 04:02:35 : 58 steps taken, and 45 accepted.
[mcmc] Progress @ 2026-06-12 04:02:35 : 62 steps taken, and 43 accepted.
[mcmc] Progress @ 2026-06-12 04:03:32 : 77 steps taken, and 60 accepted.
[mcmc] Progress @ 2026-06-12 04:03:32 : 80 steps taken, and 66 accepted.
[mcmc] Progress @ 2026-06-12 04:03:37 : 78 steps taken, and 61 accepted.
[mcmc] Progress @ 2026-06-12 04:03:37 : 84 steps taken, and 60 accepted.
[mcmc] Progress @ 2026-06-12 04:04:32 : 96 steps taken, and 76 accepted.
[mcmc] Progress @ 2026-06-12 04:04:33 : 99 steps taken, and 82 accepted.
[mcmc] Progress @ 2026-06-12 04:04:39 : 97 steps taken, and 77 accepted.
[mcmc] Progress @ 2026-06-12 04:04:39 : 103 steps taken, and 75 accepted.
[mcmc] Progress @ 2026-06-12 04:05:33 : 121 steps taken, and 93 accepted.
[mcmc] Progress @ 2026-06-12 04:05:33 : 119 steps taken, and 98 accepted.
[mcmc] Progress @ 2026-06-12 04:05:40 : 116 steps taken, and 93 accepted.
[mcmc] Progress @ 2026-06-12 04:05:41 : 122 steps taken, and 94 accepted.
[mcmc] Progress @ 2026-06-12 04:06:33 : 140 steps taken, and 109 accepted.
[mcmc] Progress @ 2026-06-12 04:06:34 : 138 steps taken, and 114 accepted.
[mcmc] Progress @ 2026-06-12 04:06:42 : 135 steps taken, and 107 accepted.
[mcmc] Progress @ 2026-06-12 04:06:42 : 142 steps taken, and 110 accepted.
[mcmc] Learn + convergence test @ 120 samples accepted.
[mcmc]  - Acceptance rate: 0.835
[mcmc]  - Convergence of means: R-1 = 3.948082 after 96 accepted steps
[mcmc]  - Updated covariance matrix of proposal pdf.
[mcmc] Learn + convergence test @ 120 samples accepted.
[mcmc]  - Acceptance rate: 0.787
[mcmc]  - Convergence of means: R-1 = 9.719681 after 96 accepted steps
[mcmc]  - Updated covariance matrix of proposal pdf.
[mcmc] Learn + convergence test @ 120 samples accepted.
[mcmc]  - Acceptance rate: 0.793
[mcmc]  - Convergence of means: R-1 = 6.615161 after 96 accepted steps
[mcmc]  - Updated covariance matrix of proposal pdf.
[mcmc] Progress @ 2026-06-12 04:07:34 : 164 steps taken, and 127 accepted.
[mcmc] Progress @ 2026-06-12 04:07:34 : 160 steps taken, and 129 accepted.
[mcmc] Progress @ 2026-06-12 04:07:43 : 154 steps taken, and 119 accepted.
[mcmc] Progress @ 2026-06-12 04:07:44 : 163 steps taken, and 125 accepted.
[mcmc] Learn + convergence test @ 120 samples accepted.
[mcmc]  - Acceptance rate: 0.793
[mcmc]  - Convergence of means: R-1 = 6.079895 after 96 accepted steps
[mcmc]  - Updated covariance matrix of proposal pdf.
[mcmc] Progress @ 2026-06-12 04:08:35 : 186 steps taken, and 144 accepted.
[mcmc] Progress @ 2026-06-12 04:08:35 : 183 steps taken, and 144 accepted.
[mcmc] Progress @ 2026-06-12 04:08:45 : 175 steps taken, and 135 accepted.
[mcmc] Progress @ 2026-06-12 04:08:45 : 182 steps taken, and 142 accepted.
[mcmc] Progress @ 2026-06-12 04:09:35 : 213 steps taken, and 160 accepted.
[mcmc] Progress @ 2026-06-12 04:09:36 : 204 steps taken, and 161 accepted.
[mcmc] Progress @ 2026-06-12 04:09:47 : 205 steps taken, and 156 accepted.
[mcmc] Progress @ 2026-06-12 04:09:47 : 195 steps taken, and 146 accepted.
[mcmc] Progress @ 2026-06-12 04:10:36 : 234 steps taken, and 177 accepted.
[mcmc] Progress @ 2026-06-12 04:10:36 : 227 steps taken, and 178 accepted.
[mcmc] Progress @ 2026-06-12 04:10:48 : 233 steps taken, and 169 accepted.
[mcmc] Progress @ 2026-06-12 04:10:49 : 214 steps taken, and 162 accepted.
[mcmc] Progress @ 2026-06-12 04:11:37 : 249 steps taken, and 194 accepted.
[mcmc] Progress @ 2026-06-12 04:11:37 : 253 steps taken, and 194 accepted.
[mcmc] Progress @ 2026-06-12 04:11:50 : 258 steps taken, and 183 accepted.
[mcmc] Progress @ 2026-06-12 04:11:50 : 236 steps taken, and 178 accepted.
[mcmc] Progress @ 2026-06-12 04:12:38 : 276 steps taken, and 211 accepted.
[mcmc] Progress @ 2026-06-12 04:12:38 : 270 steps taken, and 207 accepted.
[mcmc] Progress @ 2026-06-12 04:12:52 : 279 steps taken, and 199 accepted.
[mcmc] Progress @ 2026-06-12 04:12:52 : 261 steps taken, and 193 accepted.
[mcmc] Progress @ 2026-06-12 04:13:39 : 295 steps taken, and 229 accepted.
[mcmc] Progress @ 2026-06-12 04:13:39 : 294 steps taken, and 221 accepted.
[mcmc] Progress @ 2026-06-12 04:13:54 : 283 steps taken, and 209 accepted.
[mcmc] Progress @ 2026-06-12 04:13:54 : 298 steps taken, and 213 accepted.
[mcmc] Learn + convergence test @ 240 samples accepted.
[mcmc]  - Acceptance rate: 0.777
[mcmc]  - Convergence of means: R-1 = 3.802990 after 192 accepted steps
[mcmc]  - Updated covariance matrix of proposal pdf.
[mcmc] Progress @ 2026-06-12 04:14:40 : 315 steps taken, and 247 accepted.
[mcmc] Progress @ 2026-06-12 04:14:41 : 317 steps taken, and 236 accepted.
[mcmc] Progress @ 2026-06-12 04:14:57 : 302 steps taken, and 223 accepted.
[mcmc] Progress @ 2026-06-12 04:14:57 : 322 steps taken, and 228 accepted.
[mcmc] Learn + convergence test @ 240 samples accepted.
[mcmc]  - Acceptance rate: 0.725
[mcmc]  - Convergence of means: R-1 = 0.900487 after 192 accepted steps
[mcmc]  - Updated covariance matrix of proposal pdf.
[mcmc] Progress @ 2026-06-12 04:15:41 : 345 steps taken, and 250 accepted.
[mcmc] Progress @ 2026-06-12 04:15:41 : 342 steps taken, and 265 accepted.
[mcmc] Learn + convergence test @ 240 samples accepted.
[mcmc]  - Acceptance rate: 0.696
[mcmc]  - Convergence of means: R-1 = 1.194223 after 192 accepted steps
[mcmc]  - Updated covariance matrix of proposal pdf.
[mcmc] Progress @ 2026-06-12 04:15:58 : 321 steps taken, and 238 accepted.
[mcmc] Progress @ 2026-06-12 04:15:59 : 345 steps taken, and 241 accepted.
[mcmc] Learn + convergence test @ 240 samples accepted.
[mcmc]  - Acceptance rate: 0.722
[mcmc]  - Convergence of means: R-1 = 2.484467 after 192 accepted steps
[mcmc]  - Updated covariance matrix of proposal pdf.
[mcmc] Progress @ 2026-06-12 04:16:42 : 373 steps taken, and 264 accepted.
[mcmc] Progress @ 2026-06-12 04:16:42 : 367 steps taken, and 279 accepted.
[mcmc] Progress @ 2026-06-12 04:17:00 : 340 steps taken, and 249 accepted.
[mcmc] Progress @ 2026-06-12 04:17:01 : 368 steps taken, and 257 accepted.
[mcmc] Progress @ 2026-06-12 04:17:42 : 396 steps taken, and 278 accepted.
[mcmc] Progress @ 2026-06-12 04:17:43 : 389 steps taken, and 295 accepted.
[mcmc] Progress @ 2026-06-12 04:18:01 : 362 steps taken, and 259 accepted.
[mcmc] Progress @ 2026-06-12 04:18:02 : 390 steps taken, and 270 accepted.
[mcmc] Progress @ 2026-06-12 04:18:42 : 434 steps taken, and 290 accepted.
[mcmc] Progress @ 2026-06-12 04:18:43 : 413 steps taken, and 309 accepted.
[mcmc] Progress @ 2026-06-12 04:19:03 : 384 steps taken, and 276 accepted.
[mcmc] Progress @ 2026-06-12 04:19:04 : 411 steps taken, and 279 accepted.
[mcmc] Progress @ 2026-06-12 04:19:43 : 468 steps taken, and 304 accepted.
[mcmc] Progress @ 2026-06-12 04:19:44 : 437 steps taken, and 323 accepted.
[mcmc] Progress @ 2026-06-12 04:20:05 : 409 steps taken, and 289 accepted.
[mcmc] Progress @ 2026-06-12 04:20:06 : 432 steps taken, and 289 accepted.
[mcmc] Progress @ 2026-06-12 04:20:43 : 502 steps taken, and 319 accepted.
[mcmc] Progress @ 2026-06-12 04:20:45 : 476 steps taken, and 337 accepted.
[mcmc] Progress @ 2026-06-12 04:21:07 : 431 steps taken, and 298 accepted.
[mcmc] Progress @ 2026-06-12 04:21:08 : 453 steps taken, and 303 accepted.
[mcmc] Progress @ 2026-06-12 04:21:44 : 528 steps taken, and 330 accepted.
[mcmc] Progress @ 2026-06-12 04:21:45 : 504 steps taken, and 350 accepted.
[mcmc] Progress @ 2026-06-12 04:22:09 : 452 steps taken, and 312 accepted.
[mcmc] Progress @ 2026-06-12 04:22:09 : 480 steps taken, and 315 accepted.
[mcmc] Learn + convergence test @ 360 samples accepted.
[mcmc]  - Acceptance rate: 0.668
[mcmc]  - Convergence of means: R-1 = 1.292326 after 288 accepted steps
[mcmc]  - Updated covariance matrix of proposal pdf.
[mcmc] Progress @ 2026-06-12 04:22:44 : 552 steps taken, and 343 accepted.
[mcmc] Progress @ 2026-06-12 04:22:46 : 532 steps taken, and 366 accepted.
[mcmc] Progress @ 2026-06-12 04:23:11 : 504 steps taken, and 332 accepted.
[mcmc] Progress @ 2026-06-12 04:23:11 : 472 steps taken, and 325 accepted.
[mcmc] Learn + convergence test @ 360 samples accepted.
[mcmc]  - Acceptance rate: 0.591
[mcmc]  - Convergence of means: R-1 = 0.900333 after 288 accepted steps
[mcmc]  - Updated covariance matrix of proposal pdf.
[mcmc] Progress @ 2026-06-12 04:23:45 : 579 steps taken, and 360 accepted.
[mcmc] Progress @ 2026-06-12 04:23:47 : 559 steps taken, and 379 accepted.
[mcmc] Progress @ 2026-06-12 04:24:13 : 528 steps taken, and 346 accepted.
[mcmc] Progress @ 2026-06-12 04:24:13 : 497 steps taken, and 335 accepted.
[mcmc] Progress @ 2026-06-12 04:24:45 : 615 steps taken, and 374 accepted.
[mcmc] Progress @ 2026-06-12 04:24:48 : 583 steps taken, and 395 accepted.
[mcmc] Learn + convergence test @ 360 samples accepted.
[mcmc]  - Acceptance rate: 0.644
[mcmc]  - Convergence of means: R-1 = 0.330547 after 288 accepted steps
[mcmc]  - Updated covariance matrix of proposal pdf.
[mcmc] Progress @ 2026-06-12 04:25:15 : 524 steps taken, and 344 accepted.
[mcmc] Progress @ 2026-06-12 04:25:15 : 548 steps taken, and 361 accepted.
[mcmc] Progress @ 2026-06-12 04:25:46 : 647 steps taken, and 389 accepted.
[mcmc] Progress @ 2026-06-12 04:25:49 : 613 steps taken, and 409 accepted.
[mcmc] Progress @ 2026-06-12 04:26:17 : 545 steps taken, and 356 accepted.
[mcmc] Progress @ 2026-06-12 04:26:17 : 573 steps taken, and 376 accepted.
[mcmc] Learn + convergence test @ 360 samples accepted.
[mcmc]  - Acceptance rate: 0.627
[mcmc]  - Convergence of means: R-1 = 0.725664 after 288 accepted steps
[mcmc]  - Updated covariance matrix of proposal pdf.
[mcmc] Progress @ 2026-06-12 04:26:47 : 686 steps taken, and 403 accepted.
[mcmc] Progress @ 2026-06-12 04:26:49 : 644 steps taken, and 420 accepted.
[mcmc] Progress @ 2026-06-12 04:27:18 : 568 steps taken, and 369 accepted.
[mcmc] Progress @ 2026-06-12 04:27:19 : 604 steps taken, and 394 accepted.
[mcmc] Progress @ 2026-06-12 04:27:47 : 712 steps taken, and 420 accepted.
[mcmc] Progress @ 2026-06-12 04:27:50 : 671 steps taken, and 434 accepted.
[mcmc] Progress @ 2026-06-12 04:28:20 : 595 steps taken, and 382 accepted.
[mcmc] Progress @ 2026-06-12 04:28:20 : 627 steps taken, and 405 accepted.
[mcmc] Progress @ 2026-06-12 04:28:48 : 741 steps taken, and 433 accepted.
[mcmc] Progress @ 2026-06-12 04:28:51 : 697 steps taken, and 448 accepted.
[mcmc] Progress @ 2026-06-12 04:29:22 : 621 steps taken, and 395 accepted.
[mcmc] Progress @ 2026-06-12 04:29:22 : 676 steps taken, and 415 accepted.
[mcmc] Progress @ 2026-06-12 04:29:49 : 771 steps taken, and 446 accepted.
[mcmc] Progress @ 2026-06-12 04:29:52 : 736 steps taken, and 460 accepted.
[mcmc] Progress @ 2026-06-12 04:30:24 : 697 steps taken, and 428 accepted.
[mcmc] Progress @ 2026-06-12 04:30:24 : 648 steps taken, and 406 accepted.
[mcmc] Progress @ 2026-06-12 04:30:49 : 796 steps taken, and 455 accepted.
[mcmc] Progress @ 2026-06-12 04:30:52 : 774 steps taken, and 474 accepted.
[mcmc] Learn + convergence test @ 480 samples accepted.
[mcmc]  - Acceptance rate: 0.579
[mcmc]  - Convergence of means: R-1 = 0.491059 after 384 accepted steps
[mcmc]  - Updated covariance matrix of proposal pdf.
[mcmc] Progress @ 2026-06-12 04:31:26 : 676 steps taken, and 417 accepted.
[mcmc] Progress @ 2026-06-12 04:31:26 : 726 steps taken, and 444 accepted.
[mcmc] Progress @ 2026-06-12 04:31:50 : 829 steps taken, and 470 accepted.
[mcmc] Progress @ 2026-06-12 04:31:53 : 807 steps taken, and 487 accepted.
[mcmc] Progress @ 2026-06-12 04:32:27 : 699 steps taken, and 429 accepted.
[mcmc] Progress @ 2026-06-12 04:32:28 : 756 steps taken, and 457 accepted.
[mcmc] Learn + convergence test @ 480 samples accepted.
[mcmc]  - Acceptance rate: 0.525
[mcmc]  - Convergence of means: R-1 = 0.291004 after 384 accepted steps
[mcmc]  - Updated covariance matrix of proposal pdf.
[mcmc] Progress @ 2026-06-12 04:32:51 : 858 steps taken, and 484 accepted.
[mcmc] Progress @ 2026-06-12 04:32:54 : 845 steps taken, and 501 accepted.
[mcmc] Progress @ 2026-06-12 04:33:29 : 726 steps taken, and 442 accepted.
[mcmc] Progress @ 2026-06-12 04:33:29 : 779 steps taken, and 468 accepted.
[mcmc] Progress @ 2026-06-12 04:33:52 : 902 steps taken, and 496 accepted.
[mcmc] Progress @ 2026-06-12 04:33:55 : 890 steps taken, and 515 accepted.
[mcmc] Learn + convergence test @ 480 samples accepted.
[mcmc]  - Acceptance rate: 0.570
[mcmc]  - Convergence of means: R-1 = 0.296225 after 384 accepted steps
[mcmc]  - Updated covariance matrix of proposal pdf.
[mcmc] Progress @ 2026-06-12 04:34:31 : 754 steps taken, and 453 accepted.
[mcmc] Progress @ 2026-06-12 04:34:31 : 807 steps taken, and 484 accepted.
[mcmc] Progress @ 2026-06-12 04:34:52 : 934 steps taken, and 511 accepted.
[mcmc] Progress @ 2026-06-12 04:34:56 : 913 steps taken, and 528 accepted.
[mcmc] Progress @ 2026-06-12 04:35:33 : 778 steps taken, and 465 accepted.
[mcmc] Progress @ 2026-06-12 04:35:33 : 837 steps taken, and 496 accepted.
[mcmc] Progress @ 2026-06-12 04:35:53 : 964 steps taken, and 526 accepted.
[mcmc] Progress @ 2026-06-12 04:35:57 : 939 steps taken, and 543 accepted.
[mcmc] Learn + convergence test @ 480 samples accepted.
[mcmc]  - Acceptance rate: 0.565
[mcmc]  - Convergence of means: R-1 = 0.713063 after 384 accepted steps
[mcmc]  - Updated covariance matrix of proposal pdf.
[mcmc] Progress @ 2026-06-12 04:36:35 : 803 steps taken, and 480 accepted.
[mcmc] Progress @ 2026-06-12 04:36:35 : 872 steps taken, and 510 accepted.
[mcmc] Progress @ 2026-06-12 04:36:54 : 997 steps taken, and 539 accepted.
[mcmc] Progress @ 2026-06-12 04:36:58 : 978 steps taken, and 555 accepted.
[mcmc] Progress @ 2026-06-12 04:37:36 : 905 steps taken, and 529 accepted.
[mcmc] Progress @ 2026-06-12 04:37:36 : 827 steps taken, and 492 accepted.
[mcmc] Progress @ 2026-06-12 04:37:54 : 1023 steps taken, and 552 accepted.
[mcmc] Progress @ 2026-06-12 04:37:59 : 1007 steps taken, and 568 accepted.
[mcmc] Progress @ 2026-06-12 04:38:36 : 954 steps taken, and 544 accepted.
[mcmc] Progress @ 2026-06-12 04:38:38 : 857 steps taken, and 504 accepted.
[mcmc] Progress @ 2026-06-12 04:38:55 : 1058 steps taken, and 569 accepted.
[mcmc] Progress @ 2026-06-12 04:39:00 : 1038 steps taken, and 582 accepted.
[mcmc] Progress @ 2026-06-12 04:39:36 : 983 steps taken, and 559 accepted.
[mcmc] Progress @ 2026-06-12 04:39:39 : 890 steps taken, and 518 accepted.
[mcmc] Progress @ 2026-06-12 04:39:55 : 1086 steps taken, and 581 accepted.
[mcmc] Progress @ 2026-06-12 04:40:00 : 1079 steps taken, and 594 accepted.
[mcmc] Learn + convergence test @ 600 samples accepted.
[mcmc]  - Acceptance rate: 0.511
[mcmc]  - Convergence of means: R-1 = 0.226288 after 480 accepted steps
[mcmc]  - Updated covariance matrix of proposal pdf.
[mcmc] Progress @ 2026-06-12 04:40:37 : 1016 steps taken, and 575 accepted.
[mcmc] Progress @ 2026-06-12 04:40:40 : 923 steps taken, and 528 accepted.
[mcmc] Progress @ 2026-06-12 04:40:56 : 1122 steps taken, and 594 accepted.
[mcmc] Progress @ 2026-06-12 04:41:01 : 1109 steps taken, and 608 accepted.
[mcmc] Learn + convergence test @ 600 samples accepted.
[mcmc]  - Acceptance rate: 0.484
[mcmc]  - Convergence of means: R-1 = 0.301811 after 480 accepted steps
[mcmc]  - Updated covariance matrix of proposal pdf.
[mcmc] Progress @ 2026-06-12 04:41:38 : 1052 steps taken, and 591 accepted.
[mcmc] Progress @ 2026-06-12 04:41:42 : 956 steps taken, and 542 accepted.
[mcmc] Progress @ 2026-06-12 04:41:56 : 1147 steps taken, and 605 accepted.
[mcmc] Progress @ 2026-06-12 04:42:02 : 1138 steps taken, and 624 accepted.
[mcmc] Learn + convergence test @ 600 samples accepted.
[mcmc]  - Acceptance rate: 0.527
[mcmc]  - Convergence of means: R-1 = 0.745140 after 480 accepted steps
[mcmc]  - Updated covariance matrix of proposal pdf.
[mcmc] Progress @ 2026-06-12 04:42:38 : 1081 steps taken, and 607 accepted.
[mcmc] Progress @ 2026-06-12 04:42:43 : 990 steps taken, and 555 accepted.
[mcmc] Progress @ 2026-06-12 04:42:58 : 1171 steps taken, and 619 accepted.
[mcmc] Progress @ 2026-06-12 04:43:02 : 1169 steps taken, and 640 accepted.
[mcmc] Progress @ 2026-06-12 04:43:39 : 1110 steps taken, and 621 accepted.
[mcmc] Progress @ 2026-06-12 04:43:45 : 1013 steps taken, and 565 accepted.
[mcmc] Progress @ 2026-06-12 04:43:58 : 1202 steps taken, and 631 accepted.
[mcmc] Progress @ 2026-06-12 04:44:03 : 1207 steps taken, and 653 accepted.
[mcmc] Progress @ 2026-06-12 04:44:39 : 1140 steps taken, and 635 accepted.
[mcmc] Progress @ 2026-06-12 04:44:46 : 1047 steps taken, and 579 accepted.
[mcmc] Progress @ 2026-06-12 04:44:59 : 1227 steps taken, and 643 accepted.
[mcmc] Progress @ 2026-06-12 04:45:04 : 1235 steps taken, and 669 accepted.
[mcmc] Progress @ 2026-06-12 04:45:40 : 1174 steps taken, and 651 accepted.
[mcmc] Progress @ 2026-06-12 04:45:48 : 1069 steps taken, and 593 accepted.
[mcmc] Progress @ 2026-06-12 04:46:00 : 1256 steps taken, and 657 accepted.
[mcmc] Progress @ 2026-06-12 04:46:05 : 1263 steps taken, and 685 accepted.
[mcmc] Learn + convergence test @ 600 samples accepted.
[mcmc]  - Acceptance rate: 0.517
[mcmc]  - Convergence of means: R-1 = 0.656908 after 480 accepted steps
[mcmc]  - Updated covariance matrix of proposal pdf.
[mcmc] Progress @ 2026-06-12 04:46:40 : 1206 steps taken, and 666 accepted.
[mcmc] Progress @ 2026-06-12 04:46:50 : 1096 steps taken, and 605 accepted.
[mcmc] Progress @ 2026-06-12 04:47:00 : 1294 steps taken, and 673 accepted.
[mcmc] Progress @ 2026-06-12 04:47:06 : 1304 steps taken, and 698 accepted.
[mcmc] Progress @ 2026-06-12 04:47:41 : 1234 steps taken, and 681 accepted.
[mcmc] Progress @ 2026-06-12 04:47:52 : 1120 steps taken, and 618 accepted.
[mcmc] Progress @ 2026-06-12 04:48:01 : 1324 steps taken, and 688 accepted.
[mcmc] Progress @ 2026-06-12 04:48:08 : 1338 steps taken, and 712 accepted.
[mcmc] Learn + convergence test @ 720 samples accepted.
[mcmc]  - Acceptance rate: 0.494
[mcmc]  - Convergence of means: R-1 = 0.115990 after 576 accepted steps
[mcmc]  - Updated covariance matrix of proposal pdf.
[mcmc] Progress @ 2026-06-12 04:48:42 : 1263 steps taken, and 699 accepted.
[mcmc] Progress @ 2026-06-12 04:48:54 : 1147 steps taken, and 628 accepted.
[mcmc] Progress @ 2026-06-12 04:49:01 : 1349 steps taken, and 699 accepted.
[mcmc] Progress @ 2026-06-12 04:49:08 : 1372 steps taken, and 729 accepted.
[mcmc] Progress @ 2026-06-12 04:49:42 : 1295 steps taken, and 716 accepted.
[mcmc] Progress @ 2026-06-12 04:49:55 : 1175 steps taken, and 643 accepted.
[mcmc] Learn + convergence test @ 720 samples accepted.
[mcmc]  - Acceptance rate: 0.515
[mcmc]  - Convergence of means: R-1 = 0.581340 after 576 accepted steps
[mcmc]  - Updated covariance matrix of proposal pdf.
[mcmc] Progress @ 2026-06-12 04:50:02 : 1383 steps taken, and 713 accepted.
[mcmc] Progress @ 2026-06-12 04:50:09 : 1422 steps taken, and 744 accepted.
[mcmc] Learn + convergence test @ 720 samples accepted.
[mcmc]  - Acceptance rate: 0.473
[mcmc]  - Convergence of means: R-1 = 0.173229 after 576 accepted steps
[mcmc]  - Updated covariance matrix of proposal pdf.
[mcmc] Progress @ 2026-06-12 04:50:43 : 1326 steps taken, and 734 accepted.
[mcmc] Progress @ 2026-06-12 04:50:57 : 1205 steps taken, and 657 accepted.
[mcmc] Progress @ 2026-06-12 04:51:02 : 1411 steps taken, and 727 accepted.
[mcmc] Progress @ 2026-06-12 04:51:10 : 1448 steps taken, and 757 accepted.
[mcmc] Progress @ 2026-06-12 04:51:43 : 1368 steps taken, and 750 accepted.
[mcmc] Progress @ 2026-06-12 04:51:58 : 1231 steps taken, and 672 accepted.
[mcmc] Progress @ 2026-06-12 04:52:03 : 1444 steps taken, and 743 accepted.
[mcmc] Progress @ 2026-06-12 04:52:11 : 1479 steps taken, and 772 accepted.
[mcmc] Progress @ 2026-06-12 04:52:44 : 1407 steps taken, and 764 accepted.
[mcmc] Progress @ 2026-06-12 04:53:00 : 1263 steps taken, and 683 accepted.
[mcmc] Progress @ 2026-06-12 04:53:03 : 1475 steps taken, and 759 accepted.
[mcmc] Progress @ 2026-06-12 04:53:11 : 1513 steps taken, and 788 accepted.
[mcmc] Progress @ 2026-06-12 04:53:45 : 1458 steps taken, and 780 accepted.
[mcmc] Progress @ 2026-06-12 04:54:02 : 1288 steps taken, and 695 accepted.
[mcmc] Progress @ 2026-06-12 04:54:04 : 1503 steps taken, and 774 accepted.
[mcmc] Progress @ 2026-06-12 04:54:12 : 1541 steps taken, and 802 accepted.
[mcmc] Progress @ 2026-06-12 04:54:45 : 1486 steps taken, and 795 accepted.
[mcmc] Progress @ 2026-06-12 04:55:04 : 1316 steps taken, and 709 accepted.
[mcmc] Progress @ 2026-06-12 04:55:05 : 1534 steps taken, and 788 accepted.
[mcmc] Progress @ 2026-06-12 04:55:13 : 1572 steps taken, and 818 accepted.
[mcmc] Progress @ 2026-06-12 04:55:46 : 1519 steps taken, and 809 accepted.
[mcmc] Learn + convergence test @ 720 samples accepted.
[mcmc]  - Acceptance rate: 0.505
[mcmc]  - Convergence of means: R-1 = 0.222506 after 576 accepted steps
[mcmc]  - Updated covariance matrix of proposal pdf.
[mcmc] Progress @ 2026-06-12 04:56:06 : 1564 steps taken, and 802 accepted.
[mcmc] Progress @ 2026-06-12 04:56:06 : 1341 steps taken, and 723 accepted.
[mcmc] Progress @ 2026-06-12 04:56:14 : 1601 steps taken, and 834 accepted.
[mcmc] Learn + convergence test @ 840 samples accepted.
[mcmc]  - Acceptance rate: 0.484
[mcmc]  - Convergence of means: R-1 = 0.035189 after 672 accepted steps
[mcmc]  - Updated covariance matrix of proposal pdf.
[mcmc] Progress @ 2026-06-12 04:56:47 : 1553 steps taken, and 825 accepted.
[mcmc] Progress @ 2026-06-12 04:57:06 : 1602 steps taken, and 815 accepted.
[mcmc] Progress @ 2026-06-12 04:57:08 : 1375 steps taken, and 733 accepted.
[mcmc] Progress @ 2026-06-12 04:57:15 : 1637 steps taken, and 848 accepted.
[mcmc] Progress @ 2026-06-12 04:57:47 : 1582 steps taken, and 840 accepted.
[mcmc] Learn + convergence test @ 840 samples accepted.
[mcmc]  - Acceptance rate: 0.498
[mcmc]  - Convergence of means: R-1 = 0.685140 after 672 accepted steps
[mcmc]  - Updated covariance matrix of proposal pdf.
[mcmc] Progress @ 2026-06-12 04:58:07 : 1632 steps taken, and 830 accepted.
[mcmc] Progress @ 2026-06-12 04:58:09 : 1404 steps taken, and 743 accepted.
[mcmc] Progress @ 2026-06-12 04:58:16 : 1664 steps taken, and 862 accepted.
[mcmc] Progress @ 2026-06-12 04:58:48 : 1611 steps taken, and 857 accepted.
[mcmc] Learn + convergence test @ 840 samples accepted.
[mcmc]  - Acceptance rate: 0.465
[mcmc]  - Convergence of means: R-1 = 0.092828 after 672 accepted steps
[mcmc]  - Updated covariance matrix of proposal pdf.
[mcmc] Progress @ 2026-06-12 04:59:07 : 1670 steps taken, and 844 accepted.
[mcmc] Progress @ 2026-06-12 04:59:11 : 1436 steps taken, and 755 accepted.
[mcmc] Progress @ 2026-06-12 04:59:18 : 1692 steps taken, and 875 accepted.
[mcmc] Progress @ 2026-06-12 04:59:48 : 1645 steps taken, and 871 accepted.
[mcmc] Progress @ 2026-06-12 05:00:08 : 1701 steps taken, and 857 accepted.
[mcmc] Progress @ 2026-06-12 05:00:12 : 1466 steps taken, and 767 accepted.
[mcmc] Progress @ 2026-06-12 05:00:18 : 1728 steps taken, and 892 accepted.
[mcmc] Progress @ 2026-06-12 05:00:49 : 1680 steps taken, and 886 accepted.
[mcmc] Progress @ 2026-06-12 05:01:08 : 1730 steps taken, and 869 accepted.
[mcmc] Progress @ 2026-06-12 05:01:14 : 1488 steps taken, and 781 accepted.
[mcmc] Progress @ 2026-06-12 05:01:20 : 1757 steps taken, and 907 accepted.
[mcmc] Progress @ 2026-06-12 05:01:49 : 1715 steps taken, and 903 accepted.
[mcmc] Progress @ 2026-06-12 05:02:09 : 1756 steps taken, and 882 accepted.
[mcmc] Progress @ 2026-06-12 05:02:16 : 1516 steps taken, and 795 accepted.
[mcmc] Progress @ 2026-06-12 05:02:20 : 1785 steps taken, and 918 accepted.
[mcmc] Progress @ 2026-06-12 05:02:49 : 1749 steps taken, and 917 accepted.
[mcmc] Progress @ 2026-06-12 05:03:09 : 1792 steps taken, and 897 accepted.
[mcmc] Progress @ 2026-06-12 05:03:17 : 1554 steps taken, and 807 accepted.
[mcmc] Progress @ 2026-06-12 05:03:21 : 1818 steps taken, and 933 accepted.
[mcmc] Progress @ 2026-06-12 05:03:50 : 1781 steps taken, and 931 accepted.
[mcmc] Progress @ 2026-06-12 05:04:10 : 1818 steps taken, and 910 accepted.
[mcmc] Progress @ 2026-06-12 05:04:19 : 1588 steps taken, and 820 accepted.
[mcmc] Progress @ 2026-06-12 05:04:22 : 1850 steps taken, and 944 accepted.
[mcmc] Progress @ 2026-06-12 05:04:50 : 1811 steps taken, and 948 accepted.
[mcmc] Progress @ 2026-06-12 05:05:11 : 1853 steps taken, and 923 accepted.
[mcmc] Progress @ 2026-06-12 05:05:21 : 1631 steps taken, and 830 accepted.
[mcmc] Progress @ 2026-06-12 05:05:23 : 1879 steps taken, and 956 accepted.
[mcmc] Learn + convergence test @ 960 samples accepted.
[mcmc]  - Acceptance rate: 0.468
[mcmc]  - Convergence of means: R-1 = 0.113027 after 768 accepted steps
[mcmc]  - Updated covariance matrix of proposal pdf.
[mcmc] Learn + convergence test @ 960 samples accepted.
[mcmc]  - Acceptance rate: 0.490
[mcmc]  - Convergence of means: R-1 = 0.483509 after 768 accepted steps
[mcmc]  - Updated covariance matrix of proposal pdf.
[mcmc] Progress @ 2026-06-12 05:05:51 : 1841 steps taken, and 963 accepted.
[mcmc] Learn + convergence test @ 840 samples accepted.
[mcmc]  - Acceptance rate: 0.470
[mcmc]  - Convergence of means: R-1 = 0.306443 after 672 accepted steps
[mcmc]  - Updated covariance matrix of proposal pdf.
[mcmc] Progress @ 2026-06-12 05:06:12 : 1888 steps taken, and 936 accepted.
[mcmc] Progress @ 2026-06-12 05:06:23 : 1661 steps taken, and 841 accepted.
[mcmc] Progress @ 2026-06-12 05:06:24 : 1916 steps taken, and 972 accepted.
[mcmc] Progress @ 2026-06-12 05:06:52 : 1870 steps taken, and 980 accepted.
[mcmc] Progress @ 2026-06-12 05:07:13 : 1932 steps taken, and 947 accepted.
[mcmc] Progress @ 2026-06-12 05:07:24 : 1694 steps taken, and 854 accepted.
[mcmc] Progress @ 2026-06-12 05:07:25 : 1946 steps taken, and 986 accepted.
[mcmc] Progress @ 2026-06-12 05:07:52 : 1904 steps taken, and 995 accepted.
[mcmc] Learn + convergence test @ 960 samples accepted.
[mcmc]  - Acceptance rate: 0.450
[mcmc]  - Convergence of means: R-1 = 0.111793 after 768 accepted steps
[mcmc]  - Updated covariance matrix of proposal pdf.
[mcmc] Progress @ 2026-06-12 05:08:14 : 1962 steps taken, and 962 accepted.
[mcmc] Progress @ 2026-06-12 05:08:26 : 1984 steps taken, and 1002 accepted.
[mcmc] Progress @ 2026-06-12 05:08:26 : 1723 steps taken, and 864 accepted.
[mcmc] Progress @ 2026-06-12 05:08:53 : 1942 steps taken, and 1011 accepted.
[mcmc] Progress @ 2026-06-12 05:09:14 : 2006 steps taken, and 977 accepted.
[mcmc] Progress @ 2026-06-12 05:09:26 : 2013 steps taken, and 1016 accepted.
[mcmc] Progress @ 2026-06-12 05:09:28 : 1770 steps taken, and 872 accepted.
[mcmc] Progress @ 2026-06-12 05:09:54 : 1971 steps taken, and 1027 accepted.
[mcmc] Progress @ 2026-06-12 05:10:15 : 2037 steps taken, and 991 accepted.
[mcmc] Progress @ 2026-06-12 05:10:27 : 2050 steps taken, and 1029 accepted.
[mcmc] Progress @ 2026-06-12 05:10:30 : 1801 steps taken, and 885 accepted.
[mcmc] Progress @ 2026-06-12 05:10:54 : 2005 steps taken, and 1042 accepted.
[mcmc] Progress @ 2026-06-12 05:11:15 : 2073 steps taken, and 1006 accepted.
[mcmc] Progress @ 2026-06-12 05:11:28 : 2095 steps taken, and 1044 accepted.
[mcmc] Progress @ 2026-06-12 05:11:32 : 1830 steps taken, and 899 accepted.
[mcmc] Progress @ 2026-06-12 05:11:54 : 2036 steps taken, and 1060 accepted.
[mcmc] Progress @ 2026-06-12 05:12:16 : 2110 steps taken, and 1022 accepted.
[mcmc] Progress @ 2026-06-12 05:12:29 : 2124 steps taken, and 1057 accepted.
[mcmc] Progress @ 2026-06-12 05:12:34 : 1862 steps taken, and 915 accepted.
[mcmc] Progress @ 2026-06-12 05:12:55 : 2067 steps taken, and 1078 accepted.
[mcmc] Learn + convergence test @ 1080 samples accepted.
[mcmc]  - Acceptance rate: 0.488
[mcmc]  - Convergence of means: R-1 = 0.345275 after 864 accepted steps
[mcmc]  - Updated covariance matrix of proposal pdf.
[mcmc] Progress @ 2026-06-12 05:13:17 : 2142 steps taken, and 1037 accepted.
[mcmc] Progress @ 2026-06-12 05:13:30 : 2156 steps taken, and 1072 accepted.
[mcmc] Progress @ 2026-06-12 05:13:35 : 1887 steps taken, and 928 accepted.
[mcmc] Progress @ 2026-06-12 05:13:55 : 2099 steps taken, and 1093 accepted.
[mcmc] Learn + convergence test @ 1080 samples accepted.
[mcmc]  - Acceptance rate: 0.454
[mcmc]  - Convergence of means: R-1 = 0.049773 after 864 accepted steps
[mcmc]  - Updated covariance matrix of proposal pdf.
[mcmc] Progress @ 2026-06-12 05:14:17 : 2167 steps taken, and 1054 accepted.
[mcmc] Progress @ 2026-06-12 05:14:31 : 2196 steps taken, and 1088 accepted.
[mcmc] Progress @ 2026-06-12 05:14:37 : 1926 steps taken, and 942 accepted.
[mcmc] Progress @ 2026-06-12 05:14:56 : 2136 steps taken, and 1107 accepted.
[mcmc] Progress @ 2026-06-12 05:15:18 : 2198 steps taken, and 1072 accepted.
[mcmc] Progress @ 2026-06-12 05:15:32 : 2224 steps taken, and 1103 accepted.
[mcmc] Progress @ 2026-06-12 05:15:39 : 1951 steps taken, and 957 accepted.
[mcmc] Learn + convergence test @ 960 samples accepted.
[mcmc]  - Acceptance rate: 0.453
[mcmc]  - Convergence of means: R-1 = 0.118398 after 768 accepted steps
[mcmc]  - Updated covariance matrix of proposal pdf.
[mcmc] Progress @ 2026-06-12 05:15:56 : 2175 steps taken, and 1119 accepted.
[mcmc] Learn + convergence test @ 1080 samples accepted.
[mcmc]  - Acceptance rate: 0.444
[mcmc]  - Convergence of means: R-1 = 0.138351 after 864 accepted steps
[mcmc]  - Updated covariance matrix of proposal pdf.
[mcmc] Progress @ 2026-06-12 05:16:19 : 2246 steps taken, and 1084 accepted.
[mcmc] Progress @ 2026-06-12 05:16:33 : 2253 steps taken, and 1116 accepted.
[mcmc] Progress @ 2026-06-12 05:16:41 : 1982 steps taken, and 970 accepted.
[mcmc] Progress @ 2026-06-12 05:16:57 : 2203 steps taken, and 1135 accepted.
[mcmc] Progress @ 2026-06-12 05:17:20 : 2275 steps taken, and 1102 accepted.
[mcmc] Progress @ 2026-06-12 05:17:34 : 2288 steps taken, and 1132 accepted.
[mcmc] Progress @ 2026-06-12 05:17:43 : 2020 steps taken, and 986 accepted.
[mcmc] Progress @ 2026-06-12 05:17:57 : 2234 steps taken, and 1148 accepted.
[mcmc] Progress @ 2026-06-12 05:18:21 : 2303 steps taken, and 1115 accepted.
[mcmc] Progress @ 2026-06-12 05:18:35 : 2316 steps taken, and 1146 accepted.
[mcmc] Progress @ 2026-06-12 05:18:45 : 2059 steps taken, and 997 accepted.
[mcmc] Progress @ 2026-06-12 05:18:58 : 2274 steps taken, and 1163 accepted.
[mcmc] Progress @ 2026-06-12 05:19:21 : 2339 steps taken, and 1132 accepted.
[mcmc] Progress @ 2026-06-12 05:19:36 : 2346 steps taken, and 1162 accepted.
[mcmc] Progress @ 2026-06-12 05:19:47 : 2094 steps taken, and 1014 accepted.
[mcmc] Progress @ 2026-06-12 05:19:59 : 2311 steps taken, and 1178 accepted.
[mcmc] Progress @ 2026-06-12 05:20:22 : 2370 steps taken, and 1146 accepted.
[mcmc] Progress @ 2026-06-12 05:20:38 : 2382 steps taken, and 1178 accepted.
[mcmc] Progress @ 2026-06-12 05:20:48 : 2120 steps taken, and 1029 accepted.
[mcmc] Progress @ 2026-06-12 05:20:59 : 2344 steps taken, and 1194 accepted.
[mcmc] Progress @ 2026-06-12 05:21:23 : 2396 steps taken, and 1160 accepted.
[mcmc] Learn + convergence test @ 1200 samples accepted.
[mcmc]  - Acceptance rate: 0.476
[mcmc]  - Convergence of means: R-1 = 0.311058 after 960 accepted steps
[mcmc]  - Updated covariance matrix of proposal pdf.
[mcmc] Progress @ 2026-06-12 05:21:39 : 2415 steps taken, and 1190 accepted.
[mcmc] Progress @ 2026-06-12 05:21:50 : 2154 steps taken, and 1045 accepted.
[mcmc] Progress @ 2026-06-12 05:22:00 : 2373 steps taken, and 1206 accepted.
[mcmc] Learn + convergence test @ 1200 samples accepted.
[mcmc]  - Acceptance rate: 0.450
[mcmc]  - Convergence of means: R-1 = 0.047746 after 960 accepted steps
[mcmc]  - Updated covariance matrix of proposal pdf.
[mcmc] Progress @ 2026-06-12 05:22:23 : 2430 steps taken, and 1178 accepted.
[mcmc] Progress @ 2026-06-12 05:22:39 : 2449 steps taken, and 1205 accepted.
[mcmc] Progress @ 2026-06-12 05:22:52 : 2178 steps taken, and 1053 accepted.
[mcmc] Progress @ 2026-06-12 05:23:00 : 2414 steps taken, and 1223 accepted.
[mcmc] Progress @ 2026-06-12 05:23:24 : 2461 steps taken, and 1191 accepted.
[mcmc] Progress @ 2026-06-12 05:23:40 : 2483 steps taken, and 1214 accepted.
[mcmc] Progress @ 2026-06-12 05:23:54 : 2204 steps taken, and 1066 accepted.
[mcmc] Progress @ 2026-06-12 05:24:01 : 2464 steps taken, and 1234 accepted.
[mcmc] Learn + convergence test @ 1200 samples accepted.
[mcmc]  - Acceptance rate: 0.446
[mcmc]  - Convergence of means: R-1 = 0.079419 after 960 accepted steps
[mcmc]  - Updated covariance matrix of proposal pdf.
[mcmc] Progress @ 2026-06-12 05:24:24 : 2494 steps taken, and 1205 accepted.
[mcmc] Progress @ 2026-06-12 05:24:41 : 2519 steps taken, and 1230 accepted.
[mcmc] Progress @ 2026-06-12 05:24:56 : 2232 steps taken, and 1076 accepted.
[mcmc] Progress @ 2026-06-12 05:25:02 : 2502 steps taken, and 1249 accepted.
[mcmc] Learn + convergence test @ 1080 samples accepted.
[mcmc]  - Acceptance rate: 0.443
[mcmc]  - Convergence of means: R-1 = 0.168816 after 864 accepted steps
[mcmc]  - Updated covariance matrix of proposal pdf.
[mcmc] Progress @ 2026-06-12 05:25:25 : 2529 steps taken, and 1219 accepted.
[mcmc] Progress @ 2026-06-12 05:25:42 : 2553 steps taken, and 1242 accepted.
[mcmc] Progress @ 2026-06-12 05:25:58 : 2277 steps taken, and 1090 accepted.
[mcmc] Progress @ 2026-06-12 05:26:02 : 2536 steps taken, and 1263 accepted.
[mcmc] Progress @ 2026-06-12 05:26:26 : 2564 steps taken, and 1230 accepted.
[mcmc] Progress @ 2026-06-12 05:26:43 : 2580 steps taken, and 1257 accepted.
[mcmc] Progress @ 2026-06-12 05:27:00 : 2305 steps taken, and 1103 accepted.
[mcmc] Progress @ 2026-06-12 05:27:03 : 2582 steps taken, and 1276 accepted.
[mcmc] Progress @ 2026-06-12 05:27:26 : 2611 steps taken, and 1245 accepted.
[mcmc] Progress @ 2026-06-12 05:27:44 : 2611 steps taken, and 1269 accepted.
[mcmc] Progress @ 2026-06-12 05:28:02 : 2336 steps taken, and 1118 accepted.
[mcmc] Progress @ 2026-06-12 05:28:04 : 2608 steps taken, and 1292 accepted.
[mcmc] Progress @ 2026-06-12 05:28:27 : 2637 steps taken, and 1257 accepted.
[mcmc] Progress @ 2026-06-12 05:28:46 : 2643 steps taken, and 1282 accepted.
[mcmc] Progress @ 2026-06-12 05:29:04 : 2363 steps taken, and 1130 accepted.
[mcmc] Progress @ 2026-06-12 05:29:05 : 2648 steps taken, and 1306 accepted.
[mcmc] Progress @ 2026-06-12 05:29:27 : 2662 steps taken, and 1272 accepted.
[mcmc] Progress @ 2026-06-12 05:29:47 : 2671 steps taken, and 1296 accepted.
[mcmc] Progress @ 2026-06-12 05:30:05 : 2682 steps taken, and 1320 accepted.
[mcmc] Learn + convergence test @ 1320 samples accepted.
[mcmc]  - Acceptance rate: 0.459
[mcmc]  - Convergence of means: R-1 = 0.197774 after 1056 accepted steps
[mcmc]  - Updated covariance matrix of proposal pdf.
[mcmc] Progress @ 2026-06-12 05:30:07 : 2411 steps taken, and 1146 accepted.
[mcmc] Progress @ 2026-06-12 05:30:28 : 2693 steps taken, and 1282 accepted.
[mcmc] Progress @ 2026-06-12 05:30:48 : 2699 steps taken, and 1313 accepted.
[mcmc] Progress @ 2026-06-12 05:31:06 : 2717 steps taken, and 1333 accepted.
[mcmc] Progress @ 2026-06-12 05:31:10 : 2445 steps taken, and 1161 accepted.
[mcmc] Learn + convergence test @ 1320 samples accepted.
[mcmc]  - Acceptance rate: 0.445
[mcmc]  - Convergence of means: R-1 = 0.053826 after 1056 accepted steps
[mcmc]  - Updated covariance matrix of proposal pdf.
[mcmc] Progress @ 2026-06-12 05:31:29 : 2717 steps taken, and 1295 accepted.
[mcmc] Progress @ 2026-06-12 05:31:49 : 2727 steps taken, and 1327 accepted.
[mcmc] Progress @ 2026-06-12 05:32:07 : 2743 steps taken, and 1346 accepted.
[mcmc] Progress @ 2026-06-12 05:32:13 : 2478 steps taken, and 1176 accepted.
[mcmc] Progress @ 2026-06-12 05:32:29 : 2744 steps taken, and 1308 accepted.
[mcmc] Progress @ 2026-06-12 05:32:50 : 2758 steps taken, and 1343 accepted.
[mcmc] Progress @ 2026-06-12 05:33:08 : 2773 steps taken, and 1360 accepted.
[mcmc] Learn + convergence test @ 1320 samples accepted.
[mcmc]  - Acceptance rate: 0.442
[mcmc]  - Convergence of means: R-1 = 0.054794 after 1056 accepted steps
[mcmc]  - Updated covariance matrix of proposal pdf.
[mcmc] Progress @ 2026-06-12 05:33:15 : 2503 steps taken, and 1189 accepted.
[mcmc] Progress @ 2026-06-12 05:33:30 : 2771 steps taken, and 1324 accepted.
[mcmc] Progress @ 2026-06-12 05:33:51 : 2791 steps taken, and 1358 accepted.
[mcmc] Progress @ 2026-06-12 05:34:08 : 2807 steps taken, and 1374 accepted.
[mcmc] Progress @ 2026-06-12 05:34:18 : 2541 steps taken, and 1199 accepted.
[mcmc] Learn + convergence test @ 1200 samples accepted.
[mcmc]  - Acceptance rate: 0.432
[mcmc]  - Convergence of means: R-1 = 0.169616 after 960 accepted steps
[mcmc]  - Updated covariance matrix of proposal pdf.
[mcmc] Progress @ 2026-06-12 05:34:30 : 2805 steps taken, and 1338 accepted.
[mcmc] Progress @ 2026-06-12 05:34:52 : 2821 steps taken, and 1372 accepted.
[mcmc] Progress @ 2026-06-12 05:35:09 : 2854 steps taken, and 1388 accepted.
[mcmc] Progress @ 2026-06-12 05:35:21 : 2590 steps taken, and 1212 accepted.
[mcmc] Progress @ 2026-06-12 05:35:31 : 2832 steps taken, and 1351 accepted.
[mcmc] Progress @ 2026-06-12 05:35:53 : 2859 steps taken, and 1388 accepted.
[mcmc] Progress @ 2026-06-12 05:36:10 : 2884 steps taken, and 1399 accepted.
[mcmc] Progress @ 2026-06-12 05:36:24 : 2633 steps taken, and 1230 accepted.
[mcmc] Progress @ 2026-06-12 05:36:31 : 2860 steps taken, and 1363 accepted.
[mcmc] Progress @ 2026-06-12 05:36:55 : 2890 steps taken, and 1398 accepted.
[mcmc] Progress @ 2026-06-12 05:37:10 : 2915 steps taken, and 1414 accepted.
[mcmc] Progress @ 2026-06-12 05:37:26 : 2675 steps taken, and 1248 accepted.
[mcmc] Progress @ 2026-06-12 05:37:32 : 2884 steps taken, and 1379 accepted.
[mcmc] Progress @ 2026-06-12 05:37:56 : 2933 steps taken, and 1413 accepted.
[mcmc] Progress @ 2026-06-12 05:38:11 : 2952 steps taken, and 1429 accepted.
[mcmc] Progress @ 2026-06-12 05:38:29 : 2711 steps taken, and 1265 accepted.
[mcmc] Progress @ 2026-06-12 05:38:33 : 2918 steps taken, and 1392 accepted.
[mcmc] Progress @ 2026-06-12 05:38:57 : 2971 steps taken, and 1429 accepted.
[mcmc] Learn + convergence test @ 1440 samples accepted.
[mcmc]  - Acceptance rate: 0.449
[mcmc]  - Convergence of means: R-1 = 0.115005 after 1152 accepted steps
[mcmc]  - Updated covariance matrix of proposal pdf.
[mcmc] Progress @ 2026-06-12 05:39:12 : 2999 steps taken, and 1440 accepted.
[mcmc] Progress @ 2026-06-12 05:39:31 : 2754 steps taken, and 1276 accepted.
[mcmc] Progress @ 2026-06-12 05:39:34 : 2945 steps taken, and 1408 accepted.
[mcmc] Learn + convergence test @ 1440 samples accepted.
[mcmc]  - Acceptance rate: 0.441
[mcmc]  - Convergence of means: R-1 = 0.062485 after 1152 accepted steps
[mcmc]  - Updated covariance matrix of proposal pdf.
[mcmc] Progress @ 2026-06-12 05:39:58 : 3000 steps taken, and 1442 accepted.
[mcmc] Progress @ 2026-06-12 05:40:13 : 3032 steps taken, and 1453 accepted.
[mcmc] Progress @ 2026-06-12 05:40:34 : 2787 steps taken, and 1289 accepted.
[mcmc] Progress @ 2026-06-12 05:40:35 : 2976 steps taken, and 1426 accepted.
[mcmc] Progress @ 2026-06-12 05:40:59 : 3032 steps taken, and 1456 accepted.
[mcmc] Progress @ 2026-06-12 05:41:13 : 3072 steps taken, and 1468 accepted.
[mcmc] Learn + convergence test @ 1440 samples accepted.
[mcmc]  - Acceptance rate: 0.445
[mcmc]  - Convergence of means: R-1 = 0.068776 after 1152 accepted steps
[mcmc]  - Updated covariance matrix of proposal pdf.
[mcmc] Progress @ 2026-06-12 05:41:36 : 3008 steps taken, and 1441 accepted.
[mcmc] Progress @ 2026-06-12 05:41:37 : 2825 steps taken, and 1307 accepted.
[mcmc] Progress @ 2026-06-12 05:42:00 : 3060 steps taken, and 1470 accepted.
[mcmc] Progress @ 2026-06-12 05:42:14 : 3106 steps taken, and 1484 accepted.
[mcmc] Learn + convergence test @ 1320 samples accepted.
[mcmc]  - Acceptance rate: 0.424
[mcmc]  - Convergence of means: R-1 = 0.116927 after 1056 accepted steps
[mcmc]  - Updated covariance matrix of proposal pdf.
[mcmc] Progress @ 2026-06-12 05:42:37 : 3036 steps taken, and 1457 accepted.
[mcmc] Progress @ 2026-06-12 05:42:40 : 2862 steps taken, and 1320 accepted.
[mcmc] Progress @ 2026-06-12 05:43:02 : 3089 steps taken, and 1483 accepted.
[mcmc] Progress @ 2026-06-12 05:43:15 : 3132 steps taken, and 1500 accepted.
[mcmc] Progress @ 2026-06-12 05:43:37 : 3064 steps taken, and 1472 accepted.
[mcmc] Progress @ 2026-06-12 05:43:42 : 2896 steps taken, and 1336 accepted.
[mcmc] Progress @ 2026-06-12 05:44:02 : 3127 steps taken, and 1498 accepted.
[mcmc] Progress @ 2026-06-12 05:44:15 : 3169 steps taken, and 1517 accepted.
[mcmc] Progress @ 2026-06-12 05:44:37 : 3092 steps taken, and 1487 accepted.
[mcmc] Progress @ 2026-06-12 05:44:45 : 2935 steps taken, and 1354 accepted.
[mcmc] Progress @ 2026-06-12 05:45:03 : 3151 steps taken, and 1513 accepted.
[mcmc] Progress @ 2026-06-12 05:45:15 : 3206 steps taken, and 1531 accepted.
[mcmc] Progress @ 2026-06-12 05:45:38 : 3127 steps taken, and 1501 accepted.
[mcmc] Progress @ 2026-06-12 05:45:47 : 2969 steps taken, and 1368 accepted.
[mcmc] Progress @ 2026-06-12 05:46:04 : 3185 steps taken, and 1527 accepted.
[mcmc] Progress @ 2026-06-12 05:46:16 : 3242 steps taken, and 1545 accepted.
[mcmc] Progress @ 2026-06-12 05:46:39 : 3155 steps taken, and 1513 accepted.
[mcmc] Progress @ 2026-06-12 05:46:50 : 3009 steps taken, and 1387 accepted.
[mcmc] Progress @ 2026-06-12 05:47:05 : 3214 steps taken, and 1539 accepted.
[mcmc] Learn + convergence test @ 1560 samples accepted.
[mcmc]  - Acceptance rate: 0.446
[mcmc]  - Convergence of means: R-1 = 0.079007 after 1248 accepted steps
[mcmc]  - Updated covariance matrix of proposal pdf.
[mcmc] Progress @ 2026-06-12 05:47:17 : 3275 steps taken, and 1561 accepted.
[mcmc] Progress @ 2026-06-12 05:47:40 : 3185 steps taken, and 1527 accepted.
[mcmc] Progress @ 2026-06-12 05:47:53 : 3051 steps taken, and 1400 accepted.
[mcmc] Progress @ 2026-06-12 05:48:06 : 3240 steps taken, and 1550 accepted.
[mcmc] Progress @ 2026-06-12 05:48:18 : 3314 steps taken, and 1580 accepted.
[mcmc] Progress @ 2026-06-12 05:48:41 : 3214 steps taken, and 1540 accepted.
[mcmc] Learn + convergence test @ 1560 samples accepted.
[mcmc]  - Acceptance rate: 0.437
[mcmc]  - Convergence of means: R-1 = 0.032515 after 1248 accepted steps
[mcmc]  - Updated covariance matrix of proposal pdf.
[mcmc] Progress @ 2026-06-12 05:48:55 : 3090 steps taken, and 1418 accepted.
[mcmc] Progress @ 2026-06-12 05:49:07 : 3283 steps taken, and 1563 accepted.
[mcmc] Progress @ 2026-06-12 05:49:18 : 3347 steps taken, and 1591 accepted.
[mcmc] Progress @ 2026-06-12 05:49:42 : 3244 steps taken, and 1557 accepted.
[mcmc] Learn + convergence test @ 1560 samples accepted.
[mcmc]  - Acceptance rate: 0.452
[mcmc]  - Convergence of means: R-1 = 0.034644 after 1248 accepted steps
[mcmc]  - Updated covariance matrix of proposal pdf.
[mcmc] Progress @ 2026-06-12 05:49:58 : 3124 steps taken, and 1434 accepted.
[mcmc] Progress @ 2026-06-12 05:50:08 : 3310 steps taken, and 1576 accepted.
[mcmc] Progress @ 2026-06-12 05:50:19 : 3388 steps taken, and 1608 accepted.
[mcmc] Learn + convergence test @ 1440 samples accepted.
[mcmc]  - Acceptance rate: 0.422
[mcmc]  - Convergence of means: R-1 = 0.071301 after 1152 accepted steps
[mcmc]  - Updated covariance matrix of proposal pdf.
[mcmc] Progress @ 2026-06-12 05:50:43 : 3276 steps taken, and 1572 accepted.
[mcmc] Progress @ 2026-06-12 05:51:00 : 3169 steps taken, and 1450 accepted.
[mcmc] Progress @ 2026-06-12 05:51:09 : 3339 steps taken, and 1592 accepted.
[mcmc] Progress @ 2026-06-12 05:51:20 : 3423 steps taken, and 1625 accepted.
[mcmc] Progress @ 2026-06-12 05:51:44 : 3304 steps taken, and 1589 accepted.
[mcmc] Progress @ 2026-06-12 05:52:00 : 3203 steps taken, and 1467 accepted.
[mcmc] Progress @ 2026-06-12 05:52:10 : 3365 steps taken, and 1610 accepted.
[mcmc] Progress @ 2026-06-12 05:52:21 : 3474 steps taken, and 1644 accepted.
[mcmc] Progress @ 2026-06-12 05:52:45 : 3333 steps taken, and 1602 accepted.
[mcmc] Progress @ 2026-06-12 05:53:03 : 3243 steps taken, and 1483 accepted.
[mcmc] Progress @ 2026-06-12 05:53:12 : 3400 steps taken, and 1627 accepted.
[mcmc] Progress @ 2026-06-12 05:53:22 : 3508 steps taken, and 1659 accepted.
[mcmc] Progress @ 2026-06-12 05:53:46 : 3357 steps taken, and 1617 accepted.
[mcmc] Progress @ 2026-06-12 05:54:06 : 3275 steps taken, and 1496 accepted.
[mcmc] Progress @ 2026-06-12 05:54:12 : 3438 steps taken, and 1638 accepted.
[mcmc] Progress @ 2026-06-12 05:54:22 : 3539 steps taken, and 1673 accepted.
[mcmc] Progress @ 2026-06-12 05:54:46 : 3384 steps taken, and 1631 accepted.
[mcmc] Learn + convergence test @ 1680 samples accepted.
[mcmc]  - Acceptance rate: 0.442
[mcmc]  - Convergence of means: R-1 = 0.095036 after 1344 accepted steps
[mcmc]  - Updated covariance matrix of proposal pdf.
[mcmc] Progress @ 2026-06-12 05:55:08 : 3314 steps taken, and 1512 accepted.
[mcmc] Progress @ 2026-06-12 05:55:13 : 3474 steps taken, and 1648 accepted.
[mcmc] Progress @ 2026-06-12 05:55:23 : 3574 steps taken, and 1687 accepted.
[mcmc] Progress @ 2026-06-12 05:55:47 : 3410 steps taken, and 1644 accepted.
[mcmc] Progress @ 2026-06-12 05:56:11 : 3354 steps taken, and 1527 accepted.
[mcmc] Progress @ 2026-06-12 05:56:14 : 3503 steps taken, and 1662 accepted.
[mcmc] Progress @ 2026-06-12 05:56:24 : 3610 steps taken, and 1702 accepted.
[mcmc] Progress @ 2026-06-12 05:56:47 : 3440 steps taken, and 1657 accepted.
[mcmc] Progress @ 2026-06-12 05:57:14 : 3397 steps taken, and 1543 accepted.
[mcmc] Progress @ 2026-06-12 05:57:15 : 3538 steps taken, and 1677 accepted.
[mcmc] Progress @ 2026-06-12 05:57:25 : 3663 steps taken, and 1718 accepted.
[mcmc] Learn + convergence test @ 1680 samples accepted.
[mcmc]  - Acceptance rate: 0.437
[mcmc]  - Convergence of means: R-1 = 0.034598 after 1344 accepted steps
[mcmc]  - Updated covariance matrix of proposal pdf.
[mcmc] Progress @ 2026-06-12 05:57:48 : 3469 steps taken, and 1668 accepted.
[mcmc] Progress @ 2026-06-12 05:58:16 : 3577 steps taken, and 1690 accepted.
[mcmc] Progress @ 2026-06-12 05:58:16 : 3425 steps taken, and 1560 accepted.
[mcmc] Learn + convergence test @ 1560 samples accepted.
[mcmc]  - Acceptance rate: 0.420
[mcmc]  - Convergence of means: R-1 = 0.047946 after 1248 accepted steps
[mcmc]  - Updated covariance matrix of proposal pdf.
[mcmc] Progress @ 2026-06-12 05:58:25 : 3704 steps taken, and 1737 accepted.
[mcmc] Learn + convergence test @ 1680 samples accepted.
[mcmc]  - Acceptance rate: 0.455
[mcmc]  - Convergence of means: R-1 = 0.042849 after 1344 accepted steps
[mcmc]  - Updated covariance matrix of proposal pdf.
[mcmc] Progress @ 2026-06-12 05:58:48 : 3500 steps taken, and 1683 accepted.
[mcmc] Progress @ 2026-06-12 05:59:17 : 3606 steps taken, and 1703 accepted.
[mcmc] Progress @ 2026-06-12 05:59:19 : 3458 steps taken, and 1577 accepted.
[mcmc] Progress @ 2026-06-12 05:59:26 : 3740 steps taken, and 1752 accepted.
[mcmc] Progress @ 2026-06-12 05:59:49 : 3533 steps taken, and 1694 accepted.
[mcmc] Progress @ 2026-06-12 06:00:18 : 3644 steps taken, and 1717 accepted.
[mcmc] Progress @ 2026-06-12 06:00:21 : 3498 steps taken, and 1593 accepted.
[mcmc] Progress @ 2026-06-12 06:00:27 : 3776 steps taken, and 1767 accepted.
[mcmc] Progress @ 2026-06-12 06:00:50 : 3565 steps taken, and 1711 accepted.
[mcmc] Progress @ 2026-06-12 06:01:19 : 3677 steps taken, and 1732 accepted.
[mcmc] Progress @ 2026-06-12 06:01:24 : 3532 steps taken, and 1605 accepted.
[mcmc] Progress @ 2026-06-12 06:01:27 : 3809 steps taken, and 1782 accepted.
[mcmc] Progress @ 2026-06-12 06:01:51 : 3595 steps taken, and 1723 accepted.
[mcmc] Progress @ 2026-06-12 06:02:20 : 3704 steps taken, and 1747 accepted.
[mcmc] Progress @ 2026-06-12 06:02:26 : 3568 steps taken, and 1624 accepted.
[mcmc] Progress @ 2026-06-12 06:02:28 : 3848 steps taken, and 1797 accepted.
[mcmc] Learn + convergence test @ 1800 samples accepted.
[mcmc]  - Acceptance rate: 0.435
[mcmc]  - Convergence of means: R-1 = 0.052148 after 1440 accepted steps
[mcmc]  - Updated covariance matrix of proposal pdf.
[mcmc] Progress @ 2026-06-12 06:02:52 : 3626 steps taken, and 1737 accepted.
[mcmc] Progress @ 2026-06-12 06:03:21 : 3744 steps taken, and 1760 accepted.
[mcmc] Progress @ 2026-06-12 06:03:29 : 3892 steps taken, and 1811 accepted.
[mcmc] Progress @ 2026-06-12 06:03:29 : 3602 steps taken, and 1640 accepted.
[mcmc] Progress @ 2026-06-12 06:03:53 : 3661 steps taken, and 1752 accepted.
[mcmc] Progress @ 2026-06-12 06:04:22 : 3766 steps taken, and 1772 accepted.
[mcmc] Progress @ 2026-06-12 06:04:30 : 3938 steps taken, and 1827 accepted.
[mcmc] Progress @ 2026-06-12 06:04:32 : 3652 steps taken, and 1655 accepted.
[mcmc] Progress @ 2026-06-12 06:04:54 : 3704 steps taken, and 1765 accepted.
[mcmc] Progress @ 2026-06-12 06:05:23 : 3800 steps taken, and 1786 accepted.
[mcmc] Progress @ 2026-06-12 06:05:30 : 3976 steps taken, and 1843 accepted.
[mcmc] Progress @ 2026-06-12 06:05:34 : 3697 steps taken, and 1672 accepted.
[mcmc] Progress @ 2026-06-12 06:05:54 : 3735 steps taken, and 1779 accepted.
[mcmc] Learn + convergence test @ 1680 samples accepted.
[mcmc]  - Acceptance rate: 0.418
[mcmc]  - Convergence of means: R-1 = 0.063193 after 1344 accepted steps
[mcmc]  - Updated covariance matrix of proposal pdf.
[mcmc] Learn + convergence test @ 1800 samples accepted.
[mcmc]  - Acceptance rate: 0.435
[mcmc]  - Convergence of means: R-1 = 0.071208 after 1440 accepted steps
[mcmc]  - Updated covariance matrix of proposal pdf.
[mcmc] Progress @ 2026-06-12 06:06:24 : 3838 steps taken, and 1801 accepted.
[mcmc] Progress @ 2026-06-12 06:06:31 : 4005 steps taken, and 1860 accepted.
[mcmc] Progress @ 2026-06-12 06:06:37 : 3734 steps taken, and 1688 accepted.
[mcmc] Progress @ 2026-06-12 06:06:55 : 3770 steps taken, and 1797 accepted.
[mcmc] Learn + convergence test @ 1800 samples accepted.
[mcmc]  - Acceptance rate: 0.450
[mcmc]  - Convergence of means: R-1 = 0.055035 after 1440 accepted steps
[mcmc]  - Updated covariance matrix of proposal pdf.
[mcmc] Progress @ 2026-06-12 06:07:24 : 3868 steps taken, and 1816 accepted.
[mcmc] Progress @ 2026-06-12 06:07:31 : 4035 steps taken, and 1878 accepted.
[mcmc] Progress @ 2026-06-12 06:07:39 : 3768 steps taken, and 1706 accepted.
[mcmc] Progress @ 2026-06-12 06:07:55 : 3797 steps taken, and 1814 accepted.
[mcmc] Progress @ 2026-06-12 06:08:25 : 3905 steps taken, and 1832 accepted.
[mcmc] Progress @ 2026-06-12 06:08:32 : 4067 steps taken, and 1893 accepted.
[mcmc] Progress @ 2026-06-12 06:08:42 : 3805 steps taken, and 1724 accepted.
[mcmc] Progress @ 2026-06-12 06:08:56 : 3824 steps taken, and 1828 accepted.
[mcmc] Progress @ 2026-06-12 06:09:26 : 3943 steps taken, and 1843 accepted.
[mcmc] Progress @ 2026-06-12 06:09:32 : 4104 steps taken, and 1909 accepted.
[mcmc] Progress @ 2026-06-12 06:09:44 : 3839 steps taken, and 1739 accepted.
[mcmc] Progress @ 2026-06-12 06:09:57 : 3855 steps taken, and 1837 accepted.
[mcmc] Learn + convergence test @ 1920 samples accepted.
[mcmc]  - Acceptance rate: 0.434
[mcmc]  - Convergence of means: R-1 = 0.038535 after 1536 accepted steps
[mcmc]  - Updated covariance matrix of proposal pdf.
[mcmc] Progress @ 2026-06-12 06:10:27 : 3969 steps taken, and 1855 accepted.
[mcmc] Progress @ 2026-06-12 06:10:33 : 4139 steps taken, and 1926 accepted.
[mcmc] Progress @ 2026-06-12 06:10:47 : 3883 steps taken, and 1756 accepted.
[mcmc] Progress @ 2026-06-12 06:10:58 : 3882 steps taken, and 1852 accepted.
[mcmc] Progress @ 2026-06-12 06:11:28 : 4007 steps taken, and 1872 accepted.
[mcmc] Progress @ 2026-06-12 06:11:33 : 4181 steps taken, and 1939 accepted.
[mcmc] Progress @ 2026-06-12 06:11:49 : 3915 steps taken, and 1775 accepted.
[mcmc] Progress @ 2026-06-12 06:11:58 : 3912 steps taken, and 1863 accepted.
[mcmc] Progress @ 2026-06-12 06:12:29 : 4040 steps taken, and 1889 accepted.
[mcmc] Progress @ 2026-06-12 06:12:34 : 4222 steps taken, and 1954 accepted.
[mcmc] Progress @ 2026-06-12 06:12:52 : 3944 steps taken, and 1792 accepted.
[mcmc] Progress @ 2026-06-12 06:12:59 : 3949 steps taken, and 1876 accepted.
[mcmc] Learn + convergence test @ 1800 samples accepted.
[mcmc]  - Acceptance rate: 0.422
[mcmc]  - Convergence of means: R-1 = 0.032677 after 1440 accepted steps
[mcmc]  - Updated covariance matrix of proposal pdf.
[mcmc] Progress @ 2026-06-12 06:13:30 : 4075 steps taken, and 1903 accepted.
[mcmc] Progress @ 2026-06-12 06:13:35 : 4252 steps taken, and 1972 accepted.
[mcmc] Progress @ 2026-06-12 06:13:55 : 3981 steps taken, and 1807 accepted.
[mcmc] Progress @ 2026-06-12 06:14:00 : 3981 steps taken, and 1890 accepted.
[mcmc] Progress @ 2026-06-12 06:14:32 : 4111 steps taken, and 1917 accepted.
[mcmc] Progress @ 2026-06-12 06:14:36 : 4302 steps taken, and 1983 accepted.
[mcmc] Learn + convergence test @ 1920 samples accepted.
[mcmc]  - Acceptance rate: 0.432
[mcmc]  - Convergence of means: R-1 = 0.041049 after 1536 accepted steps
[mcmc]  - Updated covariance matrix of proposal pdf.
[mcmc] Progress @ 2026-06-12 06:14:57 : 4020 steps taken, and 1818 accepted.
[mcmc] Progress @ 2026-06-12 06:15:01 : 4012 steps taken, and 1904 accepted.
[mcmc] Progress @ 2026-06-12 06:15:33 : 4147 steps taken, and 1934 accepted.
[mcmc] Progress @ 2026-06-12 06:15:37 : 4327 steps taken, and 1997 accepted.
[mcmc] Progress @ 2026-06-12 06:16:00 : 4065 steps taken, and 1833 accepted.
[mcmc] Progress @ 2026-06-12 06:16:03 : 4041 steps taken, and 1918 accepted.
[mcmc] Learn + convergence test @ 1920 samples accepted.
[mcmc]  - Acceptance rate: 0.451
[mcmc]  - Convergence of means: R-1 = 0.036689 after 1536 accepted steps
[mcmc]  - Updated covariance matrix of proposal pdf.
[mcmc] Progress @ 2026-06-12 06:16:34 : 4174 steps taken, and 1945 accepted.
[mcmc] Progress @ 2026-06-12 06:16:38 : 4363 steps taken, and 2009 accepted.
[mcmc] Progress @ 2026-06-12 06:17:03 : 4113 steps taken, and 1851 accepted.
[mcmc] Progress @ 2026-06-12 06:17:03 : 4068 steps taken, and 1932 accepted.
[mcmc] Progress @ 2026-06-12 06:17:35 : 4207 steps taken, and 1959 accepted.
[mcmc] Progress @ 2026-06-12 06:17:38 : 4393 steps taken, and 2026 accepted.
[mcmc] Progress @ 2026-06-12 06:18:04 : 4093 steps taken, and 1943 accepted.
[mcmc] Progress @ 2026-06-12 06:18:05 : 4150 steps taken, and 1865 accepted.
[mcmc] Learn + convergence test @ 2040 samples accepted.
[mcmc]  - Acceptance rate: 0.434
[mcmc]  - Convergence of means: R-1 = 0.024074 after 1632 accepted steps
[mcmc]  - Updated covariance matrix of proposal pdf.
[mcmc] Progress @ 2026-06-12 06:18:36 : 4233 steps taken, and 1976 accepted.
[mcmc] Progress @ 2026-06-12 06:18:38 : 4427 steps taken, and 2044 accepted.
[mcmc] Progress @ 2026-06-12 06:19:04 : 4132 steps taken, and 1958 accepted.
[mcmc] Progress @ 2026-06-12 06:19:08 : 4186 steps taken, and 1882 accepted.
[mcmc] Progress @ 2026-06-12 06:19:37 : 4271 steps taken, and 1992 accepted.
[mcmc] Progress @ 2026-06-12 06:19:39 : 4467 steps taken, and 2061 accepted.
[mcmc] Progress @ 2026-06-12 06:20:05 : 4167 steps taken, and 1969 accepted.
[mcmc] Progress @ 2026-06-12 06:20:10 : 4217 steps taken, and 1897 accepted.
[mcmc] Progress @ 2026-06-12 06:20:38 : 4304 steps taken, and 2005 accepted.
[mcmc] Progress @ 2026-06-12 06:20:39 : 4514 steps taken, and 2075 accepted.
[mcmc] Progress @ 2026-06-12 06:21:06 : 4196 steps taken, and 1982 accepted.
[mcmc] Progress @ 2026-06-12 06:21:13 : 4252 steps taken, and 1914 accepted.
[mcmc] Progress @ 2026-06-12 06:21:40 : 4332 steps taken, and 2020 accepted.
[mcmc] Progress @ 2026-06-12 06:21:40 : 4541 steps taken, and 2090 accepted.
[mcmc] Learn + convergence test @ 1920 samples accepted.
[mcmc]  - Acceptance rate: 0.418
[mcmc]  - Convergence of means: R-1 = 0.034630 after 1536 accepted steps
[mcmc]  - Updated covariance matrix of proposal pdf.
[mcmc] Progress @ 2026-06-12 06:22:07 : 4230 steps taken, and 1998 accepted.
[mcmc] Progress @ 2026-06-12 06:22:16 : 4298 steps taken, and 1928 accepted.
[mcmc] Progress @ 2026-06-12 06:22:41 : 4578 steps taken, and 2106 accepted.
[mcmc] Progress @ 2026-06-12 06:22:42 : 4368 steps taken, and 2039 accepted.
[mcmc] Learn + convergence test @ 2040 samples accepted.
[mcmc]  - Acceptance rate: 0.434
[mcmc]  - Convergence of means: R-1 = 0.041095 after 1632 accepted steps
[mcmc]  - Updated covariance matrix of proposal pdf.
[mcmc] Progress @ 2026-06-12 06:23:08 : 4267 steps taken, and 2013 accepted.
[mcmc] Progress @ 2026-06-12 06:23:18 : 4333 steps taken, and 1945 accepted.
[mcmc] Progress @ 2026-06-12 06:23:41 : 4619 steps taken, and 2122 accepted.
[mcmc] Progress @ 2026-06-12 06:23:44 : 4408 steps taken, and 2053 accepted.
[mcmc] Progress @ 2026-06-12 06:24:09 : 4301 steps taken, and 2027 accepted.
[mcmc] Progress @ 2026-06-12 06:24:21 : 4372 steps taken, and 1959 accepted.
[mcmc] Progress @ 2026-06-12 06:24:42 : 4657 steps taken, and 2139 accepted.
[mcmc] Progress @ 2026-06-12 06:24:46 : 4443 steps taken, and 2072 accepted.
[mcmc] Learn + convergence test @ 2040 samples accepted.
[mcmc]  - Acceptance rate: 0.450
[mcmc]  - Convergence of means: R-1 = 0.044870 after 1632 accepted steps
[mcmc]  - Updated covariance matrix of proposal pdf.
[mcmc] Progress @ 2026-06-12 06:25:10 : 4329 steps taken, and 2045 accepted.
[mcmc] Progress @ 2026-06-12 06:25:24 : 4426 steps taken, and 1975 accepted.
[mcmc] Progress @ 2026-06-12 06:25:43 : 4698 steps taken, and 2152 accepted.
[mcmc] Progress @ 2026-06-12 06:25:48 : 4481 steps taken, and 2088 accepted.
[mcmc] Progress @ 2026-06-12 06:26:11 : 4364 steps taken, and 2060 accepted.
[mcmc] Learn + convergence test @ 2160 samples accepted.
[mcmc]  - Acceptance rate: 0.430
[mcmc]  - Convergence of means: R-1 = 0.018634 after 1728 accepted steps
[mcmc]  - Updated covariance matrix of proposal pdf.
[mcmc] Progress @ 2026-06-12 06:26:26 : 4468 steps taken, and 1988 accepted.
[mcmc] Progress @ 2026-06-12 06:26:44 : 4740 steps taken, and 2166 accepted.
[mcmc] Progress @ 2026-06-12 06:26:50 : 4513 steps taken, and 2101 accepted.
[mcmc] Progress @ 2026-06-12 06:27:12 : 4400 steps taken, and 2073 accepted.
[mcmc] Progress @ 2026-06-12 06:27:29 : 4505 steps taken, and 2006 accepted.
[mcmc] Progress @ 2026-06-12 06:27:44 : 4785 steps taken, and 2183 accepted.
[mcmc] Progress @ 2026-06-12 06:27:52 : 4555 steps taken, and 2117 accepted.
[mcmc] Progress @ 2026-06-12 06:28:13 : 4445 steps taken, and 2085 accepted.
[mcmc] Progress @ 2026-06-12 06:28:32 : 4545 steps taken, and 2022 accepted.
[mcmc] Progress @ 2026-06-12 06:28:45 : 4828 steps taken, and 2198 accepted.
[mcmc] Progress @ 2026-06-12 06:28:54 : 4587 steps taken, and 2135 accepted.
[mcmc] Progress @ 2026-06-12 06:29:14 : 4474 steps taken, and 2101 accepted.
[mcmc] Progress @ 2026-06-12 06:29:34 : 4579 steps taken, and 2038 accepted.
[mcmc] Learn + convergence test @ 2040 samples accepted.
[mcmc]  - Acceptance rate: 0.415
[mcmc]  - Convergence of means: R-1 = 0.032091 after 1632 accepted steps
[mcmc]  - Updated covariance matrix of proposal pdf.
[mcmc] Progress @ 2026-06-12 06:29:45 : 4863 steps taken, and 2216 accepted.
[mcmc] Progress @ 2026-06-12 06:29:57 : 4635 steps taken, and 2147 accepted.
[mcmc] Progress @ 2026-06-12 06:30:15 : 4514 steps taken, and 2117 accepted.
[mcmc] Learn + convergence test @ 2160 samples accepted.
[mcmc]  - Acceptance rate: 0.433
[mcmc]  - Convergence of means: R-1 = 0.035424 after 1728 accepted steps
[mcmc]  - Updated covariance matrix of proposal pdf.
[mcmc] Progress @ 2026-06-12 06:30:37 : 4618 steps taken, and 2052 accepted.
[mcmc] Progress @ 2026-06-12 06:30:46 : 4905 steps taken, and 2231 accepted.
[mcmc] Progress @ 2026-06-12 06:30:59 : 4675 steps taken, and 2167 accepted.
[mcmc] Progress @ 2026-06-12 06:31:15 : 4539 steps taken, and 2131 accepted.
[mcmc] Progress @ 2026-06-12 06:31:40 : 4654 steps taken, and 2070 accepted.
[mcmc] Progress @ 2026-06-12 06:31:46 : 4935 steps taken, and 2246 accepted.
[mcmc] Progress @ 2026-06-12 06:32:01 : 4710 steps taken, and 2180 accepted.
[mcmc] Progress @ 2026-06-12 06:32:16 : 4569 steps taken, and 2147 accepted.
[mcmc] Progress @ 2026-06-12 06:32:42 : 4694 steps taken, and 2086 accepted.
[mcmc] Progress @ 2026-06-12 06:32:47 : 4968 steps taken, and 2262 accepted.
[mcmc] Progress @ 2026-06-12 06:33:04 : 4760 steps taken, and 2197 accepted.
[mcmc] Learn + convergence test @ 2160 samples accepted.
[mcmc]  - Acceptance rate: 0.448
[mcmc]  - Convergence of means: R-1 = 0.061226 after 1728 accepted steps
[mcmc]  - Updated covariance matrix of proposal pdf.
[mcmc] Progress @ 2026-06-12 06:33:17 : 4603 steps taken, and 2163 accepted.
[mcmc] Progress @ 2026-06-12 06:33:45 : 4735 steps taken, and 2101 accepted.
[mcmc] Progress @ 2026-06-12 06:33:47 : 5005 steps taken, and 2278 accepted.
[mcmc] Learn + convergence test @ 2280 samples accepted.
[mcmc]  - Acceptance rate: 0.429
[mcmc]  - Convergence of means: R-1 = 0.022881 after 1824 accepted steps
[mcmc]  - Updated covariance matrix of proposal pdf.
[mcmc] Progress @ 2026-06-12 06:34:06 : 4800 steps taken, and 2214 accepted.
[mcmc] Progress @ 2026-06-12 06:34:18 : 4631 steps taken, and 2177 accepted.
[mcmc] Progress @ 2026-06-12 06:34:48 : 4783 steps taken, and 2117 accepted.
[mcmc] Progress @ 2026-06-12 06:34:48 : 5032 steps taken, and 2293 accepted.
[mcmc] Progress @ 2026-06-12 06:35:08 : 4840 steps taken, and 2231 accepted.
[mcmc] Progress @ 2026-06-12 06:35:19 : 4669 steps taken, and 2191 accepted.
[mcmc] Progress @ 2026-06-12 06:35:49 : 5075 steps taken, and 2310 accepted.
[mcmc] Progress @ 2026-06-12 06:35:50 : 4820 steps taken, and 2135 accepted.
[mcmc] Progress @ 2026-06-12 06:36:11 : 4879 steps taken, and 2246 accepted.
[mcmc] Progress @ 2026-06-12 06:36:20 : 4699 steps taken, and 2207 accepted.
[mcmc] Progress @ 2026-06-12 06:36:50 : 5104 steps taken, and 2324 accepted.
[mcmc] Progress @ 2026-06-12 06:36:53 : 4854 steps taken, and 2151 accepted.
[mcmc] Progress @ 2026-06-12 06:37:13 : 4912 steps taken, and 2263 accepted.
[mcmc] Progress @ 2026-06-12 06:37:21 : 4725 steps taken, and 2222 accepted.
[mcmc] Learn + convergence test @ 2160 samples accepted.
[mcmc]  - Acceptance rate: 0.415
[mcmc]  - Convergence of means: R-1 = 0.031269 after 1728 accepted steps
[mcmc]  - Updated covariance matrix of proposal pdf.
[mcmc] Progress @ 2026-06-12 06:37:51 : 5137 steps taken, and 2338 accepted.
[mcmc] Progress @ 2026-06-12 06:37:56 : 4889 steps taken, and 2170 accepted.
[mcmc] Learn + convergence test @ 2280 samples accepted.
[mcmc]  - Acceptance rate: 0.432
[mcmc]  - Convergence of means: R-1 = 0.029176 after 1824 accepted steps
[mcmc]  - Updated covariance matrix of proposal pdf.
[mcmc] Progress @ 2026-06-12 06:38:15 : 4954 steps taken, and 2281 accepted.
[mcmc] Progress @ 2026-06-12 06:38:21 : 4748 steps taken, and 2233 accepted.
[mcmc] Progress @ 2026-06-12 06:38:51 : 5176 steps taken, and 2353 accepted.
[mcmc] Progress @ 2026-06-12 06:38:58 : 4924 steps taken, and 2190 accepted.
[mcmc] Progress @ 2026-06-12 06:39:18 : 5000 steps taken, and 2299 accepted.
[mcmc] Progress @ 2026-06-12 06:39:22 : 4778 steps taken, and 2245 accepted.
[mcmc] Progress @ 2026-06-12 06:39:52 : 5206 steps taken, and 2369 accepted.
[mcmc] Progress @ 2026-06-12 06:40:01 : 4968 steps taken, and 2205 accepted.
[mcmc] Progress @ 2026-06-12 06:40:20 : 5036 steps taken, and 2313 accepted.
[mcmc] Progress @ 2026-06-12 06:40:23 : 4822 steps taken, and 2257 accepted.
[mcmc] Progress @ 2026-06-12 06:40:53 : 5246 steps taken, and 2385 accepted.
[mcmc] Progress @ 2026-06-12 06:41:04 : 5011 steps taken, and 2220 accepted.
[mcmc] Progress @ 2026-06-12 06:41:22 : 5067 steps taken, and 2326 accepted.
[mcmc] Progress @ 2026-06-12 06:41:24 : 4849 steps taken, and 2271 accepted.
[mcmc] Learn + convergence test @ 2400 samples accepted.
[mcmc]  - Acceptance rate: 0.428
[mcmc]  - Convergence of means: R-1 = 0.016823 after 1920 accepted steps
[mcmc]  - Updated covariance matrix of proposal pdf.
[mcmc] Progress @ 2026-06-12 06:41:54 : 5284 steps taken, and 2402 accepted.
[mcmc] Progress @ 2026-06-12 06:42:04 : 5038 steps taken, and 2237 accepted.
[mcmc] Learn + convergence test @ 2280 samples accepted.
[mcmc]  - Acceptance rate: 0.448
[mcmc]  - Convergence of means: R-1 = 0.043801 after 1824 accepted steps
[mcmc]  - Updated covariance matrix of proposal pdf.
[mcmc] Progress @ 2026-06-12 06:42:24 : 4876 steps taken, and 2285 accepted.
[mcmc] Progress @ 2026-06-12 06:42:24 : 5115 steps taken, and 2342 accepted.
[mcmc] Progress @ 2026-06-12 06:42:54 : 5324 steps taken, and 2417 accepted.
[mcmc] Progress @ 2026-06-12 06:43:06 : 5069 steps taken, and 2251 accepted.
[mcmc] Progress @ 2026-06-12 06:43:25 : 4908 steps taken, and 2299 accepted.
[mcmc] Progress @ 2026-06-12 06:43:27 : 5154 steps taken, and 2362 accepted.
[mcmc] Progress @ 2026-06-12 06:43:55 : 5362 steps taken, and 2432 accepted.
[mcmc] Progress @ 2026-06-12 06:44:09 : 5105 steps taken, and 2270 accepted.
[mcmc] Progress @ 2026-06-12 06:44:26 : 4950 steps taken, and 2311 accepted.
[mcmc] Progress @ 2026-06-12 06:44:29 : 5192 steps taken, and 2377 accepted.
[mcmc] Learn + convergence test @ 2280 samples accepted.
[mcmc]  - Acceptance rate: 0.418
[mcmc]  - Convergence of means: R-1 = 0.032681 after 1824 accepted steps
[mcmc]  - Updated covariance matrix of proposal pdf.
[mcmc] Progress @ 2026-06-12 06:44:56 : 5399 steps taken, and 2449 accepted.
[mcmc] Progress @ 2026-06-12 06:45:12 : 5139 steps taken, and 2289 accepted.
[mcmc] Progress @ 2026-06-12 06:45:27 : 4990 steps taken, and 2323 accepted.
[mcmc] Progress @ 2026-06-12 06:45:32 : 5244 steps taken, and 2392 accepted.
[mcmc] Progress @ 2026-06-12 06:45:57 : 5429 steps taken, and 2462 accepted.
[mcmc] Learn + convergence test @ 2400 samples accepted.
[mcmc]  - Acceptance rate: 0.429
[mcmc]  - Convergence of means: R-1 = 0.007792 after 1920 accepted steps
[mcmc]  - Updated covariance matrix of proposal pdf.
[mcmc] Progress @ 2026-06-12 06:46:14 : 5183 steps taken, and 2306 accepted.
[mcmc] Progress @ 2026-06-12 06:46:28 : 5019 steps taken, and 2339 accepted.
[mcmc] Progress @ 2026-06-12 06:46:34 : 5287 steps taken, and 2408 accepted.
[mcmc] Progress @ 2026-06-12 06:46:58 : 5463 steps taken, and 2479 accepted.
[mcmc] Progress @ 2026-06-12 06:47:17 : 5219 steps taken, and 2324 accepted.
[mcmc] Progress @ 2026-06-12 06:47:29 : 5049 steps taken, and 2355 accepted.
[mcmc] Progress @ 2026-06-12 06:47:36 : 5333 steps taken, and 2424 accepted.
[mcmc] Progress @ 2026-06-12 06:47:59 : 5496 steps taken, and 2494 accepted.
[mcmc] Progress @ 2026-06-12 06:48:17 : 5258 steps taken, and 2337 accepted.
[mcmc] Progress @ 2026-06-12 06:48:30 : 5077 steps taken, and 2368 accepted.
[mcmc] Progress @ 2026-06-12 06:48:39 : 5369 steps taken, and 2440 accepted.
[mcmc] Progress @ 2026-06-12 06:49:00 : 5538 steps taken, and 2509 accepted.
[mcmc] Progress @ 2026-06-12 06:49:20 : 5297 steps taken, and 2353 accepted.
[mcmc] Progress @ 2026-06-12 06:49:30 : 5102 steps taken, and 2379 accepted.
[mcmc] Progress @ 2026-06-12 06:49:41 : 5409 steps taken, and 2457 accepted.
[mcmc] Learn + convergence test @ 2520 samples accepted.
[mcmc]  - Acceptance rate: 0.428
[mcmc]  - Convergence of means: R-1 = 0.016717 after 2016 accepted steps
[mcmc]  - Updated covariance matrix of proposal pdf.
[mcmc] Progress @ 2026-06-12 06:50:00 : 5574 steps taken, and 2524 accepted.
[mcmc] Progress @ 2026-06-12 06:50:22 : 5343 steps taken, and 2370 accepted.
[mcmc] Progress @ 2026-06-12 06:50:30 : 5137 steps taken, and 2391 accepted.
[mcmc] Progress @ 2026-06-12 06:50:43 : 5450 steps taken, and 2471 accepted.
[mcmc] Progress @ 2026-06-12 06:51:01 : 5614 steps taken, and 2541 accepted.
[mcmc] Learn + convergence test @ 2400 samples accepted.
[mcmc]  - Acceptance rate: 0.445
[mcmc]  - Convergence of means: R-1 = 0.053382 after 1920 accepted steps
[mcmc]  - Updated covariance matrix of proposal pdf.
[mcmc] Progress @ 2026-06-12 06:51:25 : 5386 steps taken, and 2388 accepted.
[mcmc] Progress @ 2026-06-12 06:51:30 : 5168 steps taken, and 2404 accepted.
[mcmc] Progress @ 2026-06-12 06:51:46 : 5484 steps taken, and 2487 accepted.
[mcmc] Progress @ 2026-06-12 06:52:02 : 5646 steps taken, and 2558 accepted.
[mcmc] Learn + convergence test @ 2400 samples accepted.
[mcmc]  - Acceptance rate: 0.416
[mcmc]  - Convergence of means: R-1 = 0.030620 after 1920 accepted steps
[mcmc]  - Updated covariance matrix of proposal pdf.
[mcmc] Progress @ 2026-06-12 06:52:28 : 5429 steps taken, and 2405 accepted.
[mcmc] Progress @ 2026-06-12 06:52:31 : 5199 steps taken, and 2421 accepted.
[mcmc] Progress @ 2026-06-12 06:52:48 : 5524 steps taken, and 2502 accepted.
[mcmc] Progress @ 2026-06-12 06:53:02 : 5681 steps taken, and 2573 accepted.
[mcmc] Progress @ 2026-06-12 06:53:30 : 5480 steps taken, and 2423 accepted.
[mcmc] Progress @ 2026-06-12 06:53:32 : 5225 steps taken, and 2438 accepted.
[mcmc] Progress @ 2026-06-12 06:53:50 : 5553 steps taken, and 2518 accepted.
[mcmc] Learn + convergence test @ 2520 samples accepted.
[mcmc]  - Acceptance rate: 0.429
[mcmc]  - Convergence of means: R-1 = 0.017288 after 2016 accepted steps
[mcmc]  - Updated covariance matrix of proposal pdf.
[mcmc] Progress @ 2026-06-12 06:54:03 : 5710 steps taken, and 2592 accepted.
[mcmc] Progress @ 2026-06-12 06:54:33 : 5509 steps taken, and 2442 accepted.
[mcmc] Progress @ 2026-06-12 06:54:34 : 5255 steps taken, and 2453 accepted.
[mcmc] Progress @ 2026-06-12 06:54:53 : 5599 steps taken, and 2533 accepted.
[mcmc] Progress @ 2026-06-12 06:55:03 : 5744 steps taken, and 2609 accepted.
[mcmc] Progress @ 2026-06-12 06:55:35 : 5282 steps taken, and 2464 accepted.
[mcmc] Progress @ 2026-06-12 06:55:36 : 5539 steps taken, and 2457 accepted.
[mcmc] Progress @ 2026-06-12 06:55:55 : 5639 steps taken, and 2547 accepted.
[mcmc] Progress @ 2026-06-12 06:56:04 : 5783 steps taken, and 2626 accepted.
[mcmc] Progress @ 2026-06-12 06:56:36 : 5311 steps taken, and 2482 accepted.
[mcmc] Progress @ 2026-06-12 06:56:38 : 5577 steps taken, and 2474 accepted.
[mcmc] Progress @ 2026-06-12 06:56:57 : 5672 steps taken, and 2567 accepted.
[mcmc] Progress @ 2026-06-12 06:57:05 : 5819 steps taken, and 2639 accepted.
[mcmc] Learn + convergence test @ 2640 samples accepted.
[mcmc]  - Acceptance rate: 0.429
[mcmc]  - Convergence of means: R-1 = 0.009536 after 2112 accepted steps
[mcmc]  - Updated covariance matrix of proposal pdf.
[mcmc] Progress @ 2026-06-12 06:57:37 : 5347 steps taken, and 2494 accepted.
[mcmc] Progress @ 2026-06-12 06:57:41 : 5610 steps taken, and 2490 accepted.
[mcmc] Progress @ 2026-06-12 06:58:00 : 5708 steps taken, and 2585 accepted.
[mcmc] Progress @ 2026-06-12 06:58:06 : 5853 steps taken, and 2654 accepted.
[mcmc] Progress @ 2026-06-12 06:58:37 : 5373 steps taken, and 2510 accepted.
[mcmc] Progress @ 2026-06-12 06:58:44 : 5642 steps taken, and 2503 accepted.
[mcmc] Progress @ 2026-06-12 06:59:02 : 5742 steps taken, and 2601 accepted.
[mcmc] Progress @ 2026-06-12 06:59:06 : 5895 steps taken, and 2671 accepted.
[mcmc] Learn + convergence test @ 2520 samples accepted.
[mcmc]  - Acceptance rate: 0.450
[mcmc]  - Convergence of means: R-1 = 0.014847 after 2016 accepted steps
[mcmc]  - Updated covariance matrix of proposal pdf.
[mcmc] Progress @ 2026-06-12 06:59:38 : 5408 steps taken, and 2524 accepted.
[mcmc] Progress @ 2026-06-12 06:59:44 : 5668 steps taken, and 2517 accepted.
[mcmc] Learn + convergence test @ 2520 samples accepted.
[mcmc]  - Acceptance rate: 0.419
[mcmc]  - Convergence of means: R-1 = 0.039893 after 2016 accepted steps
[mcmc]  - Updated covariance matrix of proposal pdf.
[mcmc] Progress @ 2026-06-12 07:00:04 : 5784 steps taken, and 2614 accepted.
[mcmc] Progress @ 2026-06-12 07:00:07 : 5925 steps taken, and 2685 accepted.
[mcmc] Progress @ 2026-06-12 07:00:39 : 5442 steps taken, and 2539 accepted.
[mcmc] Progress @ 2026-06-12 07:00:46 : 5706 steps taken, and 2530 accepted.
[mcmc] Progress @ 2026-06-12 07:01:06 : 5825 steps taken, and 2631 accepted.
[mcmc] Progress @ 2026-06-12 07:01:07 : 5965 steps taken, and 2699 accepted.
[mcmc] Learn + convergence test @ 2640 samples accepted.
[mcmc]  - Acceptance rate: 0.428
[mcmc]  - Convergence of means: R-1 = 0.031015 after 2112 accepted steps
[mcmc]  - Updated covariance matrix of proposal pdf.
[mcmc] Progress @ 2026-06-12 07:01:40 : 5473 steps taken, and 2552 accepted.
[mcmc] Progress @ 2026-06-12 07:01:49 : 5753 steps taken, and 2548 accepted.
[mcmc] Progress @ 2026-06-12 07:02:08 : 5997 steps taken, and 2716 accepted.
[mcmc] Progress @ 2026-06-12 07:02:08 : 5870 steps taken, and 2647 accepted.
[mcmc] Progress @ 2026-06-12 07:02:41 : 5511 steps taken, and 2563 accepted.
[mcmc] Progress @ 2026-06-12 07:02:51 : 5783 steps taken, and 2563 accepted.
[mcmc] Progress @ 2026-06-12 07:03:09 : 6043 steps taken, and 2732 accepted.
[mcmc] Progress @ 2026-06-12 07:03:10 : 5900 steps taken, and 2662 accepted.
[mcmc] Progress @ 2026-06-12 07:03:42 : 5544 steps taken, and 2581 accepted.
[mcmc] Progress @ 2026-06-12 07:03:54 : 5824 steps taken, and 2580 accepted.
[mcmc] Progress @ 2026-06-12 07:04:09 : 6084 steps taken, and 2747 accepted.
[mcmc] Progress @ 2026-06-12 07:04:12 : 5924 steps taken, and 2680 accepted.
[mcmc] Progress @ 2026-06-12 07:04:43 : 5588 steps taken, and 2594 accepted.
[mcmc] Progress @ 2026-06-12 07:04:56 : 5872 steps taken, and 2597 accepted.
[mcmc] Learn + convergence test @ 2760 samples accepted.
[mcmc]  - Acceptance rate: 0.429
[mcmc]  - Convergence of means: R-1 = 0.023281 after 2208 accepted steps
[mcmc]  - Updated covariance matrix of proposal pdf.
[mcmc] Progress @ 2026-06-12 07:05:10 : 6124 steps taken, and 2762 accepted.
[mcmc] Progress @ 2026-06-12 07:05:14 : 5962 steps taken, and 2700 accepted.
[mcmc] Progress @ 2026-06-12 07:05:45 : 5620 steps taken, and 2605 accepted.
[mcmc] Progress @ 2026-06-12 07:05:59 : 5919 steps taken, and 2611 accepted.
[mcmc] Progress @ 2026-06-12 07:06:11 : 6152 steps taken, and 2779 accepted.
[mcmc] Progress @ 2026-06-12 07:06:17 : 5995 steps taken, and 2720 accepted.
[mcmc] Progress @ 2026-06-12 07:06:46 : 5653 steps taken, and 2618 accepted.
[mcmc] Progress @ 2026-06-12 07:07:02 : 5951 steps taken, and 2625 accepted.
[mcmc] Progress @ 2026-06-12 07:07:11 : 6185 steps taken, and 2796 accepted.
[mcmc] Progress @ 2026-06-12 07:07:19 : 6031 steps taken, and 2733 accepted.
[mcmc] Progress @ 2026-06-12 07:07:47 : 5683 steps taken, and 2630 accepted.
[mcmc] Learn + convergence test @ 2640 samples accepted.
[mcmc]  - Acceptance rate: 0.417
[mcmc]  - Convergence of means: R-1 = 0.032975 after 2112 accepted steps
[mcmc]  - Updated covariance matrix of proposal pdf.
[mcmc] Progress @ 2026-06-12 07:08:05 : 5993 steps taken, and 2641 accepted.
[mcmc] Progress @ 2026-06-12 07:08:12 : 6220 steps taken, and 2808 accepted.
[mcmc] Progress @ 2026-06-12 07:08:21 : 6071 steps taken, and 2750 accepted.
[mcmc] Learn + convergence test @ 2640 samples accepted.
[mcmc]  - Acceptance rate: 0.446
[mcmc]  - Convergence of means: R-1 = 0.013736 after 2112 accepted steps
[mcmc]  - Updated covariance matrix of proposal pdf.
[mcmc] Progress @ 2026-06-12 07:08:48 : 5709 steps taken, and 2643 accepted.
[mcmc] Learn + convergence test @ 2760 samples accepted.
[mcmc]  - Acceptance rate: 0.432
[mcmc]  - Convergence of means: R-1 = 0.038381 after 2208 accepted steps
[mcmc]  - Updated covariance matrix of proposal pdf.
[mcmc] Progress @ 2026-06-12 07:09:07 : 6028 steps taken, and 2657 accepted.
[mcmc] Progress @ 2026-06-12 07:09:13 : 6250 steps taken, and 2824 accepted.
[mcmc] Progress @ 2026-06-12 07:09:24 : 6105 steps taken, and 2765 accepted.
[mcmc] Progress @ 2026-06-12 07:09:49 : 5741 steps taken, and 2655 accepted.
[mcmc] Progress @ 2026-06-12 07:10:10 : 6068 steps taken, and 2672 accepted.
[mcmc] Progress @ 2026-06-12 07:10:14 : 6289 steps taken, and 2839 accepted.
[mcmc] Progress @ 2026-06-12 07:10:26 : 6150 steps taken, and 2782 accepted.
[mcmc] Progress @ 2026-06-12 07:10:50 : 5779 steps taken, and 2670 accepted.
[mcmc] Progress @ 2026-06-12 07:11:12 : 6099 steps taken, and 2685 accepted.
[mcmc] Progress @ 2026-06-12 07:11:14 : 6324 steps taken, and 2854 accepted.
[mcmc] Progress @ 2026-06-12 07:11:27 : 6183 steps taken, and 2799 accepted.
[mcmc] Progress @ 2026-06-12 07:11:50 : 5804 steps taken, and 2687 accepted.
[mcmc] Progress @ 2026-06-12 07:12:15 : 6364 steps taken, and 2872 accepted.
[mcmc] Progress @ 2026-06-12 07:12:15 : 6137 steps taken, and 2701 accepted.
[mcmc] Progress @ 2026-06-12 07:12:30 : 6216 steps taken, and 2816 accepted.
[mcmc] Learn + convergence test @ 2880 samples accepted.
[mcmc]  - Acceptance rate: 0.430
[mcmc]  - Convergence of means: R-1 = 0.014842 after 2304 accepted steps
[mcmc]  - Updated covariance matrix of proposal pdf.
[mcmc] Progress @ 2026-06-12 07:12:51 : 5829 steps taken, and 2702 accepted.
[mcmc] Progress @ 2026-06-12 07:13:15 : 6408 steps taken, and 2889 accepted.
[mcmc] Progress @ 2026-06-12 07:13:18 : 6173 steps taken, and 2715 accepted.
[mcmc] Progress @ 2026-06-12 07:13:32 : 6272 steps taken, and 2830 accepted.
[mcmc] Progress @ 2026-06-12 07:13:53 : 5870 steps taken, and 2719 accepted.
[mcmc] Progress @ 2026-06-12 07:14:16 : 6444 steps taken, and 2903 accepted.
[mcmc] Progress @ 2026-06-12 07:14:21 : 6219 steps taken, and 2733 accepted.
[mcmc] Progress @ 2026-06-12 07:14:34 : 6319 steps taken, and 2848 accepted.
[mcmc] Progress @ 2026-06-12 07:14:54 : 5911 steps taken, and 2738 accepted.
[mcmc] Progress @ 2026-06-12 07:15:17 : 6482 steps taken, and 2919 accepted.
[mcmc] Progress @ 2026-06-12 07:15:23 : 6252 steps taken, and 2748 accepted.
[mcmc] Progress @ 2026-06-12 07:15:36 : 6353 steps taken, and 2866 accepted.
[mcmc] Progress @ 2026-06-12 07:15:56 : 5963 steps taken, and 2757 accepted.
[mcmc] Learn + convergence test @ 2760 samples accepted.
[mcmc]  - Acceptance rate: 0.447
[mcmc]  - Convergence of means: R-1 = 0.011126 after 2208 accepted steps
[mcmc]  - Updated covariance matrix of proposal pdf.
[mcmc] Learn + convergence test @ 2760 samples accepted.
[mcmc]  - Acceptance rate: 0.417
[mcmc]  - Convergence of means: R-1 = 0.041929 after 2208 accepted steps
[mcmc]  - Updated covariance matrix of proposal pdf.
[mcmc] Progress @ 2026-06-12 07:16:17 : 6519 steps taken, and 2933 accepted.
[mcmc] Progress @ 2026-06-12 07:16:26 : 6292 steps taken, and 2764 accepted.
[mcmc] Learn + convergence test @ 2880 samples accepted.
[mcmc]  - Acceptance rate: 0.429
[mcmc]  - Convergence of means: R-1 = 0.033251 after 2304 accepted steps
[mcmc]  - Updated covariance matrix of proposal pdf.
[mcmc] Progress @ 2026-06-12 07:16:38 : 6390 steps taken, and 2881 accepted.
[mcmc] Progress @ 2026-06-12 07:16:58 : 5994 steps taken, and 2775 accepted.
[mcmc] Progress @ 2026-06-12 07:17:18 : 6547 steps taken, and 2949 accepted.
[mcmc] Progress @ 2026-06-12 07:17:29 : 6336 steps taken, and 2779 accepted.
[mcmc] Progress @ 2026-06-12 07:17:40 : 6429 steps taken, and 2899 accepted.
[mcmc] Progress @ 2026-06-12 07:18:00 : 6028 steps taken, and 2792 accepted.
[mcmc] Progress @ 2026-06-12 07:18:19 : 6584 steps taken, and 2961 accepted.
[mcmc] Progress @ 2026-06-12 07:18:29 : 6376 steps taken, and 2792 accepted.
[mcmc] Progress @ 2026-06-12 07:18:43 : 6463 steps taken, and 2914 accepted.
[mcmc] Progress @ 2026-06-12 07:19:02 : 6069 steps taken, and 2806 accepted.
[mcmc] Progress @ 2026-06-12 07:19:20 : 6622 steps taken, and 2973 accepted.
[mcmc] Progress @ 2026-06-12 07:19:29 : 6406 steps taken, and 2807 accepted.
[mcmc] Progress @ 2026-06-12 07:19:45 : 6496 steps taken, and 2927 accepted.
[mcmc] Progress @ 2026-06-12 07:20:05 : 6107 steps taken, and 2824 accepted.
[mcmc] Progress @ 2026-06-12 07:20:20 : 6656 steps taken, and 2987 accepted.
[mcmc] Progress @ 2026-06-12 07:20:29 : 6442 steps taken, and 2826 accepted.
[mcmc] Progress @ 2026-06-12 07:20:48 : 6543 steps taken, and 2945 accepted.
[mcmc] Progress @ 2026-06-12 07:21:07 : 6152 steps taken, and 2836 accepted.
[mcmc] Learn + convergence test @ 3000 samples accepted.
[mcmc]  - Acceptance rate: 0.427
[mcmc]  - Convergence of means: R-1 = 0.018025 after 2400 accepted steps
[mcmc]  - Updated covariance matrix of proposal pdf.
[mcmc] Progress @ 2026-06-12 07:21:21 : 6688 steps taken, and 3005 accepted.
[mcmc] Progress @ 2026-06-12 07:21:29 : 6477 steps taken, and 2841 accepted.
[mcmc] Progress @ 2026-06-12 07:21:50 : 6571 steps taken, and 2963 accepted.
[mcmc] Progress @ 2026-06-12 07:22:08 : 6188 steps taken, and 2855 accepted.
[mcmc] Progress @ 2026-06-12 07:22:22 : 6733 steps taken, and 3025 accepted.
[mcmc] Progress @ 2026-06-12 07:22:32 : 6510 steps taken, and 2857 accepted.
[mcmc] Progress @ 2026-06-12 07:22:52 : 6607 steps taken, and 2978 accepted.
[mcmc] Progress @ 2026-06-12 07:23:10 : 6224 steps taken, and 2876 accepted.
[mcmc] Progress @ 2026-06-12 07:23:22 : 6759 steps taken, and 3043 accepted.
[mcmc] Learn + convergence test @ 2880 samples accepted.
[mcmc]  - Acceptance rate: 0.447
[mcmc]  - Convergence of means: R-1 = 0.026108 after 2304 accepted steps
[mcmc]  - Updated covariance matrix of proposal pdf.
[mcmc] Progress @ 2026-06-12 07:23:34 : 6552 steps taken, and 2875 accepted.
[mcmc] Learn + convergence test @ 2880 samples accepted.
[mcmc]  - Acceptance rate: 0.417
[mcmc]  - Convergence of means: R-1 = 0.029336 after 2304 accepted steps
[mcmc]  - Updated covariance matrix of proposal pdf.
[mcmc] Progress @ 2026-06-12 07:23:53 : 6643 steps taken, and 2992 accepted.
[mcmc] Progress @ 2026-06-12 07:24:12 : 6262 steps taken, and 2891 accepted.
[mcmc] Progress @ 2026-06-12 07:24:23 : 6809 steps taken, and 3058 accepted.
[mcmc] Learn + convergence test @ 3000 samples accepted.
[mcmc]  - Acceptance rate: 0.430
[mcmc]  - Convergence of means: R-1 = 0.040011 after 2400 accepted steps
[mcmc]  - Updated covariance matrix of proposal pdf.
[mcmc] Progress @ 2026-06-12 07:24:34 : 6578 steps taken, and 2889 accepted.
[mcmc] Progress @ 2026-06-12 07:24:55 : 6693 steps taken, and 3005 accepted.
[mcmc] Progress @ 2026-06-12 07:25:14 : 6302 steps taken, and 2905 accepted.
[mcmc] Progress @ 2026-06-12 07:25:23 : 6849 steps taken, and 3074 accepted.
[mcmc] Progress @ 2026-06-12 07:25:37 : 6612 steps taken, and 2904 accepted.
[mcmc] Progress @ 2026-06-12 07:25:58 : 6723 steps taken, and 3022 accepted.
[mcmc] Progress @ 2026-06-12 07:26:16 : 6331 steps taken, and 2920 accepted.
[mcmc] Progress @ 2026-06-12 07:26:24 : 6883 steps taken, and 3089 accepted.
[mcmc] Progress @ 2026-06-12 07:26:40 : 6655 steps taken, and 2923 accepted.
[mcmc] Progress @ 2026-06-12 07:27:00 : 6762 steps taken, and 3037 accepted.
[mcmc] Progress @ 2026-06-12 07:27:17 : 6371 steps taken, and 2936 accepted.
[mcmc] Progress @ 2026-06-12 07:27:25 : 6922 steps taken, and 3105 accepted.
[mcmc] Progress @ 2026-06-12 07:27:42 : 6688 steps taken, and 2941 accepted.
[mcmc] Progress @ 2026-06-12 07:28:02 : 6795 steps taken, and 3054 accepted.
[mcmc] Learn + convergence test @ 3120 samples accepted.
[mcmc]  - Acceptance rate: 0.427
[mcmc]  - Convergence of means: R-1 = 0.009155 after 2496 accepted steps
[mcmc]  - Updated covariance matrix of proposal pdf.
[mcmc] Progress @ 2026-06-12 07:28:19 : 6416 steps taken, and 2953 accepted.
[mcmc] Progress @ 2026-06-12 07:28:25 : 6961 steps taken, and 3123 accepted.
[mcmc] Progress @ 2026-06-12 07:28:45 : 6723 steps taken, and 2957 accepted.
[mcmc] Progress @ 2026-06-12 07:29:04 : 6830 steps taken, and 3071 accepted.
[mcmc] Progress @ 2026-06-12 07:29:21 : 6458 steps taken, and 2967 accepted.
[mcmc] Progress @ 2026-06-12 07:29:26 : 7010 steps taken, and 3136 accepted.
[mcmc] Progress @ 2026-06-12 07:29:47 : 6767 steps taken, and 2973 accepted.
[mcmc] Progress @ 2026-06-12 07:30:06 : 6866 steps taken, and 3087 accepted.
[mcmc] Progress @ 2026-06-12 07:30:23 : 6494 steps taken, and 2981 accepted.
[mcmc] Progress @ 2026-06-12 07:30:27 : 7045 steps taken, and 3151 accepted.
[mcmc] Progress @ 2026-06-12 07:30:50 : 6813 steps taken, and 2990 accepted.
[mcmc] Progress @ 2026-06-12 07:31:08 : 6898 steps taken, and 3102 accepted.
[mcmc] Learn + convergence test @ 3000 samples accepted.
[mcmc]  - Acceptance rate: 0.417
[mcmc]  - Convergence of means: R-1 = 0.026538 after 2400 accepted steps
[mcmc]  - Updated covariance matrix of proposal pdf.
[mcmc] Progress @ 2026-06-12 07:31:25 : 6523 steps taken, and 2998 accepted.
[mcmc] Progress @ 2026-06-12 07:31:28 : 7079 steps taken, and 3169 accepted.
[mcmc] Learn + convergence test @ 3000 samples accepted.
[mcmc]  - Acceptance rate: 0.445
[mcmc]  - Convergence of means: R-1 = 0.019117 after 2400 accepted steps
[mcmc]  - Updated covariance matrix of proposal pdf.
[mcmc] Progress @ 2026-06-12 07:31:50 : 6851 steps taken, and 3005 accepted.
[mcmc] Progress @ 2026-06-12 07:32:11 : 6931 steps taken, and 3118 accepted.
[mcmc] Learn + convergence test @ 3120 samples accepted.
[mcmc]  - Acceptance rate: 0.430
[mcmc]  - Convergence of means: R-1 = 0.015179 after 2496 accepted steps
[mcmc]  - Updated covariance matrix of proposal pdf.
[mcmc] Progress @ 2026-06-12 07:32:28 : 6561 steps taken, and 3012 accepted.
[mcmc] Progress @ 2026-06-12 07:32:29 : 7114 steps taken, and 3185 accepted.
[mcmc] Progress @ 2026-06-12 07:32:53 : 6894 steps taken, and 3021 accepted.
[mcmc] Progress @ 2026-06-12 07:33:13 : 6972 steps taken, and 3131 accepted.
[mcmc] Progress @ 2026-06-12 07:33:29 : 7154 steps taken, and 3199 accepted.
[mcmc] Progress @ 2026-06-12 07:33:29 : 6604 steps taken, and 3028 accepted.
[mcmc] Progress @ 2026-06-12 07:33:56 : 6923 steps taken, and 3037 accepted.
[mcmc] Progress @ 2026-06-12 07:34:15 : 7016 steps taken, and 3147 accepted.
[mcmc] Progress @ 2026-06-12 07:34:30 : 7188 steps taken, and 3215 accepted.
[mcmc] Progress @ 2026-06-12 07:34:31 : 6640 steps taken, and 3047 accepted.
[mcmc] Progress @ 2026-06-12 07:34:58 : 6962 steps taken, and 3052 accepted.
[mcmc] Progress @ 2026-06-12 07:35:17 : 7049 steps taken, and 3162 accepted.
[mcmc] Progress @ 2026-06-12 07:35:31 : 7224 steps taken, and 3232 accepted.
[mcmc] Progress @ 2026-06-12 07:35:33 : 6679 steps taken, and 3064 accepted.
[mcmc] Progress @ 2026-06-12 07:36:01 : 7003 steps taken, and 3066 accepted.
[mcmc] Learn + convergence test @ 3240 samples accepted.
[mcmc]  - Acceptance rate: 0.427
[mcmc]  - Convergence of means: R-1 = 0.013218 after 2592 accepted steps
[mcmc]  - Updated covariance matrix of proposal pdf.
[mcmc] Progress @ 2026-06-12 07:36:19 : 7089 steps taken, and 3180 accepted.
[mcmc] Progress @ 2026-06-12 07:36:31 : 7263 steps taken, and 3248 accepted.
[mcmc] Progress @ 2026-06-12 07:36:35 : 6720 steps taken, and 3080 accepted.
[mcmc] Progress @ 2026-06-12 07:37:04 : 7041 steps taken, and 3080 accepted.
[mcmc] Progress @ 2026-06-12 07:37:21 : 7127 steps taken, and 3197 accepted.
[mcmc] Progress @ 2026-06-12 07:37:32 : 7293 steps taken, and 3262 accepted.
[mcmc] Progress @ 2026-06-12 07:37:36 : 6756 steps taken, and 3095 accepted.
[mcmc] Progress @ 2026-06-12 07:38:07 : 7069 steps taken, and 3098 accepted.
[mcmc] Progress @ 2026-06-12 07:38:24 : 7160 steps taken, and 3215 accepted.
[mcmc] Progress @ 2026-06-12 07:38:33 : 7335 steps taken, and 3275 accepted.
[mcmc] Progress @ 2026-06-12 07:38:38 : 6794 steps taken, and 3113 accepted.
[mcmc] Learn + convergence test @ 3120 samples accepted.
[mcmc]  - Acceptance rate: 0.443
[mcmc]  - Convergence of means: R-1 = 0.013857 after 2496 accepted steps
[mcmc]  - Updated covariance matrix of proposal pdf.
[mcmc] Progress @ 2026-06-12 07:39:09 : 7117 steps taken, and 3118 accepted.
[mcmc] Learn + convergence test @ 3120 samples accepted.
[mcmc]  - Acceptance rate: 0.417
[mcmc]  - Convergence of means: R-1 = 0.027233 after 2496 accepted steps
[mcmc]  - Updated covariance matrix of proposal pdf.
[mcmc] Progress @ 2026-06-12 07:39:26 : 7199 steps taken, and 3231 accepted.
[mcmc] Progress @ 2026-06-12 07:39:34 : 7378 steps taken, and 3288 accepted.
[mcmc] Progress @ 2026-06-12 07:39:40 : 6841 steps taken, and 3128 accepted.
[mcmc] Learn + convergence test @ 3240 samples accepted.
[mcmc]  - Acceptance rate: 0.430
[mcmc]  - Convergence of means: R-1 = 0.018419 after 2592 accepted steps
[mcmc]  - Updated covariance matrix of proposal pdf.
[mcmc] Progress @ 2026-06-12 07:40:12 : 7152 steps taken, and 3135 accepted.
[mcmc] Progress @ 2026-06-12 07:40:28 : 7240 steps taken, and 3249 accepted.
[mcmc] Progress @ 2026-06-12 07:40:34 : 7418 steps taken, and 3301 accepted.
[mcmc] Progress @ 2026-06-12 07:40:42 : 6878 steps taken, and 3141 accepted.
[mcmc] Progress @ 2026-06-12 07:41:12 : 7185 steps taken, and 3153 accepted.
[mcmc] Progress @ 2026-06-12 07:41:30 : 7284 steps taken, and 3266 accepted.
[mcmc] Progress @ 2026-06-12 07:41:35 : 7450 steps taken, and 3316 accepted.
[mcmc] Progress @ 2026-06-12 07:41:44 : 6918 steps taken, and 3158 accepted.
[mcmc] Progress @ 2026-06-12 07:42:13 : 7221 steps taken, and 3170 accepted.
[mcmc] Progress @ 2026-06-12 07:42:32 : 7332 steps taken, and 3281 accepted.
[mcmc] Progress @ 2026-06-12 07:42:36 : 7483 steps taken, and 3332 accepted.
[mcmc] Progress @ 2026-06-12 07:42:46 : 6953 steps taken, and 3170 accepted.
[mcmc] Progress @ 2026-06-12 07:43:13 : 7256 steps taken, and 3184 accepted.
[mcmc] Progress @ 2026-06-12 07:43:34 : 7372 steps taken, and 3297 accepted.
[mcmc] Progress @ 2026-06-12 07:43:37 : 7523 steps taken, and 3351 accepted.
[mcmc] Progress @ 2026-06-12 07:43:48 : 6992 steps taken, and 3187 accepted.
[mcmc] Learn + convergence test @ 3360 samples accepted.
[mcmc]  - Acceptance rate: 0.425
[mcmc]  - Convergence of means: R-1 = 0.011748 after 2688 accepted steps
[mcmc]  - Updated covariance matrix of proposal pdf.
[mcmc] Progress @ 2026-06-12 07:44:15 : 7290 steps taken, and 3200 accepted.
[mcmc] Progress @ 2026-06-12 07:44:36 : 7410 steps taken, and 3313 accepted.
[mcmc] Progress @ 2026-06-12 07:44:38 : 7557 steps taken, and 3365 accepted.
[mcmc] Progress @ 2026-06-12 07:44:49 : 7049 steps taken, and 3199 accepted.
[mcmc] Progress @ 2026-06-12 07:45:18 : 7334 steps taken, and 3213 accepted.
[mcmc] Progress @ 2026-06-12 07:45:38 : 7453 steps taken, and 3330 accepted.
[mcmc] Progress @ 2026-06-12 07:45:38 : 7596 steps taken, and 3381 accepted.
[mcmc] Progress @ 2026-06-12 07:45:51 : 7079 steps taken, and 3216 accepted.
[mcmc] Progress @ 2026-06-12 07:46:18 : 7372 steps taken, and 3229 accepted.
[mcmc] Progress @ 2026-06-12 07:46:39 : 7628 steps taken, and 3400 accepted.
[mcmc] Progress @ 2026-06-12 07:46:40 : 7490 steps taken, and 3347 accepted.
[mcmc] Progress @ 2026-06-12 07:46:53 : 7115 steps taken, and 3234 accepted.
[mcmc] Learn + convergence test @ 3240 samples accepted.
[mcmc]  - Acceptance rate: 0.417
[mcmc]  - Convergence of means: R-1 = 0.017447 after 2592 accepted steps
[mcmc]  - Updated covariance matrix of proposal pdf.
[mcmc] Learn + convergence test @ 3240 samples accepted.
[mcmc]  - Acceptance rate: 0.440
[mcmc]  - Convergence of means: R-1 = 0.018007 after 2592 accepted steps
[mcmc]  - Updated covariance matrix of proposal pdf.
[mcmc] Progress @ 2026-06-12 07:47:21 : 7409 steps taken, and 3242 accepted.
[mcmc] Learn + convergence test @ 3360 samples accepted.
[mcmc]  - Acceptance rate: 0.428
[mcmc]  - Convergence of means: R-1 = 0.017329 after 2688 accepted steps
[mcmc]  - Updated covariance matrix of proposal pdf.
[mcmc] Progress @ 2026-06-12 07:47:40 : 7655 steps taken, and 3415 accepted.
[mcmc] Progress @ 2026-06-12 07:47:43 : 7533 steps taken, and 3366 accepted.
[mcmc] Progress @ 2026-06-12 07:47:55 : 7151 steps taken, and 3252 accepted.
[mcmc] Progress @ 2026-06-12 07:48:23 : 7442 steps taken, and 3260 accepted.
[mcmc] Progress @ 2026-06-12 07:48:41 : 7688 steps taken, and 3426 accepted.
[mcmc] Progress @ 2026-06-12 07:48:45 : 7564 steps taken, and 3384 accepted.
[mcmc] Progress @ 2026-06-12 07:48:57 : 7187 steps taken, and 3270 accepted.
[mcmc] Progress @ 2026-06-12 07:49:26 : 7491 steps taken, and 3275 accepted.
[mcmc] Progress @ 2026-06-12 07:49:42 : 7742 steps taken, and 3442 accepted.
[mcmc] Progress @ 2026-06-12 07:49:47 : 7627 steps taken, and 3404 accepted.
[mcmc] Progress @ 2026-06-12 07:49:59 : 7223 steps taken, and 3284 accepted.
[mcmc] Progress @ 2026-06-12 07:50:29 : 7536 steps taken, and 3290 accepted.
[mcmc] Progress @ 2026-06-12 07:50:43 : 7787 steps taken, and 3455 accepted.
[mcmc] Progress @ 2026-06-12 07:50:50 : 7668 steps taken, and 3420 accepted.
[mcmc] Progress @ 2026-06-12 07:51:01 : 7268 steps taken, and 3301 accepted.
[mcmc] Progress @ 2026-06-12 07:51:29 : 7568 steps taken, and 3305 accepted.
[mcmc] Progress @ 2026-06-12 07:51:43 : 7824 steps taken, and 3474 accepted.
[mcmc] Progress @ 2026-06-12 07:51:52 : 7705 steps taken, and 3431 accepted.
[mcmc] Learn + convergence test @ 3480 samples accepted.
[mcmc]  - Acceptance rate: 0.423
[mcmc]  - Convergence of means: R-1 = 0.004909 after 2784 accepted steps
[mcmc]  - Updated covariance matrix of proposal pdf.
[mcmc] Progress @ 2026-06-12 07:52:03 : 7310 steps taken, and 3316 accepted.
[mcmc] Progress @ 2026-06-12 07:52:32 : 7606 steps taken, and 3321 accepted.
[mcmc] Progress @ 2026-06-12 07:52:45 : 7869 steps taken, and 3494 accepted.
[mcmc] Progress @ 2026-06-12 07:52:55 : 7757 steps taken, and 3445 accepted.
[mcmc] Progress @ 2026-06-12 07:53:05 : 7350 steps taken, and 3330 accepted.
[mcmc] Progress @ 2026-06-12 07:53:34 : 7638 steps taken, and 3335 accepted.
[mcmc] Progress @ 2026-06-12 07:53:45 : 7920 steps taken, and 3510 accepted.
[mcmc] Progress @ 2026-06-12 07:53:57 : 7796 steps taken, and 3460 accepted.
[mcmc] Progress @ 2026-06-12 07:54:07 : 7397 steps taken, and 3347 accepted.
[mcmc] Progress @ 2026-06-12 07:54:37 : 7690 steps taken, and 3350 accepted.
[mcmc] Progress @ 2026-06-12 07:54:46 : 7958 steps taken, and 3525 accepted.
[mcmc] Learn + convergence test @ 3360 samples accepted.
[mcmc]  - Acceptance rate: 0.437
[mcmc]  - Convergence of means: R-1 = 0.015915 after 2688 accepted steps
[mcmc]  - Updated covariance matrix of proposal pdf.
[mcmc] Progress @ 2026-06-12 07:54:59 : 7834 steps taken, and 3476 accepted.
[mcmc] Progress @ 2026-06-12 07:55:08 : 7440 steps taken, and 3362 accepted.
[mcmc] Learn + convergence test @ 3480 samples accepted.
[mcmc]  - Acceptance rate: 0.425
[mcmc]  - Convergence of means: R-1 = 0.011713 after 2784 accepted steps
[mcmc]  - Updated covariance matrix of proposal pdf.
[mcmc] Learn + convergence test @ 3360 samples accepted.
[mcmc]  - Acceptance rate: 0.414
[mcmc]  - Convergence of means: R-1 = 0.013174 after 2688 accepted steps
[mcmc]  - Updated covariance matrix of proposal pdf.
[mcmc] Progress @ 2026-06-12 07:55:40 : 7725 steps taken, and 3363 accepted.
[mcmc] Progress @ 2026-06-12 07:55:47 : 7989 steps taken, and 3540 accepted.
[mcmc] Progress @ 2026-06-12 07:56:01 : 7871 steps taken, and 3490 accepted.
[mcmc] Progress @ 2026-06-12 07:56:10 : 7478 steps taken, and 3376 accepted.
[mcmc] Progress @ 2026-06-12 07:56:42 : 7766 steps taken, and 3380 accepted.
[mcmc] Progress @ 2026-06-12 07:56:47 : 8025 steps taken, and 3558 accepted.
[mcmc] Progress @ 2026-06-12 07:57:04 : 7915 steps taken, and 3508 accepted.
[mcmc] Progress @ 2026-06-12 07:57:11 : 7525 steps taken, and 3393 accepted.
[mcmc] Progress @ 2026-06-12 07:57:45 : 7806 steps taken, and 3397 accepted.
[mcmc] Progress @ 2026-06-12 07:57:49 : 8072 steps taken, and 3574 accepted.
[mcmc] Progress @ 2026-06-12 07:58:06 : 7948 steps taken, and 3522 accepted.
[mcmc] Progress @ 2026-06-12 07:58:13 : 7564 steps taken, and 3410 accepted.
[mcmc] Progress @ 2026-06-12 07:58:48 : 7857 steps taken, and 3413 accepted.
[mcmc] Progress @ 2026-06-12 07:58:49 : 8106 steps taken, and 3586 accepted.
[mcmc] Progress @ 2026-06-12 07:59:07 : 7984 steps taken, and 3537 accepted.
[mcmc] Progress @ 2026-06-12 07:59:15 : 7601 steps taken, and 3429 accepted.
[mcmc] Progress @ 2026-06-12 07:59:50 : 8144 steps taken, and 3600 accepted.
[mcmc] Learn + convergence test @ 3600 samples accepted.
[mcmc]  - Acceptance rate: 0.421
[mcmc]  - Convergence of means: R-1 = 0.005745 after 2880 accepted steps
[mcmc]  - Convergence of bounds: R-1 = 0.138935 after 3600 accepted steps
[mcmc] The run has converged!
[mcmc] Sampling complete after 3600 accepted steps.
[mcmc] Progress @ 2026-06-12 07:59:50 : 7895 steps taken, and 3429 accepted.
[mcmc] Progress @ 2026-06-12 08:00:09 : 8015 steps taken, and 3552 accepted.
[mcmc] Progress @ 2026-06-12 08:00:17 : 7633 steps taken, and 3442 accepted.
[mcmc] Progress @ 2026-06-12 08:00:52 : 7936 steps taken, and 3447 accepted.
[mcmc] Progress @ 2026-06-12 08:01:11 : 8044 steps taken, and 3572 accepted.
[mcmc] Progress @ 2026-06-12 08:01:18 : 7661 steps taken, and 3458 accepted.
[mcmc] Progress @ 2026-06-12 08:01:53 : 7985 steps taken, and 3465 accepted.
[mcmc] Progress @ 2026-06-12 08:02:13 : 8079 steps taken, and 3590 accepted.
[mcmc] Progress @ 2026-06-12 08:02:20 : 7700 steps taken, and 3475 accepted.
[mcmc] Learn + convergence test @ 3480 samples accepted.
[mcmc]  - Acceptance rate: 0.437
[mcmc]  - Convergence of means: R-1 = 0.010981 after 2784 accepted steps
[mcmc]  - Updated covariance matrix of proposal pdf.
[mcmc] Learn + convergence test @ 3600 samples accepted.
[mcmc]  - Acceptance rate: 0.427
[mcmc]  - Convergence of means: R-1 = 0.009581 after 2880 accepted steps
[mcmc]  - Updated covariance matrix of proposal pdf.
[mcmc] Learn + convergence test @ 3480 samples accepted.
[mcmc]  - Acceptance rate: 0.414
[mcmc]  - Convergence of means: R-1 = 0.011664 after 2784 accepted steps
[mcmc]  - Updated covariance matrix of proposal pdf.
[mcmc] Progress @ 2026-06-12 08:02:54 : 8025 steps taken, and 3483 accepted.
[mcmc] Progress @ 2026-06-12 08:03:16 : 8118 steps taken, and 3610 accepted.
[mcmc] Progress @ 2026-06-12 08:03:22 : 7736 steps taken, and 3490 accepted.
[mcmc] Progress @ 2026-06-12 08:03:55 : 8061 steps taken, and 3502 accepted.
[mcmc] Progress @ 2026-06-12 08:04:18 : 8153 steps taken, and 3628 accepted.
[mcmc] Progress @ 2026-06-12 08:04:24 : 7767 steps taken, and 3507 accepted.
[mcmc] Progress @ 2026-06-12 08:04:56 : 8101 steps taken, and 3519 accepted.
[mcmc] Progress @ 2026-06-12 08:05:20 : 8195 steps taken, and 3645 accepted.
[mcmc] Progress @ 2026-06-12 08:05:26 : 7804 steps taken, and 3522 accepted.
[mcmc] Progress @ 2026-06-12 08:05:58 : 8139 steps taken, and 3538 accepted.
[mcmc] Progress @ 2026-06-12 08:06:22 : 8238 steps taken, and 3660 accepted.
[mcmc] Progress @ 2026-06-12 08:06:27 : 7837 steps taken, and 3538 accepted.
[mcmc] Progress @ 2026-06-12 08:06:59 : 8173 steps taken, and 3557 accepted.
[mcmc] Progress @ 2026-06-12 08:07:25 : 8270 steps taken, and 3676 accepted.
[mcmc] Progress @ 2026-06-12 08:07:29 : 7871 steps taken, and 3552 accepted.
[mcmc] Progress @ 2026-06-12 08:08:00 : 8227 steps taken, and 3573 accepted.
[mcmc] Progress @ 2026-06-12 08:08:27 : 8315 steps taken, and 3694 accepted.
[mcmc] Progress @ 2026-06-12 08:08:31 : 7904 steps taken, and 3570 accepted.
[mcmc] Progress @ 2026-06-12 08:09:01 : 8264 steps taken, and 3591 accepted.
[mcmc] Progress @ 2026-06-12 08:09:29 : 8352 steps taken, and 3713 accepted.
[mcmc] Progress @ 2026-06-12 08:09:33 : 7948 steps taken, and 3585 accepted.
[mcmc] Learn + convergence test @ 3600 samples accepted.
[mcmc]  - Acceptance rate: 0.414
[mcmc]  - Convergence of means: R-1 = 0.019030 after 2880 accepted steps
[mcmc]  - Updated covariance matrix of proposal pdf.
[mcmc] Progress @ 2026-06-12 08:10:03 : 8299 steps taken, and 3609 accepted.
[mcmc] Learn + convergence test @ 3720 samples accepted.
[mcmc]  - Acceptance rate: 0.428
[mcmc]  - Convergence of means: R-1 = 0.015557 after 2976 accepted steps
[mcmc]  - Updated covariance matrix of proposal pdf.
[mcmc] Progress @ 2026-06-12 08:10:31 : 8384 steps taken, and 3726 accepted.
[mcmc] Progress @ 2026-06-12 08:10:35 : 7987 steps taken, and 3599 accepted.
[mcmc] Learn + convergence test @ 3600 samples accepted.
[mcmc]  - Acceptance rate: 0.437
[mcmc]  - Convergence of means: R-1 = 0.014350 after 2880 accepted steps
[mcmc]  - Updated covariance matrix of proposal pdf.
[mcmc] Progress @ 2026-06-12 08:11:04 : 8351 steps taken, and 3626 accepted.
[mcmc] Progress @ 2026-06-12 08:11:34 : 8423 steps taken, and 3736 accepted.
[mcmc] Progress @ 2026-06-12 08:11:37 : 8019 steps taken, and 3614 accepted.
[mcmc] Progress @ 2026-06-12 08:12:05 : 8391 steps taken, and 3645 accepted.
[mcmc] Progress @ 2026-06-12 08:12:36 : 8458 steps taken, and 3752 accepted.
[mcmc] Progress @ 2026-06-12 08:12:39 : 8066 steps taken, and 3629 accepted.
[mcmc] Progress @ 2026-06-12 08:13:07 : 8426 steps taken, and 3660 accepted.
[mcmc] Progress @ 2026-06-12 08:13:39 : 8496 steps taken, and 3767 accepted.
[mcmc] Progress @ 2026-06-12 08:13:41 : 8115 steps taken, and 3645 accepted.
[mcmc] Progress @ 2026-06-12 08:14:08 : 8464 steps taken, and 3677 accepted.
[mcmc] Progress @ 2026-06-12 08:14:41 : 8540 steps taken, and 3786 accepted.
[mcmc] Progress @ 2026-06-12 08:14:43 : 8153 steps taken, and 3664 accepted.
[mcmc] Progress @ 2026-06-12 08:15:10 : 8504 steps taken, and 3697 accepted.
[mcmc] Progress @ 2026-06-12 08:15:44 : 8572 steps taken, and 3800 accepted.
[mcmc] Progress @ 2026-06-12 08:15:45 : 8201 steps taken, and 3683 accepted.
[mcmc] Progress @ 2026-06-12 08:16:11 : 8549 steps taken, and 3714 accepted.
[mcmc] Learn + convergence test @ 3720 samples accepted.
[mcmc]  - Acceptance rate: 0.416
[mcmc]  - Convergence of means: R-1 = 0.021377 after 2976 accepted steps
[mcmc]  - Updated covariance matrix of proposal pdf.
[mcmc] Progress @ 2026-06-12 08:16:46 : 8613 steps taken, and 3815 accepted.
[mcmc] Progress @ 2026-06-12 08:16:47 : 8236 steps taken, and 3698 accepted.
[mcmc] Progress @ 2026-06-12 08:17:13 : 8581 steps taken, and 3730 accepted.
[mcmc] Progress @ 2026-06-12 08:17:48 : 8652 steps taken, and 3825 accepted.
[mcmc] Progress @ 2026-06-12 08:17:49 : 8279 steps taken, and 3713 accepted.
[mcmc] Progress @ 2026-06-12 08:18:14 : 8620 steps taken, and 3744 accepted.
[mcmc] Learn + convergence test @ 3720 samples accepted.
[mcmc]  - Acceptance rate: 0.434
[mcmc]  - Convergence of means: R-1 = 0.014896 after 2976 accepted steps
[mcmc]  - Updated covariance matrix of proposal pdf.
[mcmc] Learn + convergence test @ 3840 samples accepted.
[mcmc]  - Acceptance rate: 0.426
[mcmc]  - Convergence of means: R-1 = 0.014120 after 3072 accepted steps
[mcmc]  - Updated covariance matrix of proposal pdf.
[mcmc] Progress @ 2026-06-12 08:18:50 : 8684 steps taken, and 3841 accepted.
[mcmc] Progress @ 2026-06-12 08:18:51 : 8312 steps taken, and 3727 accepted.
[mcmc] Progress @ 2026-06-12 08:19:15 : 8655 steps taken, and 3764 accepted.
[mcmc] Progress @ 2026-06-12 08:19:53 : 8715 steps taken, and 3859 accepted.
[mcmc] Progress @ 2026-06-12 08:19:53 : 8338 steps taken, and 3744 accepted.
[mcmc] Progress @ 2026-06-12 08:20:17 : 8692 steps taken, and 3779 accepted.
[mcmc] Progress @ 2026-06-12 08:20:55 : 8372 steps taken, and 3762 accepted.
[mcmc] Progress @ 2026-06-12 08:20:55 : 8748 steps taken, and 3876 accepted.
[mcmc] Progress @ 2026-06-12 08:21:18 : 8732 steps taken, and 3795 accepted.
[mcmc] Progress @ 2026-06-12 08:21:57 : 8418 steps taken, and 3776 accepted.
[mcmc] Progress @ 2026-06-12 08:21:58 : 8785 steps taken, and 3891 accepted.
[mcmc] Progress @ 2026-06-12 08:22:19 : 8778 steps taken, and 3812 accepted.
[mcmc] Progress @ 2026-06-12 08:22:59 : 8456 steps taken, and 3789 accepted.
[mcmc] Progress @ 2026-06-12 08:23:00 : 8822 steps taken, and 3905 accepted.
[mcmc] Progress @ 2026-06-12 08:23:21 : 8814 steps taken, and 3831 accepted.
[mcmc] Learn + convergence test @ 3840 samples accepted.
[mcmc]  - Acceptance rate: 0.417
[mcmc]  - Convergence of means: R-1 = 0.018279 after 3072 accepted steps
[mcmc]  - Updated covariance matrix of proposal pdf.
[mcmc] Progress @ 2026-06-12 08:24:01 : 8498 steps taken, and 3802 accepted.
[mcmc] Progress @ 2026-06-12 08:24:02 : 8866 steps taken, and 3920 accepted.
[mcmc] Progress @ 2026-06-12 08:24:22 : 8856 steps taken, and 3851 accepted.
[mcmc] Progress @ 2026-06-12 08:25:03 : 8542 steps taken, and 3817 accepted.
[mcmc] Progress @ 2026-06-12 08:25:05 : 8901 steps taken, and 3934 accepted.
[mcmc] Progress @ 2026-06-12 08:25:23 : 8898 steps taken, and 3865 accepted.
[mcmc] Progress @ 2026-06-12 08:26:05 : 8581 steps taken, and 3834 accepted.
[mcmc] Progress @ 2026-06-12 08:26:07 : 8942 steps taken, and 3952 accepted.
[mcmc] Progress @ 2026-06-12 08:26:25 : 8950 steps taken, and 3882 accepted.
[mcmc] Learn + convergence test @ 3840 samples accepted.
[mcmc]  - Acceptance rate: 0.433
[mcmc]  - Convergence of means: R-1 = 0.017299 after 3072 accepted steps
[mcmc]  - Updated covariance matrix of proposal pdf.
[mcmc] Learn + convergence test @ 3960 samples accepted.
[mcmc]  - Acceptance rate: 0.426
[mcmc]  - Convergence of means: R-1 = 0.013422 after 3168 accepted steps
[mcmc]  - Updated covariance matrix of proposal pdf.
[mcmc] Progress @ 2026-06-12 08:27:07 : 8612 steps taken, and 3850 accepted.
[mcmc] Progress @ 2026-06-12 08:27:10 : 8980 steps taken, and 3964 accepted.
[mcmc] Progress @ 2026-06-12 08:27:26 : 8980 steps taken, and 3902 accepted.
[mcmc] Progress @ 2026-06-12 08:28:09 : 8641 steps taken, and 3866 accepted.
[mcmc] Progress @ 2026-06-12 08:28:12 : 9013 steps taken, and 3980 accepted.
[mcmc] Progress @ 2026-06-12 08:28:28 : 9030 steps taken, and 3917 accepted.
[mcmc] Progress @ 2026-06-12 08:29:10 : 8676 steps taken, and 3881 accepted.
[mcmc] Progress @ 2026-06-12 08:29:14 : 9044 steps taken, and 3996 accepted.
[mcmc] Progress @ 2026-06-12 08:29:29 : 9078 steps taken, and 3933 accepted.
[mcmc] Progress @ 2026-06-12 08:30:12 : 8716 steps taken, and 3899 accepted.
[mcmc] Progress @ 2026-06-12 08:30:17 : 9084 steps taken, and 4013 accepted.
[mcmc] Progress @ 2026-06-12 08:30:31 : 9112 steps taken, and 3949 accepted.
[mcmc] Learn + convergence test @ 3960 samples accepted.
[mcmc]  - Acceptance rate: 0.415
[mcmc]  - Convergence of means: R-1 = 0.019542 after 3168 accepted steps
[mcmc]  - Updated covariance matrix of proposal pdf.
[mcmc] Progress @ 2026-06-12 08:31:14 : 8743 steps taken, and 3915 accepted.
[mcmc] Progress @ 2026-06-12 08:31:19 : 9122 steps taken, and 4033 accepted.
[mcmc] Progress @ 2026-06-12 08:31:32 : 9146 steps taken, and 3965 accepted.
[mcmc] Progress @ 2026-06-12 08:32:16 : 8777 steps taken, and 3932 accepted.
[mcmc] Progress @ 2026-06-12 08:32:21 : 9156 steps taken, and 4049 accepted.
[mcmc] Progress @ 2026-06-12 08:32:34 : 9194 steps taken, and 3983 accepted.
[mcmc] Progress @ 2026-06-12 08:33:18 : 8818 steps taken, and 3950 accepted.
[mcmc] Progress @ 2026-06-12 08:33:23 : 9200 steps taken, and 4064 accepted.
[mcmc] Progress @ 2026-06-12 08:33:35 : 9234 steps taken, and 3998 accepted.
[mcmc] Learn + convergence test @ 3960 samples accepted.
[mcmc]  - Acceptance rate: 0.434
[mcmc]  - Convergence of means: R-1 = 0.010508 after 3168 accepted steps
[mcmc]  - Updated covariance matrix of proposal pdf.
[mcmc] Progress @ 2026-06-12 08:34:20 : 8855 steps taken, and 3967 accepted.
[mcmc] Progress @ 2026-06-12 08:34:26 : 9238 steps taken, and 4077 accepted.
[mcmc] Progress @ 2026-06-12 08:34:37 : 9280 steps taken, and 4018 accepted.
[mcmc] Learn + convergence test @ 4080 samples accepted.
[mcmc]  - Acceptance rate: 0.425
[mcmc]  - Convergence of means: R-1 = 0.011248 after 3264 accepted steps
[mcmc]  - Updated covariance matrix of proposal pdf.
[mcmc] Progress @ 2026-06-12 08:35:22 : 8895 steps taken, and 3982 accepted.
[mcmc] Progress @ 2026-06-12 08:35:28 : 9284 steps taken, and 4091 accepted.
[mcmc] Progress @ 2026-06-12 08:35:38 : 9318 steps taken, and 4036 accepted.
[mcmc] Progress @ 2026-06-12 08:36:24 : 8933 steps taken, and 3999 accepted.
[mcmc] Progress @ 2026-06-12 08:36:30 : 9322 steps taken, and 4105 accepted.
[mcmc] Progress @ 2026-06-12 08:36:39 : 9355 steps taken, and 4054 accepted.
[mcmc] Progress @ 2026-06-12 08:37:26 : 8966 steps taken, and 4016 accepted.
[mcmc] Progress @ 2026-06-12 08:37:33 : 9374 steps taken, and 4121 accepted.
[mcmc] Progress @ 2026-06-12 08:37:41 : 9396 steps taken, and 4073 accepted.
[mcmc] Learn + convergence test @ 4080 samples accepted.
[mcmc]  - Acceptance rate: 0.417
[mcmc]  - Convergence of means: R-1 = 0.019232 after 3264 accepted steps
[mcmc]  - Updated covariance matrix of proposal pdf.
[mcmc] Progress @ 2026-06-12 08:38:28 : 9007 steps taken, and 4031 accepted.
[mcmc] Progress @ 2026-06-12 08:38:35 : 9405 steps taken, and 4140 accepted.
[mcmc] Progress @ 2026-06-12 08:38:43 : 9445 steps taken, and 4091 accepted.
[mcmc] Progress @ 2026-06-12 08:39:30 : 9045 steps taken, and 4045 accepted.
[mcmc] Progress @ 2026-06-12 08:39:37 : 9435 steps taken, and 4157 accepted.
[mcmc] Progress @ 2026-06-12 08:39:44 : 9485 steps taken, and 4108 accepted.
[mcmc] Progress @ 2026-06-12 08:40:32 : 9088 steps taken, and 4059 accepted.
[mcmc] Progress @ 2026-06-12 08:40:39 : 9480 steps taken, and 4173 accepted.
[mcmc] Progress @ 2026-06-12 08:40:46 : 9541 steps taken, and 4128 accepted.
[mcmc] Progress @ 2026-06-12 08:41:34 : 9126 steps taken, and 4076 accepted.
[mcmc] Progress @ 2026-06-12 08:41:42 : 9519 steps taken, and 4188 accepted.
[mcmc] Progress @ 2026-06-12 08:41:47 : 9578 steps taken, and 4147 accepted.
[mcmc] Learn + convergence test @ 4080 samples accepted.
[mcmc]  - Acceptance rate: 0.434
[mcmc]  - Convergence of means: R-1 = 0.011724 after 3264 accepted steps
[mcmc]  - Updated covariance matrix of proposal pdf.
[mcmc] Learn + convergence test @ 4200 samples accepted.
[mcmc]  - Acceptance rate: 0.424
[mcmc]  - Convergence of means: R-1 = 0.013637 after 3360 accepted steps
[mcmc]  - Updated covariance matrix of proposal pdf.
[mcmc] Progress @ 2026-06-12 08:42:36 : 9160 steps taken, and 4092 accepted.
[mcmc] Progress @ 2026-06-12 08:42:44 : 9552 steps taken, and 4204 accepted.
[mcmc] Progress @ 2026-06-12 08:42:49 : 9620 steps taken, and 4164 accepted.
[mcmc] Progress @ 2026-06-12 08:43:38 : 9213 steps taken, and 4110 accepted.
[mcmc] Progress @ 2026-06-12 08:43:46 : 9595 steps taken, and 4223 accepted.
[mcmc] Progress @ 2026-06-12 08:43:51 : 9669 steps taken, and 4184 accepted.
[mcmc] Progress @ 2026-06-12 08:44:40 : 9255 steps taken, and 4126 accepted.
[mcmc] Progress @ 2026-06-12 08:44:48 : 9624 steps taken, and 4242 accepted.
[mcmc] Progress @ 2026-06-12 08:44:52 : 9704 steps taken, and 4199 accepted.
[mcmc] Learn + convergence test @ 4200 samples accepted.
[mcmc]  - Acceptance rate: 0.417
[mcmc]  - Convergence of means: R-1 = 0.018682 after 3360 accepted steps
[mcmc]  - Updated covariance matrix of proposal pdf.
[mcmc] Progress @ 2026-06-12 08:45:42 : 9301 steps taken, and 4140 accepted.
[mcmc] Progress @ 2026-06-12 08:45:50 : 9663 steps taken, and 4259 accepted.
[mcmc] Progress @ 2026-06-12 08:45:54 : 9750 steps taken, and 4217 accepted.
[mcmc] Progress @ 2026-06-12 08:46:44 : 9344 steps taken, and 4156 accepted.
[mcmc] Progress @ 2026-06-12 08:46:53 : 9698 steps taken, and 4275 accepted.
[mcmc] Progress @ 2026-06-12 08:46:55 : 9801 steps taken, and 4236 accepted.
[mcmc] Progress @ 2026-06-12 08:47:46 : 9377 steps taken, and 4172 accepted.
[mcmc] Progress @ 2026-06-12 08:47:55 : 9741 steps taken, and 4289 accepted.
[mcmc] Progress @ 2026-06-12 08:47:57 : 9838 steps taken, and 4253 accepted.
[mcmc] Progress @ 2026-06-12 08:48:48 : 9416 steps taken, and 4190 accepted.
[mcmc] Progress @ 2026-06-12 08:48:57 : 9778 steps taken, and 4305 accepted.
[mcmc] Progress @ 2026-06-12 08:48:59 : 9879 steps taken, and 4270 accepted.
[mcmc] Learn + convergence test @ 4200 samples accepted.
[mcmc]  - Acceptance rate: 0.432
[mcmc]  - Convergence of means: R-1 = 0.013431 after 3360 accepted steps
[mcmc]  - Updated covariance matrix of proposal pdf.
[mcmc] Progress @ 2026-06-12 08:49:50 : 9457 steps taken, and 4204 accepted.
[mcmc] Progress @ 2026-06-12 08:49:59 : 9815 steps taken, and 4320 accepted.
[mcmc] Learn + convergence test @ 4320 samples accepted.
[mcmc]  - Acceptance rate: 0.424
[mcmc]  - Convergence of means: R-1 = 0.006798 after 3456 accepted steps
[mcmc]  - Updated covariance matrix of proposal pdf.
[mcmc] Progress @ 2026-06-12 08:50:00 : 9918 steps taken, and 4285 accepted.
[mcmc] Progress @ 2026-06-12 08:50:51 : 9495 steps taken, and 4220 accepted.
[mcmc] Progress @ 2026-06-12 08:51:02 : 9846 steps taken, and 4337 accepted.
[mcmc] Progress @ 2026-06-12 08:51:02 : 9965 steps taken, and 4305 accepted.
[mcmc] Learn + convergence test @ 4320 samples accepted.
[mcmc]  - Acceptance rate: 0.418
[mcmc]  - Convergence of means: R-1 = 0.009418 after 3456 accepted steps
[mcmc]  - Updated covariance matrix of proposal pdf.
[mcmc] Progress @ 2026-06-12 08:51:53 : 9530 steps taken, and 4236 accepted.
[mcmc] Progress @ 2026-06-12 08:52:03 : 9999 steps taken, and 4323 accepted.
[mcmc] Progress @ 2026-06-12 08:52:04 : 9880 steps taken, and 4353 accepted.
[mcmc] Progress @ 2026-06-12 08:52:55 : 9565 steps taken, and 4251 accepted.
[mcmc] Progress @ 2026-06-12 08:53:05 : 10037 steps taken, and 4342 accepted.
[mcmc] Progress @ 2026-06-12 08:53:06 : 9917 steps taken, and 4371 accepted.
[mcmc] Progress @ 2026-06-12 08:53:57 : 9606 steps taken, and 4269 accepted.
[mcmc] Progress @ 2026-06-12 08:54:07 : 10076 steps taken, and 4360 accepted.
[mcmc] Progress @ 2026-06-12 08:54:08 : 9971 steps taken, and 4387 accepted.
[mcmc] Progress @ 2026-06-12 08:54:59 : 9644 steps taken, and 4286 accepted.
[mcmc] Progress @ 2026-06-12 08:55:08 : 10113 steps taken, and 4378 accepted.
[mcmc] Progress @ 2026-06-12 08:55:10 : 10015 steps taken, and 4404 accepted.
[mcmc] Progress @ 2026-06-12 08:56:01 : 9680 steps taken, and 4303 accepted.
[mcmc] Progress @ 2026-06-12 08:56:10 : 10160 steps taken, and 4391 accepted.
[mcmc] Progress @ 2026-06-12 08:56:13 : 10052 steps taken, and 4418 accepted.
[mcmc] Progress @ 2026-06-12 08:57:03 : 9726 steps taken, and 4318 accepted.
[mcmc] Progress @ 2026-06-12 08:57:11 : 10213 steps taken, and 4409 accepted.
[mcmc] Learn + convergence test @ 4320 samples accepted.
[mcmc]  - Acceptance rate: 0.431
[mcmc]  - Convergence of means: R-1 = 0.016117 after 3456 accepted steps
[mcmc]  - Updated covariance matrix of proposal pdf.
[mcmc] Progress @ 2026-06-12 08:57:15 : 10085 steps taken, and 4438 accepted.
[mcmc] Learn + convergence test @ 4440 samples accepted.
[mcmc]  - Acceptance rate: 0.425
[mcmc]  - Convergence of means: R-1 = 0.010765 after 3552 accepted steps
[mcmc]  - Updated covariance matrix of proposal pdf.
[mcmc] Progress @ 2026-06-12 08:58:05 : 9776 steps taken, and 4335 accepted.
[mcmc] Progress @ 2026-06-12 08:58:13 : 10255 steps taken, and 4430 accepted.
[mcmc] Progress @ 2026-06-12 08:58:17 : 10120 steps taken, and 4454 accepted.
[mcmc] Learn + convergence test @ 4440 samples accepted.
[mcmc]  - Acceptance rate: 0.419
[mcmc]  - Convergence of means: R-1 = 0.007682 after 3552 accepted steps
[mcmc]  - Convergence of bounds: R-1 = 0.102382 after 4440 accepted steps
[mcmc] The run has converged!
[mcmc] Sampling complete after 4440 accepted steps.
[mcmc] Progress @ 2026-06-12 08:59:07 : 9808 steps taken, and 4352 accepted.
[mcmc] Progress @ 2026-06-12 08:59:19 : 10158 steps taken, and 4472 accepted.
[mcmc] Progress @ 2026-06-12 09:00:09 : 9846 steps taken, and 4367 accepted.
[mcmc] Progress @ 2026-06-12 09:00:21 : 10188 steps taken, and 4488 accepted.
[mcmc] Progress @ 2026-06-12 09:01:11 : 9888 steps taken, and 4381 accepted.
[mcmc] Progress @ 2026-06-12 09:01:23 : 10218 steps taken, and 4504 accepted.
[mcmc] Progress @ 2026-06-12 09:02:13 : 9925 steps taken, and 4396 accepted.
[mcmc] Progress @ 2026-06-12 09:02:25 : 10261 steps taken, and 4518 accepted.
[mcmc] Progress @ 2026-06-12 09:03:14 : 9966 steps taken, and 4409 accepted.
[mcmc] Progress @ 2026-06-12 09:03:27 : 10292 steps taken, and 4535 accepted.
[mcmc] Progress @ 2026-06-12 09:04:16 : 10003 steps taken, and 4426 accepted.
[mcmc] Progress @ 2026-06-12 09:04:30 : 10326 steps taken, and 4551 accepted.
[mcmc] Learn + convergence test @ 4560 samples accepted.
[mcmc]  - Acceptance rate: 0.426
[mcmc]  - Convergence of means: R-1 = 0.008719 after 3648 accepted steps
[mcmc]  - Updated covariance matrix of proposal pdf.
[mcmc] Learn + convergence test @ 4440 samples accepted.
[mcmc]  - Acceptance rate: 0.430
[mcmc]  - Convergence of means: R-1 = 0.015198 after 3552 accepted steps
[mcmc]  - Updated covariance matrix of proposal pdf.
[mcmc] Progress @ 2026-06-12 09:05:18 : 10038 steps taken, and 4444 accepted.
[mcmc] Progress @ 2026-06-12 09:05:32 : 10359 steps taken, and 4569 accepted.
[mcmc] Progress @ 2026-06-12 09:06:20 : 10077 steps taken, and 4461 accepted.
[mcmc] Progress @ 2026-06-12 09:06:34 : 10394 steps taken, and 4586 accepted.
[mcmc] Progress @ 2026-06-12 09:07:22 : 10115 steps taken, and 4480 accepted.
[mcmc] Progress @ 2026-06-12 09:07:37 : 10430 steps taken, and 4601 accepted.
[mcmc] Progress @ 2026-06-12 09:08:24 : 10147 steps taken, and 4496 accepted.
[mcmc] Progress @ 2026-06-12 09:08:39 : 10469 steps taken, and 4617 accepted.
[mcmc] Progress @ 2026-06-12 09:09:26 : 10185 steps taken, and 4513 accepted.
[mcmc] Progress @ 2026-06-12 09:09:41 : 10502 steps taken, and 4633 accepted.
[mcmc] Progress @ 2026-06-12 09:10:28 : 10217 steps taken, and 4529 accepted.
[mcmc] Progress @ 2026-06-12 09:10:43 : 10537 steps taken, and 4649 accepted.
[mcmc] Progress @ 2026-06-12 09:11:30 : 10251 steps taken, and 4545 accepted.
[mcmc] Progress @ 2026-06-12 09:11:45 : 10568 steps taken, and 4665 accepted.
[mcmc] Learn + convergence test @ 4560 samples accepted.
[mcmc]  - Acceptance rate: 0.431
[mcmc]  - Convergence of means: R-1 = 0.022343 after 3648 accepted steps
[mcmc]  - Updated covariance matrix of proposal pdf.
[mcmc] Progress @ 2026-06-12 09:12:32 : 10294 steps taken, and 4562 accepted.
[mcmc] Progress @ 2026-06-12 09:12:47 : 10601 steps taken, and 4678 accepted.
[mcmc] Learn + convergence test @ 4680 samples accepted.
[mcmc]  - Acceptance rate: 0.427
[mcmc]  - Convergence of means: R-1 = 0.008591 after 3744 accepted steps
[mcmc]  - Convergence of bounds: R-1 = 0.119375 after 4680 accepted steps
[mcmc] The run has converged!
[mcmc] Sampling complete after 4680 accepted steps.
[mcmc] Progress @ 2026-06-12 09:13:33 : 10336 steps taken, and 4580 accepted.
[mcmc] Progress @ 2026-06-12 09:14:35 : 10383 steps taken, and 4598 accepted.
[mcmc] Progress @ 2026-06-12 09:15:36 : 10429 steps taken, and 4620 accepted.
[mcmc] Progress @ 2026-06-12 09:16:38 : 10473 steps taken, and 4639 accepted.
[mcmc] Progress @ 2026-06-12 09:17:40 : 10504 steps taken, and 4653 accepted.
[mcmc] Progress @ 2026-06-12 09:18:42 : 10545 steps taken, and 4673 accepted.
[mcmc] Learn + convergence test @ 4680 samples accepted.
[mcmc]  - Acceptance rate: 0.431
[mcmc]  - Convergence of means: R-1 = 0.011680 after 3744 accepted steps
[mcmc]  - Updated covariance matrix of proposal pdf.
[mcmc] Progress @ 2026-06-12 09:19:43 : 10589 steps taken, and 4690 accepted.
[mcmc] Progress @ 2026-06-12 09:20:45 : 10631 steps taken, and 4710 accepted.
[mcmc] Progress @ 2026-06-12 09:21:47 : 10677 steps taken, and 4725 accepted.
[mcmc] Progress @ 2026-06-12 09:22:49 : 10716 steps taken, and 4743 accepted.
[mcmc] Progress @ 2026-06-12 09:23:50 : 10749 steps taken, and 4762 accepted.
[mcmc] Progress @ 2026-06-12 09:24:52 : 10781 steps taken, and 4780 accepted.
[mcmc] Progress @ 2026-06-12 09:25:53 : 10819 steps taken, and 4796 accepted.
[mcmc] Learn + convergence test @ 4800 samples accepted.
[mcmc]  - Acceptance rate: 0.433
[mcmc]  - Convergence of means: R-1 = 0.006279 after 3840 accepted steps
[mcmc]  - Updated covariance matrix of proposal pdf.
[mcmc] Progress @ 2026-06-12 09:26:55 : 10858 steps taken, and 4814 accepted.
[mcmc] Progress @ 2026-06-12 09:27:57 : 10898 steps taken, and 4833 accepted.
[mcmc] Progress @ 2026-06-12 09:28:58 : 10937 steps taken, and 4849 accepted.
[mcmc] Progress @ 2026-06-12 09:30:00 : 10985 steps taken, and 4869 accepted.
[mcmc] Progress @ 2026-06-12 09:31:02 : 11024 steps taken, and 4885 accepted.
[mcmc] Progress @ 2026-06-12 09:32:04 : 11061 steps taken, and 4907 accepted.
[mcmc] Learn + convergence test @ 4920 samples accepted.
[mcmc]  - Acceptance rate: 0.435
[mcmc]  - Convergence of means: R-1 = 0.004509 after 3936 accepted steps
[mcmc]  - Convergence of bounds: R-1 = 0.117408 after 4920 accepted steps
[mcmc] The run has converged!
[mcmc] Sampling complete after 4920 accepted steps.

real	335m4.561s
user	0m0.109s
sys	0m0.209s
cp: cannot stat '/pscratch/sd/l/lialubit/run_task_0/chain.paramnames': No such file or directory
cp: cannot stat '/pscratch/sd/l/lialubit/run_task_0/chain.paramnames': No such file or directory
MCMC execution and file copying complete!
