[output] Output to be read-from/written-into folder '/pscratch/sd/l/lialubit/run_task_0', with prefix 'chain'
[output] Output to be read-from/written-into folder '/pscratch/sd/l/lialubit/run_task_5', with prefix 'chain'
[output] Output to be read-from/written-into folder '/pscratch/sd/l/lialubit/run_task_1', with prefix 'chain'
[output] Output to be read-from/written-into folder '/pscratch/sd/l/lialubit/run_task_7', with prefix 'chain'
[output] Output to be read-from/written-into folder '/pscratch/sd/l/lialubit/run_task_3', with prefix 'chain'
[output] Output to be read-from/written-into folder '/pscratch/sd/l/lialubit/run_task_4', with prefix 'chain'
[output] Output to be read-from/written-into folder '/pscratch/sd/l/lialubit/run_task_2', with prefix 'chain'
[output] Output to be read-from/written-into folder '/pscratch/sd/l/lialubit/run_task_6', with prefix 'chain'
LOADING FILE: /global/homes/l/lialubit/DESIxSO/functions_and_classes.py
Initializing SO_x_DESI_Likelihood...
  Loading lens shot noise from: data/DESI_shot_noise.npy
  Loading source shape noise from: data/DESI_shape_noise.npy
  Loading CMB noise from: data/SO_CMB_noise.npy
  Loaded lens data from data/DESI_lens_data.npy
  Loaded source data from: data/HSC_dist_0_3.npy
  Loading observed data vector from: cobaya_data/emulated_lensing_ratios_waw0_all_photometric_bins_data_vector.npy
  Loading covariance matrix from: cobaya_data/emulated_lensing_ratios_waw0_all_photometric_bins_covariance_matrix.npy
SO_x_DESI_Likelihood initialized successfully.
[mcmc] *WARNING* This run has been SEEDED with seed 1235
LOADING FILE: /global/homes/l/lialubit/DESIxSO/functions_and_classes.py
Initializing SO_x_DESI_Likelihood...
  Loading lens shot noise from: data/DESI_shot_noise.npy
  Loading source shape noise from: data/DESI_shape_noise.npy
  Loading CMB noise from: data/SO_CMB_noise.npy
  Loaded lens data from data/DESI_lens_data.npy
  Loaded source data from: data/HSC_dist_0_3.npy
  Loading observed data vector from: cobaya_data/emulated_lensing_ratios_waw0_all_photometric_bins_data_vector.npy
  Loading covariance matrix from: cobaya_data/emulated_lensing_ratios_waw0_all_photometric_bins_covariance_matrix.npy
SO_x_DESI_Likelihood initialized successfully.
[mcmc] *WARNING* This run has been SEEDED with seed 1237
LOADING FILE: /global/homes/l/lialubit/DESIxSO/functions_and_classes.py
Initializing SO_x_DESI_Likelihood...
  Loading lens shot noise from: data/DESI_shot_noise.npy
  Loading source shape noise from: data/DESI_shape_noise.npy
  Loading CMB noise from: data/SO_CMB_noise.npy
  Loaded lens data from data/DESI_lens_data.npy
  Loaded source data from: data/HSC_dist_0_3.npy
  Loading observed data vector from: cobaya_data/emulated_lensing_ratios_waw0_all_photometric_bins_data_vector.npy
  Loading covariance matrix from: cobaya_data/emulated_lensing_ratios_waw0_all_photometric_bins_covariance_matrix.npy
SO_x_DESI_Likelihood initialized successfully.
[mcmc] *WARNING* This run has been SEEDED with seed 1239
LOADING FILE: /global/homes/l/lialubit/DESIxSO/functions_and_classes.py
Initializing SO_x_DESI_Likelihood...
  Loading lens shot noise from: data/DESI_shot_noise.npy
  Loading source shape noise from: data/DESI_shape_noise.npy
  Loading CMB noise from: data/SO_CMB_noise.npy
  Loaded lens data from data/DESI_lens_data.npy
  Loaded source data from: data/HSC_dist_0_3.npy
  Loading observed data vector from: cobaya_data/emulated_lensing_ratios_waw0_all_photometric_bins_data_vector.npy
  Loading covariance matrix from: cobaya_data/emulated_lensing_ratios_waw0_all_photometric_bins_covariance_matrix.npy
SO_x_DESI_Likelihood initialized successfully.
[mcmc] *WARNING* This run has been SEEDED with seed 1240
LOADING FILE: /global/homes/l/lialubit/DESIxSO/functions_and_classes.py
Initializing SO_x_DESI_Likelihood...
  Loading lens shot noise from: data/DESI_shot_noise.npy
  Loading source shape noise from: data/DESI_shape_noise.npy
  Loading CMB noise from: data/SO_CMB_noise.npy
  Loaded lens data from data/DESI_lens_data.npy
  Loaded source data from: data/HSC_dist_0_3.npy
  Loading observed data vector from: cobaya_data/emulated_lensing_ratios_waw0_all_photometric_bins_data_vector.npy
  Loading covariance matrix from: cobaya_data/emulated_lensing_ratios_waw0_all_photometric_bins_covariance_matrix.npy
SO_x_DESI_Likelihood initialized successfully.
[mcmc] *WARNING* This run has been SEEDED with seed 1241
LOADING FILE: /global/homes/l/lialubit/DESIxSO/functions_and_classes.py
Initializing SO_x_DESI_Likelihood...
  Loading lens shot noise from: data/DESI_shot_noise.npy
  Loading source shape noise from: data/DESI_shape_noise.npy
  Loading CMB noise from: data/SO_CMB_noise.npy
  Loaded lens data from data/DESI_lens_data.npy
  Loaded source data from: data/HSC_dist_0_3.npy
  Loading observed data vector from: cobaya_data/emulated_lensing_ratios_waw0_all_photometric_bins_data_vector.npy
  Loading covariance matrix from: cobaya_data/emulated_lensing_ratios_waw0_all_photometric_bins_covariance_matrix.npy
SO_x_DESI_Likelihood initialized successfully.
[mcmc] *WARNING* This run has been SEEDED with seed 1236
[mcmc] Getting initial point... (this may take a few seconds)
[mcmc] Getting initial point... (this may take a few seconds)
[mcmc] Getting initial point... (this may take a few seconds)
[mcmc] Getting initial point... (this may take a few seconds)
[mcmc] Getting initial point... (this may take a few seconds)
[mcmc] Getting initial point... (this may take a few seconds)
LOADING FILE: /global/homes/l/lialubit/DESIxSO/functions_and_classes.py
Initializing SO_x_DESI_Likelihood...
  Loading lens shot noise from: data/DESI_shot_noise.npy
  Loading source shape noise from: data/DESI_shape_noise.npy
  Loading CMB noise from: data/SO_CMB_noise.npy
  Loaded lens data from data/DESI_lens_data.npy
  Loaded source data from: data/HSC_dist_0_3.npy
  Loading observed data vector from: cobaya_data/emulated_lensing_ratios_waw0_all_photometric_bins_data_vector.npy
  Loading covariance matrix from: cobaya_data/emulated_lensing_ratios_waw0_all_photometric_bins_covariance_matrix.npy
SO_x_DESI_Likelihood initialized successfully.
[mcmc] *WARNING* This run has been SEEDED with seed 1234
[mcmc] Getting initial point... (this may take a few seconds)
LOADING FILE: /global/homes/l/lialubit/DESIxSO/functions_and_classes.py
Initializing SO_x_DESI_Likelihood...
  Loading lens shot noise from: data/DESI_shot_noise.npy
  Loading source shape noise from: data/DESI_shape_noise.npy
  Loading CMB noise from: data/SO_CMB_noise.npy
  Loaded lens data from data/DESI_lens_data.npy
  Loaded source data from: data/HSC_dist_0_3.npy
  Loading observed data vector from: cobaya_data/emulated_lensing_ratios_waw0_all_photometric_bins_data_vector.npy
  Loading covariance matrix from: cobaya_data/emulated_lensing_ratios_waw0_all_photometric_bins_covariance_matrix.npy
SO_x_DESI_Likelihood initialized successfully.
[mcmc] *WARNING* This run has been SEEDED with seed 1238
[mcmc] Getting initial point... (this may take a few seconds)
[jax._src.xla_bridge] Unable to initialize backend 'tpu': INTERNAL: Failed to open libtpu.so: libtpu.so: cannot open shared object file: No such file or directory
[jax._src.xla_bridge] Unable to initialize backend 'tpu': INTERNAL: Failed to open libtpu.so: libtpu.so: cannot open shared object file: No such file or directory
[jax._src.xla_bridge] Unable to initialize backend 'tpu': INTERNAL: Failed to open libtpu.so: libtpu.so: cannot open shared object file: No such file or directory
[jax._src.xla_bridge] Unable to initialize backend 'tpu': INTERNAL: Failed to open libtpu.so: libtpu.so: cannot open shared object file: No such file or directory
[jax._src.xla_bridge] Unable to initialize backend 'tpu': INTERNAL: Failed to open libtpu.so: libtpu.so: cannot open shared object file: No such file or directory
[jax._src.xla_bridge] Unable to initialize backend 'tpu': INTERNAL: Failed to open libtpu.so: libtpu.so: cannot open shared object file: No such file or directory
[jax._src.xla_bridge] Unable to initialize backend 'tpu': INTERNAL: Failed to open libtpu.so: libtpu.so: cannot open shared object file: No such file or directory
[jax._src.xla_bridge] Unable to initialize backend 'tpu': INTERNAL: Failed to open libtpu.so: libtpu.so: cannot open shared object file: No such file or directory
[mcmc] Initial point: Omega_m:0.3260539, wa:-0.557569, w0:-0.4680665, A_s:2.1684e-09, h:0.6411853, Omega_b:0.04965853, n_s:0.9644712, Omega_k:-0.004518662
[model] Measuring speeds... (this may take a few seconds)
[mcmc] Initial point: Omega_m:0.322651, wa:-0.03622817, w0:-0.4767654, A_s:2.163211e-09, h:0.6440064, Omega_b:0.05071783, n_s:0.9524249, Omega_k:-0.0009709345
[model] Measuring speeds... (this may take a few seconds)
[mcmc] Initial point: Omega_m:0.3126612, wa:0.14536, w0:-0.7715929, A_s:1.92421e-09, h:0.6446429, Omega_b:0.04937953, n_s:0.9689454, Omega_k:0.004932111
[model] Measuring speeds... (this may take a few seconds)
[mcmc] Initial point: Omega_m:0.3238856, wa:0.2009773, w0:-0.7251915, A_s:1.953375e-09, h:0.6860165, Omega_b:0.05074308, n_s:0.9571993, Omega_k:-0.007048623
[model] Measuring speeds... (this may take a few seconds)
[mcmc] Initial point: Omega_m:0.3276037, wa:-0.2147435, w0:-0.7035376, A_s:1.948172e-09, h:0.6429982, Omega_b:0.05007547, n_s:0.9538185, Omega_k:-0.004490092
[model] Measuring speeds... (this may take a few seconds)
[mcmc] Initial point: Omega_m:0.3143171, wa:0.2439984, w0:-0.9412359, A_s:2.012245e-09, h:0.6591903, Omega_b:0.05110493, n_s:0.9482949, Omega_k:0.006088096
[model] Measuring speeds... (this may take a few seconds)
[mcmc] Initial point: Omega_m:0.3164572, wa:-1.365791, w0:-0.6034007, A_s:2.317588e-09, h:0.6737775, Omega_b:0.05125701, n_s:0.950902, Omega_k:0.004910994
[model] Measuring speeds... (this may take a few seconds)
[mcmc] Initial point: Omega_m:0.3210228, wa:-0.4618041, w0:-1.028734, A_s:1.980513e-09, h:0.6589367, Omega_b:0.05166518, n_s:0.9536898, Omega_k:-0.009394514
[model] Measuring speeds... (this may take a few seconds)
[model] Setting measured speeds (per sec): {functions_and_classes.SO_x_DESI_Likelihood_w_emulator: 0.21}
[mcmc] Covariance matrix not present. We will start learning the covariance of the proposal earlier: R-1 = 30 (would be 2 if all params loaded).
[mcmc] Sampling!
[model] Setting measured speeds (per sec): {functions_and_classes.SO_x_DESI_Likelihood_w_emulator: 0.208}
[mcmc] Covariance matrix not present. We will start learning the covariance of the proposal earlier: R-1 = 30 (would be 2 if all params loaded).
[mcmc] Sampling!
[model] Setting measured speeds (per sec): {functions_and_classes.SO_x_DESI_Likelihood_w_emulator: 0.206}
[mcmc] Covariance matrix not present. We will start learning the covariance of the proposal earlier: R-1 = 30 (would be 2 if all params loaded).
[mcmc] Sampling!
[model] Setting measured speeds (per sec): {functions_and_classes.SO_x_DESI_Likelihood_w_emulator: 0.204}
[mcmc] Covariance matrix not present. We will start learning the covariance of the proposal earlier: R-1 = 30 (would be 2 if all params loaded).
[mcmc] Sampling!
[model] Setting measured speeds (per sec): {functions_and_classes.SO_x_DESI_Likelihood_w_emulator: 0.207}
[mcmc] Covariance matrix not present. We will start learning the covariance of the proposal earlier: R-1 = 30 (would be 2 if all params loaded).
[mcmc] Sampling!
[model] Setting measured speeds (per sec): {functions_and_classes.SO_x_DESI_Likelihood_w_emulator: 0.203}
[mcmc] Covariance matrix not present. We will start learning the covariance of the proposal earlier: R-1 = 30 (would be 2 if all params loaded).
[mcmc] Sampling!
[model] Setting measured speeds (per sec): {functions_and_classes.SO_x_DESI_Likelihood_w_emulator: 0.202}
[model] Setting measured speeds (per sec): {functions_and_classes.SO_x_DESI_Likelihood_w_emulator: 0.202}
[mcmc] Covariance matrix not present. We will start learning the covariance of the proposal earlier: R-1 = 30 (would be 2 if all params loaded).
[mcmc] Covariance matrix not present. We will start learning the covariance of the proposal earlier: R-1 = 30 (would be 2 if all params loaded).
[mcmc] Sampling!
[mcmc] Sampling!
[mcmc] Progress @ 2026-06-13 06:05:39 : 1 steps taken, and 0 accepted.
[mcmc] Progress @ 2026-06-13 06:05:39 : 1 steps taken, and 0 accepted.
[mcmc] Progress @ 2026-06-13 06:05:39 : 1 steps taken, and 0 accepted.
[mcmc] Progress @ 2026-06-13 06:05:40 : 1 steps taken, and 0 accepted.
[mcmc] Progress @ 2026-06-13 06:05:40 : 1 steps taken, and 0 accepted.
[mcmc] Progress @ 2026-06-13 06:05:40 : 1 steps taken, and 0 accepted.
[mcmc] Progress @ 2026-06-13 06:05:40 : 1 steps taken, and 0 accepted.
[mcmc] Progress @ 2026-06-13 06:05:40 : 1 steps taken, and 0 accepted.
[mcmc] Progress @ 2026-06-13 06:06:41 : 14 steps taken, and 12 accepted.
[mcmc] Progress @ 2026-06-13 06:06:42 : 14 steps taken, and 11 accepted.
[mcmc] Progress @ 2026-06-13 06:06:42 : 14 steps taken, and 7 accepted.
[mcmc] Progress @ 2026-06-13 06:06:42 : 14 steps taken, and 12 accepted.
[mcmc] Progress @ 2026-06-13 06:06:42 : 14 steps taken, and 9 accepted.
[mcmc] Progress @ 2026-06-13 06:06:44 : 14 steps taken, and 12 accepted.
[mcmc] Progress @ 2026-06-13 06:06:44 : 14 steps taken, and 9 accepted.
[mcmc] Progress @ 2026-06-13 06:06:44 : 14 steps taken, and 9 accepted.
[mcmc] Progress @ 2026-06-13 06:07:42 : 27 steps taken, and 23 accepted.
[mcmc] Progress @ 2026-06-13 06:07:45 : 27 steps taken, and 23 accepted.
[mcmc] Progress @ 2026-06-13 06:07:45 : 27 steps taken, and 19 accepted.
[mcmc] Progress @ 2026-06-13 06:07:45 : 27 steps taken, and 21 accepted.
[mcmc] Progress @ 2026-06-13 06:07:46 : 27 steps taken, and 23 accepted.
[mcmc] Progress @ 2026-06-13 06:07:48 : 27 steps taken, and 21 accepted.
[mcmc] Progress @ 2026-06-13 06:07:48 : 27 steps taken, and 22 accepted.
[mcmc] Progress @ 2026-06-13 06:07:49 : 27 steps taken, and 20 accepted.
[mcmc] Progress @ 2026-06-13 06:08:44 : 40 steps taken, and 35 accepted.
[mcmc] Progress @ 2026-06-13 06:08:48 : 40 steps taken, and 31 accepted.
[mcmc] Progress @ 2026-06-13 06:08:48 : 40 steps taken, and 35 accepted.
[mcmc] Progress @ 2026-06-13 06:08:48 : 40 steps taken, and 30 accepted.
[mcmc] Progress @ 2026-06-13 06:08:48 : 40 steps taken, and 33 accepted.
[mcmc] Progress @ 2026-06-13 06:08:52 : 42 steps taken, and 35 accepted.
[mcmc] Progress @ 2026-06-13 06:08:52 : 40 steps taken, and 33 accepted.
[mcmc] Progress @ 2026-06-13 06:08:53 : 40 steps taken, and 31 accepted.
[mcmc] Progress @ 2026-06-13 06:09:46 : 53 steps taken, and 46 accepted.
[mcmc] Progress @ 2026-06-13 06:09:51 : 53 steps taken, and 43 accepted.
[mcmc] Progress @ 2026-06-13 06:09:51 : 53 steps taken, and 39 accepted.
[mcmc] Progress @ 2026-06-13 06:09:51 : 55 steps taken, and 47 accepted.
[mcmc] Progress @ 2026-06-13 06:09:52 : 53 steps taken, and 45 accepted.
[mcmc] Progress @ 2026-06-13 06:09:56 : 58 steps taken, and 47 accepted.
[mcmc] Progress @ 2026-06-13 06:09:57 : 53 steps taken, and 44 accepted.
[mcmc] Progress @ 2026-06-13 06:09:57 : 53 steps taken, and 43 accepted.
[mcmc] Progress @ 2026-06-13 06:10:48 : 66 steps taken, and 57 accepted.
[mcmc] Progress @ 2026-06-13 06:10:54 : 66 steps taken, and 54 accepted.
[mcmc] Progress @ 2026-06-13 06:10:54 : 66 steps taken, and 51 accepted.
[mcmc] Progress @ 2026-06-13 06:10:55 : 66 steps taken, and 57 accepted.
[mcmc] Progress @ 2026-06-13 06:10:55 : 74 steps taken, and 59 accepted.
[mcmc] Progress @ 2026-06-13 06:10:59 : 71 steps taken, and 59 accepted.
[mcmc] Progress @ 2026-06-13 06:11:01 : 66 steps taken, and 54 accepted.
[mcmc] Progress @ 2026-06-13 06:11:02 : 66 steps taken, and 55 accepted.
[mcmc] Progress @ 2026-06-13 06:11:50 : 79 steps taken, and 69 accepted.
[mcmc] Progress @ 2026-06-13 06:11:57 : 79 steps taken, and 66 accepted.
[mcmc] Progress @ 2026-06-13 06:11:57 : 79 steps taken, and 63 accepted.
[mcmc] Progress @ 2026-06-13 06:11:57 : 79 steps taken, and 66 accepted.
[mcmc] Progress @ 2026-06-13 06:11:58 : 97 steps taken, and 70 accepted.
[mcmc] Progress @ 2026-06-13 06:12:03 : 85 steps taken, and 70 accepted.
[mcmc] Progress @ 2026-06-13 06:12:06 : 79 steps taken, and 67 accepted.
[mcmc] Progress @ 2026-06-13 06:12:07 : 79 steps taken, and 68 accepted.
[mcmc] Progress @ 2026-06-13 06:12:52 : 92 steps taken, and 81 accepted.
[mcmc] Progress @ 2026-06-13 06:13:00 : 92 steps taken, and 77 accepted.
[mcmc] Progress @ 2026-06-13 06:13:00 : 92 steps taken, and 74 accepted.
[mcmc] Progress @ 2026-06-13 06:13:00 : 92 steps taken, and 78 accepted.
[mcmc] Progress @ 2026-06-13 06:13:01 : 110 steps taken, and 81 accepted.
[mcmc] Progress @ 2026-06-13 06:13:07 : 100 steps taken, and 81 accepted.
[mcmc] Progress @ 2026-06-13 06:13:10 : 93 steps taken, and 79 accepted.
[mcmc] Progress @ 2026-06-13 06:13:12 : 92 steps taken, and 79 accepted.
[mcmc] Progress @ 2026-06-13 06:13:54 : 108 steps taken, and 93 accepted.
[mcmc] Progress @ 2026-06-13 06:14:03 : 105 steps taken, and 85 accepted.
[mcmc] Progress @ 2026-06-13 06:14:03 : 105 steps taken, and 88 accepted.
[mcmc] Progress @ 2026-06-13 06:14:04 : 105 steps taken, and 89 accepted.
[mcmc] Progress @ 2026-06-13 06:14:04 : 123 steps taken, and 91 accepted.
[mcmc] Progress @ 2026-06-13 06:14:11 : 117 steps taken, and 93 accepted.
[mcmc] Progress @ 2026-06-13 06:14:12 : 104 steps taken, and 91 accepted.
[mcmc] Progress @ 2026-06-13 06:14:15 : 106 steps taken, and 92 accepted.
[mcmc] Progress @ 2026-06-13 06:14:56 : 121 steps taken, and 104 accepted.
[mcmc] Progress @ 2026-06-13 06:15:06 : 118 steps taken, and 96 accepted.
[mcmc] Progress @ 2026-06-13 06:15:06 : 118 steps taken, and 99 accepted.
[mcmc] Progress @ 2026-06-13 06:15:07 : 118 steps taken, and 100 accepted.
[mcmc] Progress @ 2026-06-13 06:15:07 : 136 steps taken, and 103 accepted.
[mcmc] Progress @ 2026-06-13 06:15:13 : 116 steps taken, and 101 accepted.
[mcmc] Progress @ 2026-06-13 06:15:14 : 130 steps taken, and 106 accepted.
[mcmc] Progress @ 2026-06-13 06:15:18 : 119 steps taken, and 103 accepted.
[mcmc] Progress @ 2026-06-13 06:15:58 : 134 steps taken, and 117 accepted.
[mcmc] Progress @ 2026-06-13 06:16:08 : 131 steps taken, and 108 accepted.
[mcmc] Progress @ 2026-06-13 06:16:09 : 131 steps taken, and 109 accepted.
[mcmc] Progress @ 2026-06-13 06:16:09 : 132 steps taken, and 111 accepted.
[mcmc] Progress @ 2026-06-13 06:16:10 : 149 steps taken, and 113 accepted.
[mcmc] Progress @ 2026-06-13 06:16:18 : 129 steps taken, and 112 accepted.
[mcmc] Progress @ 2026-06-13 06:16:18 : 144 steps taken, and 118 accepted.
[mcmc] Progress @ 2026-06-13 06:16:22 : 132 steps taken, and 113 accepted.
[mcmc] Progress @ 2026-06-13 06:17:01 : 147 steps taken, and 128 accepted.
[mcmc] Progress @ 2026-06-13 06:17:11 : 144 steps taken, and 119 accepted.
[mcmc] Progress @ 2026-06-13 06:17:11 : 145 steps taken, and 124 accepted.
[mcmc] Progress @ 2026-06-13 06:17:12 : 144 steps taken, and 119 accepted.
[mcmc] Progress @ 2026-06-13 06:17:13 : 162 steps taken, and 126 accepted.
[mcmc] Progress @ 2026-06-13 06:17:22 : 163 steps taken, and 128 accepted.
[mcmc] Progress @ 2026-06-13 06:17:22 : 142 steps taken, and 123 accepted.
[mcmc] Progress @ 2026-06-13 06:17:26 : 145 steps taken, and 125 accepted.
[mcmc] Progress @ 2026-06-13 06:18:03 : 160 steps taken, and 139 accepted.
[mcmc] Progress @ 2026-06-13 06:18:13 : 157 steps taken, and 131 accepted.
[mcmc] Progress @ 2026-06-13 06:18:14 : 158 steps taken, and 137 accepted.
[mcmc] Progress @ 2026-06-13 06:18:15 : 157 steps taken, and 130 accepted.
[mcmc] Progress @ 2026-06-13 06:18:16 : 175 steps taken, and 137 accepted.
[mcmc] Progress @ 2026-06-13 06:18:25 : 176 steps taken, and 138 accepted.
[mcmc] Progress @ 2026-06-13 06:18:26 : 155 steps taken, and 135 accepted.
[mcmc] Progress @ 2026-06-13 06:18:30 : 158 steps taken, and 137 accepted.
[mcmc] Progress @ 2026-06-13 06:19:06 : 173 steps taken, and 152 accepted.
[mcmc] Progress @ 2026-06-13 06:19:16 : 170 steps taken, and 142 accepted.
[mcmc] Progress @ 2026-06-13 06:19:17 : 171 steps taken, and 146 accepted.
[mcmc] Progress @ 2026-06-13 06:19:18 : 170 steps taken, and 143 accepted.
[mcmc] Progress @ 2026-06-13 06:19:19 : 188 steps taken, and 147 accepted.
[mcmc] Progress @ 2026-06-13 06:19:29 : 189 steps taken, and 148 accepted.
[mcmc] Progress @ 2026-06-13 06:19:30 : 168 steps taken, and 143 accepted.
[mcmc] Progress @ 2026-06-13 06:19:34 : 171 steps taken, and 146 accepted.
[mcmc] Progress @ 2026-06-13 06:20:09 : 186 steps taken, and 165 accepted.
[mcmc] Progress @ 2026-06-13 06:20:18 : 183 steps taken, and 154 accepted.
[mcmc] Progress @ 2026-06-13 06:20:19 : 184 steps taken, and 156 accepted.
[mcmc] Progress @ 2026-06-13 06:20:21 : 183 steps taken, and 156 accepted.
[mcmc] Progress @ 2026-06-13 06:20:22 : 201 steps taken, and 158 accepted.
[mcmc] Progress @ 2026-06-13 06:20:33 : 202 steps taken, and 158 accepted.
[mcmc] Progress @ 2026-06-13 06:20:35 : 181 steps taken, and 155 accepted.
[mcmc] Progress @ 2026-06-13 06:20:38 : 184 steps taken, and 156 accepted.
[mcmc] Progress @ 2026-06-13 06:21:12 : 199 steps taken, and 177 accepted.
[mcmc] Progress @ 2026-06-13 06:21:21 : 197 steps taken, and 167 accepted.
[mcmc] Progress @ 2026-06-13 06:21:21 : 196 steps taken, and 166 accepted.
[mcmc] Progress @ 2026-06-13 06:21:25 : 196 steps taken, and 169 accepted.
[mcmc] Progress @ 2026-06-13 06:21:25 : 214 steps taken, and 168 accepted.
[mcmc] Progress @ 2026-06-13 06:21:37 : 215 steps taken, and 170 accepted.
[mcmc] Progress @ 2026-06-13 06:21:39 : 194 steps taken, and 165 accepted.
[mcmc] Progress @ 2026-06-13 06:21:43 : 197 steps taken, and 166 accepted.
[mcmc] Progress @ 2026-06-13 06:22:15 : 212 steps taken, and 186 accepted.
[mcmc] Progress @ 2026-06-13 06:22:23 : 210 steps taken, and 179 accepted.
[mcmc] Progress @ 2026-06-13 06:22:24 : 209 steps taken, and 179 accepted.
[mcmc] Progress @ 2026-06-13 06:22:28 : 209 steps taken, and 181 accepted.
[mcmc] Progress @ 2026-06-13 06:22:29 : 227 steps taken, and 180 accepted.
[mcmc] Progress @ 2026-06-13 06:22:41 : 228 steps taken, and 180 accepted.
[mcmc] Progress @ 2026-06-13 06:22:44 : 207 steps taken, and 177 accepted.
[mcmc] Progress @ 2026-06-13 06:22:47 : 210 steps taken, and 177 accepted.
[mcmc] Progress @ 2026-06-13 06:23:17 : 225 steps taken, and 196 accepted.
[mcmc] Progress @ 2026-06-13 06:23:25 : 223 steps taken, and 191 accepted.
[mcmc] Progress @ 2026-06-13 06:23:26 : 222 steps taken, and 190 accepted.
[mcmc] Progress @ 2026-06-13 06:23:31 : 222 steps taken, and 194 accepted.
[mcmc] Progress @ 2026-06-13 06:23:33 : 240 steps taken, and 192 accepted.
[mcmc] Progress @ 2026-06-13 06:23:45 : 243 steps taken, and 190 accepted.
[mcmc] Progress @ 2026-06-13 06:23:48 : 220 steps taken, and 189 accepted.
[mcmc] Progress @ 2026-06-13 06:23:51 : 223 steps taken, and 186 accepted.
[mcmc] Progress @ 2026-06-13 06:24:20 : 238 steps taken, and 207 accepted.
[mcmc] Progress @ 2026-06-13 06:24:27 : 236 steps taken, and 202 accepted.
[mcmc] Progress @ 2026-06-13 06:24:29 : 235 steps taken, and 201 accepted.
[mcmc] Progress @ 2026-06-13 06:24:35 : 235 steps taken, and 206 accepted.
[mcmc] Progress @ 2026-06-13 06:24:37 : 253 steps taken, and 204 accepted.
[mcmc] Progress @ 2026-06-13 06:24:49 : 232 steps taken, and 200 accepted.
[mcmc] Progress @ 2026-06-13 06:24:49 : 258 steps taken, and 203 accepted.
[mcmc] Progress @ 2026-06-13 06:24:55 : 236 steps taken, and 197 accepted.
[mcmc] Progress @ 2026-06-13 06:25:22 : 251 steps taken, and 219 accepted.
[mcmc] Progress @ 2026-06-13 06:25:29 : 249 steps taken, and 214 accepted.
[mcmc] Progress @ 2026-06-13 06:25:32 : 248 steps taken, and 213 accepted.
[mcmc] Progress @ 2026-06-13 06:25:38 : 249 steps taken, and 217 accepted.
[mcmc] Progress @ 2026-06-13 06:25:40 : 266 steps taken, and 216 accepted.
[mcmc] Progress @ 2026-06-13 06:25:52 : 271 steps taken, and 214 accepted.
[mcmc] Progress @ 2026-06-13 06:25:53 : 245 steps taken, and 212 accepted.
[mcmc] Progress @ 2026-06-13 06:25:59 : 249 steps taken, and 209 accepted.
[mcmc] Progress @ 2026-06-13 06:26:24 : 264 steps taken, and 229 accepted.
[mcmc] Progress @ 2026-06-13 06:26:31 : 262 steps taken, and 227 accepted.
[mcmc] Progress @ 2026-06-13 06:26:34 : 261 steps taken, and 224 accepted.
[mcmc] Progress @ 2026-06-13 06:26:41 : 262 steps taken, and 227 accepted.
[mcmc] Progress @ 2026-06-13 06:26:43 : 279 steps taken, and 229 accepted.
[mcmc] Progress @ 2026-06-13 06:26:56 : 284 steps taken, and 225 accepted.
[mcmc] Progress @ 2026-06-13 06:26:57 : 258 steps taken, and 224 accepted.
[mcmc] Progress @ 2026-06-13 06:27:03 : 262 steps taken, and 219 accepted.
[mcmc] Progress @ 2026-06-13 06:27:26 : 277 steps taken, and 242 accepted.
[mcmc] Progress @ 2026-06-13 06:27:33 : 275 steps taken, and 238 accepted.
[mcmc] Progress @ 2026-06-13 06:27:37 : 274 steps taken, and 235 accepted.
[mcmc] Progress @ 2026-06-13 06:27:44 : 275 steps taken, and 240 accepted.
[mcmc] Progress @ 2026-06-13 06:27:47 : 292 steps taken, and 241 accepted.
[mcmc] Progress @ 2026-06-13 06:28:00 : 297 steps taken, and 238 accepted.
[mcmc] Progress @ 2026-06-13 06:28:01 : 271 steps taken, and 234 accepted.
[mcmc] Progress @ 2026-06-13 06:28:07 : 275 steps taken, and 232 accepted.
[mcmc] Progress @ 2026-06-13 06:28:27 : 290 steps taken, and 254 accepted.
[mcmc] Progress @ 2026-06-13 06:28:35 : 288 steps taken, and 250 accepted.
[mcmc] Progress @ 2026-06-13 06:28:40 : 288 steps taken, and 246 accepted.
[mcmc] Progress @ 2026-06-13 06:28:47 : 288 steps taken, and 250 accepted.
[mcmc] Progress @ 2026-06-13 06:28:50 : 305 steps taken, and 253 accepted.
[mcmc] Progress @ 2026-06-13 06:29:03 : 310 steps taken, and 250 accepted.
[mcmc] Progress @ 2026-06-13 06:29:06 : 284 steps taken, and 245 accepted.
[mcmc] Progress @ 2026-06-13 06:29:11 : 288 steps taken, and 244 accepted.
[mcmc] Progress @ 2026-06-13 06:29:29 : 303 steps taken, and 266 accepted.
[mcmc] Progress @ 2026-06-13 06:29:37 : 301 steps taken, and 263 accepted.
[mcmc] Progress @ 2026-06-13 06:29:42 : 301 steps taken, and 257 accepted.
[mcmc] Progress @ 2026-06-13 06:29:50 : 301 steps taken, and 259 accepted.
[mcmc] Progress @ 2026-06-13 06:29:54 : 318 steps taken, and 265 accepted.
[mcmc] Progress @ 2026-06-13 06:30:06 : 296 steps taken, and 254 accepted.
[mcmc] Progress @ 2026-06-13 06:30:06 : 323 steps taken, and 263 accepted.
[mcmc] Progress @ 2026-06-13 06:30:15 : 301 steps taken, and 256 accepted.
[mcmc] Progress @ 2026-06-13 06:30:30 : 316 steps taken, and 277 accepted.
[mcmc] Progress @ 2026-06-13 06:30:39 : 314 steps taken, and 275 accepted.
[mcmc] Progress @ 2026-06-13 06:30:45 : 315 steps taken, and 270 accepted.
[mcmc] Progress @ 2026-06-13 06:30:53 : 314 steps taken, and 270 accepted.
[mcmc] Progress @ 2026-06-13 06:30:58 : 331 steps taken, and 277 accepted.
[mcmc] Progress @ 2026-06-13 06:31:10 : 336 steps taken, and 273 accepted.
[mcmc] Progress @ 2026-06-13 06:31:11 : 309 steps taken, and 265 accepted.
[mcmc] Progress @ 2026-06-13 06:31:19 : 314 steps taken, and 268 accepted.
[mcmc] Progress @ 2026-06-13 06:31:32 : 329 steps taken, and 289 accepted.
[mcmc] Progress @ 2026-06-13 06:31:42 : 327 steps taken, and 286 accepted.
[mcmc] Progress @ 2026-06-13 06:31:47 : 329 steps taken, and 281 accepted.
[mcmc] Progress @ 2026-06-13 06:31:56 : 327 steps taken, and 280 accepted.
[mcmc] Progress @ 2026-06-13 06:32:02 : 344 steps taken, and 289 accepted.
[mcmc] Progress @ 2026-06-13 06:32:13 : 349 steps taken, and 284 accepted.
[mcmc] Progress @ 2026-06-13 06:32:16 : 322 steps taken, and 276 accepted.
[mcmc] Progress @ 2026-06-13 06:32:24 : 327 steps taken, and 281 accepted.
[mcmc] Progress @ 2026-06-13 06:32:34 : 342 steps taken, and 301 accepted.
[mcmc] Progress @ 2026-06-13 06:32:44 : 340 steps taken, and 292 accepted.
[mcmc] Progress @ 2026-06-13 06:32:50 : 346 steps taken, and 292 accepted.
[mcmc] Progress @ 2026-06-13 06:32:59 : 340 steps taken, and 290 accepted.
[mcmc] Progress @ 2026-06-13 06:33:06 : 357 steps taken, and 301 accepted.
[mcmc] Progress @ 2026-06-13 06:33:17 : 362 steps taken, and 297 accepted.
[mcmc] Progress @ 2026-06-13 06:33:20 : 335 steps taken, and 289 accepted.
[mcmc] Progress @ 2026-06-13 06:33:28 : 340 steps taken, and 292 accepted.
[mcmc] Progress @ 2026-06-13 06:33:36 : 355 steps taken, and 313 accepted.
[mcmc] Progress @ 2026-06-13 06:33:46 : 353 steps taken, and 304 accepted.
[mcmc] Progress @ 2026-06-13 06:33:52 : 359 steps taken, and 304 accepted.
[mcmc] Progress @ 2026-06-13 06:34:02 : 353 steps taken, and 302 accepted.
[mcmc] Learn + convergence test @ 320 samples accepted.
[mcmc]  - Acceptance rate: 0.886
[mcmc]  - Convergence of means: R-1 = 29.854919 after 256 accepted steps
[mcmc]  - Updated covariance matrix of proposal pdf.
[mcmc] Progress @ 2026-06-13 06:34:10 : 370 steps taken, and 311 accepted.
[mcmc] Progress @ 2026-06-13 06:34:21 : 375 steps taken, and 309 accepted.
[mcmc] Progress @ 2026-06-13 06:34:25 : 348 steps taken, and 301 accepted.
[mcmc] Progress @ 2026-06-13 06:34:32 : 353 steps taken, and 305 accepted.
[mcmc] Progress @ 2026-06-13 06:34:37 : 368 steps taken, and 324 accepted.
[mcmc] Progress @ 2026-06-13 06:34:49 : 366 steps taken, and 316 accepted.
[mcmc] Progress @ 2026-06-13 06:34:55 : 372 steps taken, and 316 accepted.
[mcmc] Learn + convergence test @ 320 samples accepted.
[mcmc]  - Acceptance rate: 0.886
[mcmc]  - Convergence of means: R-1 = 16.912099 after 256 accepted steps
[mcmc]  - Updated covariance matrix of proposal pdf.
[mcmc] Progress @ 2026-06-13 06:35:05 : 366 steps taken, and 311 accepted.
[mcmc] Progress @ 2026-06-13 06:35:14 : 383 steps taken, and 323 accepted.
[mcmc] Learn + convergence test @ 320 samples accepted.
[mcmc]  - Acceptance rate: 0.868
[mcmc]  - Convergence of means: R-1 = 22.126797 after 256 accepted steps
[mcmc]  - Updated covariance matrix of proposal pdf.
[mcmc] Learn + convergence test @ 320 samples accepted.
[mcmc]  - Acceptance rate: 0.862
[mcmc]  - Convergence of means: R-1 = 14.913934 after 256 accepted steps
[blockedproposer] *ERROR* The given covmat is not a positive-definite, symmetric square matrix.
[mcmc] Progress @ 2026-06-13 06:35:25 : 388 steps taken, and 320 accepted.
[mcmc] Learn + convergence test @ 320 samples accepted.
[mcmc]  - Acceptance rate: 0.821
[mcmc]  - Convergence of means: R-1 = 40.930260 after 256 accepted steps
[mcmc] Convergence less than requested for updates: waiting until the next convergence check.
[mcmc] Progress @ 2026-06-13 06:35:30 : 361 steps taken, and 312 accepted.
[mcmc] Progress @ 2026-06-13 06:35:33 : 365 steps taken, and 315 accepted.
[mcmc] Progress @ 2026-06-13 06:35:40 : 381 steps taken, and 336 accepted.
[mcmc] Progress @ 2026-06-13 06:35:51 : 379 steps taken, and 324 accepted.
[mcmc] Learn + convergence test @ 320 samples accepted.
[mcmc]  - Acceptance rate: 0.856
[mcmc]  - Convergence of means: R-1 = 25.540719 after 256 accepted steps
[mcmc]  - Updated covariance matrix of proposal pdf.
[mcmc] Progress @ 2026-06-13 06:35:58 : 385 steps taken, and 328 accepted.
[mcmc] Learn + convergence test @ 320 samples accepted.
[mcmc]  - Acceptance rate: 0.868
[mcmc]  - Convergence of means: R-1 = 26.825908 after 256 accepted steps
[blockedproposer] *ERROR* The given covmat is not a positive-definite, symmetric square matrix.
[mcmc] Progress @ 2026-06-13 06:36:07 : 379 steps taken, and 323 accepted.
[mcmc] Learn + convergence test @ 320 samples accepted.
[mcmc]  - Acceptance rate: 0.868
[mcmc]  - Convergence of means: R-1 = 21.824846 after 256 accepted steps
[mcmc]  - Updated covariance matrix of proposal pdf.
[mcmc] Progress @ 2026-06-13 06:36:17 : 396 steps taken, and 334 accepted.
[mcmc] Progress @ 2026-06-13 06:36:28 : 401 steps taken, and 330 accepted.
[mcmc] Progress @ 2026-06-13 06:36:34 : 374 steps taken, and 323 accepted.
[mcmc] Progress @ 2026-06-13 06:36:36 : 378 steps taken, and 326 accepted.
[mcmc] Progress @ 2026-06-13 06:36:42 : 394 steps taken, and 348 accepted.
[mcmc] Progress @ 2026-06-13 06:36:53 : 392 steps taken, and 332 accepted.
[mcmc] Progress @ 2026-06-13 06:37:00 : 398 steps taken, and 341 accepted.
[mcmc] Progress @ 2026-06-13 06:37:09 : 392 steps taken, and 334 accepted.
[mcmc] Progress @ 2026-06-13 06:37:20 : 409 steps taken, and 347 accepted.
[mcmc] Progress @ 2026-06-13 06:37:32 : 414 steps taken, and 342 accepted.
[mcmc] Progress @ 2026-06-13 06:37:38 : 387 steps taken, and 334 accepted.
[mcmc] Progress @ 2026-06-13 06:37:40 : 391 steps taken, and 335 accepted.
[mcmc] Progress @ 2026-06-13 06:37:43 : 407 steps taken, and 360 accepted.
[mcmc] Progress @ 2026-06-13 06:37:55 : 405 steps taken, and 343 accepted.
[mcmc] Progress @ 2026-06-13 06:38:03 : 411 steps taken, and 351 accepted.
[mcmc] Progress @ 2026-06-13 06:38:12 : 406 steps taken, and 344 accepted.
[mcmc] Progress @ 2026-06-13 06:38:24 : 422 steps taken, and 360 accepted.
[mcmc] Progress @ 2026-06-13 06:38:35 : 427 steps taken, and 354 accepted.
[mcmc] Progress @ 2026-06-13 06:38:43 : 400 steps taken, and 342 accepted.
[mcmc] Progress @ 2026-06-13 06:38:44 : 404 steps taken, and 345 accepted.
[mcmc] Progress @ 2026-06-13 06:38:45 : 420 steps taken, and 373 accepted.
[mcmc] Progress @ 2026-06-13 06:38:57 : 418 steps taken, and 353 accepted.
[mcmc] Progress @ 2026-06-13 06:39:05 : 424 steps taken, and 362 accepted.
[mcmc] Progress @ 2026-06-13 06:39:15 : 419 steps taken, and 355 accepted.
[mcmc] Progress @ 2026-06-13 06:39:28 : 435 steps taken, and 371 accepted.
[mcmc] Progress @ 2026-06-13 06:39:38 : 440 steps taken, and 363 accepted.
[mcmc] Progress @ 2026-06-13 06:39:46 : 433 steps taken, and 385 accepted.
[mcmc] Progress @ 2026-06-13 06:39:47 : 414 steps taken, and 351 accepted.
[mcmc] Progress @ 2026-06-13 06:39:48 : 417 steps taken, and 355 accepted.
[mcmc] Progress @ 2026-06-13 06:39:59 : 431 steps taken, and 364 accepted.
[mcmc] Progress @ 2026-06-13 06:40:08 : 437 steps taken, and 374 accepted.
[mcmc] Progress @ 2026-06-13 06:40:17 : 432 steps taken, and 364 accepted.
[mcmc] Progress @ 2026-06-13 06:40:31 : 448 steps taken, and 383 accepted.
[mcmc] Progress @ 2026-06-13 06:40:42 : 453 steps taken, and 374 accepted.
[mcmc] Progress @ 2026-06-13 06:40:47 : 446 steps taken, and 398 accepted.
[mcmc] Progress @ 2026-06-13 06:40:52 : 427 steps taken, and 361 accepted.
[mcmc] Progress @ 2026-06-13 06:40:52 : 430 steps taken, and 365 accepted.
[mcmc] Progress @ 2026-06-13 06:41:01 : 444 steps taken, and 376 accepted.
[mcmc] Progress @ 2026-06-13 06:41:11 : 450 steps taken, and 385 accepted.
[mcmc] Progress @ 2026-06-13 06:41:21 : 445 steps taken, and 376 accepted.
[mcmc] Progress @ 2026-06-13 06:41:35 : 461 steps taken, and 392 accepted.
[mcmc] Progress @ 2026-06-13 06:41:45 : 466 steps taken, and 386 accepted.
[mcmc] Progress @ 2026-06-13 06:41:49 : 459 steps taken, and 410 accepted.
[mcmc] Progress @ 2026-06-13 06:41:56 : 441 steps taken, and 372 accepted.
[mcmc] Progress @ 2026-06-13 06:41:57 : 443 steps taken, and 378 accepted.
[mcmc] Progress @ 2026-06-13 06:42:03 : 457 steps taken, and 385 accepted.
[mcmc] Progress @ 2026-06-13 06:42:13 : 463 steps taken, and 397 accepted.
[mcmc] Progress @ 2026-06-13 06:42:24 : 458 steps taken, and 387 accepted.
[mcmc] Progress @ 2026-06-13 06:42:39 : 474 steps taken, and 403 accepted.
[mcmc] Progress @ 2026-06-13 06:42:48 : 479 steps taken, and 397 accepted.
[mcmc] Progress @ 2026-06-13 06:42:51 : 472 steps taken, and 420 accepted.
[mcmc] Progress @ 2026-06-13 06:43:01 : 454 steps taken, and 384 accepted.
[mcmc] Progress @ 2026-06-13 06:43:01 : 456 steps taken, and 390 accepted.
[mcmc] Progress @ 2026-06-13 06:43:05 : 471 steps taken, and 397 accepted.
[mcmc] Progress @ 2026-06-13 06:43:15 : 476 steps taken, and 409 accepted.
[mcmc] Progress @ 2026-06-13 06:43:27 : 471 steps taken, and 399 accepted.
[mcmc] Progress @ 2026-06-13 06:43:42 : 487 steps taken, and 414 accepted.
[mcmc] Progress @ 2026-06-13 06:43:51 : 492 steps taken, and 408 accepted.
[mcmc] Progress @ 2026-06-13 06:43:53 : 485 steps taken, and 433 accepted.
[mcmc] Progress @ 2026-06-13 06:44:05 : 467 steps taken, and 397 accepted.
[mcmc] Progress @ 2026-06-13 06:44:06 : 469 steps taken, and 403 accepted.
[mcmc] Progress @ 2026-06-13 06:44:07 : 489 steps taken, and 407 accepted.
[mcmc] Progress @ 2026-06-13 06:44:19 : 489 steps taken, and 421 accepted.
[mcmc] Progress @ 2026-06-13 06:44:30 : 484 steps taken, and 411 accepted.
[mcmc] Progress @ 2026-06-13 06:44:46 : 500 steps taken, and 426 accepted.
[mcmc] Progress @ 2026-06-13 06:44:55 : 498 steps taken, and 445 accepted.
[mcmc] Progress @ 2026-06-13 06:44:55 : 505 steps taken, and 421 accepted.
[mcmc] Progress @ 2026-06-13 06:45:06 : 481 steps taken, and 414 accepted.
[mcmc] Progress @ 2026-06-13 06:45:09 : 480 steps taken, and 409 accepted.
[mcmc] Progress @ 2026-06-13 06:45:09 : 504 steps taken, and 418 accepted.
[mcmc] Progress @ 2026-06-13 06:45:21 : 502 steps taken, and 434 accepted.
[mcmc] Progress @ 2026-06-13 06:45:33 : 497 steps taken, and 422 accepted.
[mcmc] Progress @ 2026-06-13 06:45:50 : 513 steps taken, and 436 accepted.
[mcmc] Progress @ 2026-06-13 06:45:57 : 511 steps taken, and 456 accepted.
[mcmc] Progress @ 2026-06-13 06:45:58 : 518 steps taken, and 433 accepted.
[mcmc] Progress @ 2026-06-13 06:46:07 : 493 steps taken, and 423 accepted.
[mcmc] Progress @ 2026-06-13 06:46:12 : 518 steps taken, and 431 accepted.
[mcmc] Progress @ 2026-06-13 06:46:14 : 493 steps taken, and 420 accepted.
[mcmc] Progress @ 2026-06-13 06:46:24 : 515 steps taken, and 447 accepted.
[mcmc] Progress @ 2026-06-13 06:46:37 : 510 steps taken, and 431 accepted.
[mcmc] Progress @ 2026-06-13 06:46:53 : 526 steps taken, and 447 accepted.
[mcmc] Progress @ 2026-06-13 06:46:58 : 524 steps taken, and 467 accepted.
[mcmc] Progress @ 2026-06-13 06:47:01 : 533 steps taken, and 445 accepted.
[mcmc] Progress @ 2026-06-13 06:47:11 : 506 steps taken, and 435 accepted.
[mcmc] Progress @ 2026-06-13 06:47:14 : 534 steps taken, and 440 accepted.
[mcmc] Progress @ 2026-06-13 06:47:18 : 506 steps taken, and 431 accepted.
[mcmc] Progress @ 2026-06-13 06:47:27 : 528 steps taken, and 457 accepted.
[mcmc] Progress @ 2026-06-13 06:47:39 : 523 steps taken, and 438 accepted.
[mcmc] Progress @ 2026-06-13 06:47:57 : 539 steps taken, and 458 accepted.
[mcmc] Progress @ 2026-06-13 06:47:59 : 537 steps taken, and 477 accepted.
[mcmc] Progress @ 2026-06-13 06:48:04 : 547 steps taken, and 456 accepted.
[mcmc] Progress @ 2026-06-13 06:48:16 : 519 steps taken, and 446 accepted.
[mcmc] Progress @ 2026-06-13 06:48:16 : 547 steps taken, and 447 accepted.
[mcmc] Progress @ 2026-06-13 06:48:22 : 519 steps taken, and 442 accepted.
[mcmc] Progress @ 2026-06-13 06:48:30 : 541 steps taken, and 465 accepted.
[mcmc] Progress @ 2026-06-13 06:48:42 : 536 steps taken, and 447 accepted.
[mcmc] Progress @ 2026-06-13 06:49:00 : 550 steps taken, and 490 accepted.
[mcmc] Progress @ 2026-06-13 06:49:00 : 552 steps taken, and 468 accepted.
[mcmc] Progress @ 2026-06-13 06:49:07 : 562 steps taken, and 469 accepted.
[mcmc] Progress @ 2026-06-13 06:49:19 : 560 steps taken, and 455 accepted.
[mcmc] Progress @ 2026-06-13 06:49:21 : 532 steps taken, and 459 accepted.
[mcmc] Progress @ 2026-06-13 06:49:26 : 533 steps taken, and 455 accepted.
[mcmc] Progress @ 2026-06-13 06:49:33 : 554 steps taken, and 476 accepted.
[mcmc] Progress @ 2026-06-13 06:49:45 : 549 steps taken, and 459 accepted.
[mcmc] Progress @ 2026-06-13 06:50:01 : 563 steps taken, and 502 accepted.
[mcmc] Progress @ 2026-06-13 06:50:03 : 565 steps taken, and 479 accepted.
[mcmc] Progress @ 2026-06-13 06:50:11 : 579 steps taken, and 482 accepted.
[mcmc] Progress @ 2026-06-13 06:50:21 : 573 steps taken, and 466 accepted.
[mcmc] Progress @ 2026-06-13 06:50:26 : 545 steps taken, and 471 accepted.
[mcmc] Progress @ 2026-06-13 06:50:31 : 549 steps taken, and 468 accepted.
[mcmc] Progress @ 2026-06-13 06:50:36 : 567 steps taken, and 487 accepted.
[mcmc] Progress @ 2026-06-13 06:50:48 : 562 steps taken, and 470 accepted.
[mcmc] Progress @ 2026-06-13 06:51:02 : 576 steps taken, and 515 accepted.
[mcmc] Progress @ 2026-06-13 06:51:07 : 578 steps taken, and 492 accepted.
[mcmc] Progress @ 2026-06-13 06:51:14 : 593 steps taken, and 492 accepted.
[mcmc] Progress @ 2026-06-13 06:51:22 : 588 steps taken, and 474 accepted.
[mcmc] Progress @ 2026-06-13 06:51:26 : 557 steps taken, and 482 accepted.
[mcmc] Progress @ 2026-06-13 06:51:35 : 563 steps taken, and 480 accepted.
[mcmc] Progress @ 2026-06-13 06:51:39 : 580 steps taken, and 499 accepted.
[mcmc] Progress @ 2026-06-13 06:51:51 : 575 steps taken, and 480 accepted.
[mcmc] Progress @ 2026-06-13 06:52:04 : 589 steps taken, and 527 accepted.
[mcmc] Progress @ 2026-06-13 06:52:11 : 591 steps taken, and 503 accepted.
[mcmc] Progress @ 2026-06-13 06:52:18 : 606 steps taken, and 502 accepted.
[mcmc] Progress @ 2026-06-13 06:52:25 : 601 steps taken, and 485 accepted.
[mcmc] Progress @ 2026-06-13 06:52:30 : 570 steps taken, and 493 accepted.
[mcmc] Progress @ 2026-06-13 06:52:40 : 576 steps taken, and 492 accepted.
[mcmc] Progress @ 2026-06-13 06:52:42 : 593 steps taken, and 512 accepted.
[mcmc] Progress @ 2026-06-13 06:52:54 : 588 steps taken, and 491 accepted.
[mcmc] Progress @ 2026-06-13 06:53:05 : 603 steps taken, and 536 accepted.
[mcmc] Progress @ 2026-06-13 06:53:14 : 604 steps taken, and 516 accepted.
[mcmc] Progress @ 2026-06-13 06:53:21 : 621 steps taken, and 514 accepted.
[mcmc] Progress @ 2026-06-13 06:53:27 : 614 steps taken, and 492 accepted.
[mcmc] Progress @ 2026-06-13 06:53:35 : 583 steps taken, and 505 accepted.
[mcmc] Progress @ 2026-06-13 06:53:44 : 590 steps taken, and 504 accepted.
[mcmc] Progress @ 2026-06-13 06:53:44 : 606 steps taken, and 522 accepted.
[mcmc] Progress @ 2026-06-13 06:53:57 : 601 steps taken, and 502 accepted.
[mcmc] Progress @ 2026-06-13 06:54:06 : 616 steps taken, and 547 accepted.
[mcmc] Progress @ 2026-06-13 06:54:18 : 617 steps taken, and 526 accepted.
[mcmc] Progress @ 2026-06-13 06:54:24 : 636 steps taken, and 526 accepted.
[mcmc] Progress @ 2026-06-13 06:54:29 : 627 steps taken, and 504 accepted.
[mcmc] Progress @ 2026-06-13 06:54:40 : 596 steps taken, and 514 accepted.
[mcmc] Progress @ 2026-06-13 06:54:47 : 619 steps taken, and 532 accepted.
[mcmc] Progress @ 2026-06-13 06:54:49 : 603 steps taken, and 517 accepted.
[mcmc] Progress @ 2026-06-13 06:55:00 : 614 steps taken, and 513 accepted.
[mcmc] Progress @ 2026-06-13 06:55:07 : 629 steps taken, and 559 accepted.
[mcmc] Progress @ 2026-06-13 06:55:21 : 630 steps taken, and 538 accepted.
[mcmc] Progress @ 2026-06-13 06:55:28 : 649 steps taken, and 534 accepted.
[mcmc] Progress @ 2026-06-13 06:55:31 : 640 steps taken, and 514 accepted.
[mcmc] Progress @ 2026-06-13 06:55:44 : 609 steps taken, and 526 accepted.
[mcmc] Progress @ 2026-06-13 06:55:50 : 632 steps taken, and 542 accepted.
[mcmc] Progress @ 2026-06-13 06:55:53 : 616 steps taken, and 528 accepted.
[mcmc] Progress @ 2026-06-13 06:56:04 : 627 steps taken, and 526 accepted.
[mcmc] Progress @ 2026-06-13 06:56:08 : 642 steps taken, and 572 accepted.
[mcmc] Progress @ 2026-06-13 06:56:25 : 643 steps taken, and 547 accepted.
[mcmc] Progress @ 2026-06-13 06:56:32 : 662 steps taken, and 547 accepted.
[mcmc] Progress @ 2026-06-13 06:56:33 : 653 steps taken, and 521 accepted.
[mcmc] Progress @ 2026-06-13 06:56:49 : 622 steps taken, and 533 accepted.
[mcmc] Progress @ 2026-06-13 06:56:53 : 645 steps taken, and 551 accepted.
[mcmc] Progress @ 2026-06-13 06:56:58 : 629 steps taken, and 540 accepted.
[mcmc] Progress @ 2026-06-13 06:57:07 : 640 steps taken, and 537 accepted.
[mcmc] Progress @ 2026-06-13 06:57:10 : 655 steps taken, and 583 accepted.
[mcmc] Progress @ 2026-06-13 06:57:29 : 656 steps taken, and 557 accepted.
[mcmc] Progress @ 2026-06-13 06:57:34 : 666 steps taken, and 532 accepted.
[mcmc] Progress @ 2026-06-13 06:57:36 : 675 steps taken, and 559 accepted.
[mcmc] Progress @ 2026-06-13 06:57:54 : 635 steps taken, and 545 accepted.
[mcmc] Progress @ 2026-06-13 06:57:56 : 658 steps taken, and 563 accepted.
[mcmc] Progress @ 2026-06-13 06:58:03 : 642 steps taken, and 553 accepted.
[mcmc] Progress @ 2026-06-13 06:58:10 : 653 steps taken, and 549 accepted.
[mcmc] Progress @ 2026-06-13 06:58:12 : 668 steps taken, and 596 accepted.
[mcmc] Progress @ 2026-06-13 06:58:32 : 669 steps taken, and 566 accepted.
[mcmc] Progress @ 2026-06-13 06:58:36 : 679 steps taken, and 543 accepted.
[mcmc] Progress @ 2026-06-13 06:58:40 : 688 steps taken, and 572 accepted.
[mcmc] Progress @ 2026-06-13 06:58:58 : 648 steps taken, and 557 accepted.
[mcmc] Progress @ 2026-06-13 06:58:58 : 671 steps taken, and 573 accepted.
[mcmc] Progress @ 2026-06-13 06:59:04 : 654 steps taken, and 563 accepted.
[mcmc] Progress @ 2026-06-13 06:59:13 : 666 steps taken, and 561 accepted.
[mcmc] Progress @ 2026-06-13 06:59:14 : 681 steps taken, and 607 accepted.
[mcmc] Progress @ 2026-06-13 06:59:35 : 682 steps taken, and 574 accepted.
[mcmc] Progress @ 2026-06-13 06:59:37 : 692 steps taken, and 553 accepted.
[mcmc] Progress @ 2026-06-13 06:59:44 : 701 steps taken, and 584 accepted.
[mcmc] Progress @ 2026-06-13 07:00:01 : 684 steps taken, and 585 accepted.
[mcmc] Progress @ 2026-06-13 07:00:03 : 661 steps taken, and 569 accepted.
[mcmc] Progress @ 2026-06-13 07:00:04 : 666 steps taken, and 572 accepted.
[mcmc] Progress @ 2026-06-13 07:00:16 : 679 steps taken, and 572 accepted.
[mcmc] Progress @ 2026-06-13 07:00:16 : 694 steps taken, and 618 accepted.
[mcmc] Progress @ 2026-06-13 07:00:39 : 695 steps taken, and 584 accepted.
[mcmc] Progress @ 2026-06-13 07:00:39 : 705 steps taken, and 563 accepted.
[mcmc] Progress @ 2026-06-13 07:00:48 : 714 steps taken, and 596 accepted.
[mcmc] Progress @ 2026-06-13 07:01:04 : 697 steps taken, and 597 accepted.
[mcmc] Progress @ 2026-06-13 07:01:05 : 678 steps taken, and 581 accepted.
[mcmc] Progress @ 2026-06-13 07:01:08 : 674 steps taken, and 581 accepted.
[mcmc] Progress @ 2026-06-13 07:01:18 : 707 steps taken, and 631 accepted.
[mcmc] Progress @ 2026-06-13 07:01:19 : 692 steps taken, and 584 accepted.
[mcmc] Progress @ 2026-06-13 07:01:40 : 718 steps taken, and 574 accepted.
[mcmc] Progress @ 2026-06-13 07:01:42 : 708 steps taken, and 595 accepted.
[mcmc] Progress @ 2026-06-13 07:01:51 : 729 steps taken, and 609 accepted.
[mcmc] Learn + convergence test @ 640 samples accepted.
[mcmc]  - Acceptance rate: 0.897
[mcmc]  - Convergence of means: R-1 = 27.446411 after 512 accepted steps
[mcmc]  - Updated covariance matrix of proposal pdf.
[mcmc] Progress @ 2026-06-13 07:02:07 : 691 steps taken, and 588 accepted.
[mcmc] Progress @ 2026-06-13 07:02:07 : 710 steps taken, and 608 accepted.
[mcmc] Progress @ 2026-06-13 07:02:12 : 687 steps taken, and 591 accepted.
[mcmc] Progress @ 2026-06-13 07:02:21 : 720 steps taken, and 641 accepted.
[mcmc] Progress @ 2026-06-13 07:02:22 : 705 steps taken, and 596 accepted.
[mcmc] Progress @ 2026-06-13 07:02:42 : 731 steps taken, and 586 accepted.
[mcmc] Progress @ 2026-06-13 07:02:46 : 721 steps taken, and 607 accepted.
[mcmc] Progress @ 2026-06-13 07:02:56 : 743 steps taken, and 622 accepted.
[mcmc] Progress @ 2026-06-13 07:03:08 : 705 steps taken, and 597 accepted.
[mcmc] Progress @ 2026-06-13 07:03:10 : 723 steps taken, and 619 accepted.
[mcmc] Progress @ 2026-06-13 07:03:16 : 700 steps taken, and 603 accepted.
[mcmc] Progress @ 2026-06-13 07:03:23 : 733 steps taken, and 652 accepted.
[mcmc] Progress @ 2026-06-13 07:03:25 : 718 steps taken, and 609 accepted.
[mcmc] Progress @ 2026-06-13 07:03:43 : 744 steps taken, and 597 accepted.
[mcmc] Progress @ 2026-06-13 07:03:49 : 734 steps taken, and 620 accepted.
[mcmc] Progress @ 2026-06-13 07:04:00 : 759 steps taken, and 634 accepted.
[mcmc] Progress @ 2026-06-13 07:04:09 : 718 steps taken, and 607 accepted.
[mcmc] Progress @ 2026-06-13 07:04:13 : 736 steps taken, and 630 accepted.
[mcmc] Progress @ 2026-06-13 07:04:20 : 713 steps taken, and 615 accepted.
[mcmc] Progress @ 2026-06-13 07:04:25 : 746 steps taken, and 665 accepted.
[mcmc] Progress @ 2026-06-13 07:04:28 : 731 steps taken, and 621 accepted.
[mcmc] Learn + convergence test @ 640 samples accepted.
[mcmc]  - Acceptance rate: 0.843
[mcmc]  - Convergence of means: R-1 = 19.389930 after 512 accepted steps
[mcmc]  - Updated covariance matrix of proposal pdf.
[mcmc] Progress @ 2026-06-13 07:04:44 : 757 steps taken, and 605 accepted.
[mcmc] Progress @ 2026-06-13 07:04:53 : 747 steps taken, and 631 accepted.
[mcmc] Progress @ 2026-06-13 07:05:01 : 775 steps taken, and 643 accepted.
[mcmc] Learn + convergence test @ 640 samples accepted.
[mcmc]  - Acceptance rate: 0.863
[mcmc]  - Convergence of means: R-1 = 27.913239 after 512 accepted steps
[blockedproposer] *ERROR* The given covmat is not a positive-definite, symmetric square matrix.
[mcmc] Progress @ 2026-06-13 07:05:09 : 730 steps taken, and 619 accepted.
[mcmc] Progress @ 2026-06-13 07:05:16 : 749 steps taken, and 642 accepted.
[mcmc] Progress @ 2026-06-13 07:05:25 : 726 steps taken, and 626 accepted.
[mcmc] Progress @ 2026-06-13 07:05:27 : 759 steps taken, and 678 accepted.
[mcmc] Progress @ 2026-06-13 07:05:31 : 744 steps taken, and 633 accepted.
[mcmc] Learn + convergence test @ 640 samples accepted.
[mcmc]  - Acceptance rate: 0.866
[mcmc]  - Convergence of means: R-1 = 17.230150 after 512 accepted steps
[blockedproposer] *ERROR* The given covmat is not a positive-definite, symmetric square matrix.
[mcmc] Progress @ 2026-06-13 07:05:47 : 770 steps taken, and 616 accepted.
[mcmc] Progress @ 2026-06-13 07:05:57 : 760 steps taken, and 644 accepted.
[mcmc] Progress @ 2026-06-13 07:06:01 : 790 steps taken, and 653 accepted.
[mcmc] Learn + convergence test @ 640 samples accepted.
[mcmc]  - Acceptance rate: 0.858
[mcmc]  - Convergence of means: R-1 = 9.365304 after 512 accepted steps
[mcmc]  - Updated covariance matrix of proposal pdf.
[mcmc] Progress @ 2026-06-13 07:06:14 : 743 steps taken, and 630 accepted.
[mcmc] Progress @ 2026-06-13 07:06:19 : 762 steps taken, and 651 accepted.
[mcmc] Progress @ 2026-06-13 07:06:29 : 739 steps taken, and 635 accepted.
[mcmc] Progress @ 2026-06-13 07:06:29 : 773 steps taken, and 689 accepted.
[mcmc] Progress @ 2026-06-13 07:06:35 : 757 steps taken, and 645 accepted.
[mcmc] Progress @ 2026-06-13 07:06:49 : 783 steps taken, and 628 accepted.
[mcmc] Learn + convergence test @ 640 samples accepted.
[mcmc]  - Acceptance rate: 0.858
[mcmc]  - Convergence of means: R-1 = 14.651960 after 512 accepted steps
[mcmc]  - Updated covariance matrix of proposal pdf.
[mcmc] Progress @ 2026-06-13 07:07:01 : 774 steps taken, and 657 accepted.
[mcmc] Progress @ 2026-06-13 07:07:02 : 806 steps taken, and 661 accepted.
[mcmc] Progress @ 2026-06-13 07:07:14 : 756 steps taken, and 640 accepted.
[mcmc] Learn + convergence test @ 640 samples accepted.
[mcmc]  - Acceptance rate: 0.842
[mcmc]  - Convergence of means: R-1 = 20.999506 after 512 accepted steps
[mcmc]  - Updated covariance matrix of proposal pdf.
[mcmc] Progress @ 2026-06-13 07:07:22 : 775 steps taken, and 664 accepted.
[mcmc] Progress @ 2026-06-13 07:07:31 : 787 steps taken, and 701 accepted.
[mcmc] Progress @ 2026-06-13 07:07:33 : 752 steps taken, and 645 accepted.
[mcmc] Progress @ 2026-06-13 07:07:38 : 770 steps taken, and 658 accepted.
[mcmc] Progress @ 2026-06-13 07:07:51 : 796 steps taken, and 640 accepted.
[mcmc] Learn + convergence test @ 640 samples accepted.
[mcmc]  - Acceptance rate: 0.791
[mcmc]  - Convergence of means: R-1 = 17.765367 after 512 accepted steps
[blockedproposer] *ERROR* The given covmat is not a positive-definite, symmetric square matrix.
[mcmc] Progress @ 2026-06-13 07:08:05 : 787 steps taken, and 670 accepted.
[mcmc] Progress @ 2026-06-13 07:08:06 : 822 steps taken, and 672 accepted.
[mcmc] Progress @ 2026-06-13 07:08:19 : 771 steps taken, and 652 accepted.
[mcmc] Progress @ 2026-06-13 07:08:24 : 788 steps taken, and 674 accepted.
[mcmc] Progress @ 2026-06-13 07:08:33 : 802 steps taken, and 713 accepted.
[mcmc] Progress @ 2026-06-13 07:08:37 : 765 steps taken, and 656 accepted.
[mcmc] Progress @ 2026-06-13 07:08:42 : 783 steps taken, and 670 accepted.
[mcmc] Progress @ 2026-06-13 07:08:52 : 809 steps taken, and 648 accepted.
[mcmc] Progress @ 2026-06-13 07:09:07 : 835 steps taken, and 680 accepted.
[mcmc] Progress @ 2026-06-13 07:09:09 : 801 steps taken, and 683 accepted.
[mcmc] Progress @ 2026-06-13 07:09:19 : 783 steps taken, and 663 accepted.
[mcmc] Progress @ 2026-06-13 07:09:27 : 801 steps taken, and 685 accepted.
[mcmc] Progress @ 2026-06-13 07:09:36 : 817 steps taken, and 726 accepted.
[mcmc] Progress @ 2026-06-13 07:09:42 : 778 steps taken, and 665 accepted.
[mcmc] Progress @ 2026-06-13 07:09:45 : 796 steps taken, and 679 accepted.
[mcmc] Progress @ 2026-06-13 07:09:54 : 822 steps taken, and 660 accepted.
[mcmc] Progress @ 2026-06-13 07:10:11 : 850 steps taken, and 692 accepted.
[mcmc] Progress @ 2026-06-13 07:10:13 : 816 steps taken, and 693 accepted.
[mcmc] Progress @ 2026-06-13 07:10:24 : 798 steps taken, and 676 accepted.
[mcmc] Progress @ 2026-06-13 07:10:30 : 814 steps taken, and 695 accepted.
[mcmc] Progress @ 2026-06-13 07:10:38 : 832 steps taken, and 738 accepted.
[mcmc] Progress @ 2026-06-13 07:10:46 : 791 steps taken, and 677 accepted.
[mcmc] Progress @ 2026-06-13 07:10:48 : 809 steps taken, and 690 accepted.
[mcmc] Progress @ 2026-06-13 07:10:56 : 835 steps taken, and 673 accepted.
[mcmc] Progress @ 2026-06-13 07:11:15 : 863 steps taken, and 701 accepted.
[mcmc] Progress @ 2026-06-13 07:11:16 : 830 steps taken, and 706 accepted.
[mcmc] Progress @ 2026-06-13 07:11:29 : 817 steps taken, and 689 accepted.
[mcmc] Progress @ 2026-06-13 07:11:33 : 827 steps taken, and 708 accepted.
[mcmc] Progress @ 2026-06-13 07:11:39 : 848 steps taken, and 747 accepted.
[mcmc] Progress @ 2026-06-13 07:11:50 : 804 steps taken, and 689 accepted.
[mcmc] Progress @ 2026-06-13 07:11:51 : 822 steps taken, and 699 accepted.
[mcmc] Progress @ 2026-06-13 07:11:58 : 848 steps taken, and 684 accepted.
[mcmc] Progress @ 2026-06-13 07:12:19 : 876 steps taken, and 713 accepted.
[mcmc] Progress @ 2026-06-13 07:12:20 : 843 steps taken, and 718 accepted.
[mcmc] Progress @ 2026-06-13 07:12:34 : 833 steps taken, and 700 accepted.
[mcmc] Progress @ 2026-06-13 07:12:35 : 840 steps taken, and 720 accepted.
[mcmc] Progress @ 2026-06-13 07:12:40 : 861 steps taken, and 760 accepted.
[mcmc] Progress @ 2026-06-13 07:12:54 : 835 steps taken, and 710 accepted.
[mcmc] Progress @ 2026-06-13 07:12:54 : 817 steps taken, and 700 accepted.
[mcmc] Progress @ 2026-06-13 07:13:00 : 864 steps taken, and 693 accepted.
[mcmc] Progress @ 2026-06-13 07:13:23 : 894 steps taken, and 726 accepted.
[mcmc] Progress @ 2026-06-13 07:13:24 : 856 steps taken, and 730 accepted.
[mcmc] Progress @ 2026-06-13 07:13:38 : 853 steps taken, and 733 accepted.
[mcmc] Progress @ 2026-06-13 07:13:38 : 846 steps taken, and 709 accepted.
[mcmc] Progress @ 2026-06-13 07:13:42 : 878 steps taken, and 772 accepted.
[mcmc] Progress @ 2026-06-13 07:13:57 : 848 steps taken, and 722 accepted.
[mcmc] Progress @ 2026-06-13 07:13:59 : 830 steps taken, and 709 accepted.
[mcmc] Progress @ 2026-06-13 07:14:01 : 878 steps taken, and 703 accepted.
[mcmc] Progress @ 2026-06-13 07:14:27 : 907 steps taken, and 739 accepted.
[mcmc] Progress @ 2026-06-13 07:14:27 : 869 steps taken, and 742 accepted.
[mcmc] Progress @ 2026-06-13 07:14:41 : 866 steps taken, and 744 accepted.
[mcmc] Progress @ 2026-06-13 07:14:43 : 859 steps taken, and 720 accepted.
[mcmc] Progress @ 2026-06-13 07:14:43 : 893 steps taken, and 784 accepted.
[mcmc] Progress @ 2026-06-13 07:14:59 : 861 steps taken, and 734 accepted.
[mcmc] Progress @ 2026-06-13 07:15:03 : 891 steps taken, and 715 accepted.
[mcmc] Progress @ 2026-06-13 07:15:03 : 843 steps taken, and 720 accepted.
[mcmc] Progress @ 2026-06-13 07:15:27 : 919 steps taken, and 749 accepted.
[mcmc] Progress @ 2026-06-13 07:15:31 : 882 steps taken, and 754 accepted.
[mcmc] Progress @ 2026-06-13 07:15:44 : 879 steps taken, and 756 accepted.
[mcmc] Progress @ 2026-06-13 07:15:45 : 906 steps taken, and 796 accepted.
[mcmc] Progress @ 2026-06-13 07:15:48 : 873 steps taken, and 731 accepted.
[mcmc] Progress @ 2026-06-13 07:16:02 : 874 steps taken, and 744 accepted.
[mcmc] Progress @ 2026-06-13 07:16:05 : 904 steps taken, and 727 accepted.
[mcmc] Progress @ 2026-06-13 07:16:07 : 856 steps taken, and 730 accepted.
[mcmc] Progress @ 2026-06-13 07:16:32 : 932 steps taken, and 761 accepted.
[mcmc] Progress @ 2026-06-13 07:16:35 : 895 steps taken, and 766 accepted.
[mcmc] Progress @ 2026-06-13 07:16:47 : 920 steps taken, and 809 accepted.
[mcmc] Progress @ 2026-06-13 07:16:47 : 892 steps taken, and 769 accepted.
[mcmc] Progress @ 2026-06-13 07:16:52 : 886 steps taken, and 740 accepted.
[mcmc] Progress @ 2026-06-13 07:17:03 : 888 steps taken, and 758 accepted.
[mcmc] Progress @ 2026-06-13 07:17:06 : 917 steps taken, and 736 accepted.
[mcmc] Progress @ 2026-06-13 07:17:11 : 869 steps taken, and 741 accepted.
[mcmc] Progress @ 2026-06-13 07:17:36 : 946 steps taken, and 774 accepted.
[mcmc] Progress @ 2026-06-13 07:17:39 : 908 steps taken, and 775 accepted.
[mcmc] Progress @ 2026-06-13 07:17:49 : 936 steps taken, and 820 accepted.
[mcmc] Progress @ 2026-06-13 07:17:50 : 905 steps taken, and 779 accepted.
[mcmc] Progress @ 2026-06-13 07:17:56 : 901 steps taken, and 752 accepted.
[mcmc] Progress @ 2026-06-13 07:18:06 : 903 steps taken, and 771 accepted.
[mcmc] Progress @ 2026-06-13 07:18:08 : 934 steps taken, and 746 accepted.
[mcmc] Progress @ 2026-06-13 07:18:16 : 882 steps taken, and 753 accepted.
[mcmc] Progress @ 2026-06-13 07:18:39 : 972 steps taken, and 783 accepted.
[mcmc] Progress @ 2026-06-13 07:18:42 : 922 steps taken, and 787 accepted.
[mcmc] Progress @ 2026-06-13 07:18:51 : 950 steps taken, and 833 accepted.
[mcmc] Progress @ 2026-06-13 07:18:52 : 918 steps taken, and 791 accepted.
[mcmc] Progress @ 2026-06-13 07:19:01 : 923 steps taken, and 763 accepted.
[mcmc] Progress @ 2026-06-13 07:19:10 : 918 steps taken, and 784 accepted.
[mcmc] Progress @ 2026-06-13 07:19:10 : 948 steps taken, and 759 accepted.
[mcmc] Progress @ 2026-06-13 07:19:20 : 897 steps taken, and 765 accepted.
[mcmc] Progress @ 2026-06-13 07:19:42 : 989 steps taken, and 796 accepted.
[mcmc] Progress @ 2026-06-13 07:19:46 : 936 steps taken, and 799 accepted.
[mcmc] Progress @ 2026-06-13 07:19:56 : 931 steps taken, and 803 accepted.
[mcmc] Progress @ 2026-06-13 07:19:56 : 967 steps taken, and 840 accepted.
[mcmc] Progress @ 2026-06-13 07:20:05 : 937 steps taken, and 775 accepted.
[mcmc] Progress @ 2026-06-13 07:20:12 : 961 steps taken, and 770 accepted.
[mcmc] Progress @ 2026-06-13 07:20:14 : 935 steps taken, and 795 accepted.
[mcmc] Progress @ 2026-06-13 07:20:24 : 910 steps taken, and 775 accepted.
[mcmc] Progress @ 2026-06-13 07:20:46 : 1005 steps taken, and 809 accepted.
[mcmc] Progress @ 2026-06-13 07:20:49 : 949 steps taken, and 811 accepted.
[mcmc] Progress @ 2026-06-13 07:20:59 : 944 steps taken, and 814 accepted.
[mcmc] Progress @ 2026-06-13 07:21:00 : 980 steps taken, and 850 accepted.
[mcmc] Progress @ 2026-06-13 07:21:09 : 954 steps taken, and 786 accepted.
[mcmc] Progress @ 2026-06-13 07:21:15 : 974 steps taken, and 782 accepted.
[mcmc] Progress @ 2026-06-13 07:21:18 : 951 steps taken, and 806 accepted.
[mcmc] Progress @ 2026-06-13 07:21:29 : 924 steps taken, and 786 accepted.
[mcmc] Progress @ 2026-06-13 07:21:49 : 1020 steps taken, and 820 accepted.
[mcmc] Progress @ 2026-06-13 07:21:53 : 962 steps taken, and 821 accepted.
[mcmc] Progress @ 2026-06-13 07:22:02 : 957 steps taken, and 824 accepted.
[mcmc] Progress @ 2026-06-13 07:22:03 : 993 steps taken, and 862 accepted.
[mcmc] Progress @ 2026-06-13 07:22:13 : 969 steps taken, and 798 accepted.
[mcmc] Progress @ 2026-06-13 07:22:17 : 992 steps taken, and 790 accepted.
[mcmc] Progress @ 2026-06-13 07:22:21 : 969 steps taken, and 818 accepted.
[mcmc] Progress @ 2026-06-13 07:22:34 : 937 steps taken, and 797 accepted.
[mcmc] Progress @ 2026-06-13 07:22:53 : 1035 steps taken, and 831 accepted.
[mcmc] Progress @ 2026-06-13 07:22:57 : 975 steps taken, and 833 accepted.
[mcmc] Progress @ 2026-06-13 07:23:05 : 1006 steps taken, and 874 accepted.
[mcmc] Progress @ 2026-06-13 07:23:05 : 970 steps taken, and 836 accepted.
[mcmc] Progress @ 2026-06-13 07:23:18 : 982 steps taken, and 806 accepted.
[mcmc] Progress @ 2026-06-13 07:23:19 : 1014 steps taken, and 802 accepted.
[mcmc] Progress @ 2026-06-13 07:23:25 : 984 steps taken, and 828 accepted.
[mcmc] Progress @ 2026-06-13 07:23:34 : 949 steps taken, and 807 accepted.
[mcmc] Progress @ 2026-06-13 07:23:57 : 1049 steps taken, and 844 accepted.
[mcmc] Progress @ 2026-06-13 07:24:01 : 988 steps taken, and 845 accepted.
[mcmc] Progress @ 2026-06-13 07:24:07 : 1020 steps taken, and 885 accepted.
[mcmc] Progress @ 2026-06-13 07:24:08 : 983 steps taken, and 849 accepted.
[mcmc] Progress @ 2026-06-13 07:24:20 : 1029 steps taken, and 813 accepted.
[mcmc] Progress @ 2026-06-13 07:24:22 : 995 steps taken, and 812 accepted.
[mcmc] Progress @ 2026-06-13 07:24:28 : 1002 steps taken, and 841 accepted.
[mcmc] Progress @ 2026-06-13 07:24:38 : 962 steps taken, and 817 accepted.
[mcmc] Progress @ 2026-06-13 07:25:00 : 1063 steps taken, and 856 accepted.
[mcmc] Progress @ 2026-06-13 07:25:05 : 1002 steps taken, and 857 accepted.
[mcmc] Progress @ 2026-06-13 07:25:09 : 1033 steps taken, and 897 accepted.
[mcmc] Progress @ 2026-06-13 07:25:11 : 996 steps taken, and 860 accepted.
[mcmc] Progress @ 2026-06-13 07:25:20 : 1046 steps taken, and 822 accepted.
[mcmc] Progress @ 2026-06-13 07:25:27 : 1008 steps taken, and 822 accepted.
[mcmc] Progress @ 2026-06-13 07:25:32 : 1019 steps taken, and 852 accepted.
[mcmc] Progress @ 2026-06-13 07:25:42 : 975 steps taken, and 829 accepted.
[mcmc] Progress @ 2026-06-13 07:26:04 : 1079 steps taken, and 868 accepted.
[mcmc] Progress @ 2026-06-13 07:26:08 : 1017 steps taken, and 867 accepted.
[mcmc] Progress @ 2026-06-13 07:26:11 : 1046 steps taken, and 908 accepted.
[mcmc] Progress @ 2026-06-13 07:26:14 : 1009 steps taken, and 872 accepted.
[mcmc] Progress @ 2026-06-13 07:26:22 : 1060 steps taken, and 831 accepted.
[mcmc] Progress @ 2026-06-13 07:26:32 : 1021 steps taken, and 830 accepted.
[mcmc] Progress @ 2026-06-13 07:26:35 : 1035 steps taken, and 865 accepted.
[mcmc] Progress @ 2026-06-13 07:26:42 : 987 steps taken, and 840 accepted.
[mcmc] Progress @ 2026-06-13 07:27:08 : 1092 steps taken, and 880 accepted.
[mcmc] Progress @ 2026-06-13 07:27:11 : 1034 steps taken, and 879 accepted.
[mcmc] Progress @ 2026-06-13 07:27:13 : 1059 steps taken, and 921 accepted.
[mcmc] Progress @ 2026-06-13 07:27:17 : 1022 steps taken, and 882 accepted.
[mcmc] Progress @ 2026-06-13 07:27:23 : 1073 steps taken, and 841 accepted.
[mcmc] Progress @ 2026-06-13 07:27:37 : 1034 steps taken, and 841 accepted.
[mcmc] Progress @ 2026-06-13 07:27:39 : 1050 steps taken, and 877 accepted.
[mcmc] Progress @ 2026-06-13 07:27:43 : 999 steps taken, and 850 accepted.
[mcmc] Progress @ 2026-06-13 07:28:12 : 1105 steps taken, and 890 accepted.
[mcmc] Progress @ 2026-06-13 07:28:15 : 1048 steps taken, and 892 accepted.
[mcmc] Progress @ 2026-06-13 07:28:16 : 1073 steps taken, and 932 accepted.
[mcmc] Progress @ 2026-06-13 07:28:21 : 1035 steps taken, and 894 accepted.
[mcmc] Progress @ 2026-06-13 07:28:25 : 1086 steps taken, and 851 accepted.
[mcmc] Progress @ 2026-06-13 07:28:42 : 1047 steps taken, and 854 accepted.
[mcmc] Progress @ 2026-06-13 07:28:42 : 1065 steps taken, and 890 accepted.
[mcmc] Progress @ 2026-06-13 07:28:44 : 1011 steps taken, and 860 accepted.
[mcmc] Progress @ 2026-06-13 07:29:15 : 1118 steps taken, and 902 accepted.
[mcmc] Progress @ 2026-06-13 07:29:18 : 1087 steps taken, and 944 accepted.
[mcmc] Progress @ 2026-06-13 07:29:20 : 1061 steps taken, and 903 accepted.
[mcmc] Progress @ 2026-06-13 07:29:25 : 1048 steps taken, and 906 accepted.
[mcmc] Progress @ 2026-06-13 07:29:27 : 1099 steps taken, and 861 accepted.
[mcmc] Progress @ 2026-06-13 07:29:44 : 1023 steps taken, and 868 accepted.
[mcmc] Progress @ 2026-06-13 07:29:46 : 1080 steps taken, and 903 accepted.
[mcmc] Progress @ 2026-06-13 07:29:47 : 1060 steps taken, and 866 accepted.
[mcmc] Progress @ 2026-06-13 07:30:20 : 1131 steps taken, and 915 accepted.
[mcmc] Progress @ 2026-06-13 07:30:20 : 1100 steps taken, and 954 accepted.
[mcmc] Progress @ 2026-06-13 07:30:24 : 1074 steps taken, and 912 accepted.
[mcmc] Progress @ 2026-06-13 07:30:28 : 1061 steps taken, and 917 accepted.
[mcmc] Progress @ 2026-06-13 07:30:29 : 1114 steps taken, and 871 accepted.
[mcmc] Progress @ 2026-06-13 07:30:45 : 1035 steps taken, and 879 accepted.
[mcmc] Progress @ 2026-06-13 07:30:50 : 1095 steps taken, and 916 accepted.
[mcmc] Progress @ 2026-06-13 07:30:51 : 1073 steps taken, and 877 accepted.
[mcmc] Learn + convergence test @ 960 samples accepted.
[mcmc]  - Acceptance rate: 0.862
[mcmc]  - Convergence of means: R-1 = 15.948613 after 768 accepted steps
[mcmc]  - Updated covariance matrix of proposal pdf.
[mcmc] Progress @ 2026-06-13 07:31:22 : 1118 steps taken, and 964 accepted.
[mcmc] Progress @ 2026-06-13 07:31:24 : 1144 steps taken, and 927 accepted.
[mcmc] Progress @ 2026-06-13 07:31:29 : 1087 steps taken, and 924 accepted.
[mcmc] Progress @ 2026-06-13 07:31:30 : 1128 steps taken, and 878 accepted.
[mcmc] Progress @ 2026-06-13 07:31:31 : 1074 steps taken, and 930 accepted.
[mcmc] Progress @ 2026-06-13 07:31:46 : 1047 steps taken, and 888 accepted.
[mcmc] Progress @ 2026-06-13 07:31:51 : 1086 steps taken, and 887 accepted.
[mcmc] Progress @ 2026-06-13 07:31:54 : 1110 steps taken, and 930 accepted.
[mcmc] Progress @ 2026-06-13 07:32:24 : 1131 steps taken, and 975 accepted.
[mcmc] Progress @ 2026-06-13 07:32:28 : 1157 steps taken, and 940 accepted.
[mcmc] Progress @ 2026-06-13 07:32:32 : 1150 steps taken, and 890 accepted.
[mcmc] Progress @ 2026-06-13 07:32:34 : 1100 steps taken, and 935 accepted.
[mcmc] Progress @ 2026-06-13 07:32:35 : 1087 steps taken, and 943 accepted.
[mcmc] Progress @ 2026-06-13 07:32:47 : 1059 steps taken, and 898 accepted.
[mcmc] Progress @ 2026-06-13 07:32:56 : 1102 steps taken, and 898 accepted.
[mcmc] Progress @ 2026-06-13 07:32:58 : 1125 steps taken, and 941 accepted.
[mcmc] Progress @ 2026-06-13 07:33:26 : 1145 steps taken, and 984 accepted.
[mcmc] Progress @ 2026-06-13 07:33:32 : 1170 steps taken, and 951 accepted.
[mcmc] Progress @ 2026-06-13 07:33:33 : 1166 steps taken, and 900 accepted.
[mcmc] Progress @ 2026-06-13 07:33:34 : 1112 steps taken, and 946 accepted.
[mcmc] Progress @ 2026-06-13 07:33:38 : 1100 steps taken, and 955 accepted.
[mcmc] Progress @ 2026-06-13 07:33:48 : 1071 steps taken, and 907 accepted.
[mcmc] Progress @ 2026-06-13 07:33:56 : 1114 steps taken, and 908 accepted.
[mcmc] Progress @ 2026-06-13 07:34:01 : 1140 steps taken, and 952 accepted.
[mcmc] Learn + convergence test @ 960 samples accepted.
[mcmc]  - Acceptance rate: 0.872
[mcmc]  - Convergence of means: R-1 = 19.157719 after 768 accepted steps
[blockedproposer] *ERROR* The given covmat is not a positive-definite, symmetric square matrix.
[mcmc] Learn + convergence test @ 960 samples accepted.
[mcmc]  - Acceptance rate: 0.823
[mcmc]  - Convergence of means: R-1 = 7.613946 after 768 accepted steps
[blockedproposer] *ERROR* The given covmat is not a positive-definite, symmetric square matrix.
[mcmc] Progress @ 2026-06-13 07:34:28 : 1158 steps taken, and 994 accepted.
[mcmc] Progress @ 2026-06-13 07:34:34 : 1124 steps taken, and 957 accepted.
[mcmc] Progress @ 2026-06-13 07:34:35 : 1179 steps taken, and 913 accepted.
[mcmc] Progress @ 2026-06-13 07:34:36 : 1183 steps taken, and 963 accepted.
[mcmc] Learn + convergence test @ 960 samples accepted.
[mcmc]  - Acceptance rate: 0.827
[mcmc]  - Convergence of means: R-1 = 13.640742 after 768 accepted steps
[mcmc]  - Updated covariance matrix of proposal pdf.
[mcmc] Progress @ 2026-06-13 07:34:41 : 1113 steps taken, and 967 accepted.
[mcmc] Progress @ 2026-06-13 07:34:48 : 1084 steps taken, and 918 accepted.
[mcmc] Learn + convergence test @ 960 samples accepted.
[mcmc]  - Acceptance rate: 0.865
[mcmc]  - Convergence of means: R-1 = 15.487762 after 768 accepted steps
[mcmc]  - Updated covariance matrix of proposal pdf.
[mcmc] Progress @ 2026-06-13 07:35:01 : 1127 steps taken, and 918 accepted.
[mcmc] Progress @ 2026-06-13 07:35:05 : 1155 steps taken, and 965 accepted.
[mcmc] Progress @ 2026-06-13 07:35:29 : 1171 steps taken, and 1005 accepted.
[mcmc] Progress @ 2026-06-13 07:35:34 : 1136 steps taken, and 968 accepted.
[mcmc] Progress @ 2026-06-13 07:35:36 : 1193 steps taken, and 924 accepted.
[mcmc] Progress @ 2026-06-13 07:35:39 : 1196 steps taken, and 976 accepted.
[mcmc] Progress @ 2026-06-13 07:35:45 : 1126 steps taken, and 979 accepted.
[mcmc] Progress @ 2026-06-13 07:35:48 : 1096 steps taken, and 927 accepted.
[mcmc] Progress @ 2026-06-13 07:36:01 : 1139 steps taken, and 925 accepted.
[mcmc] Progress @ 2026-06-13 07:36:08 : 1170 steps taken, and 979 accepted.
[mcmc] Progress @ 2026-06-13 07:36:30 : 1185 steps taken, and 1018 accepted.
[mcmc] Progress @ 2026-06-13 07:36:35 : 1149 steps taken, and 978 accepted.
[mcmc] Progress @ 2026-06-13 07:36:37 : 1207 steps taken, and 936 accepted.
[mcmc] Progress @ 2026-06-13 07:36:43 : 1210 steps taken, and 989 accepted.
[mcmc] Progress @ 2026-06-13 07:36:48 : 1139 steps taken, and 989 accepted.
[mcmc] Progress @ 2026-06-13 07:36:49 : 1109 steps taken, and 938 accepted.
[mcmc] Progress @ 2026-06-13 07:37:01 : 1151 steps taken, and 934 accepted.
[mcmc] Progress @ 2026-06-13 07:37:12 : 1185 steps taken, and 991 accepted.
[mcmc] Progress @ 2026-06-13 07:37:30 : 1202 steps taken, and 1031 accepted.
[mcmc] Progress @ 2026-06-13 07:37:35 : 1164 steps taken, and 987 accepted.
[mcmc] Progress @ 2026-06-13 07:37:39 : 1222 steps taken, and 947 accepted.
[mcmc] Progress @ 2026-06-13 07:37:47 : 1223 steps taken, and 1001 accepted.
[mcmc] Progress @ 2026-06-13 07:37:49 : 1121 steps taken, and 946 accepted.
[mcmc] Progress @ 2026-06-13 07:37:51 : 1152 steps taken, and 1000 accepted.
[mcmc] Progress @ 2026-06-13 07:38:01 : 1163 steps taken, and 945 accepted.
[mcmc] Progress @ 2026-06-13 07:38:15 : 1202 steps taken, and 1002 accepted.
[mcmc] Progress @ 2026-06-13 07:38:30 : 1223 steps taken, and 1042 accepted.
[mcmc] Progress @ 2026-06-13 07:38:40 : 1177 steps taken, and 998 accepted.
[mcmc] Progress @ 2026-06-13 07:38:41 : 1238 steps taken, and 957 accepted.
[mcmc] Progress @ 2026-06-13 07:38:51 : 1237 steps taken, and 1012 accepted.
[mcmc] Progress @ 2026-06-13 07:38:54 : 1134 steps taken, and 958 accepted.
[mcmc] Progress @ 2026-06-13 07:38:54 : 1165 steps taken, and 1012 accepted.
[mcmc] Learn + convergence test @ 960 samples accepted.
[mcmc]  - Acceptance rate: 0.754
[mcmc]  - Convergence of means: R-1 = 23.193998 after 768 accepted steps
[mcmc]  - Updated covariance matrix of proposal pdf.
[mcmc] Progress @ 2026-06-13 07:39:02 : 1175 steps taken, and 954 accepted.
[mcmc] Learn + convergence test @ 960 samples accepted.
[mcmc]  - Acceptance rate: 0.848
[mcmc]  - Convergence of means: R-1 = 20.227664 after 768 accepted steps
[blockedproposer] *ERROR* The given covmat is not a positive-definite, symmetric square matrix.
[mcmc] Progress @ 2026-06-13 07:39:19 : 1223 steps taken, and 1017 accepted.
[mcmc] Progress @ 2026-06-13 07:39:31 : 1238 steps taken, and 1054 accepted.
[mcmc] Progress @ 2026-06-13 07:39:42 : 1254 steps taken, and 967 accepted.
[mcmc] Progress @ 2026-06-13 07:39:45 : 1191 steps taken, and 1010 accepted.
[mcmc] Learn + convergence test @ 960 samples accepted.
[mcmc]  - Acceptance rate: 0.799
[mcmc]  - Convergence of means: R-1 = 23.717301 after 768 accepted steps
[mcmc]  - Updated covariance matrix of proposal pdf.
[mcmc] Progress @ 2026-06-13 07:39:55 : 1251 steps taken, and 1023 accepted.
[mcmc] Progress @ 2026-06-13 07:39:57 : 1178 steps taken, and 1025 accepted.
[mcmc] Progress @ 2026-06-13 07:39:58 : 1147 steps taken, and 969 accepted.
[mcmc] Progress @ 2026-06-13 07:40:03 : 1189 steps taken, and 962 accepted.
[mcmc] Progress @ 2026-06-13 07:40:23 : 1238 steps taken, and 1032 accepted.
[mcmc] Progress @ 2026-06-13 07:40:31 : 1256 steps taken, and 1066 accepted.
[mcmc] Progress @ 2026-06-13 07:40:44 : 1268 steps taken, and 978 accepted.
[mcmc] Progress @ 2026-06-13 07:40:46 : 1203 steps taken, and 1021 accepted.
[mcmc] Progress @ 2026-06-13 07:40:59 : 1268 steps taken, and 1035 accepted.
[mcmc] Progress @ 2026-06-13 07:41:01 : 1191 steps taken, and 1037 accepted.
[mcmc] Progress @ 2026-06-13 07:41:03 : 1202 steps taken, and 973 accepted.
[mcmc] Progress @ 2026-06-13 07:41:03 : 1160 steps taken, and 981 accepted.
[mcmc] Progress @ 2026-06-13 07:41:27 : 1253 steps taken, and 1045 accepted.
[mcmc] Progress @ 2026-06-13 07:41:31 : 1278 steps taken, and 1075 accepted.
[mcmc] Progress @ 2026-06-13 07:41:45 : 1281 steps taken, and 988 accepted.
[mcmc] Progress @ 2026-06-13 07:41:47 : 1219 steps taken, and 1031 accepted.
[mcmc] Progress @ 2026-06-13 07:42:03 : 1282 steps taken, and 1046 accepted.
[mcmc] Progress @ 2026-06-13 07:42:04 : 1214 steps taken, and 978 accepted.
[mcmc] Progress @ 2026-06-13 07:42:04 : 1204 steps taken, and 1047 accepted.
[mcmc] Progress @ 2026-06-13 07:42:08 : 1180 steps taken, and 992 accepted.
[mcmc] Progress @ 2026-06-13 07:42:27 : 1268 steps taken, and 1057 accepted.
[mcmc] Progress @ 2026-06-13 07:42:31 : 1297 steps taken, and 1084 accepted.
[mcmc] Progress @ 2026-06-13 07:42:48 : 1234 steps taken, and 1041 accepted.
[mcmc] Progress @ 2026-06-13 07:42:48 : 1294 steps taken, and 998 accepted.
[mcmc] Progress @ 2026-06-13 07:43:05 : 1226 steps taken, and 987 accepted.
[mcmc] Progress @ 2026-06-13 07:43:07 : 1297 steps taken, and 1059 accepted.
[mcmc] Progress @ 2026-06-13 07:43:07 : 1217 steps taken, and 1057 accepted.
[mcmc] Progress @ 2026-06-13 07:43:12 : 1194 steps taken, and 1002 accepted.
[mcmc] Progress @ 2026-06-13 07:43:31 : 1283 steps taken, and 1070 accepted.
[mcmc] Progress @ 2026-06-13 07:43:32 : 1311 steps taken, and 1096 accepted.
[mcmc] Progress @ 2026-06-13 07:43:50 : 1307 steps taken, and 1010 accepted.
[mcmc] Progress @ 2026-06-13 07:43:52 : 1247 steps taken, and 1050 accepted.
[mcmc] Progress @ 2026-06-13 07:44:05 : 1238 steps taken, and 994 accepted.
[mcmc] Progress @ 2026-06-13 07:44:11 : 1230 steps taken, and 1070 accepted.
[mcmc] Progress @ 2026-06-13 07:44:11 : 1310 steps taken, and 1070 accepted.
[mcmc] Progress @ 2026-06-13 07:44:17 : 1209 steps taken, and 1014 accepted.
[mcmc] Progress @ 2026-06-13 07:44:35 : 1300 steps taken, and 1082 accepted.
[mcmc] Progress @ 2026-06-13 07:44:36 : 1327 steps taken, and 1108 accepted.
[mcmc] Progress @ 2026-06-13 07:44:52 : 1320 steps taken, and 1021 accepted.
[mcmc] Progress @ 2026-06-13 07:44:57 : 1260 steps taken, and 1062 accepted.
[mcmc] Progress @ 2026-06-13 07:45:07 : 1250 steps taken, and 1001 accepted.
[mcmc] Progress @ 2026-06-13 07:45:13 : 1243 steps taken, and 1082 accepted.
[mcmc] Progress @ 2026-06-13 07:45:15 : 1324 steps taken, and 1081 accepted.
[mcmc] Progress @ 2026-06-13 07:45:21 : 1223 steps taken, and 1026 accepted.
[mcmc] Progress @ 2026-06-13 07:45:36 : 1341 steps taken, and 1119 accepted.
[mcmc] Progress @ 2026-06-13 07:45:38 : 1318 steps taken, and 1096 accepted.
[mcmc] Progress @ 2026-06-13 07:45:53 : 1333 steps taken, and 1031 accepted.
[mcmc] Progress @ 2026-06-13 07:46:01 : 1273 steps taken, and 1074 accepted.
[mcmc] Progress @ 2026-06-13 07:46:08 : 1262 steps taken, and 1009 accepted.
[mcmc] Progress @ 2026-06-13 07:46:16 : 1256 steps taken, and 1093 accepted.
[mcmc] Progress @ 2026-06-13 07:46:18 : 1338 steps taken, and 1094 accepted.
[mcmc] Progress @ 2026-06-13 07:46:26 : 1236 steps taken, and 1037 accepted.
[mcmc] Progress @ 2026-06-13 07:46:40 : 1356 steps taken, and 1132 accepted.
[mcmc] Progress @ 2026-06-13 07:46:42 : 1333 steps taken, and 1108 accepted.
[mcmc] Progress @ 2026-06-13 07:46:55 : 1346 steps taken, and 1043 accepted.
[mcmc] Progress @ 2026-06-13 07:47:04 : 1286 steps taken, and 1086 accepted.
[mcmc] Progress @ 2026-06-13 07:47:08 : 1275 steps taken, and 1018 accepted.
[mcmc] Progress @ 2026-06-13 07:47:19 : 1269 steps taken, and 1103 accepted.
[mcmc] Progress @ 2026-06-13 07:47:22 : 1351 steps taken, and 1107 accepted.
[mcmc] Progress @ 2026-06-13 07:47:26 : 1248 steps taken, and 1046 accepted.
[mcmc] Progress @ 2026-06-13 07:47:44 : 1373 steps taken, and 1145 accepted.
[mcmc] Progress @ 2026-06-13 07:47:45 : 1357 steps taken, and 1122 accepted.
[mcmc] Progress @ 2026-06-13 07:47:57 : 1360 steps taken, and 1052 accepted.
[mcmc] Progress @ 2026-06-13 07:48:07 : 1299 steps taken, and 1098 accepted.
[mcmc] Progress @ 2026-06-13 07:48:08 : 1287 steps taken, and 1026 accepted.
[mcmc] Progress @ 2026-06-13 07:48:23 : 1282 steps taken, and 1111 accepted.
[mcmc] Progress @ 2026-06-13 07:48:25 : 1364 steps taken, and 1120 accepted.
[mcmc] Progress @ 2026-06-13 07:48:27 : 1260 steps taken, and 1055 accepted.
[mcmc] Progress @ 2026-06-13 07:48:48 : 1391 steps taken, and 1156 accepted.
[mcmc] Progress @ 2026-06-13 07:48:49 : 1372 steps taken, and 1134 accepted.
[mcmc] Progress @ 2026-06-13 07:48:59 : 1374 steps taken, and 1064 accepted.
[mcmc] Progress @ 2026-06-13 07:49:09 : 1301 steps taken, and 1035 accepted.
[mcmc] Progress @ 2026-06-13 07:49:11 : 1312 steps taken, and 1110 accepted.
[mcmc] Progress @ 2026-06-13 07:49:26 : 1295 steps taken, and 1121 accepted.
[mcmc] Progress @ 2026-06-13 07:49:28 : 1272 steps taken, and 1063 accepted.
[mcmc] Progress @ 2026-06-13 07:49:29 : 1377 steps taken, and 1132 accepted.
[mcmc] Progress @ 2026-06-13 07:49:52 : 1409 steps taken, and 1169 accepted.
[mcmc] Progress @ 2026-06-13 07:49:52 : 1387 steps taken, and 1147 accepted.
[mcmc] Progress @ 2026-06-13 07:50:02 : 1388 steps taken, and 1075 accepted.
[mcmc] Progress @ 2026-06-13 07:50:10 : 1319 steps taken, and 1042 accepted.
[mcmc] Progress @ 2026-06-13 07:50:14 : 1325 steps taken, and 1121 accepted.
[mcmc] Progress @ 2026-06-13 07:50:28 : 1284 steps taken, and 1074 accepted.
[mcmc] Progress @ 2026-06-13 07:50:30 : 1308 steps taken, and 1133 accepted.
[mcmc] Progress @ 2026-06-13 07:50:33 : 1390 steps taken, and 1145 accepted.
[mcmc] Progress @ 2026-06-13 07:50:56 : 1424 steps taken, and 1181 accepted.
[mcmc] Progress @ 2026-06-13 07:50:56 : 1402 steps taken, and 1161 accepted.
[mcmc] Progress @ 2026-06-13 07:51:04 : 1402 steps taken, and 1088 accepted.
[mcmc] Progress @ 2026-06-13 07:51:11 : 1332 steps taken, and 1051 accepted.
[mcmc] Progress @ 2026-06-13 07:51:18 : 1338 steps taken, and 1130 accepted.
[mcmc] Progress @ 2026-06-13 07:51:30 : 1296 steps taken, and 1083 accepted.
[mcmc] Progress @ 2026-06-13 07:51:33 : 1321 steps taken, and 1146 accepted.
[mcmc] Progress @ 2026-06-13 07:51:37 : 1403 steps taken, and 1158 accepted.
[mcmc] Progress @ 2026-06-13 07:51:59 : 1439 steps taken, and 1194 accepted.
[mcmc] Progress @ 2026-06-13 07:51:59 : 1417 steps taken, and 1175 accepted.
[mcmc] Progress @ 2026-06-13 07:52:07 : 1415 steps taken, and 1098 accepted.
[mcmc] Progress @ 2026-06-13 07:52:12 : 1344 steps taken, and 1061 accepted.
[mcmc] Progress @ 2026-06-13 07:52:21 : 1351 steps taken, and 1141 accepted.
[mcmc] Progress @ 2026-06-13 07:52:30 : 1308 steps taken, and 1093 accepted.
[mcmc] Progress @ 2026-06-13 07:52:36 : 1334 steps taken, and 1156 accepted.
[mcmc] Progress @ 2026-06-13 07:52:41 : 1416 steps taken, and 1170 accepted.
[mcmc] Progress @ 2026-06-13 07:53:03 : 1433 steps taken, and 1188 accepted.
[mcmc] Progress @ 2026-06-13 07:53:03 : 1458 steps taken, and 1206 accepted.
[mcmc] Progress @ 2026-06-13 07:53:09 : 1428 steps taken, and 1108 accepted.
[mcmc] Progress @ 2026-06-13 07:53:16 : 1360 steps taken, and 1069 accepted.
[mcmc] Progress @ 2026-06-13 07:53:24 : 1365 steps taken, and 1152 accepted.
[mcmc] Progress @ 2026-06-13 07:53:31 : 1322 steps taken, and 1102 accepted.
[mcmc] Progress @ 2026-06-13 07:53:39 : 1347 steps taken, and 1166 accepted.
[mcmc] Progress @ 2026-06-13 07:53:45 : 1429 steps taken, and 1183 accepted.
[mcmc] Progress @ 2026-06-13 07:54:06 : 1455 steps taken, and 1200 accepted.
[mcmc] Progress @ 2026-06-13 07:54:07 : 1474 steps taken, and 1218 accepted.
[mcmc] Progress @ 2026-06-13 07:54:11 : 1443 steps taken, and 1117 accepted.
[mcmc] Progress @ 2026-06-13 07:54:17 : 1372 steps taken, and 1078 accepted.
[mcmc] Progress @ 2026-06-13 07:54:28 : 1378 steps taken, and 1162 accepted.
[mcmc] Progress @ 2026-06-13 07:54:32 : 1334 steps taken, and 1113 accepted.
[mcmc] Progress @ 2026-06-13 07:54:42 : 1360 steps taken, and 1179 accepted.
[mcmc] Progress @ 2026-06-13 07:54:48 : 1442 steps taken, and 1194 accepted.
[mcmc] Progress @ 2026-06-13 07:55:10 : 1472 steps taken, and 1215 accepted.
[mcmc] Progress @ 2026-06-13 07:55:11 : 1491 steps taken, and 1232 accepted.
[mcmc] Progress @ 2026-06-13 07:55:13 : 1456 steps taken, and 1130 accepted.
[mcmc] Progress @ 2026-06-13 07:55:19 : 1385 steps taken, and 1088 accepted.
[mcmc] Progress @ 2026-06-13 07:55:32 : 1391 steps taken, and 1173 accepted.
[mcmc] Progress @ 2026-06-13 07:55:33 : 1346 steps taken, and 1124 accepted.
[mcmc] Progress @ 2026-06-13 07:55:45 : 1373 steps taken, and 1190 accepted.
[mcmc] Progress @ 2026-06-13 07:55:52 : 1455 steps taken, and 1206 accepted.
[mcmc] Progress @ 2026-06-13 07:56:13 : 1487 steps taken, and 1229 accepted.
[mcmc] Progress @ 2026-06-13 07:56:14 : 1469 steps taken, and 1141 accepted.
[mcmc] Progress @ 2026-06-13 07:56:14 : 1511 steps taken, and 1244 accepted.
[mcmc] Progress @ 2026-06-13 07:56:19 : 1400 steps taken, and 1096 accepted.
[mcmc] Progress @ 2026-06-13 07:56:33 : 1358 steps taken, and 1130 accepted.
[mcmc] Progress @ 2026-06-13 07:56:35 : 1404 steps taken, and 1185 accepted.
[mcmc] Progress @ 2026-06-13 07:56:48 : 1386 steps taken, and 1203 accepted.
[mcmc] Progress @ 2026-06-13 07:56:56 : 1469 steps taken, and 1216 accepted.
[mcmc] Progress @ 2026-06-13 07:57:16 : 1504 steps taken, and 1243 accepted.
[mcmc] Progress @ 2026-06-13 07:57:16 : 1482 steps taken, and 1153 accepted.
[mcmc] Progress @ 2026-06-13 07:57:18 : 1537 steps taken, and 1255 accepted.
[mcmc] Progress @ 2026-06-13 07:57:24 : 1417 steps taken, and 1105 accepted.
[mcmc] Progress @ 2026-06-13 07:57:34 : 1370 steps taken, and 1140 accepted.
[mcmc] Progress @ 2026-06-13 07:57:38 : 1417 steps taken, and 1196 accepted.
[mcmc] Progress @ 2026-06-13 07:57:51 : 1399 steps taken, and 1215 accepted.
[mcmc] Progress @ 2026-06-13 07:58:00 : 1484 steps taken, and 1227 accepted.
[mcmc] Progress @ 2026-06-13 07:58:18 : 1495 steps taken, and 1162 accepted.
[mcmc] Progress @ 2026-06-13 07:58:19 : 1521 steps taken, and 1256 accepted.
[mcmc] Progress @ 2026-06-13 07:58:22 : 1558 steps taken, and 1268 accepted.
[mcmc] Progress @ 2026-06-13 07:58:28 : 1430 steps taken, and 1114 accepted.
[mcmc] Progress @ 2026-06-13 07:58:35 : 1387 steps taken, and 1149 accepted.
[mcmc] Progress @ 2026-06-13 07:58:42 : 1430 steps taken, and 1207 accepted.
[mcmc] Progress @ 2026-06-13 07:58:54 : 1412 steps taken, and 1227 accepted.
[mcmc] Progress @ 2026-06-13 07:59:03 : 1497 steps taken, and 1237 accepted.
[mcmc] Progress @ 2026-06-13 07:59:19 : 1509 steps taken, and 1172 accepted.
[mcmc] Progress @ 2026-06-13 07:59:21 : 1536 steps taken, and 1269 accepted.
[mcmc] Progress @ 2026-06-13 07:59:25 : 1574 steps taken, and 1280 accepted.
[mcmc] Learn + convergence test @ 1280 samples accepted.
[mcmc]  - Acceptance rate: 0.799
[mcmc]  - Convergence of means: R-1 = 11.082317 after 1024 accepted steps
[blockedproposer] *ERROR* The given covmat is not a positive-definite, symmetric square matrix.
[mcmc] Progress @ 2026-06-13 07:59:33 : 1446 steps taken, and 1125 accepted.
[mcmc] Progress @ 2026-06-13 07:59:36 : 1401 steps taken, and 1160 accepted.
[mcmc] Progress @ 2026-06-13 07:59:46 : 1447 steps taken, and 1217 accepted.
[mcmc] Progress @ 2026-06-13 07:59:57 : 1425 steps taken, and 1237 accepted.
[mcmc] Progress @ 2026-06-13 08:00:08 : 1510 steps taken, and 1249 accepted.
[mcmc] Learn + convergence test @ 1280 samples accepted.
[mcmc]  - Acceptance rate: 0.817
[mcmc]  - Convergence of means: R-1 = 25.555881 after 1024 accepted steps
[blockedproposer] *ERROR* The given covmat is not a positive-definite, symmetric square matrix.
[mcmc] Progress @ 2026-06-13 08:00:20 : 1525 steps taken, and 1184 accepted.
[mcmc] Progress @ 2026-06-13 08:00:25 : 1551 steps taken, and 1281 accepted.
[mcmc] Progress @ 2026-06-13 08:00:29 : 1590 steps taken, and 1293 accepted.
[mcmc] Progress @ 2026-06-13 08:00:37 : 1413 steps taken, and 1168 accepted.
[mcmc] Progress @ 2026-06-13 08:00:38 : 1459 steps taken, and 1135 accepted.
[mcmc] Progress @ 2026-06-13 08:00:49 : 1461 steps taken, and 1227 accepted.
[mcmc] Progress @ 2026-06-13 08:01:00 : 1438 steps taken, and 1249 accepted.
[mcmc] Progress @ 2026-06-13 08:01:11 : 1525 steps taken, and 1260 accepted.
[mcmc] Progress @ 2026-06-13 08:01:21 : 1547 steps taken, and 1194 accepted.
[mcmc] Progress @ 2026-06-13 08:01:28 : 1566 steps taken, and 1294 accepted.
[mcmc] Progress @ 2026-06-13 08:01:33 : 1605 steps taken, and 1307 accepted.
[mcmc] Progress @ 2026-06-13 08:01:37 : 1427 steps taken, and 1178 accepted.
[mcmc] Progress @ 2026-06-13 08:01:42 : 1473 steps taken, and 1144 accepted.
[mcmc] Progress @ 2026-06-13 08:01:53 : 1474 steps taken, and 1237 accepted.
[mcmc] Progress @ 2026-06-13 08:02:03 : 1451 steps taken, and 1261 accepted.
[mcmc] Progress @ 2026-06-13 08:02:15 : 1543 steps taken, and 1272 accepted.
[mcmc] Progress @ 2026-06-13 08:02:23 : 1563 steps taken, and 1203 accepted.
[mcmc] Progress @ 2026-06-13 08:02:31 : 1581 steps taken, and 1306 accepted.
[mcmc] Progress @ 2026-06-13 08:02:37 : 1633 steps taken, and 1320 accepted.
[mcmc] Progress @ 2026-06-13 08:02:38 : 1440 steps taken, and 1188 accepted.
[mcmc] Progress @ 2026-06-13 08:02:47 : 1489 steps taken, and 1152 accepted.
[mcmc] Progress @ 2026-06-13 08:02:57 : 1488 steps taken, and 1248 accepted.
[mcmc] Learn + convergence test @ 1280 samples accepted.
[mcmc]  - Acceptance rate: 0.825
[mcmc]  - Convergence of means: R-1 = 13.392832 after 1024 accepted steps
[mcmc]  - Updated covariance matrix of proposal pdf.
[mcmc] Progress @ 2026-06-13 08:03:06 : 1464 steps taken, and 1273 accepted.
[mcmc] Progress @ 2026-06-13 08:03:19 : 1561 steps taken, and 1281 accepted.
[mcmc] Progress @ 2026-06-13 08:03:25 : 1576 steps taken, and 1214 accepted.
[mcmc] Progress @ 2026-06-13 08:03:35 : 1596 steps taken, and 1317 accepted.
[mcmc] Progress @ 2026-06-13 08:03:39 : 1453 steps taken, and 1197 accepted.
[mcmc] Progress @ 2026-06-13 08:03:41 : 1654 steps taken, and 1331 accepted.
[mcmc] Learn + convergence test @ 1280 samples accepted.
[mcmc]  - Acceptance rate: 0.874
[mcmc]  - Convergence of means: R-1 = 14.503966 after 1024 accepted steps
[mcmc]  - Updated covariance matrix of proposal pdf.
[mcmc] Progress @ 2026-06-13 08:03:50 : 1504 steps taken, and 1159 accepted.
[mcmc] Progress @ 2026-06-13 08:04:01 : 1503 steps taken, and 1255 accepted.
[mcmc] Progress @ 2026-06-13 08:04:09 : 1477 steps taken, and 1285 accepted.
[mcmc] Progress @ 2026-06-13 08:04:23 : 1577 steps taken, and 1293 accepted.
[mcmc] Progress @ 2026-06-13 08:04:27 : 1590 steps taken, and 1226 accepted.
[mcmc] Progress @ 2026-06-13 08:04:38 : 1612 steps taken, and 1332 accepted.
[mcmc] Progress @ 2026-06-13 08:04:39 : 1466 steps taken, and 1209 accepted.
[mcmc] Progress @ 2026-06-13 08:04:45 : 1669 steps taken, and 1338 accepted.
[mcmc] Progress @ 2026-06-13 08:04:55 : 1526 steps taken, and 1170 accepted.
[mcmc] Progress @ 2026-06-13 08:05:04 : 1520 steps taken, and 1265 accepted.
[mcmc] Progress @ 2026-06-13 08:05:12 : 1493 steps taken, and 1296 accepted.
[mcmc] Progress @ 2026-06-13 08:05:26 : 1590 steps taken, and 1303 accepted.
[mcmc] Progress @ 2026-06-13 08:05:29 : 1603 steps taken, and 1236 accepted.
[mcmc] Progress @ 2026-06-13 08:05:40 : 1482 steps taken, and 1220 accepted.
[mcmc] Progress @ 2026-06-13 08:05:42 : 1630 steps taken, and 1346 accepted.
[mcmc] Progress @ 2026-06-13 08:05:45 : 1686 steps taken, and 1347 accepted.
[mcmc] Progress @ 2026-06-13 08:05:55 : 1544 steps taken, and 1178 accepted.
[mcmc] Progress @ 2026-06-13 08:06:07 : 1541 steps taken, and 1277 accepted.
[mcmc] Progress @ 2026-06-13 08:06:15 : 1506 steps taken, and 1306 accepted.
[mcmc] Learn + convergence test @ 1280 samples accepted.
[mcmc]  - Acceptance rate: 0.828
[mcmc]  - Convergence of means: R-1 = 9.881642 after 1024 accepted steps
[blockedproposer] *ERROR* The given covmat is not a positive-definite, symmetric square matrix.
[mcmc] Progress @ 2026-06-13 08:06:30 : 1612 steps taken, and 1316 accepted.
[mcmc] Progress @ 2026-06-13 08:06:32 : 1619 steps taken, and 1246 accepted.
[mcmc] Progress @ 2026-06-13 08:06:40 : 1495 steps taken, and 1230 accepted.
[mcmc] Progress @ 2026-06-13 08:06:46 : 1701 steps taken, and 1360 accepted.
[mcmc] Progress @ 2026-06-13 08:06:46 : 1646 steps taken, and 1355 accepted.
[mcmc] Progress @ 2026-06-13 08:07:00 : 1562 steps taken, and 1189 accepted.
[mcmc] Progress @ 2026-06-13 08:07:11 : 1554 steps taken, and 1288 accepted.
[mcmc] Progress @ 2026-06-13 08:07:18 : 1519 steps taken, and 1319 accepted.
[mcmc] Progress @ 2026-06-13 08:07:34 : 1628 steps taken, and 1326 accepted.
[mcmc] Progress @ 2026-06-13 08:07:34 : 1635 steps taken, and 1257 accepted.
[mcmc] Progress @ 2026-06-13 08:07:41 : 1507 steps taken, and 1241 accepted.
[mcmc] Progress @ 2026-06-13 08:07:46 : 1718 steps taken, and 1373 accepted.
[mcmc] Progress @ 2026-06-13 08:07:49 : 1661 steps taken, and 1369 accepted.
[mcmc] Progress @ 2026-06-13 08:08:04 : 1576 steps taken, and 1199 accepted.
[mcmc] Progress @ 2026-06-13 08:08:15 : 1567 steps taken, and 1296 accepted.
[mcmc] Progress @ 2026-06-13 08:08:21 : 1533 steps taken, and 1330 accepted.
[mcmc] Progress @ 2026-06-13 08:08:36 : 1648 steps taken, and 1269 accepted.
[mcmc] Progress @ 2026-06-13 08:08:37 : 1645 steps taken, and 1336 accepted.
[mcmc] Progress @ 2026-06-13 08:08:42 : 1519 steps taken, and 1250 accepted.
[mcmc] Progress @ 2026-06-13 08:08:46 : 1732 steps taken, and 1387 accepted.
[mcmc] Progress @ 2026-06-13 08:08:52 : 1676 steps taken, and 1383 accepted.
[mcmc] Progress @ 2026-06-13 08:09:04 : 1588 steps taken, and 1208 accepted.
[mcmc] Progress @ 2026-06-13 08:09:15 : 1580 steps taken, and 1306 accepted.
[mcmc] Progress @ 2026-06-13 08:09:24 : 1549 steps taken, and 1342 accepted.
[mcmc] Learn + convergence test @ 1280 samples accepted.
[mcmc]  - Acceptance rate: 0.750
[mcmc]  - Convergence of means: R-1 = 22.171905 after 1024 accepted steps
[blockedproposer] *ERROR* The given covmat is not a positive-definite, symmetric square matrix.
[mcmc] Progress @ 2026-06-13 08:09:38 : 1661 steps taken, and 1280 accepted.
[mcmc] Progress @ 2026-06-13 08:09:41 : 1660 steps taken, and 1349 accepted.
[mcmc] Progress @ 2026-06-13 08:09:43 : 1538 steps taken, and 1257 accepted.
[mcmc] Progress @ 2026-06-13 08:09:46 : 1746 steps taken, and 1400 accepted.
[mcmc] Progress @ 2026-06-13 08:09:55 : 1691 steps taken, and 1396 accepted.
[mcmc] Progress @ 2026-06-13 08:10:09 : 1601 steps taken, and 1219 accepted.
[mcmc] Progress @ 2026-06-13 08:10:19 : 1600 steps taken, and 1319 accepted.
[mcmc] Progress @ 2026-06-13 08:10:28 : 1562 steps taken, and 1352 accepted.
[mcmc] Progress @ 2026-06-13 08:10:39 : 1674 steps taken, and 1292 accepted.
[mcmc] Progress @ 2026-06-13 08:10:44 : 1551 steps taken, and 1265 accepted.
[mcmc] Progress @ 2026-06-13 08:10:44 : 1674 steps taken, and 1361 accepted.
[mcmc] Progress @ 2026-06-13 08:10:50 : 1761 steps taken, and 1414 accepted.
[mcmc] Progress @ 2026-06-13 08:10:58 : 1706 steps taken, and 1406 accepted.
[mcmc] Progress @ 2026-06-13 08:11:10 : 1613 steps taken, and 1224 accepted.
[mcmc] Progress @ 2026-06-13 08:11:22 : 1615 steps taken, and 1329 accepted.
[mcmc] Progress @ 2026-06-13 08:11:31 : 1579 steps taken, and 1362 accepted.
[mcmc] Progress @ 2026-06-13 08:11:41 : 1687 steps taken, and 1299 accepted.
[mcmc] Progress @ 2026-06-13 08:11:47 : 1563 steps taken, and 1276 accepted.
[mcmc] Progress @ 2026-06-13 08:11:48 : 1690 steps taken, and 1374 accepted.
[mcmc] Progress @ 2026-06-13 08:11:54 : 1776 steps taken, and 1428 accepted.
[mcmc] Progress @ 2026-06-13 08:12:02 : 1722 steps taken, and 1420 accepted.
[mcmc] Progress @ 2026-06-13 08:12:12 : 1625 steps taken, and 1228 accepted.
[mcmc] Learn + convergence test @ 1280 samples accepted.
[mcmc]  - Acceptance rate: 0.807
[mcmc]  - Convergence of means: R-1 = 28.011982 after 1024 accepted steps
[mcmc]  - Updated covariance matrix of proposal pdf.
[mcmc] Progress @ 2026-06-13 08:12:25 : 1639 steps taken, and 1341 accepted.
[mcmc] Progress @ 2026-06-13 08:12:31 : 1594 steps taken, and 1369 accepted.
[mcmc] Progress @ 2026-06-13 08:12:44 : 1700 steps taken, and 1310 accepted.
[mcmc] Progress @ 2026-06-13 08:12:49 : 1578 steps taken, and 1287 accepted.
[mcmc] Progress @ 2026-06-13 08:12:51 : 1706 steps taken, and 1385 accepted.
[mcmc] Progress @ 2026-06-13 08:12:59 : 1791 steps taken, and 1439 accepted.
[mcmc] Progress @ 2026-06-13 08:13:05 : 1738 steps taken, and 1433 accepted.
[mcmc] Progress @ 2026-06-13 08:13:14 : 1637 steps taken, and 1236 accepted.
[mcmc] Progress @ 2026-06-13 08:13:29 : 1655 steps taken, and 1348 accepted.
[mcmc] Progress @ 2026-06-13 08:13:36 : 1607 steps taken, and 1380 accepted.
[mcmc] Progress @ 2026-06-13 08:13:47 : 1713 steps taken, and 1319 accepted.
[mcmc] Progress @ 2026-06-13 08:13:50 : 1591 steps taken, and 1296 accepted.
[mcmc] Progress @ 2026-06-13 08:13:55 : 1721 steps taken, and 1395 accepted.
[mcmc] Progress @ 2026-06-13 08:14:03 : 1806 steps taken, and 1452 accepted.
[mcmc] Progress @ 2026-06-13 08:14:09 : 1755 steps taken, and 1444 accepted.
[mcmc] Progress @ 2026-06-13 08:14:14 : 1649 steps taken, and 1247 accepted.
[mcmc] Progress @ 2026-06-13 08:14:33 : 1670 steps taken, and 1358 accepted.
[mcmc] Progress @ 2026-06-13 08:14:39 : 1621 steps taken, and 1392 accepted.
[mcmc] Progress @ 2026-06-13 08:14:50 : 1726 steps taken, and 1328 accepted.
[mcmc] Progress @ 2026-06-13 08:14:50 : 1606 steps taken, and 1305 accepted.
[mcmc] Progress @ 2026-06-13 08:14:58 : 1740 steps taken, and 1404 accepted.
[mcmc] Progress @ 2026-06-13 08:15:07 : 1822 steps taken, and 1465 accepted.
[mcmc] Progress @ 2026-06-13 08:15:12 : 1774 steps taken, and 1456 accepted.
[mcmc] Progress @ 2026-06-13 08:15:19 : 1662 steps taken, and 1258 accepted.
[mcmc] Progress @ 2026-06-13 08:15:36 : 1686 steps taken, and 1371 accepted.
[mcmc] Progress @ 2026-06-13 08:15:42 : 1636 steps taken, and 1403 accepted.
[mcmc] Progress @ 2026-06-13 08:15:52 : 1620 steps taken, and 1312 accepted.
[mcmc] Progress @ 2026-06-13 08:15:54 : 1739 steps taken, and 1336 accepted.
[mcmc] Progress @ 2026-06-13 08:16:02 : 1760 steps taken, and 1416 accepted.
[mcmc] Progress @ 2026-06-13 08:16:07 : 1844 steps taken, and 1477 accepted.
[mcmc] Progress @ 2026-06-13 08:16:16 : 1789 steps taken, and 1470 accepted.
[mcmc] Progress @ 2026-06-13 08:16:23 : 1676 steps taken, and 1267 accepted.
[mcmc] Progress @ 2026-06-13 08:16:40 : 1702 steps taken, and 1380 accepted.
[mcmc] Progress @ 2026-06-13 08:16:46 : 1652 steps taken, and 1414 accepted.
[mcmc] Progress @ 2026-06-13 08:16:53 : 1637 steps taken, and 1317 accepted.
[mcmc] Progress @ 2026-06-13 08:16:58 : 1753 steps taken, and 1347 accepted.
[mcmc] Progress @ 2026-06-13 08:17:05 : 1795 steps taken, and 1426 accepted.
[mcmc] Progress @ 2026-06-13 08:17:07 : 1860 steps taken, and 1487 accepted.
[mcmc] Progress @ 2026-06-13 08:17:19 : 1810 steps taken, and 1482 accepted.
[mcmc] Progress @ 2026-06-13 08:17:24 : 1688 steps taken, and 1276 accepted.
[mcmc] Progress @ 2026-06-13 08:17:44 : 1717 steps taken, and 1391 accepted.
[mcmc] Progress @ 2026-06-13 08:17:49 : 1665 steps taken, and 1425 accepted.
[mcmc] Learn + convergence test @ 1280 samples accepted.
[mcmc]  - Acceptance rate: 0.735
[mcmc]  - Convergence of means: R-1 = 13.153048 after 1024 accepted steps
[mcmc]  - Updated covariance matrix of proposal pdf.
[mcmc] Progress @ 2026-06-13 08:17:54 : 1650 steps taken, and 1326 accepted.
[mcmc] Progress @ 2026-06-13 08:18:01 : 1766 steps taken, and 1358 accepted.
[mcmc] Progress @ 2026-06-13 08:18:07 : 1876 steps taken, and 1498 accepted.
[mcmc] Progress @ 2026-06-13 08:18:09 : 1817 steps taken, and 1439 accepted.
[mcmc] Progress @ 2026-06-13 08:18:22 : 1827 steps taken, and 1494 accepted.
[mcmc] Progress @ 2026-06-13 08:18:28 : 1702 steps taken, and 1284 accepted.
[mcmc] Progress @ 2026-06-13 08:18:47 : 1732 steps taken, and 1398 accepted.
[mcmc] Progress @ 2026-06-13 08:18:52 : 1678 steps taken, and 1437 accepted.
[mcmc] Progress @ 2026-06-13 08:18:55 : 1663 steps taken, and 1337 accepted.
[mcmc] Progress @ 2026-06-13 08:19:03 : 1783 steps taken, and 1369 accepted.
[mcmc] Progress @ 2026-06-13 08:19:12 : 1891 steps taken, and 1511 accepted.
[mcmc] Progress @ 2026-06-13 08:19:13 : 1833 steps taken, and 1449 accepted.
[mcmc] Progress @ 2026-06-13 08:19:25 : 1844 steps taken, and 1505 accepted.
[mcmc] Progress @ 2026-06-13 08:19:32 : 1717 steps taken, and 1294 accepted.
[mcmc] Progress @ 2026-06-13 08:19:50 : 1747 steps taken, and 1410 accepted.
[mcmc] Progress @ 2026-06-13 08:19:55 : 1691 steps taken, and 1449 accepted.
[mcmc] Progress @ 2026-06-13 08:19:56 : 1679 steps taken, and 1343 accepted.
[mcmc] Progress @ 2026-06-13 08:20:06 : 1798 steps taken, and 1378 accepted.
[mcmc] Progress @ 2026-06-13 08:20:12 : 1905 steps taken, and 1524 accepted.
[mcmc] Progress @ 2026-06-13 08:20:18 : 1846 steps taken, and 1462 accepted.
[mcmc] Progress @ 2026-06-13 08:20:29 : 1862 steps taken, and 1517 accepted.
[mcmc] Progress @ 2026-06-13 08:20:37 : 1730 steps taken, and 1305 accepted.
[mcmc] Progress @ 2026-06-13 08:20:54 : 1766 steps taken, and 1421 accepted.
[mcmc] Progress @ 2026-06-13 08:20:57 : 1691 steps taken, and 1353 accepted.
[mcmc] Progress @ 2026-06-13 08:20:58 : 1705 steps taken, and 1461 accepted.
[mcmc] Progress @ 2026-06-13 08:21:09 : 1811 steps taken, and 1390 accepted.
[mcmc] Progress @ 2026-06-13 08:21:13 : 1919 steps taken, and 1535 accepted.
[mcmc] Progress @ 2026-06-13 08:21:21 : 1862 steps taken, and 1474 accepted.
[mcmc] Progress @ 2026-06-13 08:21:32 : 1880 steps taken, and 1529 accepted.
[mcmc] Progress @ 2026-06-13 08:21:41 : 1743 steps taken, and 1316 accepted.
[mcmc] Progress @ 2026-06-13 08:21:57 : 1781 steps taken, and 1430 accepted.
[mcmc] Progress @ 2026-06-13 08:21:58 : 1704 steps taken, and 1363 accepted.
[mcmc] Progress @ 2026-06-13 08:22:01 : 1724 steps taken, and 1472 accepted.
[mcmc] Progress @ 2026-06-13 08:22:12 : 1824 steps taken, and 1401 accepted.
[mcmc] Progress @ 2026-06-13 08:22:13 : 1933 steps taken, and 1546 accepted.
[mcmc] Progress @ 2026-06-13 08:22:25 : 1887 steps taken, and 1486 accepted.
[mcmc] Progress @ 2026-06-13 08:22:35 : 1911 steps taken, and 1539 accepted.
[mcmc] Progress @ 2026-06-13 08:22:46 : 1756 steps taken, and 1323 accepted.
[mcmc] Progress @ 2026-06-13 08:22:58 : 1718 steps taken, and 1374 accepted.
[mcmc] Progress @ 2026-06-13 08:23:01 : 1800 steps taken, and 1441 accepted.
[mcmc] Progress @ 2026-06-13 08:23:04 : 1744 steps taken, and 1482 accepted.
[mcmc] Progress @ 2026-06-13 08:23:15 : 1837 steps taken, and 1410 accepted.
[mcmc] Progress @ 2026-06-13 08:23:17 : 1948 steps taken, and 1561 accepted.
[mcmc] Progress @ 2026-06-13 08:23:28 : 1911 steps taken, and 1497 accepted.
[mcmc] Progress @ 2026-06-13 08:23:38 : 1926 steps taken, and 1551 accepted.
[mcmc] Progress @ 2026-06-13 08:23:50 : 1769 steps taken, and 1333 accepted.
[mcmc] Progress @ 2026-06-13 08:23:58 : 1730 steps taken, and 1383 accepted.
[mcmc] Progress @ 2026-06-13 08:24:04 : 1815 steps taken, and 1452 accepted.
[mcmc] Progress @ 2026-06-13 08:24:08 : 1759 steps taken, and 1494 accepted.
[mcmc] Progress @ 2026-06-13 08:24:17 : 1963 steps taken, and 1573 accepted.
[mcmc] Progress @ 2026-06-13 08:24:18 : 1850 steps taken, and 1421 accepted.
[mcmc] Progress @ 2026-06-13 08:24:32 : 1929 steps taken, and 1508 accepted.
[mcmc] Progress @ 2026-06-13 08:24:42 : 1942 steps taken, and 1563 accepted.
[mcmc] Progress @ 2026-06-13 08:24:51 : 1781 steps taken, and 1343 accepted.
[mcmc] Progress @ 2026-06-13 08:25:03 : 1744 steps taken, and 1394 accepted.
[mcmc] Progress @ 2026-06-13 08:25:08 : 1834 steps taken, and 1464 accepted.
[mcmc] Progress @ 2026-06-13 08:25:11 : 1772 steps taken, and 1504 accepted.
[mcmc] Progress @ 2026-06-13 08:25:17 : 1978 steps taken, and 1586 accepted.
[mcmc] Progress @ 2026-06-13 08:25:20 : 1867 steps taken, and 1432 accepted.
[mcmc] Progress @ 2026-06-13 08:25:35 : 1943 steps taken, and 1519 accepted.
[mcmc] Progress @ 2026-06-13 08:25:46 : 1965 steps taken, and 1575 accepted.
[mcmc] Progress @ 2026-06-13 08:25:56 : 1795 steps taken, and 1355 accepted.
[mcmc] Progress @ 2026-06-13 08:26:07 : 1760 steps taken, and 1406 accepted.
[mcmc] Progress @ 2026-06-13 08:26:12 : 1849 steps taken, and 1476 accepted.
[mcmc] Progress @ 2026-06-13 08:26:14 : 1785 steps taken, and 1516 accepted.
[mcmc] Progress @ 2026-06-13 08:26:18 : 1993 steps taken, and 1599 accepted.
[mcmc] Learn + convergence test @ 1600 samples accepted.
[mcmc]  - Acceptance rate: 0.784
[mcmc]  - Convergence of means: R-1 = 4.270573 after 1280 accepted steps
[mcmc]  - Updated covariance matrix of proposal pdf.
[mcmc] Progress @ 2026-06-13 08:26:23 : 1882 steps taken, and 1443 accepted.
[mcmc] Progress @ 2026-06-13 08:26:39 : 1956 steps taken, and 1530 accepted.
[mcmc] Progress @ 2026-06-13 08:26:49 : 1980 steps taken, and 1588 accepted.
[mcmc] Progress @ 2026-06-13 08:26:57 : 1807 steps taken, and 1363 accepted.
[mcmc] Progress @ 2026-06-13 08:27:12 : 1774 steps taken, and 1418 accepted.
[mcmc] Progress @ 2026-06-13 08:27:15 : 1864 steps taken, and 1485 accepted.
[mcmc] Progress @ 2026-06-13 08:27:18 : 1800 steps taken, and 1524 accepted.
[mcmc] Progress @ 2026-06-13 08:27:18 : 2008 steps taken, and 1612 accepted.
[mcmc] Progress @ 2026-06-13 08:27:26 : 1897 steps taken, and 1455 accepted.
[mcmc] Progress @ 2026-06-13 08:27:43 : 1972 steps taken, and 1541 accepted.
[mcmc] Learn + convergence test @ 1600 samples accepted.
[mcmc]  - Acceptance rate: 0.792
[mcmc]  - Convergence of means: R-1 = 10.591226 after 1280 accepted steps
[mcmc]  - Updated covariance matrix of proposal pdf.
[mcmc] Progress @ 2026-06-13 08:27:53 : 1995 steps taken, and 1602 accepted.
[mcmc] Progress @ 2026-06-13 08:28:01 : 1821 steps taken, and 1372 accepted.
[mcmc] Progress @ 2026-06-13 08:28:16 : 1788 steps taken, and 1430 accepted.
[mcmc] Progress @ 2026-06-13 08:28:19 : 1883 steps taken, and 1496 accepted.
[mcmc] Progress @ 2026-06-13 08:28:22 : 1814 steps taken, and 1534 accepted.
[mcmc] Progress @ 2026-06-13 08:28:22 : 2027 steps taken, and 1627 accepted.
[mcmc] Progress @ 2026-06-13 08:28:28 : 1910 steps taken, and 1464 accepted.
[mcmc] Progress @ 2026-06-13 08:28:43 : 1988 steps taken, and 1552 accepted.
[mcmc] Progress @ 2026-06-13 08:28:57 : 2010 steps taken, and 1611 accepted.
[mcmc] Progress @ 2026-06-13 08:29:06 : 1836 steps taken, and 1383 accepted.
[mcmc] Progress @ 2026-06-13 08:29:20 : 1806 steps taken, and 1441 accepted.
[mcmc] Progress @ 2026-06-13 08:29:23 : 1901 steps taken, and 1509 accepted.
[mcmc] Progress @ 2026-06-13 08:29:24 : 2045 steps taken, and 1636 accepted.
[mcmc] Progress @ 2026-06-13 08:29:25 : 1827 steps taken, and 1543 accepted.
[mcmc] Progress @ 2026-06-13 08:29:30 : 1923 steps taken, and 1472 accepted.
[mcmc] Progress @ 2026-06-13 08:29:46 : 2010 steps taken, and 1565 accepted.
[mcmc] Progress @ 2026-06-13 08:30:01 : 2026 steps taken, and 1621 accepted.
[mcmc] Progress @ 2026-06-13 08:30:11 : 1849 steps taken, and 1395 accepted.
[mcmc] Progress @ 2026-06-13 08:30:24 : 1819 steps taken, and 1453 accepted.
[mcmc] Progress @ 2026-06-13 08:30:26 : 2064 steps taken, and 1644 accepted.
[mcmc] Progress @ 2026-06-13 08:30:27 : 1920 steps taken, and 1521 accepted.
[mcmc] Progress @ 2026-06-13 08:30:29 : 1841 steps taken, and 1553 accepted.
[mcmc] Progress @ 2026-06-13 08:30:32 : 1937 steps taken, and 1483 accepted.
[mcmc] Progress @ 2026-06-13 08:30:50 : 2038 steps taken, and 1580 accepted.
[mcmc] Progress @ 2026-06-13 08:31:05 : 2042 steps taken, and 1631 accepted.
[mcmc] Progress @ 2026-06-13 08:31:15 : 1862 steps taken, and 1406 accepted.
[mcmc] Progress @ 2026-06-13 08:31:25 : 1833 steps taken, and 1463 accepted.
[mcmc] Progress @ 2026-06-13 08:31:26 : 2082 steps taken, and 1657 accepted.
[mcmc] Progress @ 2026-06-13 08:31:31 : 1935 steps taken, and 1533 accepted.
[mcmc] Progress @ 2026-06-13 08:31:32 : 1854 steps taken, and 1560 accepted.
[mcmc] Progress @ 2026-06-13 08:31:34 : 1950 steps taken, and 1493 accepted.
[mcmc] Progress @ 2026-06-13 08:31:53 : 2053 steps taken, and 1591 accepted.
[mcmc] Progress @ 2026-06-13 08:32:09 : 2057 steps taken, and 1643 accepted.
[mcmc] Progress @ 2026-06-13 08:32:20 : 1875 steps taken, and 1417 accepted.
[mcmc] Progress @ 2026-06-13 08:32:26 : 2099 steps taken, and 1667 accepted.
[mcmc] Progress @ 2026-06-13 08:32:30 : 1846 steps taken, and 1474 accepted.
[mcmc] Progress @ 2026-06-13 08:32:35 : 1951 steps taken, and 1546 accepted.
[mcmc] Learn + convergence test @ 1600 samples accepted.
[mcmc]  - Acceptance rate: 0.764
[mcmc]  - Convergence of means: R-1 = 14.094338 after 1280 accepted steps
[mcmc]  - Updated covariance matrix of proposal pdf.
[mcmc] Progress @ 2026-06-13 08:32:36 : 1870 steps taken, and 1572 accepted.
[mcmc] Progress @ 2026-06-13 08:32:37 : 1964 steps taken, and 1504 accepted.
[mcmc] Progress @ 2026-06-13 08:32:56 : 2068 steps taken, and 1605 accepted.
[mcmc] Progress @ 2026-06-13 08:33:12 : 2074 steps taken, and 1657 accepted.
[mcmc] Progress @ 2026-06-13 08:33:24 : 1888 steps taken, and 1427 accepted.
[mcmc] Progress @ 2026-06-13 08:33:30 : 2115 steps taken, and 1679 accepted.
[mcmc] Progress @ 2026-06-13 08:33:34 : 1859 steps taken, and 1485 accepted.
[mcmc] Progress @ 2026-06-13 08:33:39 : 1969 steps taken, and 1558 accepted.
[mcmc] Progress @ 2026-06-13 08:33:39 : 1883 steps taken, and 1582 accepted.
[mcmc] Progress @ 2026-06-13 08:33:39 : 1978 steps taken, and 1515 accepted.
[mcmc] Progress @ 2026-06-13 08:34:00 : 2086 steps taken, and 1619 accepted.
[mcmc] Progress @ 2026-06-13 08:34:16 : 2090 steps taken, and 1670 accepted.
[mcmc] Progress @ 2026-06-13 08:34:28 : 1903 steps taken, and 1436 accepted.
[mcmc] Progress @ 2026-06-13 08:34:34 : 2133 steps taken, and 1690 accepted.
[mcmc] Progress @ 2026-06-13 08:34:39 : 1876 steps taken, and 1493 accepted.
[mcmc] Progress @ 2026-06-13 08:34:40 : 1984 steps taken, and 1567 accepted.
[mcmc] Progress @ 2026-06-13 08:34:41 : 1991 steps taken, and 1528 accepted.
[mcmc] Progress @ 2026-06-13 08:34:42 : 1896 steps taken, and 1593 accepted.
[mcmc] Progress @ 2026-06-13 08:35:03 : 2105 steps taken, and 1632 accepted.
[mcmc] Progress @ 2026-06-13 08:35:20 : 2110 steps taken, and 1684 accepted.
[mcmc] Learn + convergence test @ 1600 samples accepted.
[mcmc]  - Acceptance rate: 0.838
[mcmc]  - Convergence of means: R-1 = 10.879182 after 1280 accepted steps
[blockedproposer] *ERROR* The given covmat is not a positive-definite, symmetric square matrix.
[mcmc] Progress @ 2026-06-13 08:35:34 : 1920 steps taken, and 1446 accepted.
[mcmc] Progress @ 2026-06-13 08:35:38 : 2151 steps taken, and 1700 accepted.
[mcmc] Progress @ 2026-06-13 08:35:40 : 2000 steps taken, and 1579 accepted.
[mcmc] Progress @ 2026-06-13 08:35:43 : 2004 steps taken, and 1538 accepted.
[mcmc] Progress @ 2026-06-13 08:35:43 : 1890 steps taken, and 1503 accepted.
[mcmc] Progress @ 2026-06-13 08:35:46 : 1909 steps taken, and 1604 accepted.
[mcmc] Progress @ 2026-06-13 08:36:07 : 2124 steps taken, and 1645 accepted.
[mcmc] Progress @ 2026-06-13 08:36:20 : 2124 steps taken, and 1697 accepted.
[mcmc] Progress @ 2026-06-13 08:36:34 : 1933 steps taken, and 1455 accepted.
[mcmc] Progress @ 2026-06-13 08:36:39 : 2167 steps taken, and 1711 accepted.
[mcmc] Progress @ 2026-06-13 08:36:41 : 2015 steps taken, and 1591 accepted.
[mcmc] Progress @ 2026-06-13 08:36:45 : 2019 steps taken, and 1547 accepted.
[mcmc] Progress @ 2026-06-13 08:36:47 : 1903 steps taken, and 1514 accepted.
[mcmc] Progress @ 2026-06-13 08:36:50 : 1925 steps taken, and 1613 accepted.
[mcmc] Progress @ 2026-06-13 08:37:11 : 2148 steps taken, and 1658 accepted.
[mcmc] Learn + convergence test @ 1600 samples accepted.
[mcmc]  - Acceptance rate: 0.778
[mcmc]  - Convergence of means: R-1 = 17.367338 after 1280 accepted steps
[blockedproposer] *ERROR* The given covmat is not a positive-definite, symmetric square matrix.
[mcmc] Progress @ 2026-06-13 08:37:25 : 2141 steps taken, and 1707 accepted.
[mcmc] Progress @ 2026-06-13 08:37:36 : 1953 steps taken, and 1466 accepted.
[mcmc] Progress @ 2026-06-13 08:37:39 : 2184 steps taken, and 1720 accepted.
[mcmc] Progress @ 2026-06-13 08:37:43 : 2030 steps taken, and 1603 accepted.
[mcmc] Progress @ 2026-06-13 08:37:47 : 2033 steps taken, and 1557 accepted.
[mcmc] Progress @ 2026-06-13 08:37:48 : 1915 steps taken, and 1523 accepted.
[mcmc] Progress @ 2026-06-13 08:37:55 : 1939 steps taken, and 1623 accepted.
[mcmc] Progress @ 2026-06-13 08:38:14 : 2163 steps taken, and 1671 accepted.
[mcmc] Progress @ 2026-06-13 08:38:29 : 2157 steps taken, and 1720 accepted.
[mcmc] Progress @ 2026-06-13 08:38:38 : 1967 steps taken, and 1474 accepted.
[mcmc] Progress @ 2026-06-13 08:38:43 : 2045 steps taken, and 1615 accepted.
[mcmc] Progress @ 2026-06-13 08:38:44 : 2199 steps taken, and 1730 accepted.
[mcmc] Progress @ 2026-06-13 08:38:48 : 2048 steps taken, and 1567 accepted.
[mcmc] Progress @ 2026-06-13 08:38:52 : 1929 steps taken, and 1532 accepted.
[mcmc] Progress @ 2026-06-13 08:38:58 : 1952 steps taken, and 1634 accepted.
[mcmc] Progress @ 2026-06-13 08:39:18 : 2179 steps taken, and 1682 accepted.
[mcmc] Progress @ 2026-06-13 08:39:32 : 2176 steps taken, and 1731 accepted.
[mcmc] Progress @ 2026-06-13 08:39:42 : 1982 steps taken, and 1485 accepted.
[mcmc] Progress @ 2026-06-13 08:39:43 : 2060 steps taken, and 1627 accepted.
[mcmc] Progress @ 2026-06-13 08:39:44 : 2213 steps taken, and 1738 accepted.
[mcmc] Progress @ 2026-06-13 08:39:50 : 2061 steps taken, and 1579 accepted.
[mcmc] Progress @ 2026-06-13 08:39:56 : 1942 steps taken, and 1542 accepted.
[mcmc] Progress @ 2026-06-13 08:40:02 : 1965 steps taken, and 1642 accepted.
[mcmc] Progress @ 2026-06-13 08:40:22 : 2196 steps taken, and 1693 accepted.
[mcmc] Progress @ 2026-06-13 08:40:35 : 2192 steps taken, and 1743 accepted.
[mcmc] Progress @ 2026-06-13 08:40:42 : 1996 steps taken, and 1493 accepted.
[mcmc] Progress @ 2026-06-13 08:40:44 : 2074 steps taken, and 1638 accepted.
[mcmc] Progress @ 2026-06-13 08:40:44 : 2227 steps taken, and 1750 accepted.
[mcmc] Progress @ 2026-06-13 08:40:53 : 2074 steps taken, and 1589 accepted.
[mcmc] Progress @ 2026-06-13 08:41:01 : 1957 steps taken, and 1553 accepted.
[mcmc] Progress @ 2026-06-13 08:41:03 : 1977 steps taken, and 1649 accepted.
[mcmc] Progress @ 2026-06-13 08:41:25 : 2214 steps taken, and 1707 accepted.
[mcmc] Progress @ 2026-06-13 08:41:39 : 2209 steps taken, and 1756 accepted.
[mcmc] Progress @ 2026-06-13 08:41:43 : 2010 steps taken, and 1502 accepted.
[mcmc] Progress @ 2026-06-13 08:41:44 : 2089 steps taken, and 1650 accepted.
[mcmc] Progress @ 2026-06-13 08:41:45 : 2245 steps taken, and 1758 accepted.
[mcmc] Progress @ 2026-06-13 08:41:55 : 2087 steps taken, and 1599 accepted.
[mcmc] Learn + convergence test @ 1600 samples accepted.
[mcmc]  - Acceptance rate: 0.746
[mcmc]  - Convergence of means: R-1 = 13.972449 after 1280 accepted steps
[blockedproposer] *ERROR* The given covmat is not a positive-definite, symmetric square matrix.
[mcmc] Progress @ 2026-06-13 08:42:05 : 1973 steps taken, and 1565 accepted.
[mcmc] Progress @ 2026-06-13 08:42:08 : 1990 steps taken, and 1657 accepted.
[mcmc] Progress @ 2026-06-13 08:42:29 : 2235 steps taken, and 1721 accepted.
[mcmc] Progress @ 2026-06-13 08:42:39 : 2227 steps taken, and 1766 accepted.
[mcmc] Progress @ 2026-06-13 08:42:44 : 2024 steps taken, and 1510 accepted.
[mcmc] Progress @ 2026-06-13 08:42:45 : 2103 steps taken, and 1662 accepted.
[mcmc] Progress @ 2026-06-13 08:42:49 : 2268 steps taken, and 1769 accepted.
[mcmc] Progress @ 2026-06-13 08:42:57 : 2100 steps taken, and 1608 accepted.
[mcmc] Progress @ 2026-06-13 08:43:10 : 1986 steps taken, and 1576 accepted.
[mcmc] Progress @ 2026-06-13 08:43:11 : 2003 steps taken, and 1669 accepted.
[mcmc] Progress @ 2026-06-13 08:43:33 : 2256 steps taken, and 1732 accepted.
[mcmc] Progress @ 2026-06-13 08:43:43 : 2250 steps taken, and 1779 accepted.
[mcmc] Progress @ 2026-06-13 08:43:45 : 2036 steps taken, and 1521 accepted.
[mcmc] Progress @ 2026-06-13 08:43:49 : 2118 steps taken, and 1673 accepted.
[mcmc] Progress @ 2026-06-13 08:43:49 : 2282 steps taken, and 1781 accepted.
[mcmc] Progress @ 2026-06-13 08:44:00 : 2113 steps taken, and 1619 accepted.
[mcmc] Progress @ 2026-06-13 08:44:15 : 2012 steps taken, and 1589 accepted.
[mcmc] Progress @ 2026-06-13 08:44:15 : 2016 steps taken, and 1680 accepted.
[mcmc] Progress @ 2026-06-13 08:44:37 : 2277 steps taken, and 1745 accepted.
[mcmc] Progress @ 2026-06-13 08:44:45 : 2048 steps taken, and 1532 accepted.
[mcmc] Progress @ 2026-06-13 08:44:47 : 2267 steps taken, and 1788 accepted.
[mcmc] Progress @ 2026-06-13 08:44:49 : 2132 steps taken, and 1685 accepted.
[mcmc] Progress @ 2026-06-13 08:44:50 : 2296 steps taken, and 1790 accepted.
[mcmc] Progress @ 2026-06-13 08:45:02 : 2126 steps taken, and 1631 accepted.
[mcmc] Progress @ 2026-06-13 08:45:18 : 2029 steps taken, and 1691 accepted.
[mcmc] Progress @ 2026-06-13 08:45:19 : 2038 steps taken, and 1599 accepted.
[mcmc] Learn + convergence test @ 1600 samples accepted.
[mcmc]  - Acceptance rate: 0.767
[mcmc]  - Convergence of means: R-1 = 12.969638 after 1280 accepted steps
[mcmc]  - Updated covariance matrix of proposal pdf.
[mcmc] Progress @ 2026-06-13 08:45:41 : 2297 steps taken, and 1758 accepted.
[mcmc] Progress @ 2026-06-13 08:45:46 : 2062 steps taken, and 1538 accepted.
[mcmc] Progress @ 2026-06-13 08:45:51 : 2284 steps taken, and 1799 accepted.
[mcmc] Progress @ 2026-06-13 08:45:52 : 2322 steps taken, and 1799 accepted.
[mcmc] Progress @ 2026-06-13 08:45:53 : 2148 steps taken, and 1698 accepted.
[mcmc] Progress @ 2026-06-13 08:46:05 : 2139 steps taken, and 1641 accepted.
[mcmc] Progress @ 2026-06-13 08:46:21 : 2042 steps taken, and 1703 accepted.
[mcmc] Progress @ 2026-06-13 08:46:24 : 2053 steps taken, and 1610 accepted.
[mcmc] Progress @ 2026-06-13 08:46:41 : 2311 steps taken, and 1769 accepted.
[mcmc] Progress @ 2026-06-13 08:46:49 : 2077 steps taken, and 1549 accepted.
[mcmc] Progress @ 2026-06-13 08:46:52 : 2302 steps taken, and 1809 accepted.
[mcmc] Progress @ 2026-06-13 08:46:53 : 2338 steps taken, and 1809 accepted.
[mcmc] Progress @ 2026-06-13 08:46:57 : 2164 steps taken, and 1712 accepted.
[mcmc] Progress @ 2026-06-13 08:47:07 : 2152 steps taken, and 1651 accepted.
[mcmc] Progress @ 2026-06-13 08:47:24 : 2068 steps taken, and 1619 accepted.
[mcmc] Progress @ 2026-06-13 08:47:24 : 2055 steps taken, and 1716 accepted.
[mcmc] Progress @ 2026-06-13 08:47:45 : 2327 steps taken, and 1779 accepted.
[mcmc] Progress @ 2026-06-13 08:47:50 : 2092 steps taken, and 1556 accepted.
[mcmc] Progress @ 2026-06-13 08:47:52 : 2318 steps taken, and 1822 accepted.
[mcmc] Progress @ 2026-06-13 08:47:53 : 2353 steps taken, and 1820 accepted.
[mcmc] Progress @ 2026-06-13 08:48:01 : 2180 steps taken, and 1722 accepted.
[mcmc] Progress @ 2026-06-13 08:48:09 : 2166 steps taken, and 1662 accepted.
omega_m outside of bounds
omega_m outside of bounds
[mcmc] Progress @ 2026-06-13 08:48:25 : 2080 steps taken, and 1627 accepted.
[mcmc] Progress @ 2026-06-13 08:48:28 : 2068 steps taken, and 1727 accepted.
[mcmc] Progress @ 2026-06-13 08:48:49 : 2345 steps taken, and 1792 accepted.
[mcmc] Progress @ 2026-06-13 08:48:50 : 2104 steps taken, and 1564 accepted.
[mcmc] Progress @ 2026-06-13 08:48:53 : 2332 steps taken, and 1829 accepted.
[mcmc] Progress @ 2026-06-13 08:48:53 : 2369 steps taken, and 1831 accepted.
[mcmc] Progress @ 2026-06-13 08:49:04 : 2198 steps taken, and 1736 accepted.
[mcmc] Progress @ 2026-06-13 08:49:11 : 2180 steps taken, and 1671 accepted.
omega_m outside of bounds
omega_m outside of bounds
omega_m outside of bounds
omega_m outside of bounds
omega_m outside of bounds
[mcmc] Progress @ 2026-06-13 08:49:25 : 2093 steps taken, and 1636 accepted.
[mcmc] Progress @ 2026-06-13 08:49:31 : 2081 steps taken, and 1739 accepted.
[mcmc] Progress @ 2026-06-13 08:49:50 : 2359 steps taken, and 1800 accepted.
[mcmc] Progress @ 2026-06-13 08:49:53 : 2384 steps taken, and 1840 accepted.
[mcmc] Progress @ 2026-06-13 08:49:55 : 2120 steps taken, and 1573 accepted.
[mcmc] Progress @ 2026-06-13 08:49:56 : 2348 steps taken, and 1842 accepted.
[mcmc] Progress @ 2026-06-13 08:50:08 : 2215 steps taken, and 1750 accepted.
[mcmc] Progress @ 2026-06-13 08:50:14 : 2197 steps taken, and 1681 accepted.
omega_m outside of bounds
[mcmc] Progress @ 2026-06-13 08:50:25 : 2107 steps taken, and 1646 accepted.
[mcmc] Progress @ 2026-06-13 08:50:34 : 2094 steps taken, and 1751 accepted.
[mcmc] Progress @ 2026-06-13 08:50:50 : 2373 steps taken, and 1807 accepted.
[mcmc] Progress @ 2026-06-13 08:50:53 : 2399 steps taken, and 1850 accepted.
[mcmc] Progress @ 2026-06-13 08:50:56 : 2133 steps taken, and 1583 accepted.
[mcmc] Progress @ 2026-06-13 08:51:00 : 2363 steps taken, and 1855 accepted.
[mcmc] Progress @ 2026-06-13 08:51:11 : 2234 steps taken, and 1763 accepted.
[mcmc] Progress @ 2026-06-13 08:51:16 : 2211 steps taken, and 1691 accepted.
omega_m outside of bounds
omega_m outside of bounds
omega_m outside of bounds
[mcmc] Progress @ 2026-06-13 08:51:26 : 2119 steps taken, and 1653 accepted.
[mcmc] Progress @ 2026-06-13 08:51:37 : 2107 steps taken, and 1762 accepted.
[mcmc] Progress @ 2026-06-13 08:51:51 : 2388 steps taken, and 1818 accepted.
[mcmc] Progress @ 2026-06-13 08:51:56 : 2145 steps taken, and 1592 accepted.
[mcmc] Progress @ 2026-06-13 08:51:57 : 2420 steps taken, and 1863 accepted.
[mcmc] Progress @ 2026-06-13 08:52:04 : 2379 steps taken, and 1869 accepted.
[mcmc] Progress @ 2026-06-13 08:52:15 : 2254 steps taken, and 1777 accepted.
[mcmc] Progress @ 2026-06-13 08:52:18 : 2224 steps taken, and 1701 accepted.
omega_m outside of bounds
omega_m outside of bounds
omega_m outside of bounds
[mcmc] Progress @ 2026-06-13 08:52:28 : 2131 steps taken, and 1661 accepted.
[mcmc] Progress @ 2026-06-13 08:52:41 : 2120 steps taken, and 1774 accepted.
[mcmc] Learn + convergence test @ 1600 samples accepted.
[mcmc]  - Acceptance rate: 0.715
[mcmc]  - Convergence of means: R-1 = 7.692092 after 1280 accepted steps
[blockedproposer] *ERROR* The given covmat is not a positive-definite, symmetric square matrix.
[mcmc] Progress @ 2026-06-13 08:52:51 : 2402 steps taken, and 1829 accepted.
[mcmc] Progress @ 2026-06-13 08:52:56 : 2161 steps taken, and 1602 accepted.
[mcmc] Progress @ 2026-06-13 08:52:58 : 2444 steps taken, and 1873 accepted.
[mcmc] Progress @ 2026-06-13 08:53:07 : 2395 steps taken, and 1878 accepted.
[mcmc] Progress @ 2026-06-13 08:53:18 : 2269 steps taken, and 1789 accepted.
[mcmc] Progress @ 2026-06-13 08:53:20 : 2239 steps taken, and 1711 accepted.
[mcmc] Progress @ 2026-06-13 08:53:28 : 2146 steps taken, and 1671 accepted.
[mcmc] Progress @ 2026-06-13 08:53:44 : 2133 steps taken, and 1787 accepted.
[mcmc] Progress @ 2026-06-13 08:53:55 : 2417 steps taken, and 1842 accepted.
[mcmc] Progress @ 2026-06-13 08:53:57 : 2173 steps taken, and 1611 accepted.
[mcmc] Progress @ 2026-06-13 08:53:58 : 2459 steps taken, and 1886 accepted.
[mcmc] Progress @ 2026-06-13 08:54:11 : 2413 steps taken, and 1886 accepted.
[mcmc] Progress @ 2026-06-13 08:54:22 : 2286 steps taken, and 1803 accepted.
[mcmc] Progress @ 2026-06-13 08:54:22 : 2255 steps taken, and 1722 accepted.
[mcmc] Progress @ 2026-06-13 08:54:29 : 2160 steps taken, and 1683 accepted.
[mcmc] Progress @ 2026-06-13 08:54:47 : 2146 steps taken, and 1798 accepted.
[mcmc] Progress @ 2026-06-13 08:54:56 : 2434 steps taken, and 1849 accepted.
[mcmc] Progress @ 2026-06-13 08:54:58 : 2473 steps taken, and 1895 accepted.
[mcmc] Progress @ 2026-06-13 08:55:02 : 2189 steps taken, and 1620 accepted.
[mcmc] Progress @ 2026-06-13 08:55:15 : 2431 steps taken, and 1898 accepted.
[mcmc] Progress @ 2026-06-13 08:55:24 : 2273 steps taken, and 1734 accepted.
[mcmc] Progress @ 2026-06-13 08:55:25 : 2303 steps taken, and 1814 accepted.
[mcmc] Progress @ 2026-06-13 08:55:29 : 2173 steps taken, and 1693 accepted.
[mcmc] Progress @ 2026-06-13 08:55:51 : 2159 steps taken, and 1811 accepted.
[mcmc] Progress @ 2026-06-13 08:55:58 : 2457 steps taken, and 1854 accepted.
[mcmc] Progress @ 2026-06-13 08:55:59 : 2489 steps taken, and 1904 accepted.
[mcmc] Progress @ 2026-06-13 08:56:03 : 2206 steps taken, and 1630 accepted.
[mcmc] Progress @ 2026-06-13 08:56:16 : 2446 steps taken, and 1906 accepted.
[mcmc] Progress @ 2026-06-13 08:56:27 : 2289 steps taken, and 1744 accepted.
[mcmc] Progress @ 2026-06-13 08:56:28 : 2318 steps taken, and 1826 accepted.
omega_m outside of bounds
[mcmc] Progress @ 2026-06-13 08:56:30 : 2187 steps taken, and 1704 accepted.
[mcmc] Progress @ 2026-06-13 08:56:52 : 2171 steps taken, and 1822 accepted.
[mcmc] Progress @ 2026-06-13 08:56:59 : 2471 steps taken, and 1862 accepted.
[mcmc] Progress @ 2026-06-13 08:56:59 : 2504 steps taken, and 1914 accepted.
[mcmc] Progress @ 2026-06-13 08:57:05 : 2219 steps taken, and 1639 accepted.
[mcmc] Progress @ 2026-06-13 08:57:17 : 2463 steps taken, and 1914 accepted.
[mcmc] Progress @ 2026-06-13 08:57:29 : 2302 steps taken, and 1753 accepted.
omega_m outside of bounds
omega_m outside of bounds
omega_m outside of bounds
omega_m outside of bounds
omega_m outside of bounds
omega_m outside of bounds
omega_m outside of bounds
omega_m outside of bounds
omega_m outside of bounds
[mcmc] Progress @ 2026-06-13 08:57:30 : 2199 steps taken, and 1714 accepted.
[mcmc] Progress @ 2026-06-13 08:57:32 : 2333 steps taken, and 1838 accepted.
[mcmc] Learn + convergence test @ 1920 samples accepted.
[mcmc]  - Acceptance rate: 0.738
[mcmc]  - Convergence of means: R-1 = 4.616595 after 1536 accepted steps
[mcmc]  - Updated covariance matrix of proposal pdf.
[mcmc] Learn + convergence test @ 1920 samples accepted.
[mcmc]  - Acceptance rate: 0.762
[mcmc]  - Convergence of means: R-1 = 5.077303 after 1536 accepted steps
[mcmc]  - Updated covariance matrix of proposal pdf.
[mcmc] Progress @ 2026-06-13 08:57:54 : 2183 steps taken, and 1830 accepted.
[mcmc] Progress @ 2026-06-13 08:57:59 : 2485 steps taken, and 1871 accepted.
[mcmc] Progress @ 2026-06-13 08:58:00 : 2521 steps taken, and 1920 accepted.
[mcmc] Progress @ 2026-06-13 08:58:06 : 2231 steps taken, and 1647 accepted.
[mcmc] Progress @ 2026-06-13 08:58:17 : 2478 steps taken, and 1926 accepted.
[mcmc] Progress @ 2026-06-13 08:58:31 : 2319 steps taken, and 1762 accepted.
omega_m outside of bounds
omega_m outside of bounds
omega_m outside of bounds
omega_m outside of bounds
omega_m outside of bounds
omega_m outside of bounds
omega_m outside of bounds
omega_m outside of bounds
[mcmc] Progress @ 2026-06-13 08:58:31 : 2229 steps taken, and 1721 accepted.
[mcmc] Progress @ 2026-06-13 08:58:36 : 2348 steps taken, and 1848 accepted.
[mcmc] Progress @ 2026-06-13 08:58:58 : 2196 steps taken, and 1843 accepted.
[mcmc] Progress @ 2026-06-13 08:59:00 : 2535 steps taken, and 1931 accepted.
[mcmc] Progress @ 2026-06-13 08:59:02 : 2500 steps taken, and 1886 accepted.
[mcmc] Progress @ 2026-06-13 08:59:10 : 2244 steps taken, and 1654 accepted.
[mcmc] Progress @ 2026-06-13 08:59:18 : 2494 steps taken, and 1936 accepted.
[mcmc] Progress @ 2026-06-13 08:59:33 : 2334 steps taken, and 1771 accepted.
omega_m outside of bounds
omega_m outside of bounds
omega_m outside of bounds
[mcmc] Progress @ 2026-06-13 08:59:36 : 2267 steps taken, and 1729 accepted.
[mcmc] Progress @ 2026-06-13 08:59:40 : 2368 steps taken, and 1862 accepted.
[mcmc] Progress @ 2026-06-13 09:00:00 : 2549 steps taken, and 1941 accepted.
[mcmc] Progress @ 2026-06-13 09:00:03 : 2525 steps taken, and 1896 accepted.
[mcmc] Progress @ 2026-06-13 09:00:03 : 2214 steps taken, and 1853 accepted.
[mcmc] Progress @ 2026-06-13 09:00:15 : 2257 steps taken, and 1664 accepted.
[mcmc] Progress @ 2026-06-13 09:00:18 : 2511 steps taken, and 1945 accepted.
[mcmc] Progress @ 2026-06-13 09:00:35 : 2347 steps taken, and 1778 accepted.
[mcmc] Progress @ 2026-06-13 09:00:36 : 2281 steps taken, and 1739 accepted.
[mcmc] Progress @ 2026-06-13 09:00:43 : 2386 steps taken, and 1875 accepted.
[mcmc] Progress @ 2026-06-13 09:01:01 : 2563 steps taken, and 1951 accepted.
[mcmc] Progress @ 2026-06-13 09:01:07 : 2542 steps taken, and 1907 accepted.
[mcmc] Progress @ 2026-06-13 09:01:07 : 2228 steps taken, and 1866 accepted.
[mcmc] Progress @ 2026-06-13 09:01:16 : 2269 steps taken, and 1672 accepted.
[mcmc] Progress @ 2026-06-13 09:01:19 : 2526 steps taken, and 1951 accepted.
[mcmc] Progress @ 2026-06-13 09:01:36 : 2294 steps taken, and 1748 accepted.
[mcmc] Progress @ 2026-06-13 09:01:37 : 2360 steps taken, and 1784 accepted.
[mcmc] Progress @ 2026-06-13 09:01:47 : 2404 steps taken, and 1887 accepted.
[mcmc] Progress @ 2026-06-13 09:02:01 : 2583 steps taken, and 1963 accepted.
[mcmc] Progress @ 2026-06-13 09:02:07 : 2556 steps taken, and 1919 accepted.
[mcmc] Progress @ 2026-06-13 09:02:08 : 2240 steps taken, and 1873 accepted.
[mcmc] Learn + convergence test @ 1920 samples accepted.
[mcmc]  - Acceptance rate: 0.734
[mcmc]  - Convergence of means: R-1 = 12.114719 after 1536 accepted steps
[mcmc]  - Updated covariance matrix of proposal pdf.
[mcmc] Progress @ 2026-06-13 09:02:19 : 2540 steps taken, and 1961 accepted.
[mcmc] Progress @ 2026-06-13 09:02:20 : 2286 steps taken, and 1684 accepted.
omega_m outside of bounds
omega_m outside of bounds
[mcmc] Progress @ 2026-06-13 09:02:37 : 2307 steps taken, and 1759 accepted.
[mcmc] Progress @ 2026-06-13 09:02:38 : 2374 steps taken, and 1796 accepted.
[mcmc] Progress @ 2026-06-13 09:02:50 : 2420 steps taken, and 1900 accepted.
[mcmc] Progress @ 2026-06-13 09:03:01 : 2600 steps taken, and 1974 accepted.
[mcmc] Progress @ 2026-06-13 09:03:08 : 2253 steps taken, and 1883 accepted.
[mcmc] Progress @ 2026-06-13 09:03:11 : 2571 steps taken, and 1931 accepted.
[mcmc] Progress @ 2026-06-13 09:03:23 : 2555 steps taken, and 1971 accepted.
[mcmc] Progress @ 2026-06-13 09:03:24 : 2299 steps taken, and 1696 accepted.
omega_m outside of bounds
omega_m outside of bounds
[mcmc] Progress @ 2026-06-13 09:03:37 : 2320 steps taken, and 1769 accepted.
[mcmc] Progress @ 2026-06-13 09:03:38 : 2388 steps taken, and 1807 accepted.
[mcmc] Progress @ 2026-06-13 09:03:54 : 2436 steps taken, and 1913 accepted.
[mcmc] Progress @ 2026-06-13 09:04:02 : 2621 steps taken, and 1984 accepted.
[mcmc] Progress @ 2026-06-13 09:04:12 : 2266 steps taken, and 1894 accepted.
[mcmc] Progress @ 2026-06-13 09:04:14 : 2599 steps taken, and 1943 accepted.
[mcmc] Progress @ 2026-06-13 09:04:27 : 2570 steps taken, and 1985 accepted.
[mcmc] Progress @ 2026-06-13 09:04:28 : 2312 steps taken, and 1706 accepted.
omega_m outside of bounds
omega_m outside of bounds
omega_m outside of bounds
omega_m outside of bounds
omega_m outside of bounds
[mcmc] Progress @ 2026-06-13 09:04:38 : 2333 steps taken, and 1778 accepted.
[mcmc] Progress @ 2026-06-13 09:04:39 : 2404 steps taken, and 1817 accepted.
[mcmc] Learn + convergence test @ 1920 samples accepted.
[mcmc]  - Acceptance rate: 0.769
[mcmc]  - Convergence of means: R-1 = 6.826997 after 1536 accepted steps
[mcmc]  - Updated covariance matrix of proposal pdf.
[mcmc] Progress @ 2026-06-13 09:04:58 : 2456 steps taken, and 1923 accepted.
[mcmc] Progress @ 2026-06-13 09:05:02 : 2652 steps taken, and 1996 accepted.
[mcmc] Progress @ 2026-06-13 09:05:17 : 2279 steps taken, and 1905 accepted.
[mcmc] Progress @ 2026-06-13 09:05:18 : 2621 steps taken, and 1956 accepted.
[mcmc] Progress @ 2026-06-13 09:05:31 : 2596 steps taken, and 1996 accepted.
[mcmc] Progress @ 2026-06-13 09:05:33 : 2325 steps taken, and 1717 accepted.
omega_m outside of bounds
omega_m outside of bounds
omega_m outside of bounds
omega_m outside of bounds
omega_m outside of bounds
omega_m outside of bounds
omega_m outside of bounds
omega_m outside of bounds
omega_m outside of bounds
omega_m outside of bounds
omega_m outside of bounds
omega_m outside of bounds
[mcmc] Progress @ 2026-06-13 09:05:38 : 2349 steps taken, and 1788 accepted.
[mcmc] Progress @ 2026-06-13 09:05:40 : 2418 steps taken, and 1827 accepted.
[mcmc] Progress @ 2026-06-13 09:06:02 : 2485 steps taken, and 1935 accepted.
[mcmc] Progress @ 2026-06-13 09:06:02 : 2670 steps taken, and 2007 accepted.
[mcmc] Progress @ 2026-06-13 09:06:22 : 2292 steps taken, and 1918 accepted.
[mcmc] Progress @ 2026-06-13 09:06:22 : 2637 steps taken, and 1969 accepted.
[mcmc] Learn + convergence test @ 1920 samples accepted.
[mcmc]  - Acceptance rate: 0.833
[mcmc]  - Convergence of means: R-1 = 15.916629 after 1536 accepted steps
[blockedproposer] *ERROR* The given covmat is not a positive-definite, symmetric square matrix.
[mcmc] Progress @ 2026-06-13 09:06:35 : 2626 steps taken, and 2006 accepted.
[mcmc] Progress @ 2026-06-13 09:06:37 : 2338 steps taken, and 1726 accepted.
omega_m outside of bounds
omega_m outside of bounds
omega_m outside of bounds
omega_m outside of bounds
omega_m outside of bounds
omega_m outside of bounds
omega_m outside of bounds
omega_m outside of bounds
omega_m outside of bounds
omega_m outside of bounds
omega_m outside of bounds
omega_m outside of bounds
[mcmc] Progress @ 2026-06-13 09:06:39 : 2362 steps taken, and 1797 accepted.
[mcmc] Progress @ 2026-06-13 09:06:41 : 2433 steps taken, and 1837 accepted.
[mcmc] Progress @ 2026-06-13 09:07:03 : 2695 steps taken, and 2018 accepted.
[mcmc] Progress @ 2026-06-13 09:07:06 : 2512 steps taken, and 1949 accepted.
[mcmc] Progress @ 2026-06-13 09:07:22 : 2652 steps taken, and 1979 accepted.
[mcmc] Progress @ 2026-06-13 09:07:22 : 2304 steps taken, and 1927 accepted.
[mcmc] Progress @ 2026-06-13 09:07:38 : 2350 steps taken, and 1731 accepted.
[mcmc] Progress @ 2026-06-13 09:07:39 : 2642 steps taken, and 2013 accepted.
omega_m outside of bounds
omega_m outside of bounds
omega_m outside of bounds
omega_m outside of bounds
omega_m outside of bounds
omega_m outside of bounds
omega_m outside of bounds
omega_m outside of bounds
omega_m outside of bounds
omega_m outside of bounds
omega_m outside of bounds
omega_m outside of bounds
[mcmc] Progress @ 2026-06-13 09:07:39 : 2374 steps taken, and 1805 accepted.
[mcmc] Progress @ 2026-06-13 09:07:42 : 2447 steps taken, and 1848 accepted.
[mcmc] Progress @ 2026-06-13 09:08:03 : 2716 steps taken, and 2030 accepted.
[mcmc] Progress @ 2026-06-13 09:08:06 : 2527 steps taken, and 1960 accepted.
[mcmc] Progress @ 2026-06-13 09:08:23 : 2666 steps taken, and 1986 accepted.
[mcmc] Progress @ 2026-06-13 09:08:25 : 2321 steps taken, and 1938 accepted.
[mcmc] Progress @ 2026-06-13 09:08:39 : 2362 steps taken, and 1737 accepted.
omega_m outside of bounds
omega_m outside of bounds
omega_m outside of bounds
omega_m outside of bounds
omega_m outside of bounds
omega_m outside of bounds
omega_m outside of bounds
omega_m outside of bounds
omega_m outside of bounds
omega_m outside of bounds
omega_m outside of bounds
omega_m outside of bounds
[mcmc] Progress @ 2026-06-13 09:08:39 : 2386 steps taken, and 1814 accepted.
[mcmc] Progress @ 2026-06-13 09:08:42 : 2665 steps taken, and 2026 accepted.
[mcmc] Progress @ 2026-06-13 09:08:42 : 2461 steps taken, and 1860 accepted.
[mcmc] Progress @ 2026-06-13 09:09:03 : 2735 steps taken, and 2041 accepted.
[mcmc] Progress @ 2026-06-13 09:09:09 : 2543 steps taken, and 1967 accepted.
[mcmc] Progress @ 2026-06-13 09:09:24 : 2681 steps taken, and 1997 accepted.
[mcmc] Progress @ 2026-06-13 09:09:26 : 2340 steps taken, and 1949 accepted.
[mcmc] Progress @ 2026-06-13 09:09:43 : 2475 steps taken, and 1869 accepted.
[mcmc] Progress @ 2026-06-13 09:09:43 : 2377 steps taken, and 1741 accepted.
omega_m outside of bounds
omega_m outside of bounds
omega_m outside of bounds
omega_m outside of bounds
omega_m outside of bounds
omega_m outside of bounds
omega_m outside of bounds
omega_m outside of bounds
omega_m outside of bounds
omega_m outside of bounds
omega_m outside of bounds
omega_m outside of bounds
omega_m outside of bounds
[mcmc] Progress @ 2026-06-13 09:09:44 : 2406 steps taken, and 1824 accepted.
[mcmc] Progress @ 2026-06-13 09:09:46 : 2685 steps taken, and 2039 accepted.
[mcmc] Progress @ 2026-06-13 09:10:07 : 2757 steps taken, and 2054 accepted.
[mcmc] Progress @ 2026-06-13 09:10:13 : 2559 steps taken, and 1976 accepted.
[mcmc] Progress @ 2026-06-13 09:10:24 : 2697 steps taken, and 2011 accepted.
[mcmc] Progress @ 2026-06-13 09:10:26 : 2357 steps taken, and 1958 accepted.
[mcmc] Progress @ 2026-06-13 09:10:43 : 2489 steps taken, and 1877 accepted.
[mcmc] Progress @ 2026-06-13 09:10:44 : 2390 steps taken, and 1749 accepted.
omega_m outside of bounds
omega_m outside of bounds
omega_m outside of bounds
omega_m outside of bounds
omega_m outside of bounds
omega_m outside of bounds
omega_m outside of bounds
omega_m outside of bounds
omega_m outside of bounds
omega_m outside of bounds
omega_m outside of bounds
omega_m outside of bounds
omega_m outside of bounds
[mcmc] Progress @ 2026-06-13 09:10:49 : 2423 steps taken, and 1832 accepted.
[mcmc] Progress @ 2026-06-13 09:10:50 : 2704 steps taken, and 2050 accepted.
[mcmc] Progress @ 2026-06-13 09:11:11 : 2772 steps taken, and 2066 accepted.
[mcmc] Progress @ 2026-06-13 09:11:17 : 2585 steps taken, and 1989 accepted.
[mcmc] Progress @ 2026-06-13 09:11:24 : 2711 steps taken, and 2023 accepted.
[mcmc] Progress @ 2026-06-13 09:11:31 : 2373 steps taken, and 1969 accepted.
[mcmc] Progress @ 2026-06-13 09:11:44 : 2503 steps taken, and 1886 accepted.
[mcmc] Progress @ 2026-06-13 09:11:46 : 2407 steps taken, and 1756 accepted.
omega_m outside of bounds
omega_m outside of bounds
omega_m outside of bounds
omega_m outside of bounds
omega_m outside of bounds
omega_m outside of bounds
omega_m outside of bounds
omega_m outside of bounds
omega_m outside of bounds
omega_m outside of bounds
omega_m outside of bounds
[mcmc] Progress @ 2026-06-13 09:11:49 : 2435 steps taken, and 1841 accepted.
[mcmc] Progress @ 2026-06-13 09:11:53 : 2723 steps taken, and 2063 accepted.
[mcmc] Progress @ 2026-06-13 09:12:11 : 2791 steps taken, and 2078 accepted.
[mcmc] Progress @ 2026-06-13 09:12:21 : 2609 steps taken, and 2002 accepted.
[mcmc] Progress @ 2026-06-13 09:12:25 : 2734 steps taken, and 2034 accepted.
[mcmc] Progress @ 2026-06-13 09:12:35 : 2393 steps taken, and 1980 accepted.
[mcmc] Progress @ 2026-06-13 09:12:45 : 2517 steps taken, and 1895 accepted.
[mcmc] Progress @ 2026-06-13 09:12:47 : 2421 steps taken, and 1764 accepted.
omega_m outside of bounds
omega_m outside of bounds
omega_m outside of bounds
[mcmc] Progress @ 2026-06-13 09:12:54 : 2453 steps taken, and 1849 accepted.
[mcmc] Progress @ 2026-06-13 09:12:56 : 2743 steps taken, and 2077 accepted.
[mcmc] Progress @ 2026-06-13 09:13:11 : 2808 steps taken, and 2087 accepted.
[mcmc] Progress @ 2026-06-13 09:13:25 : 2627 steps taken, and 2014 accepted.
[mcmc] Progress @ 2026-06-13 09:13:25 : 2763 steps taken, and 2042 accepted.
[mcmc] Progress @ 2026-06-13 09:13:39 : 2413 steps taken, and 1993 accepted.
[mcmc] Progress @ 2026-06-13 09:13:45 : 2531 steps taken, and 1906 accepted.
[mcmc] Progress @ 2026-06-13 09:13:48 : 2433 steps taken, and 1768 accepted.
omega_m outside of bounds
omega_m outside of bounds
omega_m outside of bounds
omega_m outside of bounds
omega_m outside of bounds
omega_m outside of bounds
omega_m outside of bounds
omega_m outside of bounds
omega_m outside of bounds
[mcmc] Progress @ 2026-06-13 09:13:59 : 2473 steps taken, and 1862 accepted.
[mcmc] Progress @ 2026-06-13 09:13:59 : 2759 steps taken, and 2090 accepted.
[mcmc] Progress @ 2026-06-13 09:14:12 : 2823 steps taken, and 2096 accepted.
[mcmc] Progress @ 2026-06-13 09:14:25 : 2642 steps taken, and 2023 accepted.
[mcmc] Progress @ 2026-06-13 09:14:26 : 2778 steps taken, and 2052 accepted.
[mcmc] Progress @ 2026-06-13 09:14:42 : 2427 steps taken, and 2002 accepted.
[mcmc] Progress @ 2026-06-13 09:14:46 : 2545 steps taken, and 1916 accepted.
[mcmc] Progress @ 2026-06-13 09:14:52 : 2447 steps taken, and 1777 accepted.
omega_m outside of bounds
omega_m outside of bounds
omega_m outside of bounds
omega_m outside of bounds
omega_m outside of bounds
[mcmc] Progress @ 2026-06-13 09:14:59 : 2497 steps taken, and 1872 accepted.
[mcmc] Progress @ 2026-06-13 09:15:02 : 2779 steps taken, and 2098 accepted.
[mcmc] Learn + convergence test @ 1920 samples accepted.
[mcmc]  - Acceptance rate: 0.732
[mcmc]  - Convergence of means: R-1 = 25.466813 after 1536 accepted steps
[mcmc]  - Updated covariance matrix of proposal pdf.
[mcmc] Progress @ 2026-06-13 09:15:12 : 2837 steps taken, and 2105 accepted.
[mcmc] Progress @ 2026-06-13 09:15:27 : 2792 steps taken, and 2062 accepted.
[mcmc] Progress @ 2026-06-13 09:15:29 : 2662 steps taken, and 2033 accepted.
[mcmc] Progress @ 2026-06-13 09:15:46 : 2440 steps taken, and 2012 accepted.
[mcmc] Progress @ 2026-06-13 09:15:47 : 2560 steps taken, and 1926 accepted.
[mcmc] Progress @ 2026-06-13 09:15:57 : 2461 steps taken, and 1788 accepted.
omega_m outside of bounds
omega_m outside of bounds
omega_m outside of bounds
omega_m outside of bounds
omega_m outside of bounds
[mcmc] Progress @ 2026-06-13 09:16:04 : 2513 steps taken, and 1883 accepted.
[mcmc] Progress @ 2026-06-13 09:16:06 : 2796 steps taken, and 2108 accepted.
[mcmc] Progress @ 2026-06-13 09:16:16 : 2856 steps taken, and 2118 accepted.
[mcmc] Progress @ 2026-06-13 09:16:27 : 2807 steps taken, and 2072 accepted.
[mcmc] Progress @ 2026-06-13 09:16:29 : 2677 steps taken, and 2040 accepted.
[mcmc] Progress @ 2026-06-13 09:16:48 : 2574 steps taken, and 1935 accepted.
[mcmc] Progress @ 2026-06-13 09:16:49 : 2453 steps taken, and 2021 accepted.
[mcmc] Progress @ 2026-06-13 09:17:01 : 2484 steps taken, and 1796 accepted.
[mcmc] Progress @ 2026-06-13 09:17:09 : 2530 steps taken, and 1895 accepted.
[mcmc] Progress @ 2026-06-13 09:17:10 : 2823 steps taken, and 2120 accepted.
[mcmc] Progress @ 2026-06-13 09:17:20 : 2885 steps taken, and 2131 accepted.
[mcmc] Progress @ 2026-06-13 09:17:31 : 2822 steps taken, and 2081 accepted.
[mcmc] Progress @ 2026-06-13 09:17:33 : 2693 steps taken, and 2049 accepted.
[mcmc] Progress @ 2026-06-13 09:17:48 : 2589 steps taken, and 1943 accepted.
[mcmc] Progress @ 2026-06-13 09:17:51 : 2466 steps taken, and 2033 accepted.
[mcmc] Progress @ 2026-06-13 09:18:02 : 2498 steps taken, and 1804 accepted.
omega_m outside of bounds
omega_m outside of bounds
omega_m outside of bounds
omega_m outside of bounds
omega_m outside of bounds
omega_m outside of bounds
omega_m outside of bounds
omega_m outside of bounds
omega_m outside of bounds
omega_m outside of bounds
omega_m outside of bounds
[mcmc] Progress @ 2026-06-13 09:18:10 : 2548 steps taken, and 1904 accepted.
[mcmc] Progress @ 2026-06-13 09:18:13 : 2843 steps taken, and 2133 accepted.
[mcmc] Progress @ 2026-06-13 09:18:21 : 2900 steps taken, and 2138 accepted.
[mcmc] Progress @ 2026-06-13 09:18:31 : 2843 steps taken, and 2094 accepted.
[mcmc] Progress @ 2026-06-13 09:18:34 : 2709 steps taken, and 2062 accepted.
[mcmc] Progress @ 2026-06-13 09:18:48 : 2605 steps taken, and 1950 accepted.
[mcmc] Progress @ 2026-06-13 09:18:55 : 2479 steps taken, and 2045 accepted.
[mcmc] Progress @ 2026-06-13 09:19:06 : 2515 steps taken, and 1812 accepted.
omega_m outside of bounds
omega_m outside of bounds
omega_m outside of bounds
[mcmc] Progress @ 2026-06-13 09:19:11 : 2560 steps taken, and 1914 accepted.
[mcmc] Progress @ 2026-06-13 09:19:17 : 2860 steps taken, and 2144 accepted.
[mcmc] Progress @ 2026-06-13 09:19:22 : 2914 steps taken, and 2148 accepted.
[mcmc] Progress @ 2026-06-13 09:19:35 : 2859 steps taken, and 2106 accepted.
[mcmc] Progress @ 2026-06-13 09:19:35 : 2728 steps taken, and 2069 accepted.
[mcmc] Progress @ 2026-06-13 09:19:48 : 2619 steps taken, and 1958 accepted.
omega_m outside of bounds
[mcmc] Learn + convergence test @ 1920 samples accepted.
[mcmc]  - Acceptance rate: 0.724
[mcmc]  - Convergence of means: R-1 = 10.219783 after 1536 accepted steps
[blockedproposer] *ERROR* The given covmat is not a positive-definite, symmetric square matrix.
[mcmc] Progress @ 2026-06-13 09:19:58 : 2492 steps taken, and 2055 accepted.
[mcmc] Progress @ 2026-06-13 09:20:10 : 2528 steps taken, and 1816 accepted.
[mcmc] Progress @ 2026-06-13 09:20:15 : 2576 steps taken, and 1924 accepted.
[mcmc] Progress @ 2026-06-13 09:20:18 : 2875 steps taken, and 2154 accepted.
[mcmc] Progress @ 2026-06-13 09:20:23 : 2928 steps taken, and 2159 accepted.
[mcmc] Progress @ 2026-06-13 09:20:35 : 2873 steps taken, and 2114 accepted.
[mcmc] Progress @ 2026-06-13 09:20:36 : 2747 steps taken, and 2081 accepted.
[mcmc] Progress @ 2026-06-13 09:20:49 : 2633 steps taken, and 1968 accepted.
[mcmc] Progress @ 2026-06-13 09:21:01 : 2505 steps taken, and 2067 accepted.
[mcmc] Progress @ 2026-06-13 09:21:11 : 2547 steps taken, and 1826 accepted.
omega_m outside of bounds
[mcmc] Progress @ 2026-06-13 09:21:20 : 2590 steps taken, and 1935 accepted.
[mcmc] Progress @ 2026-06-13 09:21:21 : 2890 steps taken, and 2167 accepted.
[mcmc] Progress @ 2026-06-13 09:21:23 : 2943 steps taken, and 2171 accepted.
[mcmc] Progress @ 2026-06-13 09:21:37 : 2765 steps taken, and 2094 accepted.
[mcmc] Progress @ 2026-06-13 09:21:39 : 2892 steps taken, and 2129 accepted.
[mcmc] Progress @ 2026-06-13 09:21:50 : 2647 steps taken, and 1980 accepted.
[mcmc] Progress @ 2026-06-13 09:22:05 : 2518 steps taken, and 2079 accepted.
[mcmc] Progress @ 2026-06-13 09:22:12 : 2566 steps taken, and 1838 accepted.
[mcmc] Progress @ 2026-06-13 09:22:23 : 2957 steps taken, and 2183 accepted.
[mcmc] Progress @ 2026-06-13 09:22:24 : 2605 steps taken, and 1945 accepted.
[mcmc] Progress @ 2026-06-13 09:22:25 : 2905 steps taken, and 2179 accepted.
[mcmc] Progress @ 2026-06-13 09:22:37 : 2782 steps taken, and 2101 accepted.
[mcmc] Progress @ 2026-06-13 09:22:42 : 2914 steps taken, and 2143 accepted.
[mcmc] Progress @ 2026-06-13 09:22:50 : 2664 steps taken, and 1991 accepted.
[mcmc] Progress @ 2026-06-13 09:23:08 : 2531 steps taken, and 2089 accepted.
[mcmc] Progress @ 2026-06-13 09:23:12 : 2581 steps taken, and 1848 accepted.
[mcmc] Progress @ 2026-06-13 09:23:25 : 2978 steps taken, and 2192 accepted.
[mcmc] Progress @ 2026-06-13 09:23:25 : 2618 steps taken, and 1955 accepted.
[mcmc] Progress @ 2026-06-13 09:23:29 : 2925 steps taken, and 2192 accepted.
[mcmc] Progress @ 2026-06-13 09:23:38 : 2798 steps taken, and 2111 accepted.
[mcmc] Progress @ 2026-06-13 09:23:47 : 2944 steps taken, and 2156 accepted.
[mcmc] Progress @ 2026-06-13 09:23:51 : 2680 steps taken, and 2001 accepted.
[mcmc] Progress @ 2026-06-13 09:24:11 : 2544 steps taken, and 2102 accepted.
[mcmc] Progress @ 2026-06-13 09:24:15 : 2596 steps taken, and 1853 accepted.
[mcmc] Progress @ 2026-06-13 09:24:25 : 2630 steps taken, and 1962 accepted.
[mcmc] Progress @ 2026-06-13 09:24:26 : 3000 steps taken, and 2203 accepted.
[mcmc] Progress @ 2026-06-13 09:24:32 : 2948 steps taken, and 2201 accepted.
[mcmc] Progress @ 2026-06-13 09:24:42 : 2815 steps taken, and 2122 accepted.
[mcmc] Progress @ 2026-06-13 09:24:51 : 2983 steps taken, and 2170 accepted.
[mcmc] Progress @ 2026-06-13 09:24:53 : 2696 steps taken, and 2013 accepted.
[mcmc] Progress @ 2026-06-13 09:25:15 : 2557 steps taken, and 2112 accepted.
[mcmc] Progress @ 2026-06-13 09:25:17 : 2610 steps taken, and 1854 accepted.
[mcmc] Progress @ 2026-06-13 09:25:26 : 2643 steps taken, and 1971 accepted.
[mcmc] Progress @ 2026-06-13 09:25:26 : 3015 steps taken, and 2212 accepted.
[mcmc] Progress @ 2026-06-13 09:25:36 : 2964 steps taken, and 2211 accepted.
[mcmc] Progress @ 2026-06-13 09:25:42 : 2832 steps taken, and 2130 accepted.
[mcmc] Progress @ 2026-06-13 09:25:51 : 3009 steps taken, and 2179 accepted.
[mcmc] Progress @ 2026-06-13 09:25:54 : 2714 steps taken, and 2024 accepted.
[mcmc] Progress @ 2026-06-13 09:26:18 : 2570 steps taken, and 2123 accepted.
[mcmc] Progress @ 2026-06-13 09:26:19 : 2632 steps taken, and 1862 accepted.
[mcmc] Progress @ 2026-06-13 09:26:27 : 3030 steps taken, and 2224 accepted.
[mcmc] Progress @ 2026-06-13 09:26:27 : 2655 steps taken, and 1979 accepted.
[mcmc] Progress @ 2026-06-13 09:26:36 : 2981 steps taken, and 2223 accepted.
[mcmc] Progress @ 2026-06-13 09:26:46 : 2850 steps taken, and 2137 accepted.
[mcmc] Progress @ 2026-06-13 09:26:52 : 3043 steps taken, and 2189 accepted.
[mcmc] Progress @ 2026-06-13 09:26:54 : 2735 steps taken, and 2035 accepted.
[mcmc] Progress @ 2026-06-13 09:27:20 : 2652 steps taken, and 1868 accepted.
[mcmc] Progress @ 2026-06-13 09:27:22 : 2583 steps taken, and 2134 accepted.
[mcmc] Progress @ 2026-06-13 09:27:29 : 2667 steps taken, and 1988 accepted.
[mcmc] Progress @ 2026-06-13 09:27:31 : 3047 steps taken, and 2236 accepted.
[mcmc] Progress @ 2026-06-13 09:27:40 : 2996 steps taken, and 2237 accepted.
[mcmc] Progress @ 2026-06-13 09:27:50 : 2865 steps taken, and 2148 accepted.
[mcmc] Progress @ 2026-06-13 09:27:52 : 3057 steps taken, and 2200 accepted.
[mcmc] Learn + convergence test @ 2240 samples accepted.
[mcmc]  - Acceptance rate: 0.703
[mcmc]  - Convergence of means: R-1 = 1.939190 after 1792 accepted steps
[blockedproposer] *ERROR* The given covmat is not a positive-definite, symmetric square matrix.
[mcmc] Progress @ 2026-06-13 09:27:56 : 2751 steps taken, and 2043 accepted.
[mcmc] Learn + convergence test @ 2240 samples accepted.
[mcmc]  - Acceptance rate: 0.728
[mcmc]  - Convergence of means: R-1 = 3.257646 after 1792 accepted steps
[mcmc]  - Updated covariance matrix of proposal pdf.
[mcmc] Progress @ 2026-06-13 09:28:21 : 2669 steps taken, and 1876 accepted.
[mcmc] Progress @ 2026-06-13 09:28:25 : 2596 steps taken, and 2147 accepted.
omega_m outside of bounds
omega_m outside of bounds
omega_m outside of bounds
omega_m outside of bounds
omega_m outside of bounds
omega_m outside of bounds
omega_m outside of bounds
omega_m outside of bounds
omega_m outside of bounds
omega_m outside of bounds
omega_m outside of bounds
[mcmc] Progress @ 2026-06-13 09:28:29 : 2679 steps taken, and 1998 accepted.
[mcmc] Progress @ 2026-06-13 09:28:31 : 3061 steps taken, and 2247 accepted.
[mcmc] Progress @ 2026-06-13 09:28:44 : 3015 steps taken, and 2248 accepted.
[mcmc] Progress @ 2026-06-13 09:28:53 : 3078 steps taken, and 2212 accepted.
[mcmc] Progress @ 2026-06-13 09:28:54 : 2881 steps taken, and 2154 accepted.
[mcmc] Progress @ 2026-06-13 09:28:56 : 2772 steps taken, and 2052 accepted.
[mcmc] Progress @ 2026-06-13 09:29:22 : 2695 steps taken, and 1886 accepted.
[mcmc] Progress @ 2026-06-13 09:29:29 : 2609 steps taken, and 2159 accepted.
omega_m outside of bounds
omega_m outside of bounds
omega_m outside of bounds
omega_m outside of bounds
omega_m outside of bounds
omega_m outside of bounds
omega_m outside of bounds
omega_m outside of bounds
omega_m outside of bounds
omega_m outside of bounds
omega_m outside of bounds
[mcmc] Progress @ 2026-06-13 09:29:34 : 2699 steps taken, and 2009 accepted.
[mcmc] Progress @ 2026-06-13 09:29:36 : 3076 steps taken, and 2256 accepted.
[mcmc] Progress @ 2026-06-13 09:29:45 : 3037 steps taken, and 2258 accepted.
[mcmc] Progress @ 2026-06-13 09:29:54 : 2896 steps taken, and 2168 accepted.
[mcmc] Progress @ 2026-06-13 09:29:57 : 2789 steps taken, and 2062 accepted.
[mcmc] Progress @ 2026-06-13 09:29:57 : 3097 steps taken, and 2223 accepted.
[mcmc] Progress @ 2026-06-13 09:30:24 : 2716 steps taken, and 1891 accepted.
[mcmc] Progress @ 2026-06-13 09:30:32 : 2622 steps taken, and 2170 accepted.
omega_m outside of bounds
omega_m outside of bounds
omega_m outside of bounds
omega_m outside of bounds
[mcmc] Progress @ 2026-06-13 09:30:34 : 2713 steps taken, and 2019 accepted.
[mcmc] Progress @ 2026-06-13 09:30:36 : 3092 steps taken, and 2268 accepted.
[mcmc] Progress @ 2026-06-13 09:30:45 : 3053 steps taken, and 2268 accepted.
[mcmc] Progress @ 2026-06-13 09:30:54 : 2918 steps taken, and 2178 accepted.
[mcmc] Progress @ 2026-06-13 09:30:58 : 2803 steps taken, and 2071 accepted.
[mcmc] Progress @ 2026-06-13 09:31:01 : 3120 steps taken, and 2237 accepted.
[mcmc] Learn + convergence test @ 2240 samples accepted.
[mcmc]  - Acceptance rate: 0.692
[mcmc]  - Convergence of means: R-1 = 8.929741 after 1792 accepted steps
[mcmc]  - Updated covariance matrix of proposal pdf.
[mcmc] Progress @ 2026-06-13 09:31:25 : 2735 steps taken, and 1898 accepted.
[mcmc] Progress @ 2026-06-13 09:31:35 : 2635 steps taken, and 2182 accepted.
[mcmc] Progress @ 2026-06-13 09:31:37 : 3112 steps taken, and 2279 accepted.
[mcmc] Progress @ 2026-06-13 09:31:39 : 2729 steps taken, and 2032 accepted.
[mcmc] Progress @ 2026-06-13 09:31:49 : 3079 steps taken, and 2280 accepted.
[mcmc] Progress @ 2026-06-13 09:31:58 : 2943 steps taken, and 2188 accepted.
[mcmc] Progress @ 2026-06-13 09:31:59 : 2818 steps taken, and 2081 accepted.
[mcmc] Progress @ 2026-06-13 09:32:01 : 3143 steps taken, and 2247 accepted.
[mcmc] Progress @ 2026-06-13 09:32:26 : 2756 steps taken, and 1906 accepted.
[mcmc] Progress @ 2026-06-13 09:32:39 : 2648 steps taken, and 2194 accepted.
[mcmc] Progress @ 2026-06-13 09:32:41 : 3166 steps taken, and 2292 accepted.
omega_m outside of bounds
[mcmc] Progress @ 2026-06-13 09:32:44 : 2746 steps taken, and 2044 accepted.
[mcmc] Progress @ 2026-06-13 09:32:49 : 3096 steps taken, and 2291 accepted.
[mcmc] Progress @ 2026-06-13 09:33:00 : 2833 steps taken, and 2090 accepted.
[mcmc] Progress @ 2026-06-13 09:33:02 : 2962 steps taken, and 2197 accepted.
[mcmc] Progress @ 2026-06-13 09:33:05 : 3160 steps taken, and 2257 accepted.
[mcmc] Progress @ 2026-06-13 09:33:27 : 2773 steps taken, and 1917 accepted.
[mcmc] Progress @ 2026-06-13 09:33:41 : 3184 steps taken, and 2302 accepted.
[mcmc] Progress @ 2026-06-13 09:33:43 : 2662 steps taken, and 2205 accepted.
[mcmc] Progress @ 2026-06-13 09:33:44 : 2759 steps taken, and 2054 accepted.
[mcmc] Progress @ 2026-06-13 09:33:52 : 3111 steps taken, and 2301 accepted.
[mcmc] Learn + convergence test @ 1920 samples accepted.
[mcmc]  - Acceptance rate: 0.660
[mcmc]  - Convergence of means: R-1 = 11.547923 after 1536 accepted steps
[blockedproposer] *ERROR* The given covmat is not a positive-definite, symmetric square matrix.
[mcmc] Progress @ 2026-06-13 09:34:00 : 2847 steps taken, and 2099 accepted.
[mcmc] Progress @ 2026-06-13 09:34:06 : 2991 steps taken, and 2209 accepted.
[mcmc] Progress @ 2026-06-13 09:34:09 : 3180 steps taken, and 2267 accepted.
[mcmc] Progress @ 2026-06-13 09:34:27 : 2794 steps taken, and 1925 accepted.
[mcmc] Progress @ 2026-06-13 09:34:41 : 3216 steps taken, and 2311 accepted.
[mcmc] Progress @ 2026-06-13 09:34:44 : 2771 steps taken, and 2063 accepted.
[mcmc] Progress @ 2026-06-13 09:34:46 : 2675 steps taken, and 2218 accepted.
[mcmc] Progress @ 2026-06-13 09:34:55 : 3126 steps taken, and 2311 accepted.
[mcmc] Progress @ 2026-06-13 09:35:01 : 2861 steps taken, and 2108 accepted.
[mcmc] Progress @ 2026-06-13 09:35:11 : 3020 steps taken, and 2219 accepted.
[mcmc] Progress @ 2026-06-13 09:35:12 : 3198 steps taken, and 2280 accepted.
[mcmc] Progress @ 2026-06-13 09:35:28 : 2814 steps taken, and 1930 accepted.
[mcmc] Progress @ 2026-06-13 09:35:45 : 2789 steps taken, and 2069 accepted.
[mcmc] Progress @ 2026-06-13 09:35:46 : 3234 steps taken, and 2323 accepted.
[mcmc] Progress @ 2026-06-13 09:35:50 : 2690 steps taken, and 2230 accepted.
[mcmc] Progress @ 2026-06-13 09:35:59 : 3147 steps taken, and 2322 accepted.
[mcmc] Progress @ 2026-06-13 09:36:02 : 2879 steps taken, and 2115 accepted.
[mcmc] Progress @ 2026-06-13 09:36:11 : 3043 steps taken, and 2226 accepted.
[mcmc] Progress @ 2026-06-13 09:36:16 : 3217 steps taken, and 2294 accepted.
[mcmc] Progress @ 2026-06-13 09:36:30 : 2835 steps taken, and 1936 accepted.
[mcmc] Learn + convergence test @ 2240 samples accepted.
[mcmc]  - Acceptance rate: 0.819
[mcmc]  - Convergence of means: R-1 = 13.259558 after 1792 accepted steps
[mcmc]  - Updated covariance matrix of proposal pdf.
[mcmc] Progress @ 2026-06-13 09:36:50 : 2802 steps taken, and 2080 accepted.
[mcmc] Progress @ 2026-06-13 09:36:50 : 3255 steps taken, and 2335 accepted.
[mcmc] Progress @ 2026-06-13 09:36:55 : 2706 steps taken, and 2241 accepted.
[mcmc] Progress @ 2026-06-13 09:37:02 : 3165 steps taken, and 2334 accepted.
[mcmc] Progress @ 2026-06-13 09:37:03 : 2893 steps taken, and 2125 accepted.
[mcmc] Progress @ 2026-06-13 09:37:12 : 3062 steps taken, and 2236 accepted.
[mcmc] Progress @ 2026-06-13 09:37:19 : 3232 steps taken, and 2308 accepted.
[mcmc] Progress @ 2026-06-13 09:37:32 : 2869 steps taken, and 1945 accepted.
[mcmc] Learn + convergence test @ 2240 samples accepted.
[mcmc]  - Acceptance rate: 0.705
[mcmc]  - Convergence of means: R-1 = 13.750275 after 1792 accepted steps
[blockedproposer] *ERROR* The given covmat is not a positive-definite, symmetric square matrix.
[mcmc] Progress @ 2026-06-13 09:37:50 : 2815 steps taken, and 2091 accepted.
[mcmc] Progress @ 2026-06-13 09:37:54 : 3276 steps taken, and 2340 accepted.
[mcmc] Progress @ 2026-06-13 09:37:59 : 2723 steps taken, and 2249 accepted.
[mcmc] Progress @ 2026-06-13 09:38:04 : 2915 steps taken, and 2136 accepted.
[mcmc] Progress @ 2026-06-13 09:38:06 : 3180 steps taken, and 2342 accepted.
[mcmc] Progress @ 2026-06-13 09:38:12 : 3081 steps taken, and 2246 accepted.
[mcmc] Progress @ 2026-06-13 09:38:24 : 3250 steps taken, and 2317 accepted.
[mcmc] Progress @ 2026-06-13 09:38:33 : 2897 steps taken, and 1953 accepted.
[mcmc] Progress @ 2026-06-13 09:38:51 : 2829 steps taken, and 2101 accepted.
[mcmc] Progress @ 2026-06-13 09:38:55 : 3290 steps taken, and 2349 accepted.
[mcmc] Progress @ 2026-06-13 09:39:03 : 2738 steps taken, and 2260 accepted.
[mcmc] Progress @ 2026-06-13 09:39:04 : 2936 steps taken, and 2145 accepted.
[mcmc] Progress @ 2026-06-13 09:39:10 : 3197 steps taken, and 2352 accepted.
[mcmc] Progress @ 2026-06-13 09:39:16 : 3110 steps taken, and 2259 accepted.
[mcmc] Progress @ 2026-06-13 09:39:25 : 3264 steps taken, and 2328 accepted.
[mcmc] Progress @ 2026-06-13 09:39:35 : 2912 steps taken, and 1957 accepted.
[mcmc] Progress @ 2026-06-13 09:39:51 : 2841 steps taken, and 2110 accepted.
[mcmc] Progress @ 2026-06-13 09:39:55 : 3318 steps taken, and 2360 accepted.
[mcmc] Progress @ 2026-06-13 09:40:05 : 2962 steps taken, and 2156 accepted.
[mcmc] Progress @ 2026-06-13 09:40:07 : 2751 steps taken, and 2269 accepted.
[mcmc] Progress @ 2026-06-13 09:40:13 : 3215 steps taken, and 2360 accepted.
[mcmc] Progress @ 2026-06-13 09:40:16 : 3127 steps taken, and 2267 accepted.
[mcmc] Progress @ 2026-06-13 09:40:29 : 3281 steps taken, and 2340 accepted.
[mcmc] Progress @ 2026-06-13 09:40:36 : 2932 steps taken, and 1963 accepted.
omega_m outside of bounds
[mcmc] Progress @ 2026-06-13 09:40:51 : 2853 steps taken, and 2118 accepted.
[mcmc] Progress @ 2026-06-13 09:40:56 : 3338 steps taken, and 2371 accepted.
[mcmc] Progress @ 2026-06-13 09:41:06 : 2980 steps taken, and 2163 accepted.
[mcmc] Progress @ 2026-06-13 09:41:11 : 2766 steps taken, and 2277 accepted.
[mcmc] Progress @ 2026-06-13 09:41:17 : 3149 steps taken, and 2278 accepted.
[mcmc] Progress @ 2026-06-13 09:41:17 : 3235 steps taken, and 2371 accepted.
[mcmc] Progress @ 2026-06-13 09:41:33 : 3301 steps taken, and 2350 accepted.
[mcmc] Progress @ 2026-06-13 09:41:38 : 2949 steps taken, and 1970 accepted.
omega_m outside of bounds
[mcmc] Progress @ 2026-06-13 09:41:52 : 2866 steps taken, and 2127 accepted.
[mcmc] Progress @ 2026-06-13 09:41:56 : 3353 steps taken, and 2382 accepted.
[mcmc] Progress @ 2026-06-13 09:42:07 : 2994 steps taken, and 2172 accepted.
[mcmc] Progress @ 2026-06-13 09:42:15 : 2780 steps taken, and 2287 accepted.
[mcmc] Progress @ 2026-06-13 09:42:18 : 3169 steps taken, and 2289 accepted.
[mcmc] Progress @ 2026-06-13 09:42:21 : 3252 steps taken, and 2377 accepted.
[mcmc] Progress @ 2026-06-13 09:42:37 : 3336 steps taken, and 2361 accepted.
[mcmc] Progress @ 2026-06-13 09:42:41 : 2965 steps taken, and 1976 accepted.
omega_m outside of bounds
[mcmc] Progress @ 2026-06-13 09:42:54 : 2878 steps taken, and 2134 accepted.
[mcmc] Progress @ 2026-06-13 09:42:57 : 3367 steps taken, and 2391 accepted.
[mcmc] Progress @ 2026-06-13 09:43:09 : 3020 steps taken, and 2181 accepted.
[mcmc] Progress @ 2026-06-13 09:43:19 : 2793 steps taken, and 2299 accepted.
[mcmc] Progress @ 2026-06-13 09:43:19 : 3191 steps taken, and 2302 accepted.
[mcmc] Progress @ 2026-06-13 09:43:21 : 3277 steps taken, and 2386 accepted.
[mcmc] Progress @ 2026-06-13 09:43:41 : 3362 steps taken, and 2373 accepted.
[mcmc] Progress @ 2026-06-13 09:43:43 : 2986 steps taken, and 1981 accepted.
omega_m outside of bounds
omega_m outside of bounds
omega_m outside of bounds
omega_m outside of bounds
omega_m outside of bounds
omega_m outside of bounds
[mcmc] Progress @ 2026-06-13 09:43:56 : 2891 steps taken, and 2143 accepted.
[mcmc] Progress @ 2026-06-13 09:44:01 : 3384 steps taken, and 2403 accepted.
[mcmc] Progress @ 2026-06-13 09:44:12 : 3045 steps taken, and 2190 accepted.
[mcmc] Progress @ 2026-06-13 09:44:19 : 3206 steps taken, and 2313 accepted.
[mcmc] Progress @ 2026-06-13 09:44:23 : 2806 steps taken, and 2309 accepted.
[mcmc] Progress @ 2026-06-13 09:44:25 : 3304 steps taken, and 2396 accepted.
[mcmc] Progress @ 2026-06-13 09:44:44 : 3378 steps taken, and 2385 accepted.
[mcmc] Progress @ 2026-06-13 09:44:45 : 3004 steps taken, and 1989 accepted.
omega_m outside of bounds
omega_m outside of bounds
omega_m outside of bounds
omega_m outside of bounds
omega_m outside of bounds
omega_m outside of bounds
omega_m outside of bounds
omega_m outside of bounds
omega_m outside of bounds
[mcmc] Progress @ 2026-06-13 09:44:57 : 2903 steps taken, and 2150 accepted.
[mcmc] Progress @ 2026-06-13 09:45:01 : 3399 steps taken, and 2412 accepted.
[mcmc] Progress @ 2026-06-13 09:45:14 : 3064 steps taken, and 2204 accepted.
[mcmc] Progress @ 2026-06-13 09:45:20 : 3222 steps taken, and 2324 accepted.
[mcmc] Progress @ 2026-06-13 09:45:26 : 2819 steps taken, and 2321 accepted.
[mcmc] Progress @ 2026-06-13 09:45:27 : 3323 steps taken, and 2405 accepted.
[mcmc] Progress @ 2026-06-13 09:45:47 : 3029 steps taken, and 1997 accepted.
[mcmc] Progress @ 2026-06-13 09:45:47 : 3395 steps taken, and 2396 accepted.
omega_m outside of bounds
omega_m outside of bounds
omega_m outside of bounds
omega_m outside of bounds
omega_m outside of bounds
omega_m outside of bounds
omega_m outside of bounds
omega_m outside of bounds
omega_m outside of bounds
omega_m outside of bounds
omega_m outside of bounds
omega_m outside of bounds
[mcmc] Progress @ 2026-06-13 09:45:57 : 2915 steps taken, and 2159 accepted.
[mcmc] Progress @ 2026-06-13 09:46:02 : 3415 steps taken, and 2422 accepted.
[mcmc] Progress @ 2026-06-13 09:46:16 : 3083 steps taken, and 2215 accepted.
[mcmc] Progress @ 2026-06-13 09:46:24 : 3242 steps taken, and 2334 accepted.
[mcmc] Progress @ 2026-06-13 09:46:28 : 3341 steps taken, and 2415 accepted.
[mcmc] Progress @ 2026-06-13 09:46:30 : 2837 steps taken, and 2332 accepted.
[mcmc] Progress @ 2026-06-13 09:46:48 : 3047 steps taken, and 2005 accepted.
[mcmc] Progress @ 2026-06-13 09:46:51 : 3417 steps taken, and 2408 accepted.
omega_m outside of bounds
omega_m outside of bounds
omega_m outside of bounds
omega_m outside of bounds
omega_m outside of bounds
omega_m outside of bounds
[mcmc] Progress @ 2026-06-13 09:46:58 : 2927 steps taken, and 2169 accepted.
[mcmc] Progress @ 2026-06-13 09:47:02 : 3437 steps taken, and 2432 accepted.
[mcmc] Progress @ 2026-06-13 09:47:19 : 3100 steps taken, and 2224 accepted.
[mcmc] Progress @ 2026-06-13 09:47:26 : 3257 steps taken, and 2344 accepted.
[mcmc] Progress @ 2026-06-13 09:47:28 : 3356 steps taken, and 2422 accepted.
[mcmc] Progress @ 2026-06-13 09:47:34 : 2851 steps taken, and 2343 accepted.
[mcmc] Progress @ 2026-06-13 09:47:50 : 3078 steps taken, and 2011 accepted.
[mcmc] Progress @ 2026-06-13 09:47:55 : 3437 steps taken, and 2420 accepted.
[mcmc] Progress @ 2026-06-13 09:48:03 : 2940 steps taken, and 2182 accepted.
[mcmc] Progress @ 2026-06-13 09:48:06 : 3456 steps taken, and 2443 accepted.
[mcmc] Progress @ 2026-06-13 09:48:21 : 3122 steps taken, and 2233 accepted.
[mcmc] Progress @ 2026-06-13 09:48:28 : 3274 steps taken, and 2355 accepted.
[mcmc] Progress @ 2026-06-13 09:48:29 : 3373 steps taken, and 2432 accepted.
[mcmc] Progress @ 2026-06-13 09:48:39 : 2864 steps taken, and 2353 accepted.
[mcmc] Progress @ 2026-06-13 09:48:53 : 3105 steps taken, and 2017 accepted.
[mcmc] Progress @ 2026-06-13 09:48:55 : 3452 steps taken, and 2427 accepted.
[mcmc] Progress @ 2026-06-13 09:49:04 : 2953 steps taken, and 2189 accepted.
[mcmc] Learn + convergence test @ 2240 samples accepted.
[mcmc]  - Acceptance rate: 0.693
[mcmc]  - Convergence of means: R-1 = 13.177385 after 1792 accepted steps
[mcmc]  - Updated covariance matrix of proposal pdf.
[mcmc] Progress @ 2026-06-13 09:49:08 : 3473 steps taken, and 2454 accepted.
[mcmc] Progress @ 2026-06-13 09:49:22 : 3139 steps taken, and 2243 accepted.
[mcmc] Progress @ 2026-06-13 09:49:31 : 3298 steps taken, and 2363 accepted.
[mcmc] Progress @ 2026-06-13 09:49:33 : 3388 steps taken, and 2441 accepted.
[mcmc] Progress @ 2026-06-13 09:49:42 : 2877 steps taken, and 2363 accepted.
[mcmc] Progress @ 2026-06-13 09:49:54 : 3121 steps taken, and 2023 accepted.
[mcmc] Progress @ 2026-06-13 09:49:57 : 3466 steps taken, and 2435 accepted.
omega_m outside of bounds
omega_m outside of bounds
omega_m outside of bounds
omega_m outside of bounds
omega_m outside of bounds
omega_m outside of bounds
omega_m outside of bounds
[mcmc] Progress @ 2026-06-13 09:50:04 : 2965 steps taken, and 2199 accepted.
[mcmc] Progress @ 2026-06-13 09:50:10 : 3489 steps taken, and 2464 accepted.
[mcmc] Progress @ 2026-06-13 09:50:24 : 3153 steps taken, and 2250 accepted.
[mcmc] Progress @ 2026-06-13 09:50:34 : 3403 steps taken, and 2447 accepted.
[mcmc] Progress @ 2026-06-13 09:50:34 : 3315 steps taken, and 2370 accepted.
[mcmc] Progress @ 2026-06-13 09:50:45 : 2892 steps taken, and 2370 accepted.
[mcmc] Progress @ 2026-06-13 09:50:54 : 3135 steps taken, and 2028 accepted.
[mcmc] Progress @ 2026-06-13 09:50:59 : 3485 steps taken, and 2447 accepted.
[mcmc] Progress @ 2026-06-13 09:51:09 : 2979 steps taken, and 2209 accepted.
[mcmc] Progress @ 2026-06-13 09:51:12 : 3503 steps taken, and 2470 accepted.
[mcmc] Progress @ 2026-06-13 09:51:25 : 3167 steps taken, and 2254 accepted.
[mcmc] Progress @ 2026-06-13 09:51:34 : 3421 steps taken, and 2458 accepted.
[mcmc] Progress @ 2026-06-13 09:51:35 : 3333 steps taken, and 2382 accepted.
[mcmc] Progress @ 2026-06-13 09:51:50 : 2912 steps taken, and 2381 accepted.
[mcmc] Progress @ 2026-06-13 09:51:56 : 3149 steps taken, and 2033 accepted.
[mcmc] Progress @ 2026-06-13 09:52:02 : 3501 steps taken, and 2456 accepted.
omega_m outside of bounds
[mcmc] Progress @ 2026-06-13 09:52:09 : 3005 steps taken, and 2220 accepted.
[mcmc] Progress @ 2026-06-13 09:52:13 : 3517 steps taken, and 2480 accepted.
[mcmc] Progress @ 2026-06-13 09:52:28 : 3190 steps taken, and 2261 accepted.
[mcmc] Progress @ 2026-06-13 09:52:36 : 3353 steps taken, and 2395 accepted.
[mcmc] Progress @ 2026-06-13 09:52:37 : 3447 steps taken, and 2469 accepted.
[mcmc] Progress @ 2026-06-13 09:52:55 : 2929 steps taken, and 2386 accepted.
[mcmc] Progress @ 2026-06-13 09:52:56 : 3163 steps taken, and 2040 accepted.
[mcmc] Progress @ 2026-06-13 09:53:02 : 3518 steps taken, and 2467 accepted.
omega_m outside of bounds
[mcmc] Progress @ 2026-06-13 09:53:14 : 3020 steps taken, and 2229 accepted.
[mcmc] Progress @ 2026-06-13 09:53:14 : 3531 steps taken, and 2489 accepted.
[mcmc] Progress @ 2026-06-13 09:53:30 : 3212 steps taken, and 2267 accepted.
[mcmc] Progress @ 2026-06-13 09:53:36 : 3372 steps taken, and 2407 accepted.
[mcmc] Progress @ 2026-06-13 09:53:40 : 3469 steps taken, and 2482 accepted.
omega_m outside of bounds
omega_m outside of bounds
omega_m outside of bounds
omega_m outside of bounds
omega_m outside of bounds
omega_m outside of bounds
[mcmc] Progress @ 2026-06-13 09:53:55 : 2942 steps taken, and 2395 accepted.
[mcmc] Progress @ 2026-06-13 09:53:57 : 3177 steps taken, and 2049 accepted.
[mcmc] Progress @ 2026-06-13 09:54:06 : 3539 steps taken, and 2478 accepted.
[mcmc] Progress @ 2026-06-13 09:54:16 : 3545 steps taken, and 2499 accepted.
[mcmc] Progress @ 2026-06-13 09:54:18 : 3037 steps taken, and 2240 accepted.
[mcmc] Learn + convergence test @ 2240 samples accepted.
[mcmc]  - Acceptance rate: 0.712
[mcmc]  - Convergence of means: R-1 = 8.922597 after 1792 accepted steps
[mcmc]  - Updated covariance matrix of proposal pdf.
[mcmc] Progress @ 2026-06-13 09:54:33 : 3229 steps taken, and 2272 accepted.
[mcmc] Progress @ 2026-06-13 09:54:37 : 3403 steps taken, and 2416 accepted.
[mcmc] Progress @ 2026-06-13 09:54:41 : 3495 steps taken, and 2492 accepted.
omega_m outside of bounds
omega_m outside of bounds
omega_m outside of bounds
omega_m outside of bounds
omega_m outside of bounds
omega_m outside of bounds
omega_m outside of bounds
omega_m outside of bounds
omega_m outside of bounds
omega_m outside of bounds
omega_m outside of bounds
omega_m outside of bounds
omega_m outside of bounds
[mcmc] Progress @ 2026-06-13 09:54:56 : 2963 steps taken, and 2402 accepted.
[mcmc] Progress @ 2026-06-13 09:54:57 : 3195 steps taken, and 2056 accepted.
[mcmc] Progress @ 2026-06-13 09:55:07 : 3557 steps taken, and 2486 accepted.
[mcmc] Progress @ 2026-06-13 09:55:17 : 3564 steps taken, and 2508 accepted.
[mcmc] Progress @ 2026-06-13 09:55:22 : 3053 steps taken, and 2247 accepted.
[mcmc] Progress @ 2026-06-13 09:55:36 : 3246 steps taken, and 2279 accepted.
[mcmc] Progress @ 2026-06-13 09:55:37 : 3419 steps taken, and 2428 accepted.
[mcmc] Progress @ 2026-06-13 09:55:41 : 3513 steps taken, and 2501 accepted.
omega_m outside of bounds
omega_m outside of bounds
omega_m outside of bounds
omega_m outside of bounds
omega_m outside of bounds
omega_m outside of bounds
omega_m outside of bounds
omega_m outside of bounds
omega_m outside of bounds
omega_m outside of bounds
omega_m outside of bounds
omega_m outside of bounds
omega_m outside of bounds
omega_m outside of bounds
[mcmc] Progress @ 2026-06-13 09:55:57 : 2986 steps taken, and 2413 accepted.
[mcmc] Progress @ 2026-06-13 09:55:58 : 3215 steps taken, and 2063 accepted.
[mcmc] Progress @ 2026-06-13 09:56:11 : 3575 steps taken, and 2497 accepted.
[mcmc] Progress @ 2026-06-13 09:56:19 : 3584 steps taken, and 2517 accepted.
omega_m outside of bounds
omega_m outside of bounds
omega_m outside of bounds
[mcmc] Progress @ 2026-06-13 09:56:26 : 3076 steps taken, and 2257 accepted.
[mcmc] Progress @ 2026-06-13 09:56:39 : 3264 steps taken, and 2287 accepted.
[mcmc] Progress @ 2026-06-13 09:56:41 : 3441 steps taken, and 2437 accepted.
[mcmc] Progress @ 2026-06-13 09:56:42 : 3532 steps taken, and 2511 accepted.
[mcmc] Progress @ 2026-06-13 09:56:59 : 3236 steps taken, and 2070 accepted.
omega_m outside of bounds
omega_m outside of bounds
omega_m outside of bounds
omega_m outside of bounds
omega_m outside of bounds
omega_m outside of bounds
omega_m outside of bounds
omega_m outside of bounds
omega_m outside of bounds
omega_m outside of bounds
omega_m outside of bounds
omega_m outside of bounds
omega_m outside of bounds
omega_m outside of bounds
[mcmc] Progress @ 2026-06-13 09:57:00 : 3006 steps taken, and 2425 accepted.
[mcmc] Progress @ 2026-06-13 09:57:15 : 3600 steps taken, and 2509 accepted.
[mcmc] Progress @ 2026-06-13 09:57:23 : 3600 steps taken, and 2525 accepted.
omega_m outside of bounds
omega_m outside of bounds
omega_m outside of bounds
omega_m outside of bounds
omega_m outside of bounds
omega_m outside of bounds
omega_m outside of bounds
omega_m outside of bounds
omega_m outside of bounds
omega_m outside of bounds
omega_m outside of bounds
omega_m outside of bounds
omega_m outside of bounds
[mcmc] Progress @ 2026-06-13 09:57:31 : 3097 steps taken, and 2266 accepted.
[mcmc] Progress @ 2026-06-13 09:57:41 : 3281 steps taken, and 2292 accepted.
[mcmc] Progress @ 2026-06-13 09:57:42 : 3547 steps taken, and 2518 accepted.
[mcmc] Progress @ 2026-06-13 09:57:46 : 3460 steps taken, and 2446 accepted.
[mcmc] Progress @ 2026-06-13 09:57:59 : 3264 steps taken, and 2081 accepted.
omega_m outside of bounds
omega_m outside of bounds
omega_m outside of bounds
omega_m outside of bounds
omega_m outside of bounds
omega_m outside of bounds
omega_m outside of bounds
omega_m outside of bounds
omega_m outside of bounds
omega_m outside of bounds
omega_m outside of bounds
[mcmc] Progress @ 2026-06-13 09:58:01 : 3021 steps taken, and 2439 accepted.
[mcmc] Progress @ 2026-06-13 09:58:15 : 3617 steps taken, and 2521 accepted.
[mcmc] Progress @ 2026-06-13 09:58:27 : 3616 steps taken, and 2535 accepted.
omega_m outside of bounds
omega_m outside of bounds
omega_m outside of bounds
omega_m outside of bounds
omega_m outside of bounds
omega_m outside of bounds
omega_m outside of bounds
omega_m outside of bounds
omega_m outside of bounds
omega_m outside of bounds
omega_m outside of bounds
omega_m outside of bounds
[mcmc] Progress @ 2026-06-13 09:58:31 : 3112 steps taken, and 2276 accepted.
omega_m outside of bounds
[mcmc] Progress @ 2026-06-13 09:58:44 : 3305 steps taken, and 2301 accepted.
[mcmc] Progress @ 2026-06-13 09:58:46 : 3480 steps taken, and 2456 accepted.
[mcmc] Progress @ 2026-06-13 09:58:46 : 3562 steps taken, and 2529 accepted.
[mcmc] Progress @ 2026-06-13 09:58:59 : 3279 steps taken, and 2088 accepted.
omega_m outside of bounds
[mcmc] Progress @ 2026-06-13 09:59:01 : 3036 steps taken, and 2447 accepted.
[mcmc] Progress @ 2026-06-13 09:59:19 : 3637 steps taken, and 2532 accepted.
[mcmc] Progress @ 2026-06-13 09:59:28 : 3629 steps taken, and 2541 accepted.
omega_m outside of bounds
omega_m outside of bounds
omega_m outside of bounds
omega_m outside of bounds
omega_m outside of bounds
omega_m outside of bounds
omega_m outside of bounds
omega_m outside of bounds
omega_m outside of bounds
omega_m outside of bounds
omega_m outside of bounds
omega_m outside of bounds
omega_m outside of bounds
[mcmc] Progress @ 2026-06-13 09:59:35 : 3137 steps taken, and 2284 accepted.
[mcmc] Progress @ 2026-06-13 09:59:47 : 3324 steps taken, and 2308 accepted.
[mcmc] Progress @ 2026-06-13 09:59:50 : 3498 steps taken, and 2466 accepted.
[mcmc] Progress @ 2026-06-13 09:59:50 : 3589 steps taken, and 2542 accepted.
[mcmc] Progress @ 2026-06-13 10:00:00 : 3293 steps taken, and 2092 accepted.
[mcmc] Progress @ 2026-06-13 10:00:04 : 3054 steps taken, and 2458 accepted.
[mcmc] Progress @ 2026-06-13 10:00:23 : 3654 steps taken, and 2543 accepted.
[mcmc] Progress @ 2026-06-13 10:00:29 : 3645 steps taken, and 2546 accepted.
omega_m outside of bounds
omega_m outside of bounds
omega_m outside of bounds
omega_m outside of bounds
omega_m outside of bounds
[mcmc] Progress @ 2026-06-13 10:00:39 : 3160 steps taken, and 2294 accepted.
[mcmc] Progress @ 2026-06-13 10:00:49 : 3344 steps taken, and 2319 accepted.
[mcmc] Progress @ 2026-06-13 10:00:54 : 3519 steps taken, and 2475 accepted.
[mcmc] Progress @ 2026-06-13 10:00:54 : 3611 steps taken, and 2555 accepted.
[mcmc] Progress @ 2026-06-13 10:01:00 : 3308 steps taken, and 2101 accepted.
[mcmc] Progress @ 2026-06-13 10:01:08 : 3074 steps taken, and 2471 accepted.
[mcmc] Progress @ 2026-06-13 10:01:26 : 3678 steps taken, and 2554 accepted.
[mcmc] Progress @ 2026-06-13 10:01:30 : 3662 steps taken, and 2555 accepted.
omega_m outside of bounds
omega_m outside of bounds
omega_m outside of bounds
omega_m outside of bounds
omega_m outside of bounds
omega_m outside of bounds
omega_m outside of bounds
omega_m outside of bounds
omega_m outside of bounds
omega_m outside of bounds
omega_m outside of bounds
omega_m outside of bounds
[mcmc] Progress @ 2026-06-13 10:01:39 : 3172 steps taken, and 2303 accepted.
[mcmc] Learn + convergence test @ 2560 samples accepted.
[mcmc]  - Acceptance rate: 0.681
[mcmc]  - Convergence of means: R-1 = 1.411631 after 2048 accepted steps
[blockedproposer] *ERROR* The given covmat is not a positive-definite, symmetric square matrix.
[mcmc] Progress @ 2026-06-13 10:01:50 : 3373 steps taken, and 2332 accepted.
[mcmc] Progress @ 2026-06-13 10:01:54 : 3534 steps taken, and 2487 accepted.
[mcmc] Learn + convergence test @ 2560 samples accepted.
[mcmc]  - Acceptance rate: 0.668
[mcmc]  - Convergence of means: R-1 = 2.885622 after 2048 accepted steps
[mcmc]  - Updated covariance matrix of proposal pdf.
[mcmc] Progress @ 2026-06-13 10:01:57 : 3626 steps taken, and 2563 accepted.
[mcmc] Progress @ 2026-06-13 10:02:01 : 3322 steps taken, and 2107 accepted.
[mcmc] Learn + convergence test @ 2560 samples accepted.
[mcmc]  - Acceptance rate: 0.660
[mcmc]  - Convergence of means: R-1 = 2.370157 after 2048 accepted steps
[mcmc]  - Updated covariance matrix of proposal pdf.
[mcmc] Progress @ 2026-06-13 10:02:12 : 3089 steps taken, and 2481 accepted.
[mcmc] Progress @ 2026-06-13 10:02:30 : 3694 steps taken, and 2566 accepted.
[mcmc] Progress @ 2026-06-13 10:02:31 : 3679 steps taken, and 2563 accepted.
omega_m outside of bounds
omega_m outside of bounds
omega_m outside of bounds
omega_m outside of bounds
omega_m outside of bounds
omega_m outside of bounds
omega_m outside of bounds
omega_m outside of bounds
omega_m outside of bounds
[mcmc] Progress @ 2026-06-13 10:02:40 : 3190 steps taken, and 2313 accepted.
[mcmc] Progress @ 2026-06-13 10:02:51 : 3387 steps taken, and 2341 accepted.
[mcmc] Progress @ 2026-06-13 10:02:55 : 3554 steps taken, and 2496 accepted.
[mcmc] Progress @ 2026-06-13 10:03:01 : 3646 steps taken, and 2574 accepted.
[mcmc] Progress @ 2026-06-13 10:03:02 : 3344 steps taken, and 2114 accepted.
[mcmc] Progress @ 2026-06-13 10:03:16 : 3105 steps taken, and 2494 accepted.
[mcmc] Progress @ 2026-06-13 10:03:31 : 3724 steps taken, and 2577 accepted.
[mcmc] Progress @ 2026-06-13 10:03:31 : 3693 steps taken, and 2573 accepted.
omega_m outside of bounds
omega_m outside of bounds
omega_m outside of bounds
omega_m outside of bounds
omega_m outside of bounds
omega_m outside of bounds
omega_m outside of bounds
omega_m outside of bounds
omega_m outside of bounds
omega_m outside of bounds
omega_m outside of bounds
omega_m outside of bounds
[mcmc] Progress @ 2026-06-13 10:03:40 : 3204 steps taken, and 2322 accepted.
[mcmc] Progress @ 2026-06-13 10:03:54 : 3401 steps taken, and 2351 accepted.
[mcmc] Progress @ 2026-06-13 10:03:59 : 3571 steps taken, and 2508 accepted.
[mcmc] Progress @ 2026-06-13 10:04:02 : 3358 steps taken, and 2120 accepted.
[mcmc] Progress @ 2026-06-13 10:04:04 : 3668 steps taken, and 2583 accepted.
[mcmc] Progress @ 2026-06-13 10:04:19 : 3120 steps taken, and 2507 accepted.
[mcmc] Progress @ 2026-06-13 10:04:32 : 3712 steps taken, and 2583 accepted.
[mcmc] Progress @ 2026-06-13 10:04:32 : 3755 steps taken, and 2585 accepted.
omega_m outside of bounds
omega_m outside of bounds
omega_m outside of bounds
[mcmc] Progress @ 2026-06-13 10:04:45 : 3218 steps taken, and 2334 accepted.
[mcmc] Progress @ 2026-06-13 10:04:55 : 3415 steps taken, and 2360 accepted.
[mcmc] Progress @ 2026-06-13 10:05:00 : 3595 steps taken, and 2518 accepted.
[mcmc] Progress @ 2026-06-13 10:05:03 : 3379 steps taken, and 2128 accepted.
[mcmc] Progress @ 2026-06-13 10:05:09 : 3693 steps taken, and 2595 accepted.
[mcmc] Progress @ 2026-06-13 10:05:23 : 3135 steps taken, and 2521 accepted.
[mcmc] Progress @ 2026-06-13 10:05:33 : 3734 steps taken, and 2593 accepted.
[mcmc] Progress @ 2026-06-13 10:05:33 : 3772 steps taken, and 2597 accepted.
[mcmc] Progress @ 2026-06-13 10:05:50 : 3236 steps taken, and 2344 accepted.
[mcmc] Progress @ 2026-06-13 10:05:57 : 3429 steps taken, and 2368 accepted.
[mcmc] Progress @ 2026-06-13 10:06:00 : 3613 steps taken, and 2529 accepted.
[mcmc] Progress @ 2026-06-13 10:06:04 : 3395 steps taken, and 2138 accepted.
[mcmc] Progress @ 2026-06-13 10:06:13 : 3716 steps taken, and 2607 accepted.
[mcmc] Progress @ 2026-06-13 10:06:26 : 3150 steps taken, and 2534 accepted.
[mcmc] Progress @ 2026-06-13 10:06:33 : 3791 steps taken, and 2605 accepted.
[mcmc] Progress @ 2026-06-13 10:06:34 : 3764 steps taken, and 2602 accepted.
[mcmc] Progress @ 2026-06-13 10:06:50 : 3249 steps taken, and 2350 accepted.
[mcmc] Progress @ 2026-06-13 10:06:58 : 3444 steps taken, and 2376 accepted.
[mcmc] Progress @ 2026-06-13 10:07:00 : 3634 steps taken, and 2540 accepted.
[mcmc] Progress @ 2026-06-13 10:07:05 : 3410 steps taken, and 2142 accepted.
[mcmc] Progress @ 2026-06-13 10:07:16 : 3744 steps taken, and 2617 accepted.
[mcmc] Progress @ 2026-06-13 10:07:30 : 3167 steps taken, and 2545 accepted.
[mcmc] Progress @ 2026-06-13 10:07:34 : 3779 steps taken, and 2614 accepted.
[mcmc] Progress @ 2026-06-13 10:07:34 : 3805 steps taken, and 2614 accepted.
[mcmc] Progress @ 2026-06-13 10:07:55 : 3263 steps taken, and 2362 accepted.
[mcmc] Progress @ 2026-06-13 10:07:59 : 3464 steps taken, and 2386 accepted.
[mcmc] Progress @ 2026-06-13 10:08:01 : 3655 steps taken, and 2547 accepted.
[mcmc] Progress @ 2026-06-13 10:08:06 : 3424 steps taken, and 2150 accepted.
[mcmc] Progress @ 2026-06-13 10:08:21 : 3761 steps taken, and 2626 accepted.
[mcmc] Progress @ 2026-06-13 10:08:34 : 3186 steps taken, and 2558 accepted.
[mcmc] Progress @ 2026-06-13 10:08:38 : 3802 steps taken, and 2625 accepted.
[mcmc] Progress @ 2026-06-13 10:08:38 : 3825 steps taken, and 2628 accepted.
[mcmc] Learn + convergence test @ 2560 samples accepted.
[mcmc]  - Acceptance rate: 0.789
[mcmc]  - Convergence of means: R-1 = 2.801352 after 2048 accepted steps
[mcmc]  - Updated covariance matrix of proposal pdf.
[mcmc] Progress @ 2026-06-13 10:08:55 : 3276 steps taken, and 2371 accepted.
[mcmc] Progress @ 2026-06-13 10:08:59 : 3480 steps taken, and 2396 accepted.
[mcmc] Progress @ 2026-06-13 10:09:01 : 3677 steps taken, and 2559 accepted.
[mcmc] Learn + convergence test @ 2560 samples accepted.
[mcmc]  - Acceptance rate: 0.665
[mcmc]  - Convergence of means: R-1 = 8.096557 after 2048 accepted steps
[blockedproposer] *ERROR* The given covmat is not a positive-definite, symmetric square matrix.
[mcmc] Progress @ 2026-06-13 10:09:07 : 3438 steps taken, and 2159 accepted.
[mcmc] Progress @ 2026-06-13 10:09:24 : 3776 steps taken, and 2636 accepted.
[mcmc] Progress @ 2026-06-13 10:09:38 : 3201 steps taken, and 2570 accepted.
[mcmc] Progress @ 2026-06-13 10:09:42 : 3826 steps taken, and 2639 accepted.
[mcmc] Progress @ 2026-06-13 10:09:42 : 3849 steps taken, and 2641 accepted.
omega_m outside of bounds
[mcmc] Progress @ 2026-06-13 10:09:56 : 3289 steps taken, and 2382 accepted.
[mcmc] Progress @ 2026-06-13 10:10:00 : 3502 steps taken, and 2405 accepted.
[mcmc] Progress @ 2026-06-13 10:10:02 : 3699 steps taken, and 2567 accepted.
[mcmc] Progress @ 2026-06-13 10:10:08 : 3452 steps taken, and 2167 accepted.
[mcmc] Progress @ 2026-06-13 10:10:28 : 3791 steps taken, and 2643 accepted.
[mcmc] Progress @ 2026-06-13 10:10:38 : 3220 steps taken, and 2582 accepted.
[mcmc] Progress @ 2026-06-13 10:10:43 : 3866 steps taken, and 2649 accepted.
[mcmc] Progress @ 2026-06-13 10:10:43 : 3842 steps taken, and 2648 accepted.
[mcmc] Progress @ 2026-06-13 10:10:57 : 3302 steps taken, and 2394 accepted.
[mcmc] Progress @ 2026-06-13 10:11:00 : 3517 steps taken, and 2413 accepted.
[mcmc] Progress @ 2026-06-13 10:11:02 : 3718 steps taken, and 2577 accepted.
[mcmc] Progress @ 2026-06-13 10:11:08 : 3466 steps taken, and 2175 accepted.
[mcmc] Progress @ 2026-06-13 10:11:31 : 3807 steps taken, and 2654 accepted.
[mcmc] Progress @ 2026-06-13 10:11:38 : 3242 steps taken, and 2593 accepted.
[mcmc] Progress @ 2026-06-13 10:11:44 : 3858 steps taken, and 2651 accepted.
[mcmc] Progress @ 2026-06-13 10:11:46 : 3886 steps taken, and 2662 accepted.
omega_m outside of bounds
[mcmc] Progress @ 2026-06-13 10:11:58 : 3324 steps taken, and 2404 accepted.
[mcmc] Progress @ 2026-06-13 10:12:01 : 3533 steps taken, and 2422 accepted.
[mcmc] Progress @ 2026-06-13 10:12:04 : 3736 steps taken, and 2586 accepted.
[mcmc] Progress @ 2026-06-13 10:12:09 : 3483 steps taken, and 2187 accepted.
[mcmc] Progress @ 2026-06-13 10:12:35 : 3836 steps taken, and 2665 accepted.
[mcmc] Progress @ 2026-06-13 10:12:39 : 3262 steps taken, and 2605 accepted.
[mcmc] Progress @ 2026-06-13 10:12:45 : 3873 steps taken, and 2658 accepted.
[mcmc] Progress @ 2026-06-13 10:12:50 : 3907 steps taken, and 2672 accepted.
[mcmc] Progress @ 2026-06-13 10:12:59 : 3339 steps taken, and 2415 accepted.
[mcmc] Progress @ 2026-06-13 10:13:03 : 3548 steps taken, and 2433 accepted.
[mcmc] Progress @ 2026-06-13 10:13:07 : 3761 steps taken, and 2597 accepted.
[mcmc] Progress @ 2026-06-13 10:13:13 : 3498 steps taken, and 2199 accepted.
[mcmc] Progress @ 2026-06-13 10:13:39 : 3861 steps taken, and 2674 accepted.
[mcmc] Progress @ 2026-06-13 10:13:43 : 3279 steps taken, and 2612 accepted.
[mcmc] Progress @ 2026-06-13 10:13:47 : 3891 steps taken, and 2665 accepted.
[mcmc] Progress @ 2026-06-13 10:13:50 : 3922 steps taken, and 2684 accepted.
[mcmc] Progress @ 2026-06-13 10:14:02 : 3353 steps taken, and 2423 accepted.
[mcmc] Progress @ 2026-06-13 10:14:07 : 3570 steps taken, and 2443 accepted.
[mcmc] Progress @ 2026-06-13 10:14:09 : 3781 steps taken, and 2610 accepted.
[mcmc] Progress @ 2026-06-13 10:14:15 : 3512 steps taken, and 2210 accepted.
[mcmc] Progress @ 2026-06-13 10:14:39 : 3875 steps taken, and 2679 accepted.
[mcmc] Progress @ 2026-06-13 10:14:46 : 3294 steps taken, and 2621 accepted.
[mcmc] Progress @ 2026-06-13 10:14:48 : 3921 steps taken, and 2677 accepted.
[mcmc] Progress @ 2026-06-13 10:14:53 : 3937 steps taken, and 2691 accepted.
[mcmc] Progress @ 2026-06-13 10:15:02 : 3371 steps taken, and 2432 accepted.
[mcmc] Progress @ 2026-06-13 10:15:09 : 3805 steps taken, and 2622 accepted.
[mcmc] Progress @ 2026-06-13 10:15:11 : 3594 steps taken, and 2454 accepted.
[mcmc] Progress @ 2026-06-13 10:15:16 : 3526 steps taken, and 2221 accepted.
[mcmc] Progress @ 2026-06-13 10:15:41 : 3891 steps taken, and 2688 accepted.
[mcmc] Progress @ 2026-06-13 10:15:47 : 3310 steps taken, and 2631 accepted.
[mcmc] Progress @ 2026-06-13 10:15:48 : 3943 steps taken, and 2689 accepted.
[mcmc] Progress @ 2026-06-13 10:15:53 : 3954 steps taken, and 2698 accepted.
[mcmc] Progress @ 2026-06-13 10:16:03 : 3389 steps taken, and 2441 accepted.
[mcmc] Progress @ 2026-06-13 10:16:10 : 3823 steps taken, and 2632 accepted.
[mcmc] Progress @ 2026-06-13 10:16:11 : 3615 steps taken, and 2464 accepted.
[mcmc] Progress @ 2026-06-13 10:16:18 : 3541 steps taken, and 2231 accepted.
[mcmc] Progress @ 2026-06-13 10:16:44 : 3916 steps taken, and 2696 accepted.
[mcmc] Progress @ 2026-06-13 10:16:49 : 3963 steps taken, and 2697 accepted.
[mcmc] Progress @ 2026-06-13 10:16:50 : 3325 steps taken, and 2642 accepted.
[mcmc] Progress @ 2026-06-13 10:16:54 : 3976 steps taken, and 2706 accepted.
[mcmc] Progress @ 2026-06-13 10:17:07 : 3410 steps taken, and 2453 accepted.
[mcmc] Progress @ 2026-06-13 10:17:12 : 3841 steps taken, and 2645 accepted.
[mcmc] Progress @ 2026-06-13 10:17:12 : 3634 steps taken, and 2471 accepted.
[mcmc] Learn + convergence test @ 2240 samples accepted.
[mcmc]  - Acceptance rate: 0.592
[mcmc]  - Convergence of means: R-1 = 11.274140 after 1792 accepted steps
[mcmc]  - Updated covariance matrix of proposal pdf.
[mcmc] Progress @ 2026-06-13 10:17:22 : 3555 steps taken, and 2240 accepted.
[mcmc] Progress @ 2026-06-13 10:17:48 : 3938 steps taken, and 2705 accepted.
[mcmc] Progress @ 2026-06-13 10:17:49 : 3984 steps taken, and 2708 accepted.
[mcmc] Progress @ 2026-06-13 10:17:50 : 3340 steps taken, and 2652 accepted.
[mcmc] Progress @ 2026-06-13 10:17:54 : 4004 steps taken, and 2714 accepted.
[mcmc] Progress @ 2026-06-13 10:18:11 : 3430 steps taken, and 2466 accepted.
[mcmc] Progress @ 2026-06-13 10:18:12 : 3648 steps taken, and 2482 accepted.
[mcmc] Progress @ 2026-06-13 10:18:16 : 3862 steps taken, and 2654 accepted.
[mcmc] Progress @ 2026-06-13 10:18:23 : 3568 steps taken, and 2241 accepted.
[mcmc] Progress @ 2026-06-13 10:18:51 : 4001 steps taken, and 2719 accepted.
[mcmc] Progress @ 2026-06-13 10:18:51 : 3355 steps taken, and 2660 accepted.
[mcmc] Progress @ 2026-06-13 10:18:52 : 3955 steps taken, and 2713 accepted.
[mcmc] Progress @ 2026-06-13 10:18:54 : 4029 steps taken, and 2723 accepted.
[mcmc] Progress @ 2026-06-13 10:19:12 : 3447 steps taken, and 2477 accepted.
[mcmc] Progress @ 2026-06-13 10:19:14 : 3663 steps taken, and 2490 accepted.
[mcmc] Progress @ 2026-06-13 10:19:20 : 3878 steps taken, and 2667 accepted.
[mcmc] Progress @ 2026-06-13 10:19:23 : 3592 steps taken, and 2247 accepted.
[mcmc] Progress @ 2026-06-13 10:19:51 : 4020 steps taken, and 2730 accepted.
[mcmc] Progress @ 2026-06-13 10:19:52 : 3369 steps taken, and 2667 accepted.
[mcmc] Progress @ 2026-06-13 10:19:54 : 4058 steps taken, and 2736 accepted.
[mcmc] Progress @ 2026-06-13 10:19:55 : 3971 steps taken, and 2720 accepted.
[mcmc] Progress @ 2026-06-13 10:20:12 : 3463 steps taken, and 2488 accepted.
[mcmc] Progress @ 2026-06-13 10:20:15 : 3677 steps taken, and 2496 accepted.
[mcmc] Progress @ 2026-06-13 10:20:21 : 3892 steps taken, and 2675 accepted.
[mcmc] Progress @ 2026-06-13 10:20:27 : 3621 steps taken, and 2254 accepted.
[mcmc] Progress @ 2026-06-13 10:20:52 : 4036 steps taken, and 2739 accepted.
[mcmc] Progress @ 2026-06-13 10:20:54 : 3385 steps taken, and 2679 accepted.
[mcmc] Progress @ 2026-06-13 10:20:55 : 4083 steps taken, and 2748 accepted.
[mcmc] Progress @ 2026-06-13 10:20:58 : 3990 steps taken, and 2729 accepted.
[mcmc] Progress @ 2026-06-13 10:21:12 : 3480 steps taken, and 2501 accepted.
[mcmc] Progress @ 2026-06-13 10:21:16 : 3692 steps taken, and 2506 accepted.
[mcmc] Progress @ 2026-06-13 10:21:24 : 3906 steps taken, and 2685 accepted.
[mcmc] Progress @ 2026-06-13 10:21:29 : 3637 steps taken, and 2262 accepted.
[mcmc] Progress @ 2026-06-13 10:21:52 : 4053 steps taken, and 2750 accepted.
[mcmc] Progress @ 2026-06-13 10:21:54 : 3402 steps taken, and 2688 accepted.
[mcmc] Progress @ 2026-06-13 10:21:56 : 4101 steps taken, and 2759 accepted.
[mcmc] Progress @ 2026-06-13 10:22:02 : 4005 steps taken, and 2741 accepted.
[mcmc] Progress @ 2026-06-13 10:22:13 : 3496 steps taken, and 2512 accepted.
[mcmc] Progress @ 2026-06-13 10:22:16 : 3721 steps taken, and 2517 accepted.
[mcmc] Progress @ 2026-06-13 10:22:26 : 3921 steps taken, and 2695 accepted.
[mcmc] Progress @ 2026-06-13 10:22:33 : 3652 steps taken, and 2270 accepted.
[mcmc] Progress @ 2026-06-13 10:22:53 : 4069 steps taken, and 2760 accepted.
[mcmc] Progress @ 2026-06-13 10:22:55 : 3417 steps taken, and 2698 accepted.
[mcmc] Progress @ 2026-06-13 10:22:56 : 4115 steps taken, and 2767 accepted.
[mcmc] Progress @ 2026-06-13 10:23:06 : 4020 steps taken, and 2750 accepted.
[mcmc] Progress @ 2026-06-13 10:23:14 : 3512 steps taken, and 2524 accepted.
[mcmc] Progress @ 2026-06-13 10:23:17 : 3741 steps taken, and 2527 accepted.
[mcmc] Progress @ 2026-06-13 10:23:28 : 3938 steps taken, and 2703 accepted.
[mcmc] Progress @ 2026-06-13 10:23:35 : 3671 steps taken, and 2277 accepted.
[mcmc] Progress @ 2026-06-13 10:23:54 : 4084 steps taken, and 2770 accepted.
[mcmc] Progress @ 2026-06-13 10:23:56 : 4132 steps taken, and 2780 accepted.
[mcmc] Progress @ 2026-06-13 10:23:56 : 3431 steps taken, and 2707 accepted.
[mcmc] Progress @ 2026-06-13 10:24:10 : 4040 steps taken, and 2762 accepted.
[mcmc] Progress @ 2026-06-13 10:24:15 : 3534 steps taken, and 2534 accepted.
[mcmc] Progress @ 2026-06-13 10:24:18 : 3756 steps taken, and 2535 accepted.
[mcmc] Progress @ 2026-06-13 10:24:29 : 3957 steps taken, and 2714 accepted.
[mcmc] Progress @ 2026-06-13 10:24:38 : 3697 steps taken, and 2285 accepted.
[mcmc] Progress @ 2026-06-13 10:24:55 : 4099 steps taken, and 2778 accepted.
[mcmc] Progress @ 2026-06-13 10:24:56 : 4146 steps taken, and 2790 accepted.
[mcmc] Progress @ 2026-06-13 10:24:58 : 3445 steps taken, and 2713 accepted.
[mcmc] Progress @ 2026-06-13 10:25:11 : 4075 steps taken, and 2774 accepted.
[mcmc] Progress @ 2026-06-13 10:25:16 : 3549 steps taken, and 2544 accepted.
[mcmc] Progress @ 2026-06-13 10:25:20 : 3770 steps taken, and 2542 accepted.
[mcmc] Progress @ 2026-06-13 10:25:31 : 3981 steps taken, and 2721 accepted.
[mcmc] Progress @ 2026-06-13 10:25:40 : 3716 steps taken, and 2289 accepted.
[mcmc] Progress @ 2026-06-13 10:25:55 : 4113 steps taken, and 2785 accepted.
[mcmc] Progress @ 2026-06-13 10:26:00 : 3459 steps taken, and 2722 accepted.
[mcmc] Progress @ 2026-06-13 10:26:00 : 4161 steps taken, and 2800 accepted.
[mcmc] Progress @ 2026-06-13 10:26:12 : 4090 steps taken, and 2786 accepted.
[mcmc] Progress @ 2026-06-13 10:26:16 : 3565 steps taken, and 2556 accepted.
[mcmc] Progress @ 2026-06-13 10:26:22 : 3784 steps taken, and 2545 accepted.
[mcmc] Progress @ 2026-06-13 10:26:32 : 4002 steps taken, and 2733 accepted.
[mcmc] Learn + convergence test @ 2560 samples accepted.
[mcmc]  - Acceptance rate: 0.688
[mcmc]  - Convergence of means: R-1 = 6.300223 after 2048 accepted steps
[mcmc]  - Updated covariance matrix of proposal pdf.
[mcmc] Progress @ 2026-06-13 10:26:41 : 3733 steps taken, and 2294 accepted.
[mcmc] Progress @ 2026-06-13 10:26:56 : 4135 steps taken, and 2794 accepted.
[mcmc] Progress @ 2026-06-13 10:27:00 : 3474 steps taken, and 2733 accepted.
[mcmc] Progress @ 2026-06-13 10:27:01 : 4182 steps taken, and 2811 accepted.
[mcmc] Progress @ 2026-06-13 10:27:16 : 4111 steps taken, and 2799 accepted.
[mcmc] Progress @ 2026-06-13 10:27:17 : 3585 steps taken, and 2565 accepted.
[mcmc] Progress @ 2026-06-13 10:27:24 : 3803 steps taken, and 2555 accepted.
[mcmc] Progress @ 2026-06-13 10:27:33 : 4034 steps taken, and 2743 accepted.
[mcmc] Progress @ 2026-06-13 10:27:43 : 3750 steps taken, and 2301 accepted.
[mcmc] Learn + convergence test @ 2560 samples accepted.
[mcmc]  - Acceptance rate: 0.644
[mcmc]  - Convergence of means: R-1 = 10.774807 after 2048 accepted steps
[mcmc]  - Updated covariance matrix of proposal pdf.
[mcmc] Progress @ 2026-06-13 10:27:58 : 4150 steps taken, and 2805 accepted.
[mcmc] Progress @ 2026-06-13 10:28:01 : 4203 steps taken, and 2820 accepted.
[mcmc] Progress @ 2026-06-13 10:28:04 : 3491 steps taken, and 2742 accepted.
[mcmc] Progress @ 2026-06-13 10:28:19 : 3600 steps taken, and 2578 accepted.
[mcmc] Progress @ 2026-06-13 10:28:20 : 4127 steps taken, and 2811 accepted.
[mcmc] Progress @ 2026-06-13 10:28:25 : 3823 steps taken, and 2563 accepted.
[mcmc] Progress @ 2026-06-13 10:28:37 : 4056 steps taken, and 2754 accepted.
[mcmc] Progress @ 2026-06-13 10:28:45 : 3773 steps taken, and 2306 accepted.
[mcmc] Progress @ 2026-06-13 10:29:00 : 4171 steps taken, and 2812 accepted.
[mcmc] Progress @ 2026-06-13 10:29:05 : 3512 steps taken, and 2753 accepted.
[mcmc] Progress @ 2026-06-13 10:29:05 : 4219 steps taken, and 2831 accepted.
omega_m outside of bounds
[mcmc] Progress @ 2026-06-13 10:29:23 : 3632 steps taken, and 2590 accepted.
[mcmc] Progress @ 2026-06-13 10:29:23 : 4150 steps taken, and 2821 accepted.
omega_m outside of bounds
[mcmc] Progress @ 2026-06-13 10:29:26 : 3839 steps taken, and 2570 accepted.
[mcmc] Progress @ 2026-06-13 10:29:38 : 4083 steps taken, and 2764 accepted.
[mcmc] Progress @ 2026-06-13 10:29:46 : 3790 steps taken, and 2313 accepted.
[mcmc] Progress @ 2026-06-13 10:30:04 : 4214 steps taken, and 2820 accepted.
[mcmc] Progress @ 2026-06-13 10:30:05 : 3527 steps taken, and 2760 accepted.
[mcmc] Progress @ 2026-06-13 10:30:06 : 4243 steps taken, and 2838 accepted.
omega_m outside of bounds
omega_m outside of bounds
omega_m outside of bounds
omega_m outside of bounds
omega_m outside of bounds
omega_m outside of bounds
omega_m outside of bounds
omega_m outside of bounds
omega_m outside of bounds
omega_m outside of bounds
omega_m outside of bounds
omega_m outside of bounds
[mcmc] Progress @ 2026-06-13 10:30:24 : 3649 steps taken, and 2600 accepted.
[mcmc] Progress @ 2026-06-13 10:30:27 : 3857 steps taken, and 2580 accepted.
[mcmc] Progress @ 2026-06-13 10:30:28 : 4168 steps taken, and 2833 accepted.
[mcmc] Progress @ 2026-06-13 10:30:39 : 4101 steps taken, and 2774 accepted.
[mcmc] Progress @ 2026-06-13 10:30:48 : 3804 steps taken, and 2321 accepted.
[mcmc] Progress @ 2026-06-13 10:31:07 : 4234 steps taken, and 2827 accepted.
[mcmc] Progress @ 2026-06-13 10:31:08 : 3545 steps taken, and 2775 accepted.
[mcmc] Progress @ 2026-06-13 10:31:09 : 4271 steps taken, and 2844 accepted.
omega_m outside of bounds
omega_m outside of bounds
omega_m outside of bounds
omega_m outside of bounds
omega_m outside of bounds
omega_m outside of bounds
[mcmc] Progress @ 2026-06-13 10:31:25 : 3674 steps taken, and 2609 accepted.
[mcmc] Progress @ 2026-06-13 10:31:28 : 4194 steps taken, and 2845 accepted.
[mcmc] Progress @ 2026-06-13 10:31:28 : 3872 steps taken, and 2588 accepted.
[mcmc] Progress @ 2026-06-13 10:31:39 : 4116 steps taken, and 2783 accepted.
[mcmc] Progress @ 2026-06-13 10:31:49 : 3820 steps taken, and 2331 accepted.
[mcmc] Progress @ 2026-06-13 10:32:09 : 3566 steps taken, and 2785 accepted.
[mcmc] Progress @ 2026-06-13 10:32:09 : 4260 steps taken, and 2833 accepted.
[mcmc] Progress @ 2026-06-13 10:32:10 : 4294 steps taken, and 2854 accepted.
omega_m outside of bounds
omega_m outside of bounds
omega_m outside of bounds
omega_m outside of bounds
omega_m outside of bounds
omega_m outside of bounds
omega_m outside of bounds
omega_m outside of bounds
omega_m outside of bounds
omega_m outside of bounds
omega_m outside of bounds
omega_m outside of bounds
omega_m outside of bounds
omega_m outside of bounds
[mcmc] Progress @ 2026-06-13 10:32:26 : 3694 steps taken, and 2620 accepted.
[mcmc] Progress @ 2026-06-13 10:32:28 : 4214 steps taken, and 2857 accepted.
[mcmc] Progress @ 2026-06-13 10:32:29 : 3901 steps taken, and 2598 accepted.
[mcmc] Progress @ 2026-06-13 10:32:40 : 4131 steps taken, and 2793 accepted.
[mcmc] Progress @ 2026-06-13 10:32:49 : 3835 steps taken, and 2338 accepted.
[mcmc] Progress @ 2026-06-13 10:33:11 : 4284 steps taken, and 2840 accepted.
[mcmc] Progress @ 2026-06-13 10:33:11 : 4317 steps taken, and 2862 accepted.
[mcmc] Progress @ 2026-06-13 10:33:13 : 3587 steps taken, and 2798 accepted.
omega_m outside of bounds
omega_m outside of bounds
omega_m outside of bounds
omega_m outside of bounds
omega_m outside of bounds
omega_m outside of bounds
omega_m outside of bounds
omega_m outside of bounds
omega_m outside of bounds
omega_m outside of bounds
omega_m outside of bounds
omega_m outside of bounds
omega_m outside of bounds
omega_m outside of bounds
[mcmc] Progress @ 2026-06-13 10:33:27 : 3724 steps taken, and 2630 accepted.
omega_m outside of bounds
omega_m outside of bounds
[mcmc] Progress @ 2026-06-13 10:33:30 : 3926 steps taken, and 2607 accepted.
[mcmc] Progress @ 2026-06-13 10:33:31 : 4239 steps taken, and 2868 accepted.
[mcmc] Progress @ 2026-06-13 10:33:44 : 4148 steps taken, and 2804 accepted.
[mcmc] Progress @ 2026-06-13 10:33:52 : 3850 steps taken, and 2348 accepted.
[mcmc] Progress @ 2026-06-13 10:34:14 : 4302 steps taken, and 2846 accepted.
[mcmc] Progress @ 2026-06-13 10:34:15 : 4335 steps taken, and 2871 accepted.
[mcmc] Progress @ 2026-06-13 10:34:16 : 3606 steps taken, and 2809 accepted.
omega_m outside of bounds
omega_m outside of bounds
omega_m outside of bounds
omega_m outside of bounds
omega_m outside of bounds
omega_m outside of bounds
omega_m outside of bounds
omega_m outside of bounds
omega_m outside of bounds
omega_m outside of bounds
omega_m outside of bounds
omega_m outside of bounds
omega_m outside of bounds
omega_m outside of bounds
[mcmc] Progress @ 2026-06-13 10:34:28 : 3743 steps taken, and 2638 accepted.
omega_m outside of bounds
omega_m outside of bounds
omega_m outside of bounds
omega_m outside of bounds
omega_m outside of bounds
[mcmc] Progress @ 2026-06-13 10:34:31 : 3940 steps taken, and 2616 accepted.
[mcmc] Progress @ 2026-06-13 10:34:33 : 4257 steps taken, and 2880 accepted.
[mcmc] Learn + convergence test @ 2880 samples accepted.
[mcmc]  - Acceptance rate: 0.645
[mcmc]  - Convergence of means: R-1 = 1.607180 after 2304 accepted steps
[mcmc]  - Updated covariance matrix of proposal pdf.
[mcmc] Progress @ 2026-06-13 10:34:48 : 4171 steps taken, and 2817 accepted.
[mcmc] Progress @ 2026-06-13 10:34:53 : 3864 steps taken, and 2354 accepted.
[mcmc] Learn + convergence test @ 2880 samples accepted.
[mcmc]  - Acceptance rate: 0.629
[mcmc]  - Convergence of means: R-1 = 2.525750 after 2304 accepted steps
[mcmc]  - Updated covariance matrix of proposal pdf.
[mcmc] Progress @ 2026-06-13 10:35:16 : 4322 steps taken, and 2856 accepted.
[mcmc] Progress @ 2026-06-13 10:35:18 : 3633 steps taken, and 2820 accepted.
[mcmc] Progress @ 2026-06-13 10:35:19 : 4359 steps taken, and 2882 accepted.
[mcmc] Progress @ 2026-06-13 10:35:29 : 3772 steps taken, and 2649 accepted.
omega_m outside of bounds
omega_m outside of bounds
[mcmc] Progress @ 2026-06-13 10:35:33 : 3955 steps taken, and 2625 accepted.
[mcmc] Progress @ 2026-06-13 10:35:35 : 4282 steps taken, and 2890 accepted.
[mcmc] Progress @ 2026-06-13 10:35:52 : 4196 steps taken, and 2831 accepted.
[mcmc] Progress @ 2026-06-13 10:35:54 : 3879 steps taken, and 2362 accepted.
[mcmc] Progress @ 2026-06-13 10:36:17 : 4336 steps taken, and 2863 accepted.
[mcmc] Progress @ 2026-06-13 10:36:19 : 4381 steps taken, and 2891 accepted.
[mcmc] Progress @ 2026-06-13 10:36:19 : 3653 steps taken, and 2833 accepted.
omega_m outside of bounds
omega_m outside of bounds
omega_m outside of bounds
omega_m outside of bounds
omega_m outside of bounds
omega_m outside of bounds
omega_m outside of bounds
omega_m outside of bounds
omega_m outside of bounds
[mcmc] Progress @ 2026-06-13 10:36:30 : 3791 steps taken, and 2661 accepted.
[mcmc] Progress @ 2026-06-13 10:36:34 : 3971 steps taken, and 2634 accepted.
[mcmc] Progress @ 2026-06-13 10:36:37 : 4301 steps taken, and 2899 accepted.
[mcmc] Progress @ 2026-06-13 10:36:56 : 4214 steps taken, and 2843 accepted.
[mcmc] Progress @ 2026-06-13 10:36:56 : 3893 steps taken, and 2367 accepted.
[mcmc] Progress @ 2026-06-13 10:37:18 : 4353 steps taken, and 2870 accepted.
[mcmc] Progress @ 2026-06-13 10:37:19 : 3667 steps taken, and 2842 accepted.
[mcmc] Progress @ 2026-06-13 10:37:19 : 4397 steps taken, and 2902 accepted.
omega_m outside of bounds
omega_m outside of bounds
omega_m outside of bounds
omega_m outside of bounds
omega_m outside of bounds
omega_m outside of bounds
omega_m outside of bounds
omega_m outside of bounds
omega_m outside of bounds
omega_m outside of bounds
omega_m outside of bounds
omega_m outside of bounds
omega_m outside of bounds
[mcmc] Progress @ 2026-06-13 10:37:32 : 3809 steps taken, and 2670 accepted.
[mcmc] Progress @ 2026-06-13 10:37:35 : 3985 steps taken, and 2642 accepted.
[mcmc] Progress @ 2026-06-13 10:37:37 : 4324 steps taken, and 2907 accepted.
[mcmc] Progress @ 2026-06-13 10:37:56 : 4232 steps taken, and 2857 accepted.
[mcmc] Progress @ 2026-06-13 10:37:59 : 3911 steps taken, and 2375 accepted.
[mcmc] Progress @ 2026-06-13 10:38:19 : 4416 steps taken, and 2911 accepted.
[mcmc] Progress @ 2026-06-13 10:38:19 : 4372 steps taken, and 2874 accepted.
[mcmc] Progress @ 2026-06-13 10:38:20 : 3684 steps taken, and 2854 accepted.
omega_m outside of bounds
omega_m outside of bounds
omega_m outside of bounds
omega_m outside of bounds
omega_m outside of bounds
omega_m outside of bounds
omega_m outside of bounds
omega_m outside of bounds
omega_m outside of bounds
omega_m outside of bounds
omega_m outside of bounds
omega_m outside of bounds
omega_m outside of bounds
[mcmc] Progress @ 2026-06-13 10:38:32 : 3829 steps taken, and 2679 accepted.
omega_m outside of bounds
[mcmc] Progress @ 2026-06-13 10:38:36 : 4002 steps taken, and 2651 accepted.
[mcmc] Progress @ 2026-06-13 10:38:38 : 4342 steps taken, and 2916 accepted.
[mcmc] Progress @ 2026-06-13 10:39:00 : 4253 steps taken, and 2870 accepted.
[mcmc] Progress @ 2026-06-13 10:39:01 : 3926 steps taken, and 2381 accepted.
[mcmc] Progress @ 2026-06-13 10:39:20 : 4435 steps taken, and 2918 accepted.
[mcmc] Progress @ 2026-06-13 10:39:20 : 3700 steps taken, and 2864 accepted.
[mcmc] Progress @ 2026-06-13 10:39:22 : 4387 steps taken, and 2880 accepted.
[mcmc] Learn + convergence test @ 2880 samples accepted.
[mcmc]  - Acceptance rate: 0.616
[mcmc]  - Convergence of means: R-1 = 4.176740 after 2304 accepted steps
[mcmc]  - Updated covariance matrix of proposal pdf.
omega_m outside of bounds
omega_m outside of bounds
omega_m outside of bounds
omega_m outside of bounds
omega_m outside of bounds
omega_m outside of bounds
omega_m outside of bounds
omega_m outside of bounds
omega_m outside of bounds
omega_m outside of bounds
omega_m outside of bounds
omega_m outside of bounds
omega_m outside of bounds
omega_m outside of bounds
[mcmc] Progress @ 2026-06-13 10:39:35 : 3848 steps taken, and 2686 accepted.
omega_m outside of bounds
[mcmc] Progress @ 2026-06-13 10:39:37 : 4020 steps taken, and 2658 accepted.
[mcmc] Progress @ 2026-06-13 10:39:39 : 4372 steps taken, and 2926 accepted.
[mcmc] Progress @ 2026-06-13 10:40:04 : 3943 steps taken, and 2388 accepted.
[mcmc] Progress @ 2026-06-13 10:40:04 : 4269 steps taken, and 2879 accepted.
[mcmc] Learn + convergence test @ 2880 samples accepted.
[mcmc]  - Acceptance rate: 0.642
[mcmc]  - Convergence of means: R-1 = 2.954189 after 2304 accepted steps
[mcmc]  - Updated covariance matrix of proposal pdf.
[mcmc] Progress @ 2026-06-13 10:40:20 : 4452 steps taken, and 2928 accepted.
[mcmc] Progress @ 2026-06-13 10:40:21 : 3720 steps taken, and 2873 accepted.
[mcmc] Progress @ 2026-06-13 10:40:23 : 4406 steps taken, and 2887 accepted.
omega_m outside of bounds
omega_m outside of bounds
omega_m outside of bounds
omega_m outside of bounds
omega_m outside of bounds
omega_m outside of bounds
omega_m outside of bounds
omega_m outside of bounds
omega_m outside of bounds
omega_m outside of bounds
omega_m outside of bounds
omega_m outside of bounds
omega_m outside of bounds
omega_m outside of bounds
[mcmc] Progress @ 2026-06-13 10:40:36 : 3867 steps taken, and 2698 accepted.
[mcmc] Progress @ 2026-06-13 10:40:38 : 4043 steps taken, and 2666 accepted.
[mcmc] Progress @ 2026-06-13 10:40:40 : 4391 steps taken, and 2934 accepted.
[mcmc] Progress @ 2026-06-13 10:41:06 : 3957 steps taken, and 2395 accepted.
[mcmc] Learn + convergence test @ 2880 samples accepted.
[mcmc]  - Acceptance rate: 0.754
[mcmc]  - Convergence of means: R-1 = 2.564379 after 2304 accepted steps
[blockedproposer] *ERROR* The given covmat is not a positive-definite, symmetric square matrix.
[mcmc] Progress @ 2026-06-13 10:41:08 : 4288 steps taken, and 2891 accepted.
[mcmc] Progress @ 2026-06-13 10:41:21 : 3734 steps taken, and 2882 accepted.
[mcmc] Progress @ 2026-06-13 10:41:25 : 4472 steps taken, and 2939 accepted.
[mcmc] Progress @ 2026-06-13 10:41:25 : 4426 steps taken, and 2892 accepted.
omega_m outside of bounds
omega_m outside of bounds
omega_m outside of bounds
omega_m outside of bounds
omega_m outside of bounds
omega_m outside of bounds
omega_m outside of bounds
omega_m outside of bounds
omega_m outside of bounds
[mcmc] Progress @ 2026-06-13 10:41:38 : 3886 steps taken, and 2708 accepted.
[mcmc] Progress @ 2026-06-13 10:41:38 : 4060 steps taken, and 2674 accepted.
[mcmc] Progress @ 2026-06-13 10:41:41 : 4407 steps taken, and 2946 accepted.
[mcmc] Progress @ 2026-06-13 10:42:07 : 3971 steps taken, and 2407 accepted.
[mcmc] Progress @ 2026-06-13 10:42:12 : 4309 steps taken, and 2902 accepted.
[mcmc] Progress @ 2026-06-13 10:42:21 : 3748 steps taken, and 2891 accepted.
[mcmc] Progress @ 2026-06-13 10:42:27 : 4454 steps taken, and 2900 accepted.
[mcmc] Progress @ 2026-06-13 10:42:29 : 4494 steps taken, and 2951 accepted.
omega_m outside of bounds
omega_m outside of bounds
omega_m outside of bounds
omega_m outside of bounds
omega_m outside of bounds
omega_m outside of bounds
omega_m outside of bounds
omega_m outside of bounds
[mcmc] Progress @ 2026-06-13 10:42:39 : 3901 steps taken, and 2717 accepted.
[mcmc] Progress @ 2026-06-13 10:42:42 : 4079 steps taken, and 2682 accepted.
[mcmc] Progress @ 2026-06-13 10:42:45 : 4436 steps taken, and 2959 accepted.
[mcmc] Progress @ 2026-06-13 10:43:08 : 3988 steps taken, and 2417 accepted.
[mcmc] Progress @ 2026-06-13 10:43:13 : 4329 steps taken, and 2915 accepted.
[mcmc] Progress @ 2026-06-13 10:43:25 : 3766 steps taken, and 2901 accepted.
[mcmc] Progress @ 2026-06-13 10:43:28 : 4472 steps taken, and 2907 accepted.
[mcmc] Progress @ 2026-06-13 10:43:32 : 4513 steps taken, and 2961 accepted.
omega_m outside of bounds
omega_m outside of bounds
[mcmc] Progress @ 2026-06-13 10:43:41 : 3915 steps taken, and 2728 accepted.
[mcmc] Progress @ 2026-06-13 10:43:44 : 4098 steps taken, and 2691 accepted.
[mcmc] Progress @ 2026-06-13 10:43:49 : 4456 steps taken, and 2970 accepted.
[mcmc] Progress @ 2026-06-13 10:44:09 : 4005 steps taken, and 2426 accepted.
[mcmc] Progress @ 2026-06-13 10:44:15 : 4347 steps taken, and 2923 accepted.
[mcmc] Progress @ 2026-06-13 10:44:29 : 3783 steps taken, and 2913 accepted.
[mcmc] Progress @ 2026-06-13 10:44:30 : 4486 steps taken, and 2912 accepted.
[mcmc] Progress @ 2026-06-13 10:44:37 : 4531 steps taken, and 2972 accepted.
[mcmc] Progress @ 2026-06-13 10:44:42 : 3929 steps taken, and 2736 accepted.
[mcmc] Progress @ 2026-06-13 10:44:47 : 4113 steps taken, and 2699 accepted.
[mcmc] Progress @ 2026-06-13 10:44:49 : 4478 steps taken, and 2981 accepted.
[mcmc] Progress @ 2026-06-13 10:45:10 : 4022 steps taken, and 2434 accepted.
[mcmc] Progress @ 2026-06-13 10:45:16 : 4364 steps taken, and 2933 accepted.
[mcmc] Progress @ 2026-06-13 10:45:31 : 4502 steps taken, and 2917 accepted.
[mcmc] Progress @ 2026-06-13 10:45:33 : 3800 steps taken, and 2921 accepted.
[mcmc] Progress @ 2026-06-13 10:45:37 : 4548 steps taken, and 2978 accepted.
[mcmc] Progress @ 2026-06-13 10:45:43 : 3948 steps taken, and 2742 accepted.
[mcmc] Progress @ 2026-06-13 10:45:47 : 4142 steps taken, and 2711 accepted.
[mcmc] Progress @ 2026-06-13 10:45:53 : 4508 steps taken, and 2989 accepted.
[mcmc] Progress @ 2026-06-13 10:46:12 : 4036 steps taken, and 2444 accepted.
[mcmc] Progress @ 2026-06-13 10:46:16 : 4388 steps taken, and 2944 accepted.
[mcmc] Progress @ 2026-06-13 10:46:33 : 4519 steps taken, and 2924 accepted.
[mcmc] Progress @ 2026-06-13 10:46:37 : 3826 steps taken, and 2933 accepted.
[mcmc] Progress @ 2026-06-13 10:46:38 : 4566 steps taken, and 2987 accepted.
[mcmc] Progress @ 2026-06-13 10:46:44 : 3967 steps taken, and 2752 accepted.
[mcmc] Progress @ 2026-06-13 10:46:48 : 4169 steps taken, and 2721 accepted.
[mcmc] Progress @ 2026-06-13 10:46:57 : 4532 steps taken, and 3001 accepted.
[mcmc] Progress @ 2026-06-13 10:47:13 : 4058 steps taken, and 2453 accepted.
[mcmc] Progress @ 2026-06-13 10:47:20 : 4407 steps taken, and 2953 accepted.
[mcmc] Progress @ 2026-06-13 10:47:35 : 4536 steps taken, and 2932 accepted.
[mcmc] Progress @ 2026-06-13 10:47:39 : 4590 steps taken, and 2999 accepted.
[mcmc] Progress @ 2026-06-13 10:47:41 : 3841 steps taken, and 2941 accepted.
[mcmc] Progress @ 2026-06-13 10:47:46 : 3983 steps taken, and 2760 accepted.
[mcmc] Progress @ 2026-06-13 10:47:49 : 4189 steps taken, and 2734 accepted.
[mcmc] Progress @ 2026-06-13 10:48:01 : 4549 steps taken, and 3013 accepted.
[mcmc] Progress @ 2026-06-13 10:48:13 : 4100 steps taken, and 2463 accepted.
[mcmc] Progress @ 2026-06-13 10:48:22 : 4424 steps taken, and 2964 accepted.
omega_m outside of bounds
[mcmc] Progress @ 2026-06-13 10:48:36 : 4556 steps taken, and 2938 accepted.
[mcmc] Progress @ 2026-06-13 10:48:42 : 3855 steps taken, and 2950 accepted.
[mcmc] Progress @ 2026-06-13 10:48:43 : 4606 steps taken, and 3010 accepted.
[mcmc] Progress @ 2026-06-13 10:48:46 : 3997 steps taken, and 2771 accepted.
[mcmc] Progress @ 2026-06-13 10:48:50 : 4203 steps taken, and 2741 accepted.
[mcmc] Progress @ 2026-06-13 10:49:05 : 4566 steps taken, and 3025 accepted.
[mcmc] Progress @ 2026-06-13 10:49:14 : 4127 steps taken, and 2475 accepted.
[mcmc] Progress @ 2026-06-13 10:49:23 : 4442 steps taken, and 2972 accepted.
omega_m outside of bounds
omega_m outside of bounds
omega_m outside of bounds
omega_m outside of bounds
[mcmc] Progress @ 2026-06-13 10:49:37 : 4593 steps taken, and 2948 accepted.
[mcmc] Progress @ 2026-06-13 10:49:43 : 3872 steps taken, and 2959 accepted.
[mcmc] Progress @ 2026-06-13 10:49:47 : 4019 steps taken, and 2782 accepted.
[mcmc] Progress @ 2026-06-13 10:49:47 : 4621 steps taken, and 3024 accepted.
[mcmc] Progress @ 2026-06-13 10:49:51 : 4227 steps taken, and 2751 accepted.
[mcmc] Progress @ 2026-06-13 10:50:05 : 4586 steps taken, and 3033 accepted.
[mcmc] Progress @ 2026-06-13 10:50:15 : 4151 steps taken, and 2482 accepted.
[mcmc] Progress @ 2026-06-13 10:50:26 : 4467 steps taken, and 2984 accepted.
omega_m outside of bounds
omega_m outside of bounds
omega_m outside of bounds
omega_m outside of bounds
omega_m outside of bounds
omega_m outside of bounds
omega_m outside of bounds
omega_m outside of bounds
omega_m outside of bounds
omega_m outside of bounds
omega_m outside of bounds
omega_m outside of bounds
omega_m outside of bounds
omega_m outside of bounds
[mcmc] Progress @ 2026-06-13 10:50:38 : 4616 steps taken, and 2955 accepted.
[mcmc] Progress @ 2026-06-13 10:50:43 : 3889 steps taken, and 2968 accepted.
[mcmc] Progress @ 2026-06-13 10:50:48 : 4040 steps taken, and 2792 accepted.
[mcmc] Progress @ 2026-06-13 10:50:48 : 4635 steps taken, and 3030 accepted.
[mcmc] Progress @ 2026-06-13 10:50:51 : 4241 steps taken, and 2760 accepted.
[mcmc] Progress @ 2026-06-13 10:51:09 : 4616 steps taken, and 3041 accepted.
[mcmc] Progress @ 2026-06-13 10:51:16 : 4171 steps taken, and 2489 accepted.
[mcmc] Progress @ 2026-06-13 10:51:27 : 4483 steps taken, and 2994 accepted.
omega_m outside of bounds
omega_m outside of bounds
omega_m outside of bounds
omega_m outside of bounds
omega_m outside of bounds
omega_m outside of bounds
omega_m outside of bounds
omega_m outside of bounds
omega_m outside of bounds
omega_m outside of bounds
omega_m outside of bounds
omega_m outside of bounds
omega_m outside of bounds
[mcmc] Progress @ 2026-06-13 10:51:38 : 4631 steps taken, and 2961 accepted.
[mcmc] Progress @ 2026-06-13 10:51:43 : 3907 steps taken, and 2981 accepted.
[mcmc] Progress @ 2026-06-13 10:51:49 : 4652 steps taken, and 3040 accepted.
[mcmc] Progress @ 2026-06-13 10:51:52 : 4257 steps taken, and 2766 accepted.
[mcmc] Progress @ 2026-06-13 10:51:53 : 4056 steps taken, and 2800 accepted.
[mcmc] Progress @ 2026-06-13 10:52:13 : 4638 steps taken, and 3046 accepted.
[mcmc] Progress @ 2026-06-13 10:52:17 : 4194 steps taken, and 2500 accepted.
[mcmc] Progress @ 2026-06-13 10:52:28 : 4500 steps taken, and 3004 accepted.
omega_m outside of bounds
omega_m outside of bounds
omega_m outside of bounds
omega_m outside of bounds
omega_m outside of bounds
omega_m outside of bounds
omega_m outside of bounds
omega_m outside of bounds
[mcmc] Progress @ 2026-06-13 10:52:39 : 4656 steps taken, and 2970 accepted.
[mcmc] Progress @ 2026-06-13 10:52:43 : 3930 steps taken, and 2993 accepted.
[mcmc] Progress @ 2026-06-13 10:52:49 : 4673 steps taken, and 3049 accepted.
[mcmc] Progress @ 2026-06-13 10:52:53 : 4271 steps taken, and 2775 accepted.
[mcmc] Progress @ 2026-06-13 10:52:56 : 4079 steps taken, and 2811 accepted.
[mcmc] Progress @ 2026-06-13 10:53:16 : 4653 steps taken, and 3052 accepted.
[mcmc] Progress @ 2026-06-13 10:53:20 : 4210 steps taken, and 2507 accepted.
[mcmc] Progress @ 2026-06-13 10:53:30 : 4515 steps taken, and 3016 accepted.
omega_m outside of bounds
omega_m outside of bounds
omega_m outside of bounds
omega_m outside of bounds
omega_m outside of bounds
omega_m outside of bounds
omega_m outside of bounds
omega_m outside of bounds
[mcmc] Progress @ 2026-06-13 10:53:40 : 4678 steps taken, and 2977 accepted.
[mcmc] Progress @ 2026-06-13 10:53:47 : 3947 steps taken, and 3004 accepted.
[mcmc] Progress @ 2026-06-13 10:53:50 : 4688 steps taken, and 3060 accepted.
[mcmc] Progress @ 2026-06-13 10:53:54 : 4288 steps taken, and 2784 accepted.
[mcmc] Progress @ 2026-06-13 10:53:57 : 4096 steps taken, and 2822 accepted.
[mcmc] Progress @ 2026-06-13 10:54:20 : 4672 steps taken, and 3063 accepted.
[mcmc] Progress @ 2026-06-13 10:54:22 : 4232 steps taken, and 2516 accepted.
[mcmc] Progress @ 2026-06-13 10:54:30 : 4539 steps taken, and 3027 accepted.
omega_m outside of bounds
omega_m outside of bounds
omega_m outside of bounds
omega_m outside of bounds
omega_m outside of bounds
[mcmc] Progress @ 2026-06-13 10:54:40 : 4693 steps taken, and 2986 accepted.
[mcmc] Progress @ 2026-06-13 10:54:50 : 3965 steps taken, and 3015 accepted.
[mcmc] Progress @ 2026-06-13 10:54:51 : 4703 steps taken, and 3069 accepted.
[mcmc] Progress @ 2026-06-13 10:54:57 : 4304 steps taken, and 2789 accepted.
[mcmc] Progress @ 2026-06-13 10:54:58 : 4110 steps taken, and 2833 accepted.
[mcmc] Progress @ 2026-06-13 10:55:23 : 4247 steps taken, and 2524 accepted.
[mcmc] Progress @ 2026-06-13 10:55:24 : 4688 steps taken, and 3070 accepted.
[mcmc] Progress @ 2026-06-13 10:55:31 : 4556 steps taken, and 3038 accepted.
omega_m outside of bounds
omega_m outside of bounds
omega_m outside of bounds
omega_m outside of bounds
[mcmc] Progress @ 2026-06-13 10:55:41 : 4708 steps taken, and 2992 accepted.
[mcmc] Progress @ 2026-06-13 10:55:51 : 3982 steps taken, and 3025 accepted.
[mcmc] Progress @ 2026-06-13 10:55:52 : 4723 steps taken, and 3078 accepted.
[mcmc] Progress @ 2026-06-13 10:55:59 : 4126 steps taken, and 2843 accepted.
[mcmc] Progress @ 2026-06-13 10:55:59 : 4320 steps taken, and 2801 accepted.
[mcmc] Progress @ 2026-06-13 10:56:24 : 4261 steps taken, and 2536 accepted.
[mcmc] Progress @ 2026-06-13 10:56:28 : 4706 steps taken, and 3081 accepted.
[mcmc] Progress @ 2026-06-13 10:56:33 : 4571 steps taken, and 3045 accepted.
[mcmc] Progress @ 2026-06-13 10:56:42 : 4722 steps taken, and 2999 accepted.
[mcmc] Progress @ 2026-06-13 10:56:53 : 4739 steps taken, and 3088 accepted.
[mcmc] Progress @ 2026-06-13 10:56:53 : 4001 steps taken, and 3035 accepted.
[mcmc] Progress @ 2026-06-13 10:57:00 : 4140 steps taken, and 2854 accepted.
[mcmc] Progress @ 2026-06-13 10:57:03 : 4337 steps taken, and 2809 accepted.
[mcmc] Progress @ 2026-06-13 10:57:25 : 4275 steps taken, and 2548 accepted.
[mcmc] Progress @ 2026-06-13 10:57:32 : 4727 steps taken, and 3093 accepted.
[mcmc] Progress @ 2026-06-13 10:57:33 : 4590 steps taken, and 3055 accepted.
[mcmc] Progress @ 2026-06-13 10:57:42 : 4746 steps taken, and 3008 accepted.
[mcmc] Progress @ 2026-06-13 10:57:54 : 4754 steps taken, and 3099 accepted.
[mcmc] Progress @ 2026-06-13 10:57:55 : 4019 steps taken, and 3044 accepted.
[mcmc] Progress @ 2026-06-13 10:58:01 : 4154 steps taken, and 2865 accepted.
[mcmc] Progress @ 2026-06-13 10:58:04 : 4361 steps taken, and 2817 accepted.
[mcmc] Progress @ 2026-06-13 10:58:27 : 4292 steps taken, and 2557 accepted.
[mcmc] Progress @ 2026-06-13 10:58:33 : 4742 steps taken, and 3101 accepted.
[mcmc] Progress @ 2026-06-13 10:58:33 : 4614 steps taken, and 3067 accepted.
[mcmc] Progress @ 2026-06-13 10:58:43 : 4763 steps taken, and 3016 accepted.
[mcmc] Learn + convergence test @ 2560 samples accepted.
[mcmc]  - Acceptance rate: 0.553
[mcmc]  - Convergence of means: R-1 = 6.627768 after 2048 accepted steps
[mcmc]  - Updated covariance matrix of proposal pdf.
[mcmc] Progress @ 2026-06-13 10:58:58 : 4771 steps taken, and 3107 accepted.
[mcmc] Progress @ 2026-06-13 10:58:58 : 4047 steps taken, and 3055 accepted.
[mcmc] Progress @ 2026-06-13 10:59:04 : 4387 steps taken, and 2827 accepted.
[mcmc] Progress @ 2026-06-13 10:59:05 : 4172 steps taken, and 2876 accepted.
[mcmc] Progress @ 2026-06-13 10:59:28 : 4324 steps taken, and 2566 accepted.
[mcmc] Progress @ 2026-06-13 10:59:33 : 4633 steps taken, and 3076 accepted.
[mcmc] Learn + convergence test @ 2880 samples accepted.
[mcmc]  - Acceptance rate: 0.656
[mcmc]  - Convergence of means: R-1 = 5.318769 after 2304 accepted steps
[blockedproposer] *ERROR* The given covmat is not a positive-definite, symmetric square matrix.
[mcmc] Progress @ 2026-06-13 10:59:37 : 4763 steps taken, and 3110 accepted.
[mcmc] Progress @ 2026-06-13 10:59:43 : 4789 steps taken, and 3023 accepted.
[mcmc] Progress @ 2026-06-13 11:00:00 : 4071 steps taken, and 3063 accepted.
[mcmc] Progress @ 2026-06-13 11:00:02 : 4788 steps taken, and 3115 accepted.
[mcmc] Progress @ 2026-06-13 11:00:05 : 4407 steps taken, and 2834 accepted.
[mcmc] Progress @ 2026-06-13 11:00:06 : 4189 steps taken, and 2885 accepted.
[mcmc] Progress @ 2026-06-13 11:00:30 : 4342 steps taken, and 2574 accepted.
[mcmc] Progress @ 2026-06-13 11:00:38 : 4654 steps taken, and 3086 accepted.
[mcmc] Progress @ 2026-06-13 11:00:41 : 4785 steps taken, and 3121 accepted.
[mcmc] Progress @ 2026-06-13 11:00:44 : 4817 steps taken, and 3033 accepted.
[mcmc] Progress @ 2026-06-13 11:01:04 : 4091 steps taken, and 3070 accepted.
[mcmc] Progress @ 2026-06-13 11:01:05 : 4422 steps taken, and 2845 accepted.
[mcmc] Progress @ 2026-06-13 11:01:06 : 4206 steps taken, and 2896 accepted.
[mcmc] Progress @ 2026-06-13 11:01:06 : 4813 steps taken, and 3128 accepted.
[mcmc] Progress @ 2026-06-13 11:01:31 : 4364 steps taken, and 2578 accepted.
[mcmc] Progress @ 2026-06-13 11:01:40 : 4671 steps taken, and 3095 accepted.
omega_m outside of bounds
omega_m outside of bounds
omega_m outside of bounds
omega_m outside of bounds
[mcmc] Progress @ 2026-06-13 11:01:44 : 4839 steps taken, and 3040 accepted.
[mcmc] Progress @ 2026-06-13 11:01:45 : 4805 steps taken, and 3132 accepted.
[mcmc] Progress @ 2026-06-13 11:02:05 : 4110 steps taken, and 3073 accepted.
[mcmc] Progress @ 2026-06-13 11:02:07 : 4224 steps taken, and 2906 accepted.
[mcmc] Progress @ 2026-06-13 11:02:07 : 4827 steps taken, and 3134 accepted.
[mcmc] Progress @ 2026-06-13 11:02:08 : 4437 steps taken, and 2852 accepted.
[mcmc] Progress @ 2026-06-13 11:02:33 : 4382 steps taken, and 2586 accepted.
[mcmc] Progress @ 2026-06-13 11:02:40 : 4686 steps taken, and 3103 accepted.
omega_m outside of bounds
omega_m outside of bounds
[mcmc] Progress @ 2026-06-13 11:02:45 : 4858 steps taken, and 3045 accepted.
[mcmc] Progress @ 2026-06-13 11:02:45 : 4824 steps taken, and 3142 accepted.
[mcmc] Progress @ 2026-06-13 11:03:07 : 4845 steps taken, and 3145 accepted.
[mcmc] Progress @ 2026-06-13 11:03:08 : 4257 steps taken, and 2918 accepted.
[mcmc] Progress @ 2026-06-13 11:03:08 : 4457 steps taken, and 2860 accepted.
omega_m outside of bounds
omega_m outside of bounds
[mcmc] Progress @ 2026-06-13 11:03:09 : 4127 steps taken, and 3084 accepted.
[mcmc] Progress @ 2026-06-13 11:03:34 : 4400 steps taken, and 2597 accepted.
[mcmc] Progress @ 2026-06-13 11:03:41 : 4702 steps taken, and 3114 accepted.
omega_m outside of bounds
[mcmc] Progress @ 2026-06-13 11:03:45 : 4872 steps taken, and 3055 accepted.
[mcmc] Progress @ 2026-06-13 11:03:49 : 4850 steps taken, and 3153 accepted.
[mcmc] Progress @ 2026-06-13 11:04:08 : 4278 steps taken, and 2928 accepted.
[mcmc] Progress @ 2026-06-13 11:04:08 : 4869 steps taken, and 3157 accepted.
[mcmc] Progress @ 2026-06-13 11:04:09 : 4472 steps taken, and 2871 accepted.
omega_m outside of bounds
omega_m outside of bounds
omega_m outside of bounds
omega_m outside of bounds
omega_m outside of bounds
omega_m outside of bounds
omega_m outside of bounds
omega_m outside of bounds
omega_m outside of bounds
omega_m outside of bounds
[mcmc] Progress @ 2026-06-13 11:04:09 : 4148 steps taken, and 3090 accepted.
[mcmc] Progress @ 2026-06-13 11:04:35 : 4417 steps taken, and 2603 accepted.
[mcmc] Progress @ 2026-06-13 11:04:41 : 4722 steps taken, and 3125 accepted.
[mcmc] Progress @ 2026-06-13 11:04:46 : 4892 steps taken, and 3062 accepted.
[mcmc] Progress @ 2026-06-13 11:04:51 : 4866 steps taken, and 3161 accepted.
[mcmc] Learn + convergence test @ 2880 samples accepted.
[mcmc]  - Acceptance rate: 0.612
[mcmc]  - Convergence of means: R-1 = 5.135561 after 2304 accepted steps
[blockedproposer] *ERROR* The given covmat is not a positive-definite, symmetric square matrix.
[mcmc] Progress @ 2026-06-13 11:05:09 : 4295 steps taken, and 2935 accepted.
[mcmc] Progress @ 2026-06-13 11:05:09 : 4887 steps taken, and 3164 accepted.
[mcmc] Progress @ 2026-06-13 11:05:10 : 4488 steps taken, and 2880 accepted.
omega_m outside of bounds
omega_m outside of bounds
omega_m outside of bounds
omega_m outside of bounds
omega_m outside of bounds
omega_m outside of bounds
omega_m outside of bounds
omega_m outside of bounds
omega_m outside of bounds
omega_m outside of bounds
[mcmc] Progress @ 2026-06-13 11:05:13 : 4163 steps taken, and 3098 accepted.
[mcmc] Progress @ 2026-06-13 11:05:37 : 4431 steps taken, and 2611 accepted.
[mcmc] Progress @ 2026-06-13 11:05:45 : 4744 steps taken, and 3137 accepted.
[mcmc] Progress @ 2026-06-13 11:05:46 : 4906 steps taken, and 3069 accepted.
[mcmc] Progress @ 2026-06-13 11:05:51 : 4880 steps taken, and 3168 accepted.
[mcmc] Progress @ 2026-06-13 11:06:10 : 4907 steps taken, and 3174 accepted.
[mcmc] Progress @ 2026-06-13 11:06:10 : 4314 steps taken, and 2946 accepted.
[mcmc] Progress @ 2026-06-13 11:06:11 : 4514 steps taken, and 2890 accepted.
omega_m outside of bounds
omega_m outside of bounds
omega_m outside of bounds
omega_m outside of bounds
omega_m outside of bounds
omega_m outside of bounds
omega_m outside of bounds
omega_m outside of bounds
omega_m outside of bounds
omega_m outside of bounds
omega_m outside of bounds
[mcmc] Progress @ 2026-06-13 11:06:13 : 4180 steps taken, and 3109 accepted.
[mcmc] Progress @ 2026-06-13 11:06:38 : 4445 steps taken, and 2620 accepted.
[mcmc] Progress @ 2026-06-13 11:06:46 : 4760 steps taken, and 3146 accepted.
[mcmc] Progress @ 2026-06-13 11:06:47 : 4926 steps taken, and 3077 accepted.
[mcmc] Progress @ 2026-06-13 11:06:55 : 4896 steps taken, and 3180 accepted.
[mcmc] Progress @ 2026-06-13 11:07:11 : 4923 steps taken, and 3182 accepted.
omega_m outside of bounds
[mcmc] Progress @ 2026-06-13 11:07:12 : 4330 steps taken, and 2953 accepted.
[mcmc] Progress @ 2026-06-13 11:07:13 : 4532 steps taken, and 2898 accepted.
omega_m outside of bounds
omega_m outside of bounds
omega_m outside of bounds
omega_m outside of bounds
omega_m outside of bounds
omega_m outside of bounds
omega_m outside of bounds
omega_m outside of bounds
omega_m outside of bounds
omega_m outside of bounds
[mcmc] Progress @ 2026-06-13 11:07:13 : 4198 steps taken, and 3117 accepted.
[mcmc] Progress @ 2026-06-13 11:07:39 : 4465 steps taken, and 2628 accepted.
[mcmc] Progress @ 2026-06-13 11:07:47 : 4779 steps taken, and 3154 accepted.
[mcmc] Progress @ 2026-06-13 11:07:48 : 4947 steps taken, and 3085 accepted.
[mcmc] Progress @ 2026-06-13 11:07:57 : 4910 steps taken, and 3186 accepted.
[mcmc] Progress @ 2026-06-13 11:08:13 : 4549 steps taken, and 2906 accepted.
omega_m outside of bounds
omega_m outside of bounds
omega_m outside of bounds
omega_m outside of bounds
omega_m outside of bounds
omega_m outside of bounds
omega_m outside of bounds
omega_m outside of bounds
omega_m outside of bounds
omega_m outside of bounds
omega_m outside of bounds
omega_m outside of bounds
omega_m outside of bounds
omega_m outside of bounds
[mcmc] Progress @ 2026-06-13 11:08:14 : 4221 steps taken, and 3126 accepted.
[mcmc] Progress @ 2026-06-13 11:08:15 : 4347 steps taken, and 2962 accepted.
[mcmc] Progress @ 2026-06-13 11:08:15 : 4941 steps taken, and 3191 accepted.
[mcmc] Progress @ 2026-06-13 11:08:41 : 4480 steps taken, and 2636 accepted.
[mcmc] Progress @ 2026-06-13 11:08:49 : 4796 steps taken, and 3162 accepted.
[mcmc] Progress @ 2026-06-13 11:08:49 : 4962 steps taken, and 3093 accepted.
[mcmc] Progress @ 2026-06-13 11:08:57 : 4925 steps taken, and 3191 accepted.
[mcmc] Learn + convergence test @ 3200 samples accepted.
[mcmc]  - Acceptance rate: 0.612
[mcmc]  - Convergence of means: R-1 = 1.528588 after 2560 accepted steps
[mcmc]  - Updated covariance matrix of proposal pdf.
[mcmc] Progress @ 2026-06-13 11:09:14 : 4235 steps taken, and 3135 accepted.
[mcmc] Progress @ 2026-06-13 11:09:14 : 4563 steps taken, and 2915 accepted.
[mcmc] Progress @ 2026-06-13 11:09:15 : 4959 steps taken, and 3200 accepted.
omega_m outside of bounds
omega_m outside of bounds
omega_m outside of bounds
omega_m outside of bounds
omega_m outside of bounds
omega_m outside of bounds
omega_m outside of bounds
omega_m outside of bounds
omega_m outside of bounds
omega_m outside of bounds
[mcmc] Progress @ 2026-06-13 11:09:16 : 4362 steps taken, and 2972 accepted.
[mcmc] Progress @ 2026-06-13 11:09:42 : 4499 steps taken, and 2645 accepted.
[mcmc] Learn + convergence test @ 3200 samples accepted.
[mcmc]  - Acceptance rate: 0.612
[mcmc]  - Convergence of means: R-1 = 1.038060 after 2560 accepted steps
[blockedproposer] *ERROR* The given covmat is not a positive-definite, symmetric square matrix.
[mcmc] Progress @ 2026-06-13 11:09:50 : 4985 steps taken, and 3104 accepted.
[mcmc] Progress @ 2026-06-13 11:09:52 : 4812 steps taken, and 3172 accepted.
[mcmc] Progress @ 2026-06-13 11:10:01 : 4944 steps taken, and 3204 accepted.
[mcmc] Progress @ 2026-06-13 11:10:16 : 4580 steps taken, and 2926 accepted.
omega_m outside of bounds
[mcmc] Progress @ 2026-06-13 11:10:16 : 4252 steps taken, and 3142 accepted.
omega_m outside of bounds
omega_m outside of bounds
omega_m outside of bounds
omega_m outside of bounds
omega_m outside of bounds
omega_m outside of bounds
omega_m outside of bounds
omega_m outside of bounds
omega_m outside of bounds
omega_m outside of bounds
omega_m outside of bounds
omega_m outside of bounds
omega_m outside of bounds
[mcmc] Progress @ 2026-06-13 11:10:19 : 4377 steps taken, and 2980 accepted.
[mcmc] Progress @ 2026-06-13 11:10:19 : 4979 steps taken, and 3212 accepted.
[mcmc] Progress @ 2026-06-13 11:10:44 : 4516 steps taken, and 2654 accepted.
[mcmc] Progress @ 2026-06-13 11:10:51 : 5014 steps taken, and 3113 accepted.
[mcmc] Progress @ 2026-06-13 11:10:54 : 4826 steps taken, and 3180 accepted.
[mcmc] Progress @ 2026-06-13 11:11:01 : 4963 steps taken, and 3214 accepted.
[mcmc] Progress @ 2026-06-13 11:11:16 : 4599 steps taken, and 2938 accepted.
[mcmc] Progress @ 2026-06-13 11:11:19 : 4995 steps taken, and 3220 accepted.
[mcmc] Progress @ 2026-06-13 11:11:20 : 4267 steps taken, and 3155 accepted.
omega_m outside of bounds
omega_m outside of bounds
omega_m outside of bounds
omega_m outside of bounds
omega_m outside of bounds
omega_m outside of bounds
omega_m outside of bounds
omega_m outside of bounds
omega_m outside of bounds
omega_m outside of bounds
[mcmc] Progress @ 2026-06-13 11:11:20 : 4395 steps taken, and 2991 accepted.
[mcmc] Progress @ 2026-06-13 11:11:45 : 4538 steps taken, and 2662 accepted.
[mcmc] Progress @ 2026-06-13 11:11:52 : 5032 steps taken, and 3120 accepted.
[mcmc] Progress @ 2026-06-13 11:11:56 : 4844 steps taken, and 3190 accepted.
[mcmc] Progress @ 2026-06-13 11:12:02 : 4985 steps taken, and 3224 accepted.
[mcmc] Progress @ 2026-06-13 11:12:18 : 4628 steps taken, and 2947 accepted.
[mcmc] Progress @ 2026-06-13 11:12:19 : 5016 steps taken, and 3230 accepted.
omega_m outside of bounds
[mcmc] Progress @ 2026-06-13 11:12:21 : 4281 steps taken, and 3162 accepted.
omega_m outside of bounds
omega_m outside of bounds
omega_m outside of bounds
omega_m outside of bounds
omega_m outside of bounds
omega_m outside of bounds
omega_m outside of bounds
omega_m outside of bounds
omega_m outside of bounds
omega_m outside of bounds
omega_m outside of bounds
[mcmc] Progress @ 2026-06-13 11:12:21 : 4409 steps taken, and 3000 accepted.
[mcmc] Progress @ 2026-06-13 11:12:46 : 4553 steps taken, and 2671 accepted.
[mcmc] Progress @ 2026-06-13 11:12:53 : 5047 steps taken, and 3126 accepted.
[mcmc] Progress @ 2026-06-13 11:12:57 : 4862 steps taken, and 3199 accepted.
[mcmc] Learn + convergence test @ 3200 samples accepted.
[mcmc]  - Acceptance rate: 0.623
[mcmc]  - Convergence of means: R-1 = 3.612090 after 2560 accepted steps
[blockedproposer] *ERROR* The given covmat is not a positive-definite, symmetric square matrix.
[mcmc] Progress @ 2026-06-13 11:13:03 : 5003 steps taken, and 3231 accepted.
[mcmc] Progress @ 2026-06-13 11:13:20 : 4642 steps taken, and 2957 accepted.
omega_m outside of bounds
omega_m outside of bounds
omega_m outside of bounds
omega_m outside of bounds
[mcmc] Progress @ 2026-06-13 11:13:23 : 4296 steps taken, and 3169 accepted.
omega_m outside of bounds
omega_m outside of bounds
omega_m outside of bounds
omega_m outside of bounds
omega_m outside of bounds
omega_m outside of bounds
omega_m outside of bounds
omega_m outside of bounds
omega_m outside of bounds
omega_m outside of bounds
omega_m outside of bounds
omega_m outside of bounds
omega_m outside of bounds
omega_m outside of bounds
[mcmc] Progress @ 2026-06-13 11:13:23 : 4426 steps taken, and 3012 accepted.
[mcmc] Progress @ 2026-06-13 11:13:24 : 5036 steps taken, and 3243 accepted.
[mcmc] Progress @ 2026-06-13 11:13:47 : 4568 steps taken, and 2681 accepted.
[mcmc] Progress @ 2026-06-13 11:13:54 : 5063 steps taken, and 3136 accepted.
[mcmc] Progress @ 2026-06-13 11:13:58 : 4879 steps taken, and 3207 accepted.
[mcmc] Progress @ 2026-06-13 11:14:07 : 5020 steps taken, and 3239 accepted.
[mcmc] Progress @ 2026-06-13 11:14:23 : 4661 steps taken, and 2965 accepted.
[mcmc] Progress @ 2026-06-13 11:14:24 : 4312 steps taken, and 3181 accepted.
omega_m outside of bounds
omega_m outside of bounds
omega_m outside of bounds
omega_m outside of bounds
omega_m outside of bounds
omega_m outside of bounds
omega_m outside of bounds
omega_m outside of bounds
omega_m outside of bounds
omega_m outside of bounds
omega_m outside of bounds
omega_m outside of bounds
omega_m outside of bounds
omega_m outside of bounds
[mcmc] Progress @ 2026-06-13 11:14:24 : 4450 steps taken, and 3024 accepted.
[mcmc] Progress @ 2026-06-13 11:14:25 : 5055 steps taken, and 3254 accepted.
[mcmc] Progress @ 2026-06-13 11:14:48 : 4596 steps taken, and 2689 accepted.
[mcmc] Progress @ 2026-06-13 11:14:54 : 5081 steps taken, and 3143 accepted.
[mcmc] Progress @ 2026-06-13 11:15:01 : 4895 steps taken, and 3214 accepted.
[mcmc] Progress @ 2026-06-13 11:15:10 : 5039 steps taken, and 3251 accepted.
[mcmc] Progress @ 2026-06-13 11:15:25 : 4336 steps taken, and 3190 accepted.
omega_m outside of bounds
omega_m outside of bounds
omega_m outside of bounds
omega_m outside of bounds
omega_m outside of bounds
omega_m outside of bounds
omega_m outside of bounds
omega_m outside of bounds
omega_m outside of bounds
omega_m outside of bounds
omega_m outside of bounds
omega_m outside of bounds
omega_m outside of bounds
omega_m outside of bounds
[mcmc] Progress @ 2026-06-13 11:15:25 : 4471 steps taken, and 3033 accepted.
[mcmc] Progress @ 2026-06-13 11:15:26 : 4682 steps taken, and 2970 accepted.
[mcmc] Progress @ 2026-06-13 11:15:27 : 5074 steps taken, and 3263 accepted.
[mcmc] Progress @ 2026-06-13 11:15:50 : 4611 steps taken, and 2697 accepted.
[mcmc] Progress @ 2026-06-13 11:15:55 : 5095 steps taken, and 3150 accepted.
[mcmc] Progress @ 2026-06-13 11:16:03 : 4912 steps taken, and 3224 accepted.
[mcmc] Progress @ 2026-06-13 11:16:14 : 5056 steps taken, and 3262 accepted.
[mcmc] Progress @ 2026-06-13 11:16:25 : 4352 steps taken, and 3199 accepted.
omega_m outside of bounds
omega_m outside of bounds
omega_m outside of bounds
omega_m outside of bounds
omega_m outside of bounds
omega_m outside of bounds
omega_m outside of bounds
omega_m outside of bounds
omega_m outside of bounds
omega_m outside of bounds
omega_m outside of bounds
omega_m outside of bounds
omega_m outside of bounds
omega_m outside of bounds
[mcmc] Progress @ 2026-06-13 11:16:26 : 4492 steps taken, and 3047 accepted.
[mcmc] Progress @ 2026-06-13 11:16:26 : 4698 steps taken, and 2980 accepted.
[mcmc] Progress @ 2026-06-13 11:16:28 : 5090 steps taken, and 3273 accepted.
[mcmc] Learn + convergence test @ 3200 samples accepted.
[mcmc]  - Acceptance rate: 0.710
[mcmc]  - Convergence of means: R-1 = 4.117210 after 2560 accepted steps
[blockedproposer] *ERROR* The given covmat is not a positive-definite, symmetric square matrix.
[mcmc] Progress @ 2026-06-13 11:16:52 : 4633 steps taken, and 2706 accepted.
[mcmc] Progress @ 2026-06-13 11:16:56 : 5129 steps taken, and 3160 accepted.
[mcmc] Progress @ 2026-06-13 11:17:03 : 4932 steps taken, and 3234 accepted.
[mcmc] Progress @ 2026-06-13 11:17:17 : 5076 steps taken, and 3273 accepted.
omega_m outside of bounds
omega_m outside of bounds
omega_m outside of bounds
omega_m outside of bounds
omega_m outside of bounds
omega_m outside of bounds
omega_m outside of bounds
omega_m outside of bounds
omega_m outside of bounds
omega_m outside of bounds
omega_m outside of bounds
omega_m outside of bounds
omega_m outside of bounds
omega_m outside of bounds
[mcmc] Progress @ 2026-06-13 11:17:26 : 4517 steps taken, and 3058 accepted.
[mcmc] Progress @ 2026-06-13 11:17:28 : 5107 steps taken, and 3281 accepted.
[mcmc] Progress @ 2026-06-13 11:17:28 : 4717 steps taken, and 2990 accepted.
omega_m outside of bounds
[mcmc] Progress @ 2026-06-13 11:17:29 : 4374 steps taken, and 3211 accepted.
[mcmc] Progress @ 2026-06-13 11:17:53 : 4661 steps taken, and 2716 accepted.
omega_m outside of bounds
[mcmc] Progress @ 2026-06-13 11:17:58 : 5156 steps taken, and 3168 accepted.
[mcmc] Progress @ 2026-06-13 11:18:04 : 4961 steps taken, and 3244 accepted.
[mcmc] Progress @ 2026-06-13 11:18:17 : 5094 steps taken, and 3278 accepted.
omega_m outside of bounds
omega_m outside of bounds
omega_m outside of bounds
omega_m outside of bounds
omega_m outside of bounds
omega_m outside of bounds
omega_m outside of bounds
omega_m outside of bounds
omega_m outside of bounds
omega_m outside of bounds
omega_m outside of bounds
omega_m outside of bounds
omega_m outside of bounds
omega_m outside of bounds
[mcmc] Progress @ 2026-06-13 11:18:26 : 4544 steps taken, and 3069 accepted.
[mcmc] Progress @ 2026-06-13 11:18:29 : 5133 steps taken, and 3291 accepted.
[mcmc] Progress @ 2026-06-13 11:18:29 : 4734 steps taken, and 3001 accepted.
omega_m outside of bounds
[mcmc] Progress @ 2026-06-13 11:18:33 : 4390 steps taken, and 3224 accepted.
[mcmc] Progress @ 2026-06-13 11:18:54 : 4677 steps taken, and 2726 accepted.
omega_m outside of bounds
[mcmc] Progress @ 2026-06-13 11:19:00 : 5176 steps taken, and 3175 accepted.
[mcmc] Progress @ 2026-06-13 11:19:05 : 4976 steps taken, and 3253 accepted.
[mcmc] Progress @ 2026-06-13 11:19:17 : 5111 steps taken, and 3285 accepted.
omega_m outside of bounds
omega_m outside of bounds
omega_m outside of bounds
omega_m outside of bounds
omega_m outside of bounds
omega_m outside of bounds
omega_m outside of bounds
omega_m outside of bounds
omega_m outside of bounds
omega_m outside of bounds
omega_m outside of bounds
omega_m outside of bounds
[mcmc] Progress @ 2026-06-13 11:19:27 : 4563 steps taken, and 3081 accepted.
[mcmc] Progress @ 2026-06-13 11:19:30 : 5155 steps taken, and 3302 accepted.
[mcmc] Progress @ 2026-06-13 11:19:31 : 4756 steps taken, and 3009 accepted.
[mcmc] Progress @ 2026-06-13 11:19:37 : 4406 steps taken, and 3236 accepted.
[mcmc] Progress @ 2026-06-13 11:19:55 : 4697 steps taken, and 2731 accepted.
[mcmc] Progress @ 2026-06-13 11:20:01 : 5196 steps taken, and 3182 accepted.
[mcmc] Progress @ 2026-06-13 11:20:05 : 5001 steps taken, and 3265 accepted.
[mcmc] Progress @ 2026-06-13 11:20:21 : 5132 steps taken, and 3297 accepted.
omega_m outside of bounds
omega_m outside of bounds
omega_m outside of bounds
omega_m outside of bounds
omega_m outside of bounds
omega_m outside of bounds
omega_m outside of bounds
omega_m outside of bounds
omega_m outside of bounds
omega_m outside of bounds
omega_m outside of bounds
omega_m outside of bounds
omega_m outside of bounds
omega_m outside of bounds
[mcmc] Progress @ 2026-06-13 11:20:27 : 4580 steps taken, and 3091 accepted.
[mcmc] Progress @ 2026-06-13 11:20:31 : 5177 steps taken, and 3310 accepted.
[mcmc] Progress @ 2026-06-13 11:20:33 : 4774 steps taken, and 3018 accepted.
omega_m outside of bounds
omega_m outside of bounds
[mcmc] Progress @ 2026-06-13 11:20:40 : 4426 steps taken, and 3247 accepted.
[mcmc] Progress @ 2026-06-13 11:20:56 : 4713 steps taken, and 2738 accepted.
[mcmc] Progress @ 2026-06-13 11:21:02 : 5210 steps taken, and 3189 accepted.
[mcmc] Progress @ 2026-06-13 11:21:06 : 5023 steps taken, and 3274 accepted.
[mcmc] Progress @ 2026-06-13 11:21:25 : 5154 steps taken, and 3307 accepted.
omega_m outside of bounds
omega_m outside of bounds
omega_m outside of bounds
omega_m outside of bounds
omega_m outside of bounds
omega_m outside of bounds
omega_m outside of bounds
omega_m outside of bounds
omega_m outside of bounds
omega_m outside of bounds
omega_m outside of bounds
omega_m outside of bounds
omega_m outside of bounds
omega_m outside of bounds
[mcmc] Progress @ 2026-06-13 11:21:28 : 4605 steps taken, and 3104 accepted.
[mcmc] Progress @ 2026-06-13 11:21:32 : 5193 steps taken, and 3314 accepted.
[mcmc] Progress @ 2026-06-13 11:21:35 : 4802 steps taken, and 3025 accepted.
omega_m outside of bounds
omega_m outside of bounds
omega_m outside of bounds
omega_m outside of bounds
omega_m outside of bounds
omega_m outside of bounds
omega_m outside of bounds
omega_m outside of bounds
omega_m outside of bounds
omega_m outside of bounds
[mcmc] Progress @ 2026-06-13 11:21:40 : 4448 steps taken, and 3256 accepted.
[mcmc] Progress @ 2026-06-13 11:21:57 : 4727 steps taken, and 2749 accepted.
[mcmc] Progress @ 2026-06-13 11:22:03 : 5230 steps taken, and 3196 accepted.
omega_m outside of bounds
[mcmc] Progress @ 2026-06-13 11:22:06 : 5038 steps taken, and 3284 accepted.
omega_m outside of bounds
omega_m outside of bounds
omega_m outside of bounds
omega_m outside of bounds
omega_m outside of bounds
omega_m outside of bounds
omega_m outside of bounds
omega_m outside of bounds
omega_m outside of bounds
omega_m outside of bounds
omega_m outside of bounds
omega_m outside of bounds
omega_m outside of bounds
omega_m outside of bounds
[mcmc] Progress @ 2026-06-13 11:22:29 : 4635 steps taken, and 3116 accepted.
[mcmc] Progress @ 2026-06-13 11:22:29 : 5171 steps taken, and 3316 accepted.
[mcmc] Progress @ 2026-06-13 11:22:32 : 5210 steps taken, and 3322 accepted.
[mcmc] Learn + convergence test @ 3200 samples accepted.
[mcmc]  - Acceptance rate: 0.566
[mcmc]  - Convergence of means: R-1 = 3.512957 after 2560 accepted steps
[mcmc]  - Updated covariance matrix of proposal pdf.
[mcmc] Progress @ 2026-06-13 11:22:39 : 4822 steps taken, and 3031 accepted.
omega_m outside of bounds
[mcmc] Progress @ 2026-06-13 11:22:40 : 4468 steps taken, and 3267 accepted.
omega_m outside of bounds
[mcmc] Progress @ 2026-06-13 11:22:59 : 4744 steps taken, and 2756 accepted.
[mcmc] Progress @ 2026-06-13 11:23:04 : 5249 steps taken, and 3207 accepted.
omega_m outside of bounds
[mcmc] Progress @ 2026-06-13 11:23:07 : 5055 steps taken, and 3291 accepted.
omega_m outside of bounds
omega_m outside of bounds
omega_m outside of bounds
omega_m outside of bounds
omega_m outside of bounds
omega_m outside of bounds
omega_m outside of bounds
omega_m outside of bounds
omega_m outside of bounds
omega_m outside of bounds
omega_m outside of bounds
omega_m outside of bounds
omega_m outside of bounds
omega_m outside of bounds
[mcmc] Progress @ 2026-06-13 11:23:29 : 4680 steps taken, and 3127 accepted.
[mcmc] Progress @ 2026-06-13 11:23:30 : 5185 steps taken, and 3321 accepted.
omega_m outside of bounds
omega_m outside of bounds
omega_m outside of bounds
omega_m outside of bounds
omega_m outside of bounds
omega_m outside of bounds
omega_m outside of bounds
omega_m outside of bounds
omega_m outside of bounds
[mcmc] Progress @ 2026-06-13 11:23:34 : 5228 steps taken, and 3328 accepted.
omega_m outside of bounds
[mcmc] Progress @ 2026-06-13 11:23:39 : 4841 steps taken, and 3039 accepted.
omega_m outside of bounds
omega_m outside of bounds
omega_m outside of bounds
omega_m outside of bounds
omega_m outside of bounds
omega_m outside of bounds
[mcmc] Progress @ 2026-06-13 11:23:42 : 4488 steps taken, and 3274 accepted.
[mcmc] Progress @ 2026-06-13 11:24:01 : 4766 steps taken, and 2765 accepted.
omega_m outside of bounds
[mcmc] Progress @ 2026-06-13 11:24:06 : 5276 steps taken, and 3215 accepted.
omega_m outside of bounds
[mcmc] Progress @ 2026-06-13 11:24:08 : 5070 steps taken, and 3299 accepted.
[mcmc] Progress @ 2026-06-13 11:24:30 : 5200 steps taken, and 3329 accepted.
omega_m outside of bounds
omega_m outside of bounds
[mcmc] Progress @ 2026-06-13 11:24:31 : 4702 steps taken, and 3139 accepted.
omega_m outside of bounds
omega_m outside of bounds
omega_m outside of bounds
omega_m outside of bounds
omega_m outside of bounds
[mcmc] Progress @ 2026-06-13 11:24:37 : 5248 steps taken, and 3335 accepted.
[mcmc] Progress @ 2026-06-13 11:24:40 : 4857 steps taken, and 3047 accepted.
omega_m outside of bounds
omega_m outside of bounds
omega_m outside of bounds
omega_m outside of bounds
omega_m outside of bounds
omega_m outside of bounds
omega_m outside of bounds
omega_m outside of bounds
omega_m outside of bounds
omega_m outside of bounds
omega_m outside of bounds
omega_m outside of bounds
[mcmc] Progress @ 2026-06-13 11:24:45 : 4509 steps taken, and 3281 accepted.
[mcmc] Progress @ 2026-06-13 11:25:04 : 4780 steps taken, and 2770 accepted.
[mcmc] Progress @ 2026-06-13 11:25:06 : 5304 steps taken, and 3225 accepted.
[mcmc] Progress @ 2026-06-13 11:25:08 : 5084 steps taken, and 3312 accepted.
[mcmc] Progress @ 2026-06-13 11:25:31 : 5217 steps taken, and 3340 accepted.
omega_m outside of bounds
omega_m outside of bounds
omega_m outside of bounds
omega_m outside of bounds
omega_m outside of bounds
omega_m outside of bounds
omega_m outside of bounds
omega_m outside of bounds
omega_m outside of bounds
omega_m outside of bounds
omega_m outside of bounds
[mcmc] Progress @ 2026-06-13 11:25:33 : 4725 steps taken, and 3150 accepted.
omega_m outside of bounds
omega_m outside of bounds
omega_m outside of bounds
omega_m outside of bounds
omega_m outside of bounds
[mcmc] Progress @ 2026-06-13 11:25:38 : 5263 steps taken, and 3343 accepted.
[mcmc] Progress @ 2026-06-13 11:25:42 : 4879 steps taken, and 3060 accepted.
omega_m outside of bounds
omega_m outside of bounds
omega_m outside of bounds
[mcmc] Progress @ 2026-06-13 11:25:45 : 4534 steps taken, and 3293 accepted.
[mcmc] Progress @ 2026-06-13 11:26:05 : 4796 steps taken, and 2782 accepted.
omega_m outside of bounds
omega_m outside of bounds
omega_m outside of bounds
omega_m outside of bounds
omega_m outside of bounds
omega_m outside of bounds
omega_m outside of bounds
[mcmc] Progress @ 2026-06-13 11:26:07 : 5331 steps taken, and 3231 accepted.
[mcmc] Progress @ 2026-06-13 11:26:09 : 5100 steps taken, and 3322 accepted.
[mcmc] Progress @ 2026-06-13 11:26:33 : 5234 steps taken, and 3349 accepted.
omega_m outside of bounds
omega_m outside of bounds
omega_m outside of bounds
omega_m outside of bounds
omega_m outside of bounds
omega_m outside of bounds
omega_m outside of bounds
omega_m outside of bounds
omega_m outside of bounds
omega_m outside of bounds
omega_m outside of bounds
omega_m outside of bounds
omega_m outside of bounds
[mcmc] Progress @ 2026-06-13 11:26:37 : 4746 steps taken, and 3159 accepted.
omega_m outside of bounds
[mcmc] Progress @ 2026-06-13 11:26:38 : 5280 steps taken, and 3352 accepted.
[mcmc] Progress @ 2026-06-13 11:26:42 : 4899 steps taken, and 3068 accepted.
[mcmc] Progress @ 2026-06-13 11:26:49 : 4555 steps taken, and 3306 accepted.
[mcmc] Progress @ 2026-06-13 11:27:06 : 4815 steps taken, and 2790 accepted.
omega_m outside of bounds
omega_m outside of bounds
omega_m outside of bounds
omega_m outside of bounds
omega_m outside of bounds
omega_m outside of bounds
omega_m outside of bounds
omega_m outside of bounds
omega_m outside of bounds
omega_m outside of bounds
omega_m outside of bounds
[mcmc] Progress @ 2026-06-13 11:27:08 : 5356 steps taken, and 3240 accepted.
[mcmc] Progress @ 2026-06-13 11:27:11 : 5120 steps taken, and 3328 accepted.
[mcmc] Progress @ 2026-06-13 11:27:35 : 5255 steps taken, and 3355 accepted.
omega_m outside of bounds
omega_m outside of bounds
omega_m outside of bounds
omega_m outside of bounds
omega_m outside of bounds
[mcmc] Progress @ 2026-06-13 11:27:38 : 4777 steps taken, and 3171 accepted.
[mcmc] Progress @ 2026-06-13 11:27:39 : 5301 steps taken, and 3360 accepted.
[mcmc] Progress @ 2026-06-13 11:27:44 : 4920 steps taken, and 3075 accepted.
[mcmc] Progress @ 2026-06-13 11:27:53 : 4593 steps taken, and 3314 accepted.
[mcmc] Progress @ 2026-06-13 11:28:08 : 4836 steps taken, and 2799 accepted.
[mcmc] Progress @ 2026-06-13 11:28:10 : 5371 steps taken, and 3247 accepted.
[mcmc] Progress @ 2026-06-13 11:28:11 : 5135 steps taken, and 3338 accepted.
[mcmc] Progress @ 2026-06-13 11:28:36 : 5270 steps taken, and 3363 accepted.
[mcmc] Progress @ 2026-06-13 11:28:39 : 5316 steps taken, and 3368 accepted.
[mcmc] Progress @ 2026-06-13 11:28:39 : 4800 steps taken, and 3183 accepted.
[mcmc] Progress @ 2026-06-13 11:28:47 : 4935 steps taken, and 3081 accepted.
[mcmc] Progress @ 2026-06-13 11:28:57 : 4614 steps taken, and 3325 accepted.
[mcmc] Progress @ 2026-06-13 11:29:08 : 4857 steps taken, and 2811 accepted.
[mcmc] Progress @ 2026-06-13 11:29:10 : 5388 steps taken, and 3255 accepted.
[mcmc] Progress @ 2026-06-13 11:29:12 : 5158 steps taken, and 3351 accepted.
[mcmc] Progress @ 2026-06-13 11:29:39 : 5287 steps taken, and 3376 accepted.
[mcmc] Progress @ 2026-06-13 11:29:39 : 5332 steps taken, and 3375 accepted.
omega_m outside of bounds
omega_m outside of bounds
omega_m outside of bounds
omega_m outside of bounds
omega_m outside of bounds
omega_m outside of bounds
omega_m outside of bounds
[mcmc] Progress @ 2026-06-13 11:29:39 : 4818 steps taken, and 3193 accepted.
[mcmc] Progress @ 2026-06-13 11:29:48 : 4954 steps taken, and 3091 accepted.
[mcmc] Progress @ 2026-06-13 11:30:01 : 4633 steps taken, and 3337 accepted.
[mcmc] Progress @ 2026-06-13 11:30:10 : 4872 steps taken, and 2821 accepted.
omega_m outside of bounds
[mcmc] Progress @ 2026-06-13 11:30:12 : 5406 steps taken, and 3261 accepted.
[mcmc] Progress @ 2026-06-13 11:30:16 : 5176 steps taken, and 3365 accepted.
omega_m outside of bounds
omega_m outside of bounds
omega_m outside of bounds
omega_m outside of bounds
omega_m outside of bounds
omega_m outside of bounds
omega_m outside of bounds
omega_m outside of bounds
omega_m outside of bounds
omega_m outside of bounds
[mcmc] Learn + convergence test @ 3200 samples accepted.
[mcmc]  - Acceptance rate: 0.626
[mcmc]  - Convergence of means: R-1 = 1.832674 after 2560 accepted steps
[blockedproposer] *ERROR* The given covmat is not a positive-definite, symmetric square matrix.
[mcmc] Progress @ 2026-06-13 11:30:40 : 5314 steps taken, and 3384 accepted.
omega_m outside of bounds
omega_m outside of bounds
[mcmc] Progress @ 2026-06-13 11:30:41 : 4837 steps taken, and 3201 accepted.
[mcmc] Progress @ 2026-06-13 11:30:41 : 5348 steps taken, and 3382 accepted.
[mcmc] Progress @ 2026-06-13 11:30:50 : 4981 steps taken, and 3102 accepted.
[mcmc] Progress @ 2026-06-13 11:31:05 : 4655 steps taken, and 3350 accepted.
[mcmc] Progress @ 2026-06-13 11:31:11 : 4887 steps taken, and 2827 accepted.
omega_m outside of bounds
[mcmc] Progress @ 2026-06-13 11:31:15 : 5423 steps taken, and 3266 accepted.
[mcmc] Progress @ 2026-06-13 11:31:16 : 5196 steps taken, and 3375 accepted.
omega_m outside of bounds
omega_m outside of bounds
omega_m outside of bounds
omega_m outside of bounds
omega_m outside of bounds
omega_m outside of bounds
omega_m outside of bounds
omega_m outside of bounds
omega_m outside of bounds
omega_m outside of bounds
omega_m outside of bounds
omega_m outside of bounds
omega_m outside of bounds
omega_m outside of bounds
[mcmc] Progress @ 2026-06-13 11:31:42 : 4861 steps taken, and 3209 accepted.
[mcmc] Progress @ 2026-06-13 11:31:42 : 5368 steps taken, and 3391 accepted.
[mcmc] Progress @ 2026-06-13 11:31:44 : 5334 steps taken, and 3396 accepted.
[mcmc] Progress @ 2026-06-13 11:31:51 : 5008 steps taken, and 3106 accepted.
[mcmc] Progress @ 2026-06-13 11:32:05 : 4671 steps taken, and 3362 accepted.
[mcmc] Progress @ 2026-06-13 11:32:15 : 4913 steps taken, and 2834 accepted.
[mcmc] Progress @ 2026-06-13 11:32:16 : 5212 steps taken, and 3385 accepted.
omega_m outside of bounds
[mcmc] Progress @ 2026-06-13 11:32:18 : 5440 steps taken, and 3269 accepted.
omega_m outside of bounds
omega_m outside of bounds
omega_m outside of bounds
omega_m outside of bounds
omega_m outside of bounds
omega_m outside of bounds
omega_m outside of bounds
omega_m outside of bounds
omega_m outside of bounds
omega_m outside of bounds
omega_m outside of bounds
omega_m outside of bounds
[mcmc] Progress @ 2026-06-13 11:32:43 : 4883 steps taken, and 3219 accepted.
[mcmc] Progress @ 2026-06-13 11:32:46 : 5384 steps taken, and 3399 accepted.
[mcmc] Progress @ 2026-06-13 11:32:48 : 5353 steps taken, and 3407 accepted.
[mcmc] Progress @ 2026-06-13 11:32:52 : 5029 steps taken, and 3114 accepted.
[mcmc] Progress @ 2026-06-13 11:33:06 : 4690 steps taken, and 3372 accepted.
[mcmc] Progress @ 2026-06-13 11:33:16 : 4931 steps taken, and 2842 accepted.
[mcmc] Progress @ 2026-06-13 11:33:16 : 5232 steps taken, and 3395 accepted.
omega_m outside of bounds
[mcmc] Progress @ 2026-06-13 11:33:20 : 5455 steps taken, and 3278 accepted.
omega_m outside of bounds
omega_m outside of bounds
omega_m outside of bounds
omega_m outside of bounds
omega_m outside of bounds
omega_m outside of bounds
omega_m outside of bounds
omega_m outside of bounds
omega_m outside of bounds
omega_m outside of bounds
omega_m outside of bounds
omega_m outside of bounds
omega_m outside of bounds
[mcmc] Progress @ 2026-06-13 11:33:45 : 4897 steps taken, and 3227 accepted.
[mcmc] Progress @ 2026-06-13 11:33:47 : 5399 steps taken, and 3405 accepted.
[mcmc] Progress @ 2026-06-13 11:33:52 : 5376 steps taken, and 3417 accepted.
[mcmc] Progress @ 2026-06-13 11:33:54 : 5052 steps taken, and 3124 accepted.
[mcmc] Progress @ 2026-06-13 11:34:10 : 4714 steps taken, and 3385 accepted.
[mcmc] Progress @ 2026-06-13 11:34:17 : 5247 steps taken, and 3406 accepted.
[mcmc] Progress @ 2026-06-13 11:34:18 : 4945 steps taken, and 2851 accepted.
omega_m outside of bounds
omega_m outside of bounds
omega_m outside of bounds
omega_m outside of bounds
omega_m outside of bounds
[mcmc] Progress @ 2026-06-13 11:34:22 : 5479 steps taken, and 3285 accepted.
omega_m outside of bounds
omega_m outside of bounds
omega_m outside of bounds
omega_m outside of bounds
omega_m outside of bounds
omega_m outside of bounds
omega_m outside of bounds
omega_m outside of bounds
omega_m outside of bounds
omega_m outside of bounds
omega_m outside of bounds
omega_m outside of bounds
omega_m outside of bounds
[mcmc] Progress @ 2026-06-13 11:34:46 : 4915 steps taken, and 3238 accepted.
omega_m outside of bounds
[mcmc] Progress @ 2026-06-13 11:34:48 : 5413 steps taken, and 3412 accepted.
[mcmc] Progress @ 2026-06-13 11:34:55 : 5071 steps taken, and 3133 accepted.
[mcmc] Progress @ 2026-06-13 11:34:56 : 5393 steps taken, and 3427 accepted.
[mcmc] Progress @ 2026-06-13 11:35:14 : 4737 steps taken, and 3400 accepted.
omega_m outside of bounds
[mcmc] Progress @ 2026-06-13 11:35:17 : 5270 steps taken, and 3416 accepted.
[mcmc] Progress @ 2026-06-13 11:35:20 : 4959 steps taken, and 2855 accepted.
omega_m outside of bounds
[mcmc] Progress @ 2026-06-13 11:35:23 : 5499 steps taken, and 3294 accepted.
omega_m outside of bounds
omega_m outside of bounds
omega_m outside of bounds
omega_m outside of bounds
omega_m outside of bounds
omega_m outside of bounds
omega_m outside of bounds
omega_m outside of bounds
omega_m outside of bounds
omega_m outside of bounds
omega_m outside of bounds
omega_m outside of bounds
omega_m outside of bounds
omega_m outside of bounds
[mcmc] Progress @ 2026-06-13 11:35:47 : 4935 steps taken, and 3247 accepted.
[mcmc] Progress @ 2026-06-13 11:35:49 : 5428 steps taken, and 3421 accepted.
omega_m outside of bounds
omega_m outside of bounds
omega_m outside of bounds
omega_m outside of bounds
omega_m outside of bounds
omega_m outside of bounds
omega_m outside of bounds
[mcmc] Progress @ 2026-06-13 11:35:56 : 5087 steps taken, and 3139 accepted.
[mcmc] Progress @ 2026-06-13 11:36:00 : 5414 steps taken, and 3435 accepted.
[mcmc] Progress @ 2026-06-13 11:36:18 : 5287 steps taken, and 3426 accepted.
[mcmc] Progress @ 2026-06-13 11:36:18 : 4756 steps taken, and 3411 accepted.
[mcmc] Progress @ 2026-06-13 11:36:22 : 4979 steps taken, and 2862 accepted.
omega_m outside of bounds
omega_m outside of bounds
omega_m outside of bounds
omega_m outside of bounds
omega_m outside of bounds
[mcmc] Progress @ 2026-06-13 11:36:23 : 5524 steps taken, and 3302 accepted.
omega_m outside of bounds
omega_m outside of bounds
omega_m outside of bounds
omega_m outside of bounds
omega_m outside of bounds
omega_m outside of bounds
omega_m outside of bounds
omega_m outside of bounds
omega_m outside of bounds
omega_m outside of bounds
omega_m outside of bounds
omega_m outside of bounds
omega_m outside of bounds
[mcmc] Progress @ 2026-06-13 11:36:48 : 4949 steps taken, and 3257 accepted.
[mcmc] Progress @ 2026-06-13 11:36:49 : 5450 steps taken, and 3427 accepted.
omega_m outside of bounds
omega_m outside of bounds
omega_m outside of bounds
omega_m outside of bounds
omega_m outside of bounds
omega_m outside of bounds
omega_m outside of bounds
omega_m outside of bounds
omega_m outside of bounds
omega_m outside of bounds
omega_m outside of bounds
omega_m outside of bounds
omega_m outside of bounds
[mcmc] Progress @ 2026-06-13 11:36:57 : 5102 steps taken, and 3150 accepted.
[mcmc] Progress @ 2026-06-13 11:37:03 : 5440 steps taken, and 3446 accepted.
[mcmc] Progress @ 2026-06-13 11:37:18 : 5309 steps taken, and 3438 accepted.
[mcmc] Progress @ 2026-06-13 11:37:22 : 4782 steps taken, and 3421 accepted.
[mcmc] Progress @ 2026-06-13 11:37:23 : 4993 steps taken, and 2871 accepted.
omega_m outside of bounds
omega_m outside of bounds
omega_m outside of bounds
omega_m outside of bounds
omega_m outside of bounds
omega_m outside of bounds
omega_m outside of bounds
omega_m outside of bounds
omega_m outside of bounds
omega_m outside of bounds
omega_m outside of bounds
omega_m outside of bounds
[mcmc] Progress @ 2026-06-13 11:37:24 : 5546 steps taken, and 3308 accepted.
omega_m outside of bounds
omega_m outside of bounds
omega_m outside of bounds
omega_m outside of bounds
omega_m outside of bounds
omega_m outside of bounds
omega_m outside of bounds
omega_m outside of bounds
omega_m outside of bounds
omega_m outside of bounds
omega_m outside of bounds
omega_m outside of bounds
omega_m outside of bounds
omega_m outside of bounds
[mcmc] Progress @ 2026-06-13 11:37:48 : 4970 steps taken, and 3267 accepted.
[mcmc] Progress @ 2026-06-13 11:37:50 : 5468 steps taken, and 3438 accepted.
omega_m outside of bounds
omega_m outside of bounds
omega_m outside of bounds
omega_m outside of bounds
omega_m outside of bounds
omega_m outside of bounds
omega_m outside of bounds
omega_m outside of bounds
omega_m outside of bounds
omega_m outside of bounds
omega_m outside of bounds
[mcmc] Progress @ 2026-06-13 11:38:01 : 5117 steps taken, and 3156 accepted.
[mcmc] Learn + convergence test @ 2880 samples accepted.
[mcmc]  - Acceptance rate: 0.532
[mcmc]  - Convergence of means: R-1 = 3.629074 after 2304 accepted steps
[blockedproposer] *ERROR* The given covmat is not a positive-definite, symmetric square matrix.
[mcmc] Progress @ 2026-06-13 11:38:08 : 5465 steps taken, and 3459 accepted.
[mcmc] Progress @ 2026-06-13 11:38:18 : 5335 steps taken, and 3450 accepted.
[mcmc] Progress @ 2026-06-13 11:38:23 : 4802 steps taken, and 3428 accepted.
[mcmc] Progress @ 2026-06-13 11:38:24 : 5010 steps taken, and 2883 accepted.
omega_m outside of bounds
omega_m outside of bounds
omega_m outside of bounds
omega_m outside of bounds
omega_m outside of bounds
omega_m outside of bounds
omega_m outside of bounds
omega_m outside of bounds
omega_m outside of bounds
omega_m outside of bounds
omega_m outside of bounds
omega_m outside of bounds
[mcmc] Progress @ 2026-06-13 11:38:25 : 5562 steps taken, and 3311 accepted.
omega_m outside of bounds
omega_m outside of bounds
omega_m outside of bounds
[mcmc] Progress @ 2026-06-13 11:38:49 : 4986 steps taken, and 3277 accepted.
[mcmc] Progress @ 2026-06-13 11:38:51 : 5482 steps taken, and 3448 accepted.
omega_m outside of bounds
omega_m outside of bounds
omega_m outside of bounds
omega_m outside of bounds
omega_m outside of bounds
omega_m outside of bounds
omega_m outside of bounds
omega_m outside of bounds
omega_m outside of bounds
omega_m outside of bounds
omega_m outside of bounds
omega_m outside of bounds
[mcmc] Progress @ 2026-06-13 11:39:04 : 5131 steps taken, and 3163 accepted.
[mcmc] Progress @ 2026-06-13 11:39:11 : 5499 steps taken, and 3468 accepted.
[mcmc] Progress @ 2026-06-13 11:39:22 : 5357 steps taken, and 3462 accepted.
[mcmc] Progress @ 2026-06-13 11:39:24 : 4816 steps taken, and 3435 accepted.
[mcmc] Progress @ 2026-06-13 11:39:25 : 5029 steps taken, and 2890 accepted.
omega_m outside of bounds
omega_m outside of bounds
omega_m outside of bounds
omega_m outside of bounds
omega_m outside of bounds
omega_m outside of bounds
omega_m outside of bounds
omega_m outside of bounds
omega_m outside of bounds
omega_m outside of bounds
omega_m outside of bounds
omega_m outside of bounds
omega_m outside of bounds
omega_m outside of bounds
[mcmc] Progress @ 2026-06-13 11:39:25 : 5582 steps taken, and 3317 accepted.
[mcmc] Progress @ 2026-06-13 11:39:49 : 5004 steps taken, and 3288 accepted.
[mcmc] Progress @ 2026-06-13 11:39:53 : 5504 steps taken, and 3459 accepted.
omega_m outside of bounds
omega_m outside of bounds
omega_m outside of bounds
omega_m outside of bounds
omega_m outside of bounds
omega_m outside of bounds
omega_m outside of bounds
omega_m outside of bounds
omega_m outside of bounds
omega_m outside of bounds
omega_m outside of bounds
omega_m outside of bounds
omega_m outside of bounds
omega_m outside of bounds
[mcmc] Progress @ 2026-06-13 11:40:07 : 5147 steps taken, and 3172 accepted.
[mcmc] Progress @ 2026-06-13 11:40:14 : 5528 steps taken, and 3478 accepted.
[mcmc] Progress @ 2026-06-13 11:40:23 : 5371 steps taken, and 3474 accepted.
[mcmc] Progress @ 2026-06-13 11:40:24 : 4830 steps taken, and 3445 accepted.
omega_m outside of bounds
omega_m outside of bounds
omega_m outside of bounds
omega_m outside of bounds
omega_m outside of bounds
omega_m outside of bounds
omega_m outside of bounds
omega_m outside of bounds
omega_m outside of bounds
omega_m outside of bounds
omega_m outside of bounds
omega_m outside of bounds
omega_m outside of bounds
[mcmc] Progress @ 2026-06-13 11:40:25 : 5605 steps taken, and 3325 accepted.
[mcmc] Progress @ 2026-06-13 11:40:26 : 5044 steps taken, and 2898 accepted.
omega_m outside of bounds
[mcmc] Progress @ 2026-06-13 11:40:49 : 5019 steps taken, and 3300 accepted.
[mcmc] Progress @ 2026-06-13 11:40:55 : 5522 steps taken, and 3469 accepted.
omega_m outside of bounds
omega_m outside of bounds
omega_m outside of bounds
omega_m outside of bounds
omega_m outside of bounds
omega_m outside of bounds
omega_m outside of bounds
omega_m outside of bounds
omega_m outside of bounds
omega_m outside of bounds
omega_m outside of bounds
omega_m outside of bounds
omega_m outside of bounds
omega_m outside of bounds
[mcmc] Progress @ 2026-06-13 11:41:10 : 5165 steps taken, and 3179 accepted.
[mcmc] Progress @ 2026-06-13 11:41:18 : 5560 steps taken, and 3488 accepted.
omega_m outside of bounds
omega_m outside of bounds
omega_m outside of bounds
omega_m outside of bounds
omega_m outside of bounds
omega_m outside of bounds
[mcmc] Progress @ 2026-06-13 11:41:26 : 5623 steps taken, and 3330 accepted.
[mcmc] Progress @ 2026-06-13 11:41:27 : 5390 steps taken, and 3489 accepted.
[mcmc] Progress @ 2026-06-13 11:41:28 : 5061 steps taken, and 2903 accepted.
omega_m outside of bounds
omega_m outside of bounds
omega_m outside of bounds
omega_m outside of bounds
omega_m outside of bounds
omega_m outside of bounds
omega_m outside of bounds
[mcmc] Progress @ 2026-06-13 11:41:29 : 4853 steps taken, and 3454 accepted.
omega_m outside of bounds
[mcmc] Progress @ 2026-06-13 11:41:50 : 5045 steps taken, and 3312 accepted.
[mcmc] Progress @ 2026-06-13 11:41:57 : 5539 steps taken, and 3475 accepted.
omega_m outside of bounds
omega_m outside of bounds
omega_m outside of bounds
omega_m outside of bounds
omega_m outside of bounds
omega_m outside of bounds
omega_m outside of bounds
omega_m outside of bounds
omega_m outside of bounds
omega_m outside of bounds
omega_m outside of bounds
omega_m outside of bounds
omega_m outside of bounds
[mcmc] Progress @ 2026-06-13 11:42:11 : 5191 steps taken, and 3186 accepted.
[mcmc] Progress @ 2026-06-13 11:42:22 : 5598 steps taken, and 3497 accepted.
omega_m outside of bounds
omega_m outside of bounds
omega_m outside of bounds
omega_m outside of bounds
omega_m outside of bounds
omega_m outside of bounds
omega_m outside of bounds
omega_m outside of bounds
omega_m outside of bounds
omega_m outside of bounds
omega_m outside of bounds
omega_m outside of bounds
[mcmc] Progress @ 2026-06-13 11:42:26 : 5640 steps taken, and 3340 accepted.
omega_m outside of bounds
[mcmc] Progress @ 2026-06-13 11:42:27 : 5405 steps taken, and 3499 accepted.
[mcmc] Progress @ 2026-06-13 11:42:28 : 5081 steps taken, and 2911 accepted.
omega_m outside of bounds
omega_m outside of bounds
omega_m outside of bounds
omega_m outside of bounds
omega_m outside of bounds
omega_m outside of bounds
omega_m outside of bounds
omega_m outside of bounds
omega_m outside of bounds
omega_m outside of bounds
omega_m outside of bounds
omega_m outside of bounds
omega_m outside of bounds
omega_m outside of bounds
[mcmc] Progress @ 2026-06-13 11:42:32 : 4876 steps taken, and 3463 accepted.
[mcmc] Progress @ 2026-06-13 11:42:51 : 5063 steps taken, and 3324 accepted.
[mcmc] Progress @ 2026-06-13 11:43:01 : 5554 steps taken, and 3485 accepted.
omega_m outside of bounds
omega_m outside of bounds
omega_m outside of bounds
omega_m outside of bounds
[mcmc] Progress @ 2026-06-13 11:43:14 : 5211 steps taken, and 3192 accepted.
[mcmc] Progress @ 2026-06-13 11:43:23 : 5620 steps taken, and 3505 accepted.
omega_m outside of bounds
omega_m outside of bounds
omega_m outside of bounds
omega_m outside of bounds
omega_m outside of bounds
omega_m outside of bounds
omega_m outside of bounds
omega_m outside of bounds
omega_m outside of bounds
omega_m outside of bounds
omega_m outside of bounds
omega_m outside of bounds
omega_m outside of bounds
[mcmc] Progress @ 2026-06-13 11:43:27 : 5659 steps taken, and 3349 accepted.
[mcmc] Progress @ 2026-06-13 11:43:29 : 5104 steps taken, and 2922 accepted.
[mcmc] Progress @ 2026-06-13 11:43:31 : 5426 steps taken, and 3510 accepted.
omega_m outside of bounds
omega_m outside of bounds
omega_m outside of bounds
omega_m outside of bounds
omega_m outside of bounds
omega_m outside of bounds
omega_m outside of bounds
omega_m outside of bounds
omega_m outside of bounds
omega_m outside of bounds
omega_m outside of bounds
omega_m outside of bounds
omega_m outside of bounds
omega_m outside of bounds
[mcmc] Progress @ 2026-06-13 11:43:36 : 4899 steps taken, and 3473 accepted.
omega_m outside of bounds
omega_m outside of bounds
omega_m outside of bounds
omega_m outside of bounds
omega_m outside of bounds
omega_m outside of bounds
omega_m outside of bounds
omega_m outside of bounds
omega_m outside of bounds
omega_m outside of bounds
omega_m outside of bounds
omega_m outside of bounds
[mcmc] Progress @ 2026-06-13 11:43:52 : 5077 steps taken, and 3336 accepted.
[mcmc] Progress @ 2026-06-13 11:44:02 : 5577 steps taken, and 3492 accepted.
omega_m outside of bounds
omega_m outside of bounds
omega_m outside of bounds
omega_m outside of bounds
omega_m outside of bounds
omega_m outside of bounds
omega_m outside of bounds
[mcmc] Progress @ 2026-06-13 11:44:18 : 5230 steps taken, and 3200 accepted.
[mcmc] Learn + convergence test @ 3200 samples accepted.
[mcmc]  - Acceptance rate: 0.577
[mcmc]  - Convergence of means: R-1 = 5.231342 after 2560 accepted steps
[mcmc]  - Updated covariance matrix of proposal pdf.
[mcmc] Progress @ 2026-06-13 11:44:27 : 5640 steps taken, and 3518 accepted.
[mcmc] Learn + convergence test @ 3520 samples accepted.
[mcmc]  - Acceptance rate: 0.609
[mcmc]  - Convergence of means: R-1 = 6.209825 after 2816 accepted steps
[blockedproposer] *ERROR* The given covmat is not a positive-definite, symmetric square matrix.
omega_m outside of bounds
omega_m outside of bounds
omega_m outside of bounds
omega_m outside of bounds
omega_m outside of bounds
omega_m outside of bounds
omega_m outside of bounds
omega_m outside of bounds
omega_m outside of bounds
[mcmc] Progress @ 2026-06-13 11:44:27 : 5676 steps taken, and 3357 accepted.
[mcmc] Progress @ 2026-06-13 11:44:30 : 5124 steps taken, and 2932 accepted.
[mcmc] Learn + convergence test @ 3520 samples accepted.
[mcmc]  - Acceptance rate: 0.585
[mcmc]  - Convergence of means: R-1 = 0.547092 after 2816 accepted steps
[mcmc]  - Updated covariance matrix of proposal pdf.
[mcmc] Progress @ 2026-06-13 11:44:35 : 5454 steps taken, and 3522 accepted.
omega_m outside of bounds
omega_m outside of bounds
omega_m outside of bounds
omega_m outside of bounds
omega_m outside of bounds
omega_m outside of bounds
omega_m outside of bounds
omega_m outside of bounds
omega_m outside of bounds
omega_m outside of bounds
omega_m outside of bounds
[mcmc] Progress @ 2026-06-13 11:44:40 : 4917 steps taken, and 3483 accepted.
[mcmc] Progress @ 2026-06-13 11:44:52 : 5091 steps taken, and 3349 accepted.
[mcmc] Progress @ 2026-06-13 11:45:05 : 5592 steps taken, and 3502 accepted.
omega_m outside of bounds
omega_m outside of bounds
omega_m outside of bounds
[mcmc] Progress @ 2026-06-13 11:45:22 : 5251 steps taken, and 3207 accepted.
omega_m outside of bounds
omega_m outside of bounds
[mcmc] Progress @ 2026-06-13 11:45:28 : 5694 steps taken, and 3368 accepted.
[mcmc] Progress @ 2026-06-13 11:45:30 : 5666 steps taken, and 3529 accepted.
[mcmc] Progress @ 2026-06-13 11:45:32 : 5142 steps taken, and 2938 accepted.
[mcmc] Progress @ 2026-06-13 11:45:39 : 5471 steps taken, and 3534 accepted.
omega_m outside of bounds
omega_m outside of bounds
omega_m outside of bounds
omega_m outside of bounds
omega_m outside of bounds
omega_m outside of bounds
omega_m outside of bounds
omega_m outside of bounds
omega_m outside of bounds
omega_m outside of bounds
omega_m outside of bounds
omega_m outside of bounds
omega_m outside of bounds
omega_m outside of bounds
omega_m outside of bounds
[mcmc] Progress @ 2026-06-13 11:45:44 : 4932 steps taken, and 3493 accepted.
omega_m outside of bounds
omega_m outside of bounds
[mcmc] Progress @ 2026-06-13 11:45:53 : 5105 steps taken, and 3359 accepted.
[mcmc] Progress @ 2026-06-13 11:46:08 : 5620 steps taken, and 3510 accepted.
omega_m outside of bounds
omega_m outside of bounds
omega_m outside of bounds
omega_m outside of bounds
[mcmc] Progress @ 2026-06-13 11:46:26 : 5275 steps taken, and 3214 accepted.
omega_m outside of bounds
[mcmc] Progress @ 2026-06-13 11:46:30 : 5712 steps taken, and 3373 accepted.
[mcmc] Progress @ 2026-06-13 11:46:33 : 5687 steps taken, and 3543 accepted.
[mcmc] Progress @ 2026-06-13 11:46:35 : 5159 steps taken, and 2946 accepted.
[mcmc] Progress @ 2026-06-13 11:46:43 : 5487 steps taken, and 3543 accepted.
omega_m outside of bounds
omega_m outside of bounds
omega_m outside of bounds
omega_m outside of bounds
omega_m outside of bounds
omega_m outside of bounds
omega_m outside of bounds
omega_m outside of bounds
omega_m outside of bounds
omega_m outside of bounds
omega_m outside of bounds
omega_m outside of bounds
omega_m outside of bounds
omega_m outside of bounds
omega_m outside of bounds
[mcmc] Progress @ 2026-06-13 11:46:48 : 4957 steps taken, and 3504 accepted.
omega_m outside of bounds
omega_m outside of bounds
[mcmc] Progress @ 2026-06-13 11:46:54 : 5120 steps taken, and 3367 accepted.
[mcmc] Progress @ 2026-06-13 11:47:09 : 5662 steps taken, and 3518 accepted.
omega_m outside of bounds
omega_m outside of bounds
omega_m outside of bounds
omega_m outside of bounds
omega_m outside of bounds
omega_m outside of bounds
[mcmc] Progress @ 2026-06-13 11:47:27 : 5294 steps taken, and 3224 accepted.
omega_m outside of bounds
omega_m outside of bounds
[mcmc] Progress @ 2026-06-13 11:47:31 : 5729 steps taken, and 3381 accepted.
[mcmc] Progress @ 2026-06-13 11:47:36 : 5176 steps taken, and 2955 accepted.
[mcmc] Learn + convergence test @ 3520 samples accepted.
[mcmc]  - Acceptance rate: 0.586
[mcmc]  - Convergence of means: R-1 = 1.167960 after 2816 accepted steps
[blockedproposer] *ERROR* The given covmat is not a positive-definite, symmetric square matrix.
[mcmc] Progress @ 2026-06-13 11:47:37 : 5709 steps taken, and 3555 accepted.
[mcmc] Progress @ 2026-06-13 11:47:47 : 5505 steps taken, and 3554 accepted.
omega_m outside of bounds
omega_m outside of bounds
omega_m outside of bounds
omega_m outside of bounds
omega_m outside of bounds
omega_m outside of bounds
omega_m outside of bounds
omega_m outside of bounds
omega_m outside of bounds
omega_m outside of bounds
omega_m outside of bounds
omega_m outside of bounds
omega_m outside of bounds
omega_m outside of bounds
omega_m outside of bounds
[mcmc] Progress @ 2026-06-13 11:47:52 : 4980 steps taken, and 3516 accepted.
[mcmc] Progress @ 2026-06-13 11:47:55 : 5134 steps taken, and 3377 accepted.
[mcmc] Progress @ 2026-06-13 11:48:10 : 5685 steps taken, and 3522 accepted.
omega_m outside of bounds
omega_m outside of bounds
omega_m outside of bounds
omega_m outside of bounds
omega_m outside of bounds
omega_m outside of bounds
omega_m outside of bounds
[mcmc] Learn + convergence test @ 3520 samples accepted.
[mcmc]  - Acceptance rate: 0.676
[mcmc]  - Convergence of means: R-1 = 2.464419 after 2816 accepted steps
[mcmc]  - Updated covariance matrix of proposal pdf.
omega_m outside of bounds
[mcmc] Progress @ 2026-06-13 11:48:30 : 5315 steps taken, and 3232 accepted.
[mcmc] Progress @ 2026-06-13 11:48:32 : 5744 steps taken, and 3389 accepted.
[mcmc] Progress @ 2026-06-13 11:48:37 : 5193 steps taken, and 2964 accepted.
[mcmc] Progress @ 2026-06-13 11:48:41 : 5734 steps taken, and 3565 accepted.
[mcmc] Progress @ 2026-06-13 11:48:48 : 5520 steps taken, and 3563 accepted.
omega_m outside of bounds
[mcmc] Progress @ 2026-06-13 11:48:53 : 4996 steps taken, and 3525 accepted.
[mcmc] Progress @ 2026-06-13 11:48:58 : 5151 steps taken, and 3386 accepted.
[mcmc] Progress @ 2026-06-13 11:49:10 : 5705 steps taken, and 3528 accepted.
[mcmc] Progress @ 2026-06-13 11:49:33 : 5339 steps taken, and 3241 accepted.
[mcmc] Progress @ 2026-06-13 11:49:33 : 5769 steps taken, and 3398 accepted.
[mcmc] Progress @ 2026-06-13 11:49:37 : 5213 steps taken, and 2974 accepted.
[mcmc] Progress @ 2026-06-13 11:49:45 : 5751 steps taken, and 3574 accepted.
[mcmc] Progress @ 2026-06-13 11:49:52 : 5542 steps taken, and 3573 accepted.
omega_m outside of bounds
omega_m outside of bounds
omega_m outside of bounds
omega_m outside of bounds
omega_m outside of bounds
omega_m outside of bounds
omega_m outside of bounds
omega_m outside of bounds
omega_m outside of bounds
omega_m outside of bounds
omega_m outside of bounds
omega_m outside of bounds
omega_m outside of bounds
omega_m outside of bounds
[mcmc] Progress @ 2026-06-13 11:49:54 : 5015 steps taken, and 3533 accepted.
[mcmc] Progress @ 2026-06-13 11:50:02 : 5168 steps taken, and 3396 accepted.
[mcmc] Progress @ 2026-06-13 11:50:13 : 5727 steps taken, and 3537 accepted.
[mcmc] Progress @ 2026-06-13 11:50:34 : 5792 steps taken, and 3406 accepted.
omega_m outside of bounds
[mcmc] Progress @ 2026-06-13 11:50:35 : 5361 steps taken, and 3247 accepted.
[mcmc] Progress @ 2026-06-13 11:50:38 : 5229 steps taken, and 2983 accepted.
[mcmc] Progress @ 2026-06-13 11:50:49 : 5775 steps taken, and 3588 accepted.
[mcmc] Progress @ 2026-06-13 11:50:56 : 5565 steps taken, and 3582 accepted.
omega_m outside of bounds
omega_m outside of bounds
omega_m outside of bounds
omega_m outside of bounds
omega_m outside of bounds
omega_m outside of bounds
[mcmc] Progress @ 2026-06-13 11:50:58 : 5035 steps taken, and 3543 accepted.
[mcmc] Progress @ 2026-06-13 11:51:06 : 5187 steps taken, and 3408 accepted.
[mcmc] Progress @ 2026-06-13 11:51:16 : 5748 steps taken, and 3545 accepted.
[mcmc] Progress @ 2026-06-13 11:51:34 : 5811 steps taken, and 3415 accepted.
omega_m outside of bounds
[mcmc] Progress @ 2026-06-13 11:51:36 : 5379 steps taken, and 3257 accepted.
[mcmc] Progress @ 2026-06-13 11:51:40 : 5246 steps taken, and 2990 accepted.
[mcmc] Progress @ 2026-06-13 11:51:50 : 5792 steps taken, and 3595 accepted.
[mcmc] Progress @ 2026-06-13 11:51:59 : 5582 steps taken, and 3592 accepted.
omega_m outside of bounds
omega_m outside of bounds
[mcmc] Progress @ 2026-06-13 11:52:02 : 5054 steps taken, and 3551 accepted.
[mcmc] Progress @ 2026-06-13 11:52:10 : 5211 steps taken, and 3421 accepted.
[mcmc] Progress @ 2026-06-13 11:52:18 : 5763 steps taken, and 3554 accepted.
[mcmc] Progress @ 2026-06-13 11:52:34 : 5825 steps taken, and 3425 accepted.
[mcmc] Progress @ 2026-06-13 11:52:37 : 5396 steps taken, and 3265 accepted.
[mcmc] Progress @ 2026-06-13 11:52:41 : 5263 steps taken, and 3001 accepted.
[mcmc] Progress @ 2026-06-13 11:52:51 : 5812 steps taken, and 3605 accepted.
[mcmc] Progress @ 2026-06-13 11:53:02 : 5083 steps taken, and 3560 accepted.
[mcmc] Progress @ 2026-06-13 11:53:03 : 5603 steps taken, and 3600 accepted.
[mcmc] Progress @ 2026-06-13 11:53:10 : 5244 steps taken, and 3435 accepted.
[mcmc] Progress @ 2026-06-13 11:53:21 : 5787 steps taken, and 3565 accepted.
[mcmc] Progress @ 2026-06-13 11:53:34 : 5841 steps taken, and 3435 accepted.
omega_m outside of bounds
omega_m outside of bounds
omega_m outside of bounds
omega_m outside of bounds
omega_m outside of bounds
omega_m outside of bounds
omega_m outside of bounds
omega_m outside of bounds
omega_m outside of bounds
[mcmc] Progress @ 2026-06-13 11:53:39 : 5424 steps taken, and 3271 accepted.
[mcmc] Progress @ 2026-06-13 11:53:42 : 5280 steps taken, and 3009 accepted.
[mcmc] Progress @ 2026-06-13 11:53:51 : 5829 steps taken, and 3615 accepted.
omega_m outside of bounds
[mcmc] Progress @ 2026-06-13 11:54:06 : 5101 steps taken, and 3574 accepted.
[mcmc] Progress @ 2026-06-13 11:54:07 : 5619 steps taken, and 3610 accepted.
[mcmc] Progress @ 2026-06-13 11:54:11 : 5268 steps taken, and 3441 accepted.
[mcmc] Progress @ 2026-06-13 11:54:23 : 5802 steps taken, and 3575 accepted.
[mcmc] Progress @ 2026-06-13 11:54:35 : 5865 steps taken, and 3446 accepted.
omega_m outside of bounds
omega_m outside of bounds
omega_m outside of bounds
omega_m outside of bounds
omega_m outside of bounds
omega_m outside of bounds
omega_m outside of bounds
omega_m outside of bounds
omega_m outside of bounds
omega_m outside of bounds
omega_m outside of bounds
omega_m outside of bounds
omega_m outside of bounds
omega_m outside of bounds
[mcmc] Progress @ 2026-06-13 11:54:39 : 5462 steps taken, and 3279 accepted.
[mcmc] Progress @ 2026-06-13 11:54:45 : 5297 steps taken, and 3014 accepted.
[mcmc] Progress @ 2026-06-13 11:54:52 : 5856 steps taken, and 3625 accepted.
omega_m outside of bounds
[mcmc] Progress @ 2026-06-13 11:55:07 : 5118 steps taken, and 3583 accepted.
[mcmc] Progress @ 2026-06-13 11:55:11 : 5642 steps taken, and 3618 accepted.
[mcmc] Progress @ 2026-06-13 11:55:12 : 5285 steps taken, and 3453 accepted.
[mcmc] Progress @ 2026-06-13 11:55:25 : 5835 steps taken, and 3582 accepted.
[mcmc] Progress @ 2026-06-13 11:55:35 : 5880 steps taken, and 3450 accepted.
omega_m outside of bounds
omega_m outside of bounds
omega_m outside of bounds
omega_m outside of bounds
omega_m outside of bounds
omega_m outside of bounds
omega_m outside of bounds
omega_m outside of bounds
omega_m outside of bounds
omega_m outside of bounds
omega_m outside of bounds
omega_m outside of bounds
omega_m outside of bounds
omega_m outside of bounds
[mcmc] Progress @ 2026-06-13 11:55:40 : 5484 steps taken, and 3288 accepted.
[mcmc] Progress @ 2026-06-13 11:55:47 : 5312 steps taken, and 3023 accepted.
[mcmc] Progress @ 2026-06-13 11:55:53 : 5870 steps taken, and 3635 accepted.
[mcmc] Progress @ 2026-06-13 11:56:08 : 5140 steps taken, and 3593 accepted.
[mcmc] Progress @ 2026-06-13 11:56:14 : 5307 steps taken, and 3461 accepted.
[mcmc] Progress @ 2026-06-13 11:56:15 : 5665 steps taken, and 3626 accepted.
[mcmc] Progress @ 2026-06-13 11:56:28 : 5852 steps taken, and 3592 accepted.
[mcmc] Progress @ 2026-06-13 11:56:36 : 5898 steps taken, and 3456 accepted.
omega_m outside of bounds
omega_m outside of bounds
omega_m outside of bounds
omega_m outside of bounds
omega_m outside of bounds
omega_m outside of bounds
omega_m outside of bounds
omega_m outside of bounds
omega_m outside of bounds
omega_m outside of bounds
omega_m outside of bounds
omega_m outside of bounds
omega_m outside of bounds
omega_m outside of bounds
[mcmc] Progress @ 2026-06-13 11:56:41 : 5515 steps taken, and 3293 accepted.
[mcmc] Progress @ 2026-06-13 11:56:49 : 5326 steps taken, and 3033 accepted.
[mcmc] Progress @ 2026-06-13 11:56:53 : 5886 steps taken, and 3644 accepted.
omega_m outside of bounds
omega_m outside of bounds
omega_m outside of bounds
omega_m outside of bounds
[mcmc] Progress @ 2026-06-13 11:57:08 : 5154 steps taken, and 3600 accepted.
[mcmc] Progress @ 2026-06-13 11:57:15 : 5328 steps taken, and 3470 accepted.
[mcmc] Progress @ 2026-06-13 11:57:15 : 5689 steps taken, and 3635 accepted.
[mcmc] Progress @ 2026-06-13 11:57:31 : 5872 steps taken, and 3605 accepted.
[mcmc] Progress @ 2026-06-13 11:57:37 : 5917 steps taken, and 3464 accepted.
omega_m outside of bounds
omega_m outside of bounds
omega_m outside of bounds
omega_m outside of bounds
omega_m outside of bounds
omega_m outside of bounds
omega_m outside of bounds
omega_m outside of bounds
omega_m outside of bounds
omega_m outside of bounds
omega_m outside of bounds
omega_m outside of bounds
omega_m outside of bounds
omega_m outside of bounds
[mcmc] Progress @ 2026-06-13 11:57:42 : 5533 steps taken, and 3298 accepted.
[mcmc] Progress @ 2026-06-13 11:57:51 : 5340 steps taken, and 3040 accepted.
[mcmc] Progress @ 2026-06-13 11:57:57 : 5914 steps taken, and 3655 accepted.
omega_m outside of bounds
omega_m outside of bounds
omega_m outside of bounds
omega_m outside of bounds
omega_m outside of bounds
omega_m outside of bounds
omega_m outside of bounds
omega_m outside of bounds
[mcmc] Progress @ 2026-06-13 11:58:08 : 5170 steps taken, and 3608 accepted.
[mcmc] Progress @ 2026-06-13 11:58:18 : 5344 steps taken, and 3481 accepted.
[mcmc] Progress @ 2026-06-13 11:58:19 : 5704 steps taken, and 3641 accepted.
[mcmc] Progress @ 2026-06-13 11:58:34 : 5894 steps taken, and 3615 accepted.
[mcmc] Progress @ 2026-06-13 11:58:38 : 5934 steps taken, and 3472 accepted.
omega_m outside of bounds
omega_m outside of bounds
omega_m outside of bounds
[mcmc] Progress @ 2026-06-13 11:58:43 : 5548 steps taken, and 3306 accepted.
[mcmc] Progress @ 2026-06-13 11:58:53 : 5357 steps taken, and 3049 accepted.
[mcmc] Progress @ 2026-06-13 11:58:58 : 5940 steps taken, and 3665 accepted.
omega_m outside of bounds
omega_m outside of bounds
omega_m outside of bounds
omega_m outside of bounds
omega_m outside of bounds
omega_m outside of bounds
omega_m outside of bounds
omega_m outside of bounds
omega_m outside of bounds
omega_m outside of bounds
omega_m outside of bounds
omega_m outside of bounds
omega_m outside of bounds
[mcmc] Progress @ 2026-06-13 11:59:08 : 5185 steps taken, and 3621 accepted.
[mcmc] Progress @ 2026-06-13 11:59:19 : 5364 steps taken, and 3490 accepted.
[mcmc] Progress @ 2026-06-13 11:59:23 : 5719 steps taken, and 3649 accepted.
[mcmc] Progress @ 2026-06-13 11:59:36 : 5910 steps taken, and 3622 accepted.
omega_m outside of bounds
[mcmc] Progress @ 2026-06-13 11:59:40 : 5956 steps taken, and 3481 accepted.
[mcmc] Progress @ 2026-06-13 11:59:44 : 5563 steps taken, and 3314 accepted.
[mcmc] Progress @ 2026-06-13 11:59:55 : 5376 steps taken, and 3054 accepted.
[mcmc] Progress @ 2026-06-13 12:00:00 : 5976 steps taken, and 3670 accepted.
omega_m outside of bounds
omega_m outside of bounds
omega_m outside of bounds
omega_m outside of bounds
omega_m outside of bounds
omega_m outside of bounds
omega_m outside of bounds
omega_m outside of bounds
omega_m outside of bounds
omega_m outside of bounds
omega_m outside of bounds
[mcmc] Progress @ 2026-06-13 12:00:12 : 5203 steps taken, and 3629 accepted.
[mcmc] Progress @ 2026-06-13 12:00:19 : 5383 steps taken, and 3502 accepted.
[mcmc] Progress @ 2026-06-13 12:00:24 : 5735 steps taken, and 3652 accepted.
[mcmc] Progress @ 2026-06-13 12:00:37 : 5925 steps taken, and 3630 accepted.
omega_m outside of bounds
[mcmc] Progress @ 2026-06-13 12:00:40 : 5974 steps taken, and 3489 accepted.
[mcmc] Progress @ 2026-06-13 12:00:45 : 5577 steps taken, and 3324 accepted.
[mcmc] Progress @ 2026-06-13 12:00:58 : 5393 steps taken, and 3060 accepted.
[mcmc] Progress @ 2026-06-13 12:01:03 : 6003 steps taken, and 3677 accepted.
omega_m outside of bounds
omega_m outside of bounds
omega_m outside of bounds
[mcmc] Progress @ 2026-06-13 12:01:12 : 5221 steps taken, and 3640 accepted.
[mcmc] Progress @ 2026-06-13 12:01:20 : 5399 steps taken, and 3510 accepted.
[mcmc] Progress @ 2026-06-13 12:01:24 : 5749 steps taken, and 3659 accepted.
[mcmc] Progress @ 2026-06-13 12:01:37 : 5947 steps taken, and 3640 accepted.
[mcmc] Progress @ 2026-06-13 12:01:41 : 5990 steps taken, and 3496 accepted.
[mcmc] Progress @ 2026-06-13 12:01:48 : 5597 steps taken, and 3332 accepted.
[mcmc] Progress @ 2026-06-13 12:01:59 : 5416 steps taken, and 3068 accepted.
[mcmc] Progress @ 2026-06-13 12:02:06 : 6024 steps taken, and 3684 accepted.
[mcmc] Progress @ 2026-06-13 12:02:16 : 5244 steps taken, and 3652 accepted.
[mcmc] Progress @ 2026-06-13 12:02:21 : 5415 steps taken, and 3517 accepted.
[mcmc] Progress @ 2026-06-13 12:02:27 : 5763 steps taken, and 3660 accepted.
[mcmc] Progress @ 2026-06-13 12:02:38 : 5962 steps taken, and 3650 accepted.
[mcmc] Learn + convergence test @ 3520 samples accepted.
[mcmc]  - Acceptance rate: 0.613
[mcmc]  - Convergence of means: R-1 = 1.943304 after 2816 accepted steps
[blockedproposer] *ERROR* The given covmat is not a positive-definite, symmetric square matrix.
[mcmc] Progress @ 2026-06-13 12:02:43 : 6007 steps taken, and 3507 accepted.
[mcmc] Progress @ 2026-06-13 12:02:50 : 5616 steps taken, and 3341 accepted.
[mcmc] Progress @ 2026-06-13 12:03:00 : 5432 steps taken, and 3075 accepted.
[mcmc] Progress @ 2026-06-13 12:03:10 : 6044 steps taken, and 3692 accepted.
[mcmc] Progress @ 2026-06-13 12:03:19 : 5263 steps taken, and 3665 accepted.
[mcmc] Progress @ 2026-06-13 12:03:22 : 5430 steps taken, and 3525 accepted.
[mcmc] Progress @ 2026-06-13 12:03:28 : 5777 steps taken, and 3665 accepted.
[mcmc] Progress @ 2026-06-13 12:03:39 : 5976 steps taken, and 3657 accepted.
omega_m outside of bounds
omega_m outside of bounds
omega_m outside of bounds
omega_m outside of bounds
omega_m outside of bounds
[mcmc] Progress @ 2026-06-13 12:03:44 : 6027 steps taken, and 3514 accepted.
[mcmc] Progress @ 2026-06-13 12:03:53 : 5641 steps taken, and 3349 accepted.
[mcmc] Progress @ 2026-06-13 12:04:01 : 5448 steps taken, and 3080 accepted.
[mcmc] Progress @ 2026-06-13 12:04:13 : 6060 steps taken, and 3701 accepted.
[mcmc] Progress @ 2026-06-13 12:04:23 : 5281 steps taken, and 3673 accepted.
[mcmc] Progress @ 2026-06-13 12:04:23 : 5448 steps taken, and 3533 accepted.
[mcmc] Progress @ 2026-06-13 12:04:30 : 5792 steps taken, and 3669 accepted.
[mcmc] Progress @ 2026-06-13 12:04:40 : 5991 steps taken, and 3665 accepted.
omega_m outside of bounds
omega_m outside of bounds
omega_m outside of bounds
omega_m outside of bounds
omega_m outside of bounds
omega_m outside of bounds
[mcmc] Progress @ 2026-06-13 12:04:45 : 6042 steps taken, and 3519 accepted.
omega_m outside of bounds
[mcmc] Learn + convergence test @ 3520 samples accepted.
[mcmc]  - Acceptance rate: 0.536
[mcmc]  - Convergence of means: R-1 = 5.657000 after 2816 accepted steps
[mcmc]  - Updated covariance matrix of proposal pdf.
[mcmc] Progress @ 2026-06-13 12:04:57 : 5658 steps taken, and 3353 accepted.
[mcmc] Progress @ 2026-06-13 12:05:02 : 5477 steps taken, and 3089 accepted.
[mcmc] Progress @ 2026-06-13 12:05:15 : 6080 steps taken, and 3708 accepted.
[mcmc] Progress @ 2026-06-13 12:05:25 : 5464 steps taken, and 3539 accepted.
[mcmc] Progress @ 2026-06-13 12:05:27 : 5297 steps taken, and 3684 accepted.
[mcmc] Progress @ 2026-06-13 12:05:30 : 5809 steps taken, and 3674 accepted.
[mcmc] Progress @ 2026-06-13 12:05:40 : 6015 steps taken, and 3673 accepted.
omega_m outside of bounds
omega_m outside of bounds
omega_m outside of bounds
omega_m outside of bounds
omega_m outside of bounds
omega_m outside of bounds
omega_m outside of bounds
omega_m outside of bounds
omega_m outside of bounds
omega_m outside of bounds
omega_m outside of bounds
omega_m outside of bounds
[mcmc] Progress @ 2026-06-13 12:05:46 : 6061 steps taken, and 3525 accepted.
[mcmc] Progress @ 2026-06-13 12:05:59 : 5676 steps taken, and 3359 accepted.
[mcmc] Progress @ 2026-06-13 12:06:05 : 5502 steps taken, and 3092 accepted.
[mcmc] Progress @ 2026-06-13 12:06:17 : 6096 steps taken, and 3714 accepted.
[mcmc] Progress @ 2026-06-13 12:06:25 : 5481 steps taken, and 3551 accepted.
[mcmc] Progress @ 2026-06-13 12:06:29 : 5311 steps taken, and 3695 accepted.
[mcmc] Progress @ 2026-06-13 12:06:30 : 5828 steps taken, and 3680 accepted.
[mcmc] Progress @ 2026-06-13 12:06:42 : 6030 steps taken, and 3681 accepted.
omega_m outside of bounds
omega_m outside of bounds
omega_m outside of bounds
omega_m outside of bounds
omega_m outside of bounds
omega_m outside of bounds
omega_m outside of bounds
omega_m outside of bounds
omega_m outside of bounds
omega_m outside of bounds
omega_m outside of bounds
omega_m outside of bounds
omega_m outside of bounds
omega_m outside of bounds
[mcmc] Progress @ 2026-06-13 12:06:47 : 6089 steps taken, and 3535 accepted.
[mcmc] Progress @ 2026-06-13 12:07:00 : 5690 steps taken, and 3371 accepted.
[mcmc] Progress @ 2026-06-13 12:07:07 : 5526 steps taken, and 3100 accepted.
[mcmc] Progress @ 2026-06-13 12:07:18 : 6132 steps taken, and 3725 accepted.
[mcmc] Progress @ 2026-06-13 12:07:25 : 5499 steps taken, and 3561 accepted.
[mcmc] Progress @ 2026-06-13 12:07:30 : 5325 steps taken, and 3706 accepted.
[mcmc] Progress @ 2026-06-13 12:07:35 : 5849 steps taken, and 3688 accepted.
[mcmc] Progress @ 2026-06-13 12:07:44 : 6044 steps taken, and 3688 accepted.
omega_m outside of bounds
omega_m outside of bounds
omega_m outside of bounds
omega_m outside of bounds
omega_m outside of bounds
omega_m outside of bounds
omega_m outside of bounds
omega_m outside of bounds
omega_m outside of bounds
omega_m outside of bounds
omega_m outside of bounds
omega_m outside of bounds
omega_m outside of bounds
[mcmc] Progress @ 2026-06-13 12:07:49 : 6116 steps taken, and 3543 accepted.
[mcmc] Progress @ 2026-06-13 12:08:00 : 5706 steps taken, and 3378 accepted.
[mcmc] Progress @ 2026-06-13 12:08:08 : 5549 steps taken, and 3105 accepted.
[mcmc] Progress @ 2026-06-13 12:08:19 : 6163 steps taken, and 3736 accepted.
[mcmc] Progress @ 2026-06-13 12:08:26 : 5521 steps taken, and 3570 accepted.
[mcmc] Progress @ 2026-06-13 12:08:30 : 5343 steps taken, and 3715 accepted.
[mcmc] Progress @ 2026-06-13 12:08:35 : 5864 steps taken, and 3695 accepted.
omega_m outside of bounds
[mcmc] Progress @ 2026-06-13 12:08:45 : 6065 steps taken, and 3696 accepted.
omega_m outside of bounds
omega_m outside of bounds
omega_m outside of bounds
omega_m outside of bounds
omega_m outside of bounds
omega_m outside of bounds
omega_m outside of bounds
omega_m outside of bounds
omega_m outside of bounds
omega_m outside of bounds
omega_m outside of bounds
omega_m outside of bounds
omega_m outside of bounds
omega_m outside of bounds
[mcmc] Progress @ 2026-06-13 12:08:50 : 6138 steps taken, and 3549 accepted.
[mcmc] Progress @ 2026-06-13 12:09:01 : 5720 steps taken, and 3388 accepted.
[mcmc] Progress @ 2026-06-13 12:09:10 : 5570 steps taken, and 3112 accepted.
[mcmc] Progress @ 2026-06-13 12:09:21 : 6182 steps taken, and 3743 accepted.
[mcmc] Progress @ 2026-06-13 12:09:28 : 5541 steps taken, and 3578 accepted.
[mcmc] Progress @ 2026-06-13 12:09:34 : 5359 steps taken, and 3726 accepted.
[mcmc] Progress @ 2026-06-13 12:09:36 : 5881 steps taken, and 3706 accepted.
[mcmc] Progress @ 2026-06-13 12:09:45 : 6083 steps taken, and 3703 accepted.
omega_m outside of bounds
omega_m outside of bounds
omega_m outside of bounds
omega_m outside of bounds
omega_m outside of bounds
omega_m outside of bounds
omega_m outside of bounds
omega_m outside of bounds
omega_m outside of bounds
omega_m outside of bounds
omega_m outside of bounds
omega_m outside of bounds
omega_m outside of bounds
omega_m outside of bounds
[mcmc] Progress @ 2026-06-13 12:09:53 : 6163 steps taken, and 3557 accepted.
[mcmc] Progress @ 2026-06-13 12:10:03 : 5745 steps taken, and 3397 accepted.
[mcmc] Progress @ 2026-06-13 12:10:11 : 5589 steps taken, and 3123 accepted.
[mcmc] Progress @ 2026-06-13 12:10:24 : 6205 steps taken, and 3748 accepted.
[mcmc] Progress @ 2026-06-13 12:10:29 : 5558 steps taken, and 3586 accepted.
[mcmc] Progress @ 2026-06-13 12:10:34 : 5386 steps taken, and 3734 accepted.
[mcmc] Progress @ 2026-06-13 12:10:36 : 5898 steps taken, and 3714 accepted.
[mcmc] Progress @ 2026-06-13 12:10:45 : 6104 steps taken, and 3708 accepted.
omega_m outside of bounds
omega_m outside of bounds
omega_m outside of bounds
omega_m outside of bounds
omega_m outside of bounds
[mcmc] Progress @ 2026-06-13 12:10:54 : 6185 steps taken, and 3564 accepted.
[mcmc] Progress @ 2026-06-13 12:11:03 : 5771 steps taken, and 3405 accepted.
[mcmc] Progress @ 2026-06-13 12:11:12 : 5620 steps taken, and 3134 accepted.
[mcmc] Progress @ 2026-06-13 12:11:29 : 6241 steps taken, and 3755 accepted.
[mcmc] Progress @ 2026-06-13 12:11:31 : 5574 steps taken, and 3594 accepted.
[mcmc] Progress @ 2026-06-13 12:11:36 : 5916 steps taken, and 3724 accepted.
[mcmc] Progress @ 2026-06-13 12:11:38 : 5403 steps taken, and 3744 accepted.
[mcmc] Progress @ 2026-06-13 12:11:45 : 6142 steps taken, and 3717 accepted.
[mcmc] Progress @ 2026-06-13 12:11:56 : 6200 steps taken, and 3575 accepted.
omega_m outside of bounds
omega_m outside of bounds
omega_m outside of bounds
omega_m outside of bounds
omega_m outside of bounds
[mcmc] Progress @ 2026-06-13 12:12:04 : 5787 steps taken, and 3415 accepted.
[mcmc] Progress @ 2026-06-13 12:12:13 : 5645 steps taken, and 3143 accepted.
[mcmc] Progress @ 2026-06-13 12:12:32 : 6266 steps taken, and 3761 accepted.
[mcmc] Progress @ 2026-06-13 12:12:32 : 5592 steps taken, and 3604 accepted.
omega_m outside of bounds
[mcmc] Progress @ 2026-06-13 12:12:37 : 5934 steps taken, and 3734 accepted.
[mcmc] Progress @ 2026-06-13 12:12:43 : 5427 steps taken, and 3754 accepted.
omega_m outside of bounds
omega_m outside of bounds
[mcmc] Progress @ 2026-06-13 12:12:46 : 6157 steps taken, and 3727 accepted.
[mcmc] Progress @ 2026-06-13 12:12:58 : 6222 steps taken, and 3582 accepted.
omega_m outside of bounds
[mcmc] Progress @ 2026-06-13 12:13:08 : 5803 steps taken, and 3422 accepted.
[mcmc] Progress @ 2026-06-13 12:13:14 : 5667 steps taken, and 3153 accepted.
[mcmc] Progress @ 2026-06-13 12:13:33 : 5608 steps taken, and 3611 accepted.
[mcmc] Progress @ 2026-06-13 12:13:33 : 6284 steps taken, and 3770 accepted.
[mcmc] Progress @ 2026-06-13 12:13:37 : 5954 steps taken, and 3742 accepted.
[mcmc] Progress @ 2026-06-13 12:13:47 : 5447 steps taken, and 3765 accepted.
omega_m outside of bounds
omega_m outside of bounds
[mcmc] Progress @ 2026-06-13 12:13:47 : 6174 steps taken, and 3734 accepted.
omega_m outside of bounds
[mcmc] Progress @ 2026-06-13 12:14:00 : 6243 steps taken, and 3591 accepted.
[mcmc] Progress @ 2026-06-13 12:14:08 : 5825 steps taken, and 3428 accepted.
[mcmc] Progress @ 2026-06-13 12:14:15 : 5729 steps taken, and 3163 accepted.
[mcmc] Progress @ 2026-06-13 12:14:34 : 6313 steps taken, and 3780 accepted.
[mcmc] Progress @ 2026-06-13 12:14:34 : 5625 steps taken, and 3620 accepted.
[mcmc] Progress @ 2026-06-13 12:14:38 : 5973 steps taken, and 3751 accepted.
omega_m outside of bounds
omega_m outside of bounds
omega_m outside of bounds
[mcmc] Progress @ 2026-06-13 12:14:48 : 6195 steps taken, and 3741 accepted.
[mcmc] Progress @ 2026-06-13 12:14:51 : 5465 steps taken, and 3769 accepted.
[mcmc] Progress @ 2026-06-13 12:15:02 : 6266 steps taken, and 3595 accepted.
omega_m outside of bounds
[mcmc] Progress @ 2026-06-13 12:15:09 : 5851 steps taken, and 3431 accepted.
[mcmc] Progress @ 2026-06-13 12:15:17 : 5758 steps taken, and 3171 accepted.
[mcmc] Progress @ 2026-06-13 12:15:35 : 6331 steps taken, and 3787 accepted.
[mcmc] Progress @ 2026-06-13 12:15:35 : 5640 steps taken, and 3629 accepted.
[mcmc] Progress @ 2026-06-13 12:15:39 : 5991 steps taken, and 3759 accepted.
[mcmc] Progress @ 2026-06-13 12:15:50 : 6215 steps taken, and 3751 accepted.
[mcmc] Progress @ 2026-06-13 12:15:51 : 5486 steps taken, and 3774 accepted.
[mcmc] Progress @ 2026-06-13 12:16:05 : 6286 steps taken, and 3602 accepted.
[mcmc] Progress @ 2026-06-13 12:16:11 : 5869 steps taken, and 3439 accepted.
[mcmc] Progress @ 2026-06-13 12:16:19 : 5792 steps taken, and 3183 accepted.
[mcmc] Progress @ 2026-06-13 12:16:35 : 6351 steps taken, and 3795 accepted.
[mcmc] Progress @ 2026-06-13 12:16:37 : 5663 steps taken, and 3640 accepted.
omega_m outside of bounds
[mcmc] Progress @ 2026-06-13 12:16:39 : 6008 steps taken, and 3767 accepted.
[mcmc] Progress @ 2026-06-13 12:16:51 : 6232 steps taken, and 3760 accepted.
[mcmc] Progress @ 2026-06-13 12:16:52 : 5520 steps taken, and 3777 accepted.
[mcmc] Progress @ 2026-06-13 12:17:06 : 6305 steps taken, and 3611 accepted.
omega_m outside of bounds
omega_m outside of bounds
omega_m outside of bounds
[mcmc] Progress @ 2026-06-13 12:17:12 : 5885 steps taken, and 3447 accepted.
[mcmc] Progress @ 2026-06-13 12:17:20 : 5812 steps taken, and 3196 accepted.
[mcmc] Progress @ 2026-06-13 12:17:36 : 6376 steps taken, and 3803 accepted.
[mcmc] Progress @ 2026-06-13 12:17:38 : 5681 steps taken, and 3649 accepted.
omega_m outside of bounds
omega_m outside of bounds
omega_m outside of bounds
omega_m outside of bounds
omega_m outside of bounds
omega_m outside of bounds
omega_m outside of bounds
[mcmc] Progress @ 2026-06-13 12:17:40 : 6023 steps taken, and 3777 accepted.
omega_m outside of bounds
omega_m outside of bounds
[mcmc] Progress @ 2026-06-13 12:17:53 : 6249 steps taken, and 3769 accepted.
[mcmc] Progress @ 2026-06-13 12:17:53 : 5549 steps taken, and 3783 accepted.
[mcmc] Learn + convergence test @ 3200 samples accepted.
[mcmc]  - Acceptance rate: 0.504
[mcmc]  - Convergence of means: R-1 = 3.407968 after 2560 accepted steps
[mcmc]  - Updated covariance matrix of proposal pdf.
[mcmc] Progress @ 2026-06-13 12:18:07 : 6320 steps taken, and 3620 accepted.
[mcmc] Progress @ 2026-06-13 12:18:13 : 5904 steps taken, and 3457 accepted.
[mcmc] Progress @ 2026-06-13 12:18:21 : 5838 steps taken, and 3205 accepted.
[mcmc] Progress @ 2026-06-13 12:18:37 : 6394 steps taken, and 3807 accepted.
[mcmc] Progress @ 2026-06-13 12:18:39 : 5703 steps taken, and 3658 accepted.
omega_m outside of bounds
omega_m outside of bounds
omega_m outside of bounds
omega_m outside of bounds
omega_m outside of bounds
omega_m outside of bounds
omega_m outside of bounds
omega_m outside of bounds
[mcmc] Progress @ 2026-06-13 12:18:41 : 6039 steps taken, and 3781 accepted.
[mcmc] Progress @ 2026-06-13 12:18:53 : 6266 steps taken, and 3777 accepted.
[mcmc] Progress @ 2026-06-13 12:18:53 : 5565 steps taken, and 3788 accepted.
[mcmc] Progress @ 2026-06-13 12:19:09 : 6335 steps taken, and 3627 accepted.
omega_m outside of bounds
omega_m outside of bounds
omega_m outside of bounds
omega_m outside of bounds
[mcmc] Progress @ 2026-06-13 12:19:14 : 5922 steps taken, and 3460 accepted.
[mcmc] Progress @ 2026-06-13 12:19:23 : 5855 steps taken, and 3212 accepted.
[mcmc] Progress @ 2026-06-13 12:19:37 : 6408 steps taken, and 3816 accepted.
[mcmc] Progress @ 2026-06-13 12:19:39 : 5718 steps taken, and 3668 accepted.
omega_m outside of bounds
omega_m outside of bounds
omega_m outside of bounds
[mcmc] Progress @ 2026-06-13 12:19:42 : 6060 steps taken, and 3792 accepted.
[mcmc] Progress @ 2026-06-13 12:19:53 : 6284 steps taken, and 3786 accepted.
[mcmc] Progress @ 2026-06-13 12:19:54 : 5582 steps taken, and 3793 accepted.
omega_m outside of bounds
omega_m outside of bounds
omega_m outside of bounds
omega_m outside of bounds
omega_m outside of bounds
omega_m outside of bounds
omega_m outside of bounds
[mcmc] Progress @ 2026-06-13 12:20:11 : 6353 steps taken, and 3637 accepted.
omega_m outside of bounds
[mcmc] Progress @ 2026-06-13 12:20:16 : 5945 steps taken, and 3466 accepted.
[mcmc] Progress @ 2026-06-13 12:20:24 : 5874 steps taken, and 3222 accepted.
[mcmc] Progress @ 2026-06-13 12:20:40 : 5733 steps taken, and 3675 accepted.
[mcmc] Progress @ 2026-06-13 12:20:41 : 6424 steps taken, and 3826 accepted.
omega_m outside of bounds
omega_m outside of bounds
[mcmc] Progress @ 2026-06-13 12:20:42 : 6074 steps taken, and 3798 accepted.
[mcmc] Progress @ 2026-06-13 12:20:54 : 5603 steps taken, and 3804 accepted.
[mcmc] Progress @ 2026-06-13 12:20:55 : 6298 steps taken, and 3792 accepted.
omega_m outside of bounds
omega_m outside of bounds
omega_m outside of bounds
omega_m outside of bounds
omega_m outside of bounds
omega_m outside of bounds
omega_m outside of bounds
omega_m outside of bounds
omega_m outside of bounds
omega_m outside of bounds
[mcmc] Progress @ 2026-06-13 12:21:13 : 6370 steps taken, and 3645 accepted.
[mcmc] Progress @ 2026-06-13 12:21:17 : 5962 steps taken, and 3475 accepted.
[mcmc] Progress @ 2026-06-13 12:21:25 : 5890 steps taken, and 3233 accepted.
[mcmc] Progress @ 2026-06-13 12:21:41 : 5747 steps taken, and 3684 accepted.
[mcmc] Progress @ 2026-06-13 12:21:42 : 6092 steps taken, and 3804 accepted.
[mcmc] Progress @ 2026-06-13 12:21:45 : 6442 steps taken, and 3833 accepted.
[mcmc] Progress @ 2026-06-13 12:21:55 : 5628 steps taken, and 3812 accepted.
[mcmc] Progress @ 2026-06-13 12:21:56 : 6314 steps taken, and 3797 accepted.
omega_m outside of bounds
omega_m outside of bounds
omega_m outside of bounds
omega_m outside of bounds
omega_m outside of bounds
omega_m outside of bounds
[mcmc] Progress @ 2026-06-13 12:22:15 : 6395 steps taken, and 3653 accepted.
[mcmc] Progress @ 2026-06-13 12:22:18 : 5983 steps taken, and 3486 accepted.
[mcmc] Progress @ 2026-06-13 12:22:26 : 5912 steps taken, and 3241 accepted.
[mcmc] Progress @ 2026-06-13 12:22:41 : 5762 steps taken, and 3691 accepted.
[mcmc] Progress @ 2026-06-13 12:22:46 : 6112 steps taken, and 3815 accepted.
[mcmc] Progress @ 2026-06-13 12:22:49 : 6458 steps taken, and 3839 accepted.
[mcmc] Learn + convergence test @ 3840 samples accepted.
[mcmc]  - Acceptance rate: 0.553
[mcmc]  - Convergence of means: R-1 = 0.815318 after 3072 accepted steps
[blockedproposer] *ERROR* The given covmat is not a positive-definite, symmetric square matrix.
[mcmc] Progress @ 2026-06-13 12:22:56 : 5663 steps taken, and 3823 accepted.
[mcmc] Progress @ 2026-06-13 12:22:57 : 6328 steps taken, and 3803 accepted.
[mcmc] Progress @ 2026-06-13 12:23:16 : 6420 steps taken, and 3661 accepted.
[mcmc] Progress @ 2026-06-13 12:23:20 : 6004 steps taken, and 3497 accepted.
[mcmc] Progress @ 2026-06-13 12:23:27 : 5935 steps taken, and 3249 accepted.
[mcmc] Progress @ 2026-06-13 12:23:44 : 5778 steps taken, and 3701 accepted.
[mcmc] Progress @ 2026-06-13 12:23:50 : 6474 steps taken, and 3848 accepted.
[mcmc] Progress @ 2026-06-13 12:23:50 : 6135 steps taken, and 3826 accepted.
[mcmc] Progress @ 2026-06-13 12:23:57 : 5686 steps taken, and 3831 accepted.
[mcmc] Progress @ 2026-06-13 12:23:58 : 6343 steps taken, and 3811 accepted.
[mcmc] Progress @ 2026-06-13 12:24:19 : 6442 steps taken, and 3668 accepted.
[mcmc] Progress @ 2026-06-13 12:24:21 : 6019 steps taken, and 3502 accepted.
[mcmc] Progress @ 2026-06-13 12:24:28 : 5952 steps taken, and 3256 accepted.
[mcmc] Progress @ 2026-06-13 12:24:46 : 5794 steps taken, and 3710 accepted.
[mcmc] Progress @ 2026-06-13 12:24:51 : 6155 steps taken, and 3838 accepted.
[mcmc] Progress @ 2026-06-13 12:24:53 : 6495 steps taken, and 3858 accepted.
[mcmc] Progress @ 2026-06-13 12:24:58 : 6359 steps taken, and 3818 accepted.
[mcmc] Progress @ 2026-06-13 12:25:01 : 5706 steps taken, and 3834 accepted.
[mcmc] Learn + convergence test @ 3840 samples accepted.
[mcmc]  - Acceptance rate: 0.584
[mcmc]  - Convergence of means: R-1 = 4.818963 after 3072 accepted steps
[blockedproposer] *ERROR* The given covmat is not a positive-definite, symmetric square matrix.
[mcmc] Progress @ 2026-06-13 12:25:21 : 6459 steps taken, and 3678 accepted.
[mcmc] Progress @ 2026-06-13 12:25:22 : 6040 steps taken, and 3510 accepted.
[mcmc] Progress @ 2026-06-13 12:25:30 : 5980 steps taken, and 3264 accepted.
[mcmc] Progress @ 2026-06-13 12:25:46 : 5811 steps taken, and 3715 accepted.
[mcmc] Progress @ 2026-06-13 12:25:52 : 6171 steps taken, and 3846 accepted.
[mcmc] Progress @ 2026-06-13 12:25:57 : 6516 steps taken, and 3867 accepted.
[mcmc] Progress @ 2026-06-13 12:25:59 : 6394 steps taken, and 3828 accepted.
[mcmc] Progress @ 2026-06-13 12:26:01 : 5724 steps taken, and 3839 accepted.
[mcmc] Learn + convergence test @ 3840 samples accepted.
[mcmc]  - Acceptance rate: 0.635
[mcmc]  - Convergence of means: R-1 = 1.922093 after 3072 accepted steps
[mcmc]  - Updated covariance matrix of proposal pdf.
[mcmc] Progress @ 2026-06-13 12:26:22 : 6477 steps taken, and 3685 accepted.
[mcmc] Progress @ 2026-06-13 12:26:23 : 6067 steps taken, and 3515 accepted.
[mcmc] Progress @ 2026-06-13 12:26:30 : 6000 steps taken, and 3273 accepted.
[mcmc] Learn + convergence test @ 3520 samples accepted.
[mcmc]  - Acceptance rate: 0.542
[mcmc]  - Convergence of means: R-1 = 5.055490 after 2816 accepted steps
[blockedproposer] *ERROR* The given covmat is not a positive-definite, symmetric square matrix.
[mcmc] Progress @ 2026-06-13 12:26:48 : 5829 steps taken, and 3723 accepted.
[mcmc] Progress @ 2026-06-13 12:26:54 : 6194 steps taken, and 3854 accepted.
[mcmc] Progress @ 2026-06-13 12:26:59 : 6414 steps taken, and 3835 accepted.
[mcmc] Progress @ 2026-06-13 12:27:01 : 6559 steps taken, and 3879 accepted.
[mcmc] Progress @ 2026-06-13 12:27:02 : 5747 steps taken, and 3843 accepted.
[mcmc] Progress @ 2026-06-13 12:27:23 : 6494 steps taken, and 3693 accepted.
[mcmc] Progress @ 2026-06-13 12:27:24 : 6095 steps taken, and 3526 accepted.
[mcmc] Progress @ 2026-06-13 12:27:31 : 6016 steps taken, and 3281 accepted.
[mcmc] Learn + convergence test @ 3840 samples accepted.
[mcmc]  - Acceptance rate: 0.560
[mcmc]  - Convergence of means: R-1 = 3.872817 after 3072 accepted steps
[mcmc]  - Updated covariance matrix of proposal pdf.
[mcmc] Progress @ 2026-06-13 12:27:53 : 5848 steps taken, and 3733 accepted.
[mcmc] Progress @ 2026-06-13 12:27:55 : 6212 steps taken, and 3864 accepted.
[mcmc] Progress @ 2026-06-13 12:28:00 : 6435 steps taken, and 3842 accepted.
[mcmc] Progress @ 2026-06-13 12:28:01 : 6582 steps taken, and 3890 accepted.
[mcmc] Progress @ 2026-06-13 12:28:06 : 5767 steps taken, and 3853 accepted.
[mcmc] Progress @ 2026-06-13 12:28:24 : 6511 steps taken, and 3699 accepted.
[mcmc] Progress @ 2026-06-13 12:28:25 : 6111 steps taken, and 3536 accepted.
[mcmc] Progress @ 2026-06-13 12:28:31 : 6036 steps taken, and 3287 accepted.
[mcmc] Progress @ 2026-06-13 12:28:53 : 5863 steps taken, and 3743 accepted.
[mcmc] Progress @ 2026-06-13 12:28:55 : 6240 steps taken, and 3877 accepted.
[mcmc] Progress @ 2026-06-13 12:29:01 : 6452 steps taken, and 3849 accepted.
[mcmc] Progress @ 2026-06-13 12:29:05 : 6604 steps taken, and 3899 accepted.
[mcmc] Progress @ 2026-06-13 12:29:06 : 5786 steps taken, and 3858 accepted.
[mcmc] Progress @ 2026-06-13 12:29:25 : 6126 steps taken, and 3547 accepted.
[mcmc] Progress @ 2026-06-13 12:29:26 : 6533 steps taken, and 3708 accepted.
[mcmc] Progress @ 2026-06-13 12:29:31 : 6050 steps taken, and 3294 accepted.
[mcmc] Progress @ 2026-06-13 12:29:55 : 6260 steps taken, and 3885 accepted.
[mcmc] Progress @ 2026-06-13 12:29:56 : 5895 steps taken, and 3748 accepted.
[mcmc] Progress @ 2026-06-13 12:30:01 : 6474 steps taken, and 3859 accepted.
[mcmc] Progress @ 2026-06-13 12:30:06 : 6622 steps taken, and 3906 accepted.
[mcmc] Progress @ 2026-06-13 12:30:08 : 5807 steps taken, and 3862 accepted.
[mcmc] Progress @ 2026-06-13 12:30:26 : 6163 steps taken, and 3552 accepted.
[mcmc] Progress @ 2026-06-13 12:30:29 : 6548 steps taken, and 3715 accepted.
[mcmc] Progress @ 2026-06-13 12:30:35 : 6067 steps taken, and 3301 accepted.
[mcmc] Progress @ 2026-06-13 12:30:56 : 5910 steps taken, and 3754 accepted.
[mcmc] Progress @ 2026-06-13 12:31:00 : 6278 steps taken, and 3897 accepted.
[mcmc] Progress @ 2026-06-13 12:31:01 : 6493 steps taken, and 3868 accepted.
[mcmc] Progress @ 2026-06-13 12:31:08 : 5825 steps taken, and 3871 accepted.
[mcmc] Progress @ 2026-06-13 12:31:10 : 6653 steps taken, and 3911 accepted.
[mcmc] Progress @ 2026-06-13 12:31:27 : 6187 steps taken, and 3562 accepted.
[mcmc] Progress @ 2026-06-13 12:31:30 : 6568 steps taken, and 3724 accepted.
[mcmc] Progress @ 2026-06-13 12:31:40 : 6085 steps taken, and 3305 accepted.
[mcmc] Progress @ 2026-06-13 12:31:59 : 5924 steps taken, and 3762 accepted.
[mcmc] Progress @ 2026-06-13 12:32:02 : 6510 steps taken, and 3875 accepted.
[mcmc] Progress @ 2026-06-13 12:32:04 : 6294 steps taken, and 3906 accepted.
[mcmc] Progress @ 2026-06-13 12:32:12 : 5842 steps taken, and 3877 accepted.
[mcmc] Progress @ 2026-06-13 12:32:14 : 6694 steps taken, and 3919 accepted.
[mcmc] Progress @ 2026-06-13 12:32:28 : 6208 steps taken, and 3570 accepted.
[mcmc] Progress @ 2026-06-13 12:32:30 : 6585 steps taken, and 3733 accepted.
[mcmc] Progress @ 2026-06-13 12:32:44 : 6101 steps taken, and 3313 accepted.
[mcmc] Progress @ 2026-06-13 12:32:59 : 5939 steps taken, and 3768 accepted.
[mcmc] Progress @ 2026-06-13 12:33:02 : 6526 steps taken, and 3884 accepted.
[mcmc] Progress @ 2026-06-13 12:33:08 : 6311 steps taken, and 3917 accepted.
[mcmc] Progress @ 2026-06-13 12:33:15 : 5875 steps taken, and 3885 accepted.
[mcmc] Progress @ 2026-06-13 12:33:18 : 6717 steps taken, and 3925 accepted.
[mcmc] Progress @ 2026-06-13 12:33:29 : 6223 steps taken, and 3579 accepted.
[mcmc] Progress @ 2026-06-13 12:33:32 : 6611 steps taken, and 3741 accepted.
[mcmc] Progress @ 2026-06-13 12:33:48 : 6116 steps taken, and 3318 accepted.
[mcmc] Progress @ 2026-06-13 12:34:00 : 5965 steps taken, and 3775 accepted.
[mcmc] Progress @ 2026-06-13 12:34:06 : 6546 steps taken, and 3894 accepted.
[mcmc] Progress @ 2026-06-13 12:34:09 : 6325 steps taken, and 3925 accepted.
[mcmc] Progress @ 2026-06-13 12:34:15 : 5896 steps taken, and 3894 accepted.
[mcmc] Progress @ 2026-06-13 12:34:21 : 6740 steps taken, and 3934 accepted.
[mcmc] Progress @ 2026-06-13 12:34:30 : 6238 steps taken, and 3591 accepted.
[mcmc] Progress @ 2026-06-13 12:34:34 : 6633 steps taken, and 3752 accepted.
[mcmc] Progress @ 2026-06-13 12:34:49 : 6134 steps taken, and 3329 accepted.
[mcmc] Progress @ 2026-06-13 12:35:01 : 5983 steps taken, and 3785 accepted.
[mcmc] Progress @ 2026-06-13 12:35:07 : 6564 steps taken, and 3905 accepted.
[mcmc] Progress @ 2026-06-13 12:35:10 : 6345 steps taken, and 3934 accepted.
[mcmc] Progress @ 2026-06-13 12:35:19 : 5916 steps taken, and 3903 accepted.
[mcmc] Progress @ 2026-06-13 12:35:25 : 6763 steps taken, and 3942 accepted.
[mcmc] Progress @ 2026-06-13 12:35:31 : 6254 steps taken, and 3602 accepted.
[mcmc] Progress @ 2026-06-13 12:35:36 : 6651 steps taken, and 3756 accepted.
[mcmc] Progress @ 2026-06-13 12:35:51 : 6156 steps taken, and 3337 accepted.
[mcmc] Progress @ 2026-06-13 12:36:02 : 6002 steps taken, and 3795 accepted.
[mcmc] Progress @ 2026-06-13 12:36:07 : 6597 steps taken, and 3912 accepted.
[mcmc] Progress @ 2026-06-13 12:36:10 : 6366 steps taken, and 3946 accepted.
[mcmc] Progress @ 2026-06-13 12:36:23 : 5931 steps taken, and 3913 accepted.
[mcmc] Progress @ 2026-06-13 12:36:28 : 6788 steps taken, and 3950 accepted.
[mcmc] Progress @ 2026-06-13 12:36:32 : 6279 steps taken, and 3611 accepted.
[mcmc] Progress @ 2026-06-13 12:36:37 : 6667 steps taken, and 3764 accepted.
[mcmc] Progress @ 2026-06-13 12:36:53 : 6178 steps taken, and 3343 accepted.
[mcmc] Progress @ 2026-06-13 12:37:03 : 6028 steps taken, and 3805 accepted.
[mcmc] Progress @ 2026-06-13 12:37:08 : 6614 steps taken, and 3923 accepted.
[mcmc] Progress @ 2026-06-13 12:37:10 : 6384 steps taken, and 3957 accepted.
[mcmc] Progress @ 2026-06-13 12:37:24 : 5950 steps taken, and 3918 accepted.
[mcmc] Progress @ 2026-06-13 12:37:32 : 6812 steps taken, and 3958 accepted.
[mcmc] Progress @ 2026-06-13 12:37:33 : 6294 steps taken, and 3617 accepted.
[mcmc] Progress @ 2026-06-13 12:37:38 : 6690 steps taken, and 3770 accepted.
[mcmc] Progress @ 2026-06-13 12:37:54 : 6192 steps taken, and 3346 accepted.
[mcmc] Progress @ 2026-06-13 12:38:06 : 6054 steps taken, and 3816 accepted.
[mcmc] Progress @ 2026-06-13 12:38:08 : 6642 steps taken, and 3933 accepted.
[mcmc] Progress @ 2026-06-13 12:38:11 : 6401 steps taken, and 3965 accepted.
[mcmc] Progress @ 2026-06-13 12:38:24 : 5970 steps taken, and 3925 accepted.
[mcmc] Progress @ 2026-06-13 12:38:33 : 6832 steps taken, and 3965 accepted.
[mcmc] Progress @ 2026-06-13 12:38:33 : 6309 steps taken, and 3624 accepted.
[mcmc] Progress @ 2026-06-13 12:38:39 : 6706 steps taken, and 3777 accepted.
[mcmc] Progress @ 2026-06-13 12:38:58 : 6210 steps taken, and 3353 accepted.
[mcmc] Progress @ 2026-06-13 12:39:08 : 6662 steps taken, and 3944 accepted.
[mcmc] Progress @ 2026-06-13 12:39:09 : 6070 steps taken, and 3825 accepted.
omega_m outside of bounds
omega_m outside of bounds
omega_m outside of bounds
omega_m outside of bounds
omega_m outside of bounds
omega_m outside of bounds
omega_m outside of bounds
omega_m outside of bounds
[mcmc] Progress @ 2026-06-13 12:39:12 : 6417 steps taken, and 3975 accepted.
[mcmc] Progress @ 2026-06-13 12:39:25 : 5988 steps taken, and 3937 accepted.
[mcmc] Progress @ 2026-06-13 12:39:34 : 6324 steps taken, and 3631 accepted.
[mcmc] Progress @ 2026-06-13 12:39:34 : 6848 steps taken, and 3971 accepted.
[mcmc] Progress @ 2026-06-13 12:39:40 : 6720 steps taken, and 3786 accepted.
[mcmc] Progress @ 2026-06-13 12:40:01 : 6229 steps taken, and 3359 accepted.
[mcmc] Progress @ 2026-06-13 12:40:09 : 6678 steps taken, and 3953 accepted.
omega_m outside of bounds
[mcmc] Progress @ 2026-06-13 12:40:10 : 6087 steps taken, and 3834 accepted.
omega_m outside of bounds
omega_m outside of bounds
omega_m outside of bounds
omega_m outside of bounds
omega_m outside of bounds
omega_m outside of bounds
omega_m outside of bounds
omega_m outside of bounds
omega_m outside of bounds
omega_m outside of bounds
omega_m outside of bounds
omega_m outside of bounds
omega_m outside of bounds
omega_m outside of bounds
[mcmc] Progress @ 2026-06-13 12:40:13 : 6431 steps taken, and 3985 accepted.
omega_m outside of bounds
omega_m outside of bounds
omega_m outside of bounds
omega_m outside of bounds
omega_m outside of bounds
omega_m outside of bounds
omega_m outside of bounds
omega_m outside of bounds
omega_m outside of bounds
[mcmc] Progress @ 2026-06-13 12:40:29 : 6007 steps taken, and 3949 accepted.
[mcmc] Progress @ 2026-06-13 12:40:35 : 6344 steps taken, and 3638 accepted.
[mcmc] Progress @ 2026-06-13 12:40:37 : 6867 steps taken, and 3982 accepted.
[mcmc] Progress @ 2026-06-13 12:40:41 : 6734 steps taken, and 3796 accepted.
[mcmc] Learn + convergence test @ 3840 samples accepted.
[mcmc]  - Acceptance rate: 0.591
[mcmc]  - Convergence of means: R-1 = 1.693914 after 3072 accepted steps
[mcmc]  - Updated covariance matrix of proposal pdf.
[mcmc] Progress @ 2026-06-13 12:41:03 : 6257 steps taken, and 3369 accepted.
[mcmc] Progress @ 2026-06-13 12:41:12 : 6109 steps taken, and 3844 accepted.
[mcmc] Progress @ 2026-06-13 12:41:13 : 6704 steps taken, and 3966 accepted.
omega_m outside of bounds
omega_m outside of bounds
omega_m outside of bounds
omega_m outside of bounds
omega_m outside of bounds
omega_m outside of bounds
omega_m outside of bounds
omega_m outside of bounds
omega_m outside of bounds
omega_m outside of bounds
[mcmc] Progress @ 2026-06-13 12:41:14 : 6445 steps taken, and 3993 accepted.
omega_m outside of bounds
omega_m outside of bounds
omega_m outside of bounds
omega_m outside of bounds
omega_m outside of bounds
omega_m outside of bounds
omega_m outside of bounds
omega_m outside of bounds
omega_m outside of bounds
omega_m outside of bounds
omega_m outside of bounds
omega_m outside of bounds
omega_m outside of bounds
[mcmc] Progress @ 2026-06-13 12:41:29 : 6027 steps taken, and 3952 accepted.
[mcmc] Progress @ 2026-06-13 12:41:36 : 6361 steps taken, and 3642 accepted.
[mcmc] Progress @ 2026-06-13 12:41:41 : 6883 steps taken, and 3992 accepted.
[mcmc] Progress @ 2026-06-13 12:41:42 : 6749 steps taken, and 3802 accepted.
[mcmc] Progress @ 2026-06-13 12:42:05 : 6290 steps taken, and 3380 accepted.
[mcmc] Progress @ 2026-06-13 12:42:13 : 6731 steps taken, and 3974 accepted.
omega_m outside of bounds
[mcmc] Progress @ 2026-06-13 12:42:13 : 6131 steps taken, and 3855 accepted.
[mcmc] Progress @ 2026-06-13 12:42:16 : 6460 steps taken, and 4003 accepted.
omega_m outside of bounds
omega_m outside of bounds
omega_m outside of bounds
omega_m outside of bounds
omega_m outside of bounds
omega_m outside of bounds
omega_m outside of bounds
omega_m outside of bounds
[mcmc] Progress @ 2026-06-13 12:42:33 : 6045 steps taken, and 3964 accepted.
[mcmc] Progress @ 2026-06-13 12:42:37 : 6379 steps taken, and 3652 accepted.
[mcmc] Progress @ 2026-06-13 12:42:44 : 6763 steps taken, and 3810 accepted.
[mcmc] Progress @ 2026-06-13 12:42:44 : 6899 steps taken, and 3999 accepted.
[mcmc] Progress @ 2026-06-13 12:43:08 : 6312 steps taken, and 3386 accepted.
omega_m outside of bounds
omega_m outside of bounds
omega_m outside of bounds
omega_m outside of bounds
omega_m outside of bounds
omega_m outside of bounds
omega_m outside of bounds
omega_m outside of bounds
omega_m outside of bounds
omega_m outside of bounds
omega_m outside of bounds
omega_m outside of bounds
[mcmc] Progress @ 2026-06-13 12:43:14 : 6150 steps taken, and 3866 accepted.
[mcmc] Progress @ 2026-06-13 12:43:16 : 6481 steps taken, and 4015 accepted.
[mcmc] Progress @ 2026-06-13 12:43:17 : 6755 steps taken, and 3986 accepted.
[mcmc] Progress @ 2026-06-13 12:43:37 : 6066 steps taken, and 3972 accepted.
[mcmc] Progress @ 2026-06-13 12:43:38 : 6407 steps taken, and 3664 accepted.
omega_m outside of bounds
[mcmc] Progress @ 2026-06-13 12:43:44 : 6777 steps taken, and 3816 accepted.
[mcmc] Progress @ 2026-06-13 12:43:48 : 6915 steps taken, and 4008 accepted.
[mcmc] Progress @ 2026-06-13 12:44:13 : 6331 steps taken, and 3392 accepted.
omega_m outside of bounds
omega_m outside of bounds
omega_m outside of bounds
omega_m outside of bounds
omega_m outside of bounds
omega_m outside of bounds
omega_m outside of bounds
omega_m outside of bounds
omega_m outside of bounds
omega_m outside of bounds
omega_m outside of bounds
omega_m outside of bounds
omega_m outside of bounds
[mcmc] Progress @ 2026-06-13 12:44:17 : 6178 steps taken, and 3877 accepted.
[mcmc] Progress @ 2026-06-13 12:44:17 : 6776 steps taken, and 3994 accepted.
[mcmc] Progress @ 2026-06-13 12:44:18 : 6495 steps taken, and 4026 accepted.
[mcmc] Progress @ 2026-06-13 12:44:38 : 6424 steps taken, and 3668 accepted.
[mcmc] Progress @ 2026-06-13 12:44:42 : 6082 steps taken, and 3980 accepted.
[mcmc] Progress @ 2026-06-13 12:44:45 : 6795 steps taken, and 3827 accepted.
[mcmc] Progress @ 2026-06-13 12:44:48 : 6935 steps taken, and 4016 accepted.
[mcmc] Progress @ 2026-06-13 12:45:14 : 6355 steps taken, and 3400 accepted.
omega_m outside of bounds
omega_m outside of bounds
omega_m outside of bounds
[mcmc] Progress @ 2026-06-13 12:45:18 : 6194 steps taken, and 3884 accepted.
[mcmc] Progress @ 2026-06-13 12:45:18 : 6794 steps taken, and 4001 accepted.
omega_m outside of bounds
omega_m outside of bounds
omega_m outside of bounds
omega_m outside of bounds
omega_m outside of bounds
omega_m outside of bounds
omega_m outside of bounds
omega_m outside of bounds
omega_m outside of bounds
[mcmc] Progress @ 2026-06-13 12:45:19 : 6514 steps taken, and 4037 accepted.
[mcmc] Progress @ 2026-06-13 12:45:39 : 6442 steps taken, and 3674 accepted.
[mcmc] Progress @ 2026-06-13 12:45:43 : 6106 steps taken, and 3989 accepted.
[mcmc] Progress @ 2026-06-13 12:45:47 : 6811 steps taken, and 3833 accepted.
[mcmc] Progress @ 2026-06-13 12:45:49 : 6950 steps taken, and 4025 accepted.
[mcmc] Progress @ 2026-06-13 12:46:16 : 6373 steps taken, and 3403 accepted.
[mcmc] Progress @ 2026-06-13 12:46:19 : 6816 steps taken, and 4009 accepted.
omega_m outside of bounds
omega_m outside of bounds
omega_m outside of bounds
omega_m outside of bounds
omega_m outside of bounds
omega_m outside of bounds
omega_m outside of bounds
omega_m outside of bounds
omega_m outside of bounds
omega_m outside of bounds
omega_m outside of bounds
omega_m outside of bounds
omega_m outside of bounds
[mcmc] Progress @ 2026-06-13 12:46:20 : 6532 steps taken, and 4048 accepted.
omega_m outside of bounds
omega_m outside of bounds
omega_m outside of bounds
omega_m outside of bounds
[mcmc] Progress @ 2026-06-13 12:46:20 : 6211 steps taken, and 3895 accepted.
[mcmc] Learn + convergence test @ 3840 samples accepted.
[mcmc]  - Acceptance rate: 0.516
[mcmc]  - Convergence of means: R-1 = 3.924586 after 3072 accepted steps
[mcmc]  - Updated covariance matrix of proposal pdf.
[mcmc] Progress @ 2026-06-13 12:46:40 : 6462 steps taken, and 3683 accepted.
[mcmc] Progress @ 2026-06-13 12:46:45 : 6123 steps taken, and 3997 accepted.
[mcmc] Progress @ 2026-06-13 12:46:48 : 6825 steps taken, and 3841 accepted.
[mcmc] Progress @ 2026-06-13 12:46:52 : 6973 steps taken, and 4037 accepted.
[mcmc] Progress @ 2026-06-13 12:47:19 : 6399 steps taken, and 3406 accepted.
[mcmc] Progress @ 2026-06-13 12:47:21 : 6837 steps taken, and 4014 accepted.
omega_m outside of bounds
omega_m outside of bounds
omega_m outside of bounds
omega_m outside of bounds
omega_m outside of bounds
omega_m outside of bounds
omega_m outside of bounds
omega_m outside of bounds
omega_m outside of bounds
omega_m outside of bounds
omega_m outside of bounds
[mcmc] Progress @ 2026-06-13 12:47:21 : 6228 steps taken, and 3904 accepted.
omega_m outside of bounds
omega_m outside of bounds
omega_m outside of bounds
omega_m outside of bounds
omega_m outside of bounds
omega_m outside of bounds
omega_m outside of bounds
omega_m outside of bounds
omega_m outside of bounds
omega_m outside of bounds
omega_m outside of bounds
omega_m outside of bounds
omega_m outside of bounds
omega_m outside of bounds
[mcmc] Progress @ 2026-06-13 12:47:22 : 6550 steps taken, and 4055 accepted.
[mcmc] Progress @ 2026-06-13 12:47:41 : 6481 steps taken, and 3694 accepted.
[mcmc] Progress @ 2026-06-13 12:47:47 : 6145 steps taken, and 4009 accepted.
[mcmc] Progress @ 2026-06-13 12:47:49 : 6848 steps taken, and 3850 accepted.
[mcmc] Progress @ 2026-06-13 12:47:56 : 7001 steps taken, and 4047 accepted.
[mcmc] Progress @ 2026-06-13 12:48:21 : 6419 steps taken, and 3411 accepted.
[mcmc] Progress @ 2026-06-13 12:48:22 : 6869 steps taken, and 4022 accepted.
omega_m outside of bounds
omega_m outside of bounds
omega_m outside of bounds
omega_m outside of bounds
omega_m outside of bounds
omega_m outside of bounds
[mcmc] Progress @ 2026-06-13 12:48:23 : 6244 steps taken, and 3916 accepted.
omega_m outside of bounds
omega_m outside of bounds
omega_m outside of bounds
omega_m outside of bounds
omega_m outside of bounds
omega_m outside of bounds
omega_m outside of bounds
omega_m outside of bounds
omega_m outside of bounds
omega_m outside of bounds
omega_m outside of bounds
omega_m outside of bounds
omega_m outside of bounds
omega_m outside of bounds
[mcmc] Progress @ 2026-06-13 12:48:23 : 6567 steps taken, and 4062 accepted.
[mcmc] Progress @ 2026-06-13 12:48:41 : 6502 steps taken, and 3704 accepted.
[mcmc] Progress @ 2026-06-13 12:48:47 : 6162 steps taken, and 4017 accepted.
[mcmc] Progress @ 2026-06-13 12:48:49 : 6873 steps taken, and 3863 accepted.
[mcmc] Progress @ 2026-06-13 12:48:59 : 7032 steps taken, and 4058 accepted.
[mcmc] Progress @ 2026-06-13 12:49:22 : 6888 steps taken, and 4028 accepted.
[mcmc] Progress @ 2026-06-13 12:49:23 : 6437 steps taken, and 3418 accepted.
omega_m outside of bounds
omega_m outside of bounds
omega_m outside of bounds
omega_m outside of bounds
omega_m outside of bounds
omega_m outside of bounds
omega_m outside of bounds
[mcmc] Progress @ 2026-06-13 12:49:24 : 6272 steps taken, and 3926 accepted.
omega_m outside of bounds
omega_m outside of bounds
omega_m outside of bounds
omega_m outside of bounds
omega_m outside of bounds
omega_m outside of bounds
omega_m outside of bounds
omega_m outside of bounds
omega_m outside of bounds
omega_m outside of bounds
omega_m outside of bounds
omega_m outside of bounds
omega_m outside of bounds
omega_m outside of bounds
[mcmc] Progress @ 2026-06-13 12:49:24 : 6584 steps taken, and 4071 accepted.
[mcmc] Progress @ 2026-06-13 12:49:42 : 6543 steps taken, and 3714 accepted.
[mcmc] Progress @ 2026-06-13 12:49:50 : 6908 steps taken, and 3872 accepted.
[mcmc] Progress @ 2026-06-13 12:49:51 : 6185 steps taken, and 4026 accepted.
[mcmc] Progress @ 2026-06-13 12:50:03 : 7067 steps taken, and 4070 accepted.
[mcmc] Progress @ 2026-06-13 12:50:22 : 6906 steps taken, and 4038 accepted.
omega_m outside of bounds
omega_m outside of bounds
omega_m outside of bounds
omega_m outside of bounds
omega_m outside of bounds
omega_m outside of bounds
omega_m outside of bounds
omega_m outside of bounds
omega_m outside of bounds
omega_m outside of bounds
omega_m outside of bounds
omega_m outside of bounds
omega_m outside of bounds
omega_m outside of bounds
[mcmc] Progress @ 2026-06-13 12:50:26 : 6601 steps taken, and 4079 accepted.
omega_m outside of bounds
omega_m outside of bounds
omega_m outside of bounds
omega_m outside of bounds
omega_m outside of bounds
omega_m outside of bounds
omega_m outside of bounds
omega_m outside of bounds
omega_m outside of bounds
[mcmc] Progress @ 2026-06-13 12:50:26 : 6290 steps taken, and 3935 accepted.
[mcmc] Progress @ 2026-06-13 12:50:27 : 6453 steps taken, and 3424 accepted.
[mcmc] Progress @ 2026-06-13 12:50:42 : 6565 steps taken, and 3721 accepted.
[mcmc] Progress @ 2026-06-13 12:50:50 : 6937 steps taken, and 3876 accepted.
omega_m outside of bounds
omega_m outside of bounds
omega_m outside of bounds
[mcmc] Progress @ 2026-06-13 12:50:52 : 6203 steps taken, and 4032 accepted.
[mcmc] Progress @ 2026-06-13 12:51:07 : 7084 steps taken, and 4079 accepted.
[mcmc] Progress @ 2026-06-13 12:51:23 : 6922 steps taken, and 4047 accepted.
omega_m outside of bounds
omega_m outside of bounds
omega_m outside of bounds
omega_m outside of bounds
omega_m outside of bounds
omega_m outside of bounds
omega_m outside of bounds
omega_m outside of bounds
omega_m outside of bounds
omega_m outside of bounds
omega_m outside of bounds
omega_m outside of bounds
omega_m outside of bounds
omega_m outside of bounds
[mcmc] Progress @ 2026-06-13 12:51:26 : 6616 steps taken, and 4088 accepted.
omega_m outside of bounds
omega_m outside of bounds
omega_m outside of bounds
omega_m outside of bounds
omega_m outside of bounds
omega_m outside of bounds
[mcmc] Progress @ 2026-06-13 12:51:27 : 6308 steps taken, and 3946 accepted.
[mcmc] Progress @ 2026-06-13 12:51:31 : 6470 steps taken, and 3430 accepted.
[mcmc] Progress @ 2026-06-13 12:51:42 : 6582 steps taken, and 3727 accepted.
[mcmc] Progress @ 2026-06-13 12:51:51 : 6955 steps taken, and 3884 accepted.
omega_m outside of bounds
[mcmc] Progress @ 2026-06-13 12:51:52 : 6217 steps taken, and 4040 accepted.
[mcmc] Progress @ 2026-06-13 12:52:11 : 7101 steps taken, and 4090 accepted.
[mcmc] Progress @ 2026-06-13 12:52:23 : 6938 steps taken, and 4060 accepted.
omega_m outside of bounds
omega_m outside of bounds
omega_m outside of bounds
omega_m outside of bounds
omega_m outside of bounds
omega_m outside of bounds
omega_m outside of bounds
omega_m outside of bounds
omega_m outside of bounds
[mcmc] Progress @ 2026-06-13 12:52:27 : 6635 steps taken, and 4098 accepted.
[mcmc] Progress @ 2026-06-13 12:52:28 : 6324 steps taken, and 3956 accepted.
[mcmc] Progress @ 2026-06-13 12:52:34 : 6489 steps taken, and 3435 accepted.
[mcmc] Progress @ 2026-06-13 12:52:43 : 6597 steps taken, and 3732 accepted.
[mcmc] Progress @ 2026-06-13 12:52:52 : 6975 steps taken, and 3894 accepted.
[mcmc] Progress @ 2026-06-13 12:52:56 : 6234 steps taken, and 4052 accepted.
[mcmc] Progress @ 2026-06-13 12:53:11 : 7118 steps taken, and 4096 accepted.
[mcmc] Progress @ 2026-06-13 12:53:23 : 6960 steps taken, and 4069 accepted.
omega_m outside of bounds
omega_m outside of bounds
omega_m outside of bounds
omega_m outside of bounds
omega_m outside of bounds
[mcmc] Progress @ 2026-06-13 12:53:28 : 6653 steps taken, and 4108 accepted.
omega_m outside of bounds
omega_m outside of bounds
[mcmc] Progress @ 2026-06-13 12:53:29 : 6343 steps taken, and 3966 accepted.
[mcmc] Progress @ 2026-06-13 12:53:36 : 6508 steps taken, and 3442 accepted.
[mcmc] Progress @ 2026-06-13 12:53:43 : 6616 steps taken, and 3740 accepted.
[mcmc] Progress @ 2026-06-13 12:53:53 : 6998 steps taken, and 3903 accepted.
omega_m outside of bounds
[mcmc] Progress @ 2026-06-13 12:53:56 : 6252 steps taken, and 4061 accepted.
[mcmc] Progress @ 2026-06-13 12:54:15 : 7139 steps taken, and 4108 accepted.
[mcmc] Progress @ 2026-06-13 12:54:28 : 6997 steps taken, and 4077 accepted.
omega_m outside of bounds
omega_m outside of bounds
omega_m outside of bounds
omega_m outside of bounds
omega_m outside of bounds
omega_m outside of bounds
omega_m outside of bounds
omega_m outside of bounds
omega_m outside of bounds
omega_m outside of bounds
omega_m outside of bounds
omega_m outside of bounds
omega_m outside of bounds
omega_m outside of bounds
[mcmc] Progress @ 2026-06-13 12:54:29 : 6671 steps taken, and 4116 accepted.
omega_m outside of bounds
omega_m outside of bounds
omega_m outside of bounds
omega_m outside of bounds
omega_m outside of bounds
omega_m outside of bounds
omega_m outside of bounds
[mcmc] Progress @ 2026-06-13 12:54:30 : 6395 steps taken, and 3978 accepted.
[mcmc] Progress @ 2026-06-13 12:54:38 : 6523 steps taken, and 3450 accepted.
[mcmc] Progress @ 2026-06-13 12:54:43 : 6635 steps taken, and 3749 accepted.
[mcmc] Progress @ 2026-06-13 12:54:54 : 7019 steps taken, and 3913 accepted.
omega_m outside of bounds
omega_m outside of bounds
omega_m outside of bounds
[mcmc] Progress @ 2026-06-13 12:55:00 : 6271 steps taken, and 4073 accepted.
[mcmc] Progress @ 2026-06-13 12:55:19 : 7175 steps taken, and 4119 accepted.
[mcmc] Progress @ 2026-06-13 12:55:28 : 7021 steps taken, and 4087 accepted.
omega_m outside of bounds
omega_m outside of bounds
omega_m outside of bounds
omega_m outside of bounds
omega_m outside of bounds
omega_m outside of bounds
omega_m outside of bounds
omega_m outside of bounds
omega_m outside of bounds
omega_m outside of bounds
omega_m outside of bounds
omega_m outside of bounds
omega_m outside of bounds
omega_m outside of bounds
[mcmc] Progress @ 2026-06-13 12:55:30 : 6689 steps taken, and 4124 accepted.
omega_m outside of bounds
omega_m outside of bounds
omega_m outside of bounds
omega_m outside of bounds
omega_m outside of bounds
[mcmc] Progress @ 2026-06-13 12:55:31 : 6417 steps taken, and 3989 accepted.
[mcmc] Progress @ 2026-06-13 12:55:39 : 6546 steps taken, and 3459 accepted.
[mcmc] Progress @ 2026-06-13 12:55:45 : 6649 steps taken, and 3754 accepted.
[mcmc] Progress @ 2026-06-13 12:55:55 : 7036 steps taken, and 3919 accepted.
omega_m outside of bounds
omega_m outside of bounds
omega_m outside of bounds
omega_m outside of bounds
[mcmc] Progress @ 2026-06-13 12:56:03 : 6289 steps taken, and 4082 accepted.
[mcmc] Progress @ 2026-06-13 12:56:23 : 7195 steps taken, and 4129 accepted.
[mcmc] Progress @ 2026-06-13 12:56:29 : 7051 steps taken, and 4098 accepted.
omega_m outside of bounds
omega_m outside of bounds
omega_m outside of bounds
omega_m outside of bounds
omega_m outside of bounds
omega_m outside of bounds
omega_m outside of bounds
omega_m outside of bounds
omega_m outside of bounds
omega_m outside of bounds
omega_m outside of bounds
omega_m outside of bounds
omega_m outside of bounds
[mcmc] Progress @ 2026-06-13 12:56:31 : 6704 steps taken, and 4131 accepted.
omega_m outside of bounds
omega_m outside of bounds
omega_m outside of bounds
omega_m outside of bounds
omega_m outside of bounds
omega_m outside of bounds
omega_m outside of bounds
omega_m outside of bounds
omega_m outside of bounds
[mcmc] Progress @ 2026-06-13 12:56:32 : 6438 steps taken, and 3999 accepted.
[mcmc] Progress @ 2026-06-13 12:56:41 : 6562 steps taken, and 3465 accepted.
[mcmc] Progress @ 2026-06-13 12:56:45 : 6665 steps taken, and 3761 accepted.
[mcmc] Progress @ 2026-06-13 12:56:57 : 7055 steps taken, and 3922 accepted.
omega_m outside of bounds
omega_m outside of bounds
omega_m outside of bounds
omega_m outside of bounds
omega_m outside of bounds
omega_m outside of bounds
omega_m outside of bounds
omega_m outside of bounds
omega_m outside of bounds
omega_m outside of bounds
[mcmc] Progress @ 2026-06-13 12:57:07 : 6306 steps taken, and 4090 accepted.
[mcmc] Progress @ 2026-06-13 12:57:23 : 7225 steps taken, and 4136 accepted.
[mcmc] Progress @ 2026-06-13 12:57:29 : 7081 steps taken, and 4108 accepted.
omega_m outside of bounds
omega_m outside of bounds
omega_m outside of bounds
omega_m outside of bounds
omega_m outside of bounds
omega_m outside of bounds
omega_m outside of bounds
omega_m outside of bounds
omega_m outside of bounds
omega_m outside of bounds
omega_m outside of bounds
omega_m outside of bounds
omega_m outside of bounds
omega_m outside of bounds
[mcmc] Progress @ 2026-06-13 12:57:32 : 6728 steps taken, and 4142 accepted.
omega_m outside of bounds
omega_m outside of bounds
omega_m outside of bounds
omega_m outside of bounds
omega_m outside of bounds
omega_m outside of bounds
omega_m outside of bounds
omega_m outside of bounds
omega_m outside of bounds
omega_m outside of bounds
omega_m outside of bounds
[mcmc] Progress @ 2026-06-13 12:57:35 : 6456 steps taken, and 4005 accepted.
[mcmc] Progress @ 2026-06-13 12:57:43 : 6581 steps taken, and 3475 accepted.
[mcmc] Progress @ 2026-06-13 12:57:47 : 6686 steps taken, and 3766 accepted.
[mcmc] Progress @ 2026-06-13 12:57:59 : 7071 steps taken, and 3930 accepted.
omega_m outside of bounds
omega_m outside of bounds
omega_m outside of bounds
omega_m outside of bounds
omega_m outside of bounds
omega_m outside of bounds
omega_m outside of bounds
omega_m outside of bounds
omega_m outside of bounds
omega_m outside of bounds
omega_m outside of bounds
omega_m outside of bounds
omega_m outside of bounds
omega_m outside of bounds
[mcmc] Progress @ 2026-06-13 12:58:11 : 6330 steps taken, and 4099 accepted.
[mcmc] Progress @ 2026-06-13 12:58:24 : 7247 steps taken, and 4143 accepted.
[mcmc] Progress @ 2026-06-13 12:58:29 : 7115 steps taken, and 4117 accepted.
omega_m outside of bounds
omega_m outside of bounds
omega_m outside of bounds
omega_m outside of bounds
omega_m outside of bounds
omega_m outside of bounds
omega_m outside of bounds
omega_m outside of bounds
omega_m outside of bounds
omega_m outside of bounds
omega_m outside of bounds
omega_m outside of bounds
omega_m outside of bounds
omega_m outside of bounds
[mcmc] Progress @ 2026-06-13 12:58:34 : 6753 steps taken, and 4151 accepted.
omega_m outside of bounds
omega_m outside of bounds
omega_m outside of bounds
omega_m outside of bounds
omega_m outside of bounds
omega_m outside of bounds
omega_m outside of bounds
omega_m outside of bounds
omega_m outside of bounds
omega_m outside of bounds
[mcmc] Progress @ 2026-06-13 12:58:38 : 6491 steps taken, and 4014 accepted.
[mcmc] Progress @ 2026-06-13 12:58:46 : 6601 steps taken, and 3482 accepted.
[mcmc] Progress @ 2026-06-13 12:58:49 : 6709 steps taken, and 3776 accepted.
omega_m outside of bounds
omega_m outside of bounds
[mcmc] Progress @ 2026-06-13 12:59:00 : 7086 steps taken, and 3937 accepted.
omega_m outside of bounds
omega_m outside of bounds
omega_m outside of bounds
omega_m outside of bounds
omega_m outside of bounds
omega_m outside of bounds
omega_m outside of bounds
omega_m outside of bounds
omega_m outside of bounds
omega_m outside of bounds
omega_m outside of bounds
omega_m outside of bounds
omega_m outside of bounds
omega_m outside of bounds
omega_m outside of bounds
[mcmc] Progress @ 2026-06-13 12:59:15 : 6349 steps taken, and 4108 accepted.
[mcmc] Progress @ 2026-06-13 12:59:25 : 7265 steps taken, and 4148 accepted.
[mcmc] Progress @ 2026-06-13 12:59:30 : 7130 steps taken, and 4127 accepted.
omega_m outside of bounds
omega_m outside of bounds
omega_m outside of bounds
omega_m outside of bounds
omega_m outside of bounds
omega_m outside of bounds
omega_m outside of bounds
omega_m outside of bounds
omega_m outside of bounds
omega_m outside of bounds
omega_m outside of bounds
omega_m outside of bounds
[mcmc] Progress @ 2026-06-13 12:59:35 : 6775 steps taken, and 4160 accepted.
[mcmc] Learn + convergence test @ 4160 samples accepted.
[mcmc]  - Acceptance rate: 0.574
[mcmc]  - Convergence of means: R-1 = 2.698733 after 3328 accepted steps
[blockedproposer] *ERROR* The given covmat is not a positive-definite, symmetric square matrix.
omega_m outside of bounds
omega_m outside of bounds
[mcmc] Progress @ 2026-06-13 12:59:39 : 6518 steps taken, and 4024 accepted.
[mcmc] Progress @ 2026-06-13 12:59:49 : 6628 steps taken, and 3491 accepted.
[mcmc] Progress @ 2026-06-13 12:59:52 : 6733 steps taken, and 3782 accepted.
omega_m outside of bounds
omega_m outside of bounds
omega_m outside of bounds
[mcmc] Progress @ 2026-06-13 13:00:00 : 7105 steps taken, and 3948 accepted.
omega_m outside of bounds
omega_m outside of bounds
omega_m outside of bounds
omega_m outside of bounds
omega_m outside of bounds
omega_m outside of bounds
omega_m outside of bounds
[mcmc] Progress @ 2026-06-13 13:00:16 : 6367 steps taken, and 4113 accepted.
[mcmc] Progress @ 2026-06-13 13:00:26 : 7281 steps taken, and 4152 accepted.
[mcmc] Progress @ 2026-06-13 13:00:32 : 7150 steps taken, and 4135 accepted.
omega_m outside of bounds
omega_m outside of bounds
omega_m outside of bounds
omega_m outside of bounds
omega_m outside of bounds
omega_m outside of bounds
omega_m outside of bounds
omega_m outside of bounds
omega_m outside of bounds
omega_m outside of bounds
omega_m outside of bounds
[mcmc] Progress @ 2026-06-13 13:00:36 : 6792 steps taken, and 4170 accepted.
omega_m outside of bounds
omega_m outside of bounds
omega_m outside of bounds
omega_m outside of bounds
omega_m outside of bounds
omega_m outside of bounds
omega_m outside of bounds
[mcmc] Progress @ 2026-06-13 13:00:40 : 6537 steps taken, and 4036 accepted.
[mcmc] Progress @ 2026-06-13 13:00:51 : 6648 steps taken, and 3494 accepted.
[mcmc] Progress @ 2026-06-13 13:00:55 : 6753 steps taken, and 3791 accepted.
omega_m outside of bounds
omega_m outside of bounds
omega_m outside of bounds
omega_m outside of bounds
omega_m outside of bounds
omega_m outside of bounds
omega_m outside of bounds
omega_m outside of bounds
[mcmc] Progress @ 2026-06-13 13:01:02 : 7124 steps taken, and 3956 accepted.
[mcmc] Learn + convergence test @ 4160 samples accepted.
[mcmc]  - Acceptance rate: 0.528
[mcmc]  - Convergence of means: R-1 = 0.805288 after 3328 accepted steps
[mcmc]  - Updated covariance matrix of proposal pdf.
omega_m outside of bounds
omega_m outside of bounds
omega_m outside of bounds
omega_m outside of bounds
omega_m outside of bounds
omega_m outside of bounds
omega_m outside of bounds
omega_m outside of bounds
[mcmc] Progress @ 2026-06-13 13:01:19 : 6397 steps taken, and 4120 accepted.
[mcmc] Progress @ 2026-06-13 13:01:30 : 7301 steps taken, and 4162 accepted.
[mcmc] Progress @ 2026-06-13 13:01:33 : 7165 steps taken, and 4144 accepted.
omega_m outside of bounds
omega_m outside of bounds
omega_m outside of bounds
omega_m outside of bounds
omega_m outside of bounds
omega_m outside of bounds
omega_m outside of bounds
omega_m outside of bounds
omega_m outside of bounds
omega_m outside of bounds
omega_m outside of bounds
omega_m outside of bounds
omega_m outside of bounds
omega_m outside of bounds
[mcmc] Progress @ 2026-06-13 13:01:36 : 6825 steps taken, and 4179 accepted.
omega_m outside of bounds
[mcmc] Progress @ 2026-06-13 13:01:40 : 6555 steps taken, and 4044 accepted.
[mcmc] Progress @ 2026-06-13 13:01:53 : 6671 steps taken, and 3501 accepted.
[mcmc] Progress @ 2026-06-13 13:01:57 : 6773 steps taken, and 3795 accepted.
omega_m outside of bounds
omega_m outside of bounds
omega_m outside of bounds
[mcmc] Progress @ 2026-06-13 13:02:03 : 7144 steps taken, and 3963 accepted.
omega_m outside of bounds
[mcmc] Progress @ 2026-06-13 13:02:22 : 6419 steps taken, and 4128 accepted.
[mcmc] Progress @ 2026-06-13 13:02:31 : 7319 steps taken, and 4170 accepted.
[mcmc] Progress @ 2026-06-13 13:02:33 : 7179 steps taken, and 4155 accepted.
omega_m outside of bounds
omega_m outside of bounds
omega_m outside of bounds
omega_m outside of bounds
omega_m outside of bounds
omega_m outside of bounds
omega_m outside of bounds
omega_m outside of bounds
omega_m outside of bounds
omega_m outside of bounds
omega_m outside of bounds
omega_m outside of bounds
omega_m outside of bounds
omega_m outside of bounds
[mcmc] Progress @ 2026-06-13 13:02:37 : 6846 steps taken, and 4188 accepted.
[mcmc] Progress @ 2026-06-13 13:02:41 : 6576 steps taken, and 4056 accepted.
[mcmc] Progress @ 2026-06-13 13:02:55 : 6699 steps taken, and 3507 accepted.
[mcmc] Progress @ 2026-06-13 13:02:58 : 6799 steps taken, and 3803 accepted.
omega_m outside of bounds
omega_m outside of bounds
omega_m outside of bounds
[mcmc] Progress @ 2026-06-13 13:03:04 : 7172 steps taken, and 3971 accepted.
[mcmc] Learn + convergence test @ 4160 samples accepted.
[mcmc]  - Acceptance rate: 0.541
[mcmc]  - Convergence of means: R-1 = 2.953885 after 3328 accepted steps
[mcmc]  - Updated covariance matrix of proposal pdf.
[mcmc] Progress @ 2026-06-13 13:03:25 : 6456 steps taken, and 4139 accepted.
[mcmc] Progress @ 2026-06-13 13:03:32 : 7340 steps taken, and 4177 accepted.
[mcmc] Progress @ 2026-06-13 13:03:33 : 7195 steps taken, and 4162 accepted.
omega_m outside of bounds
omega_m outside of bounds
omega_m outside of bounds
omega_m outside of bounds
omega_m outside of bounds
omega_m outside of bounds
omega_m outside of bounds
omega_m outside of bounds
omega_m outside of bounds
omega_m outside of bounds
omega_m outside of bounds
omega_m outside of bounds
omega_m outside of bounds
omega_m outside of bounds
[mcmc] Progress @ 2026-06-13 13:03:39 : 6866 steps taken, and 4195 accepted.
omega_m outside of bounds
[mcmc] Progress @ 2026-06-13 13:03:42 : 6594 steps taken, and 4068 accepted.
[mcmc] Progress @ 2026-06-13 13:03:58 : 6719 steps taken, and 3514 accepted.
[mcmc] Progress @ 2026-06-13 13:04:00 : 6815 steps taken, and 3807 accepted.
omega_m outside of bounds
omega_m outside of bounds
omega_m outside of bounds
[mcmc] Progress @ 2026-06-13 13:04:05 : 7191 steps taken, and 3979 accepted.
omega_m outside of bounds
omega_m outside of bounds
omega_m outside of bounds
omega_m outside of bounds
omega_m outside of bounds
omega_m outside of bounds
omega_m outside of bounds
omega_m outside of bounds
omega_m outside of bounds
omega_m outside of bounds
omega_m outside of bounds
[mcmc] Progress @ 2026-06-13 13:04:29 : 6484 steps taken, and 4150 accepted.
[mcmc] Progress @ 2026-06-13 13:04:34 : 7222 steps taken, and 4172 accepted.
[mcmc] Progress @ 2026-06-13 13:04:34 : 7358 steps taken, and 4185 accepted.
omega_m outside of bounds
omega_m outside of bounds
omega_m outside of bounds
omega_m outside of bounds
omega_m outside of bounds
omega_m outside of bounds
omega_m outside of bounds
omega_m outside of bounds
omega_m outside of bounds
omega_m outside of bounds
omega_m outside of bounds
omega_m outside of bounds
omega_m outside of bounds
omega_m outside of bounds
[mcmc] Progress @ 2026-06-13 13:04:41 : 6886 steps taken, and 4203 accepted.
[mcmc] Progress @ 2026-06-13 13:04:42 : 6611 steps taken, and 4075 accepted.
[mcmc] Progress @ 2026-06-13 13:04:58 : 6733 steps taken, and 3519 accepted.
[mcmc] Learn + convergence test @ 3520 samples accepted.
[mcmc]  - Acceptance rate: 0.478
[mcmc]  - Convergence of means: R-1 = 2.992097 after 2816 accepted steps
[blockedproposer] *ERROR* The given covmat is not a positive-definite, symmetric square matrix.
omega_m outside of bounds
[mcmc] Progress @ 2026-06-13 13:05:03 : 6832 steps taken, and 3815 accepted.
[mcmc] Progress @ 2026-06-13 13:05:06 : 7209 steps taken, and 3987 accepted.
omega_m outside of bounds
omega_m outside of bounds
omega_m outside of bounds
omega_m outside of bounds
omega_m outside of bounds
omega_m outside of bounds
omega_m outside of bounds
omega_m outside of bounds
omega_m outside of bounds
omega_m outside of bounds
omega_m outside of bounds
omega_m outside of bounds
[mcmc] Learn + convergence test @ 4160 samples accepted.
[mcmc]  - Acceptance rate: 0.601
[mcmc]  - Convergence of means: R-1 = 3.130914 after 3328 accepted steps
[blockedproposer] *ERROR* The given covmat is not a positive-definite, symmetric square matrix.
omega_m outside of bounds
omega_m outside of bounds
omega_m outside of bounds
[mcmc] Progress @ 2026-06-13 13:05:33 : 6510 steps taken, and 4161 accepted.
[mcmc] Progress @ 2026-06-13 13:05:36 : 7384 steps taken, and 4191 accepted.
[mcmc] Progress @ 2026-06-13 13:05:37 : 7238 steps taken, and 4181 accepted.
omega_m outside of bounds
omega_m outside of bounds
omega_m outside of bounds
omega_m outside of bounds
omega_m outside of bounds
omega_m outside of bounds
omega_m outside of bounds
omega_m outside of bounds
omega_m outside of bounds
omega_m outside of bounds
omega_m outside of bounds
omega_m outside of bounds
omega_m outside of bounds
omega_m outside of bounds
[mcmc] Progress @ 2026-06-13 13:05:43 : 6906 steps taken, and 4212 accepted.
[mcmc] Progress @ 2026-06-13 13:05:44 : 6628 steps taken, and 4083 accepted.
[mcmc] Progress @ 2026-06-13 13:06:01 : 6753 steps taken, and 3527 accepted.
omega_m outside of bounds
omega_m outside of bounds
[mcmc] Progress @ 2026-06-13 13:06:06 : 6847 steps taken, and 3819 accepted.
[mcmc] Progress @ 2026-06-13 13:06:07 : 7231 steps taken, and 3996 accepted.
omega_m outside of bounds
omega_m outside of bounds
omega_m outside of bounds
omega_m outside of bounds
omega_m outside of bounds
omega_m outside of bounds
omega_m outside of bounds
omega_m outside of bounds
omega_m outside of bounds
omega_m outside of bounds
omega_m outside of bounds
omega_m outside of bounds
[mcmc] Progress @ 2026-06-13 13:06:33 : 6530 steps taken, and 4170 accepted.
[mcmc] Progress @ 2026-06-13 13:06:37 : 7401 steps taken, and 4198 accepted.
[mcmc] Progress @ 2026-06-13 13:06:38 : 7267 steps taken, and 4191 accepted.
omega_m outside of bounds
omega_m outside of bounds
omega_m outside of bounds
omega_m outside of bounds
omega_m outside of bounds
omega_m outside of bounds
omega_m outside of bounds
omega_m outside of bounds
omega_m outside of bounds
omega_m outside of bounds
omega_m outside of bounds
omega_m outside of bounds
omega_m outside of bounds
omega_m outside of bounds
[mcmc] Progress @ 2026-06-13 13:06:44 : 6925 steps taken, and 4222 accepted.
omega_m outside of bounds
[mcmc] Progress @ 2026-06-13 13:06:45 : 6649 steps taken, and 4094 accepted.
[mcmc] Progress @ 2026-06-13 13:07:05 : 6767 steps taken, and 3532 accepted.
omega_m outside of bounds
[mcmc] Progress @ 2026-06-13 13:07:08 : 6863 steps taken, and 3830 accepted.
[mcmc] Progress @ 2026-06-13 13:07:09 : 7250 steps taken, and 4004 accepted.
omega_m outside of bounds
omega_m outside of bounds
omega_m outside of bounds
omega_m outside of bounds
omega_m outside of bounds
omega_m outside of bounds
omega_m outside of bounds
[mcmc] Progress @ 2026-06-13 13:07:34 : 6548 steps taken, and 4175 accepted.
[mcmc] Progress @ 2026-06-13 13:07:38 : 7417 steps taken, and 4202 accepted.
[mcmc] Progress @ 2026-06-13 13:07:38 : 7287 steps taken, and 4201 accepted.
omega_m outside of bounds
omega_m outside of bounds
omega_m outside of bounds
omega_m outside of bounds
omega_m outside of bounds
omega_m outside of bounds
omega_m outside of bounds
omega_m outside of bounds
omega_m outside of bounds
omega_m outside of bounds
omega_m outside of bounds
omega_m outside of bounds
omega_m outside of bounds
omega_m outside of bounds
[mcmc] Progress @ 2026-06-13 13:07:45 : 6952 steps taken, and 4228 accepted.
omega_m outside of bounds
omega_m outside of bounds
omega_m outside of bounds
[mcmc] Progress @ 2026-06-13 13:07:47 : 6667 steps taken, and 4104 accepted.
[mcmc] Progress @ 2026-06-13 13:08:08 : 6781 steps taken, and 3541 accepted.
omega_m outside of bounds
[mcmc] Progress @ 2026-06-13 13:08:10 : 7278 steps taken, and 4012 accepted.
omega_m outside of bounds
omega_m outside of bounds
omega_m outside of bounds
[mcmc] Progress @ 2026-06-13 13:08:13 : 6883 steps taken, and 3837 accepted.
omega_m outside of bounds
omega_m outside of bounds
omega_m outside of bounds
omega_m outside of bounds
omega_m outside of bounds
omega_m outside of bounds
omega_m outside of bounds
omega_m outside of bounds
omega_m outside of bounds
omega_m outside of bounds
omega_m outside of bounds
[mcmc] Progress @ 2026-06-13 13:08:36 : 6573 steps taken, and 4183 accepted.
[mcmc] Progress @ 2026-06-13 13:08:39 : 7305 steps taken, and 4211 accepted.
[mcmc] Progress @ 2026-06-13 13:08:42 : 7441 steps taken, and 4211 accepted.
omega_m outside of bounds
omega_m outside of bounds
omega_m outside of bounds
[mcmc] Learn + convergence test @ 3840 samples accepted.
omega_m outside of bounds
omega_m outside of bounds
omega_m outside of bounds
[mcmc] Progress @ 2026-06-13 13:08:46 : 6985 steps taken, and 4239 accepted.
[mcmc]  - Acceptance rate: 0.517
[mcmc]  - Convergence of means: R-1 = 6.421480 after 3072 accepted steps
[mcmc]  - Updated covariance matrix of proposal pdf.
omega_m outside of bounds
omega_m outside of bounds
omega_m outside of bounds
omega_m outside of bounds
omega_m outside of bounds
[mcmc] Progress @ 2026-06-13 13:08:48 : 6686 steps taken, and 4110 accepted.
[mcmc] Progress @ 2026-06-13 13:09:11 : 7300 steps taken, and 4023 accepted.
[mcmc] Progress @ 2026-06-13 13:09:11 : 6802 steps taken, and 3547 accepted.
[mcmc] Progress @ 2026-06-13 13:09:14 : 6906 steps taken, and 3844 accepted.
omega_m outside of bounds
omega_m outside of bounds
omega_m outside of bounds
omega_m outside of bounds
omega_m outside of bounds
omega_m outside of bounds
omega_m outside of bounds
omega_m outside of bounds
omega_m outside of bounds
omega_m outside of bounds
omega_m outside of bounds
omega_m outside of bounds
omega_m outside of bounds
[mcmc] Progress @ 2026-06-13 13:09:39 : 6597 steps taken, and 4190 accepted.
[mcmc] Progress @ 2026-06-13 13:09:42 : 7324 steps taken, and 4220 accepted.
[mcmc] Progress @ 2026-06-13 13:09:42 : 7459 steps taken, and 4223 accepted.
omega_m outside of bounds
omega_m outside of bounds
omega_m outside of bounds
omega_m outside of bounds
omega_m outside of bounds
omega_m outside of bounds
omega_m outside of bounds
omega_m outside of bounds
omega_m outside of bounds
[mcmc] Progress @ 2026-06-13 13:09:48 : 7002 steps taken, and 4251 accepted.
omega_m outside of bounds
omega_m outside of bounds
omega_m outside of bounds
omega_m outside of bounds
omega_m outside of bounds
omega_m outside of bounds
omega_m outside of bounds
omega_m outside of bounds
omega_m outside of bounds
[mcmc] Progress @ 2026-06-13 13:09:49 : 6704 steps taken, and 4116 accepted.
[mcmc] Progress @ 2026-06-13 13:10:11 : 7317 steps taken, and 4033 accepted.
[mcmc] Progress @ 2026-06-13 13:10:14 : 6829 steps taken, and 3555 accepted.
omega_m outside of bounds
[mcmc] Progress @ 2026-06-13 13:10:18 : 6927 steps taken, and 3851 accepted.
omega_m outside of bounds
omega_m outside of bounds
omega_m outside of bounds
omega_m outside of bounds
omega_m outside of bounds
omega_m outside of bounds
omega_m outside of bounds
omega_m outside of bounds
omega_m outside of bounds
omega_m outside of bounds
omega_m outside of bounds
omega_m outside of bounds
omega_m outside of bounds
[mcmc] Progress @ 2026-06-13 13:10:41 : 6622 steps taken, and 4198 accepted.
[mcmc] Progress @ 2026-06-13 13:10:42 : 7357 steps taken, and 4230 accepted.
[mcmc] Progress @ 2026-06-13 13:10:43 : 7474 steps taken, and 4228 accepted.
omega_m outside of bounds
omega_m outside of bounds
omega_m outside of bounds
omega_m outside of bounds
omega_m outside of bounds
omega_m outside of bounds
omega_m outside of bounds
omega_m outside of bounds
omega_m outside of bounds
omega_m outside of bounds
omega_m outside of bounds
omega_m outside of bounds
[mcmc] Progress @ 2026-06-13 13:10:49 : 7016 steps taken, and 4261 accepted.
omega_m outside of bounds
omega_m outside of bounds
omega_m outside of bounds
[mcmc] Progress @ 2026-06-13 13:10:50 : 6719 steps taken, and 4126 accepted.
[mcmc] Progress @ 2026-06-13 13:11:11 : 7360 steps taken, and 4040 accepted.
[mcmc] Progress @ 2026-06-13 13:11:16 : 6848 steps taken, and 3561 accepted.
omega_m outside of bounds
omega_m outside of bounds
omega_m outside of bounds
omega_m outside of bounds
omega_m outside of bounds
omega_m outside of bounds
omega_m outside of bounds
[mcmc] Progress @ 2026-06-13 13:11:20 : 6949 steps taken, and 3858 accepted.
[mcmc] Progress @ 2026-06-13 13:11:43 : 7375 steps taken, and 4237 accepted.
[mcmc] Progress @ 2026-06-13 13:11:43 : 7488 steps taken, and 4236 accepted.
omega_m outside of bounds
omega_m outside of bounds
omega_m outside of bounds
omega_m outside of bounds
omega_m outside of bounds
omega_m outside of bounds
omega_m outside of bounds
omega_m outside of bounds
omega_m outside of bounds
omega_m outside of bounds
omega_m outside of bounds
omega_m outside of bounds
omega_m outside of bounds
omega_m outside of bounds
[mcmc] Progress @ 2026-06-13 13:11:44 : 6638 steps taken, and 4208 accepted.
[mcmc] Progress @ 2026-06-13 13:11:50 : 6735 steps taken, and 4134 accepted.
omega_m outside of bounds
omega_m outside of bounds
omega_m outside of bounds
omega_m outside of bounds
omega_m outside of bounds
omega_m outside of bounds
omega_m outside of bounds
omega_m outside of bounds
omega_m outside of bounds
omega_m outside of bounds
omega_m outside of bounds
omega_m outside of bounds
omega_m outside of bounds
omega_m outside of bounds
[mcmc] Progress @ 2026-06-13 13:11:51 : 7038 steps taken, and 4272 accepted.
[mcmc] Progress @ 2026-06-13 13:12:13 : 7379 steps taken, and 4043 accepted.
[mcmc] Progress @ 2026-06-13 13:12:20 : 6869 steps taken, and 3567 accepted.
[mcmc] Progress @ 2026-06-13 13:12:22 : 6972 steps taken, and 3867 accepted.
[mcmc] Progress @ 2026-06-13 13:12:44 : 7408 steps taken, and 4245 accepted.
omega_m outside of bounds
omega_m outside of bounds
omega_m outside of bounds
omega_m outside of bounds
omega_m outside of bounds
omega_m outside of bounds
omega_m outside of bounds
omega_m outside of bounds
omega_m outside of bounds
omega_m outside of bounds
omega_m outside of bounds
omega_m outside of bounds
omega_m outside of bounds
[mcmc] Progress @ 2026-06-13 13:12:47 : 6665 steps taken, and 4212 accepted.
[mcmc] Progress @ 2026-06-13 13:12:47 : 7517 steps taken, and 4241 accepted.
omega_m outside of bounds
omega_m outside of bounds
omega_m outside of bounds
omega_m outside of bounds
omega_m outside of bounds
omega_m outside of bounds
omega_m outside of bounds
[mcmc] Progress @ 2026-06-13 13:12:54 : 7058 steps taken, and 4281 accepted.
omega_m outside of bounds
omega_m outside of bounds
omega_m outside of bounds
omega_m outside of bounds
omega_m outside of bounds
omega_m outside of bounds
omega_m outside of bounds
[mcmc] Progress @ 2026-06-13 13:12:55 : 6761 steps taken, and 4145 accepted.
[mcmc] Progress @ 2026-06-13 13:13:14 : 7399 steps taken, and 4052 accepted.
[mcmc] Progress @ 2026-06-13 13:13:21 : 6888 steps taken, and 3574 accepted.
[mcmc] Progress @ 2026-06-13 13:13:24 : 6992 steps taken, and 3875 accepted.
[mcmc] Progress @ 2026-06-13 13:13:47 : 7442 steps taken, and 4254 accepted.
[mcmc] Progress @ 2026-06-13 13:13:48 : 7556 steps taken, and 4248 accepted.
omega_m outside of bounds
omega_m outside of bounds
omega_m outside of bounds
omega_m outside of bounds
omega_m outside of bounds
omega_m outside of bounds
omega_m outside of bounds
omega_m outside of bounds
omega_m outside of bounds
omega_m outside of bounds
omega_m outside of bounds
omega_m outside of bounds
omega_m outside of bounds
omega_m outside of bounds
[mcmc] Progress @ 2026-06-13 13:13:49 : 6689 steps taken, and 4216 accepted.
omega_m outside of bounds
omega_m outside of bounds
omega_m outside of bounds
omega_m outside of bounds
omega_m outside of bounds
omega_m outside of bounds
omega_m outside of bounds
omega_m outside of bounds
omega_m outside of bounds
omega_m outside of bounds
omega_m outside of bounds
omega_m outside of bounds
omega_m outside of bounds
[mcmc] Progress @ 2026-06-13 13:13:55 : 6777 steps taken, and 4156 accepted.
omega_m outside of bounds
omega_m outside of bounds
omega_m outside of bounds
omega_m outside of bounds
omega_m outside of bounds
omega_m outside of bounds
[mcmc] Progress @ 2026-06-13 13:13:57 : 7075 steps taken, and 4292 accepted.
omega_m outside of bounds
omega_m outside of bounds
[mcmc] Learn + convergence test @ 4160 samples accepted.
[mcmc]  - Acceptance rate: 0.573
[mcmc]  - Convergence of means: R-1 = 1.138520 after 3328 accepted steps
[mcmc]  - Updated covariance matrix of proposal pdf.
[mcmc] Progress @ 2026-06-13 13:14:18 : 7421 steps taken, and 4059 accepted.
[mcmc] Progress @ 2026-06-13 13:14:22 : 6902 steps taken, and 3581 accepted.
[mcmc] Progress @ 2026-06-13 13:14:24 : 7010 steps taken, and 3884 accepted.
[mcmc] Progress @ 2026-06-13 13:14:48 : 7457 steps taken, and 4264 accepted.
[mcmc] Progress @ 2026-06-13 13:14:50 : 7580 steps taken, and 4256 accepted.
omega_m outside of bounds
omega_m outside of bounds
omega_m outside of bounds
omega_m outside of bounds
omega_m outside of bounds
omega_m outside of bounds
omega_m outside of bounds
omega_m outside of bounds
omega_m outside of bounds
omega_m outside of bounds
omega_m outside of bounds
omega_m outside of bounds
omega_m outside of bounds
[mcmc] Progress @ 2026-06-13 13:14:52 : 6745 steps taken, and 4222 accepted.
omega_m outside of bounds
omega_m outside of bounds
omega_m outside of bounds
omega_m outside of bounds
omega_m outside of bounds
omega_m outside of bounds
omega_m outside of bounds
omega_m outside of bounds
[mcmc] Progress @ 2026-06-13 13:14:57 : 6792 steps taken, and 4167 accepted.
omega_m outside of bounds
omega_m outside of bounds
[mcmc] Progress @ 2026-06-13 13:14:58 : 7099 steps taken, and 4301 accepted.
[mcmc] Progress @ 2026-06-13 13:15:22 : 7437 steps taken, and 4070 accepted.
[mcmc] Progress @ 2026-06-13 13:15:25 : 6916 steps taken, and 3587 accepted.
[mcmc] Progress @ 2026-06-13 13:15:25 : 7034 steps taken, and 3895 accepted.
[mcmc] Progress @ 2026-06-13 13:15:50 : 7479 steps taken, and 4272 accepted.
[mcmc] Progress @ 2026-06-13 13:15:51 : 7597 steps taken, and 4262 accepted.
omega_m outside of bounds
omega_m outside of bounds
omega_m outside of bounds
omega_m outside of bounds
omega_m outside of bounds
omega_m outside of bounds
omega_m outside of bounds
omega_m outside of bounds
omega_m outside of bounds
omega_m outside of bounds
omega_m outside of bounds
omega_m outside of bounds
[mcmc] Progress @ 2026-06-13 13:15:52 : 6770 steps taken, and 4229 accepted.
omega_m outside of bounds
omega_m outside of bounds
omega_m outside of bounds
omega_m outside of bounds
omega_m outside of bounds
omega_m outside of bounds
omega_m outside of bounds
omega_m outside of bounds
omega_m outside of bounds
omega_m outside of bounds
omega_m outside of bounds
omega_m outside of bounds
omega_m outside of bounds
omega_m outside of bounds
[mcmc] Progress @ 2026-06-13 13:15:58 : 6813 steps taken, and 4178 accepted.
[mcmc] Progress @ 2026-06-13 13:16:00 : 7121 steps taken, and 4310 accepted.
[mcmc] Progress @ 2026-06-13 13:16:22 : 7452 steps taken, and 4079 accepted.
omega_m outside of bounds
omega_m outside of bounds
[mcmc] Progress @ 2026-06-13 13:16:25 : 7054 steps taken, and 3904 accepted.
[mcmc] Progress @ 2026-06-13 13:16:27 : 6930 steps taken, and 3590 accepted.
[mcmc] Progress @ 2026-06-13 13:16:51 : 7612 steps taken, and 4269 accepted.
[mcmc] Progress @ 2026-06-13 13:16:53 : 7510 steps taken, and 4280 accepted.
omega_m outside of bounds
omega_m outside of bounds
omega_m outside of bounds
omega_m outside of bounds
omega_m outside of bounds
omega_m outside of bounds
omega_m outside of bounds
omega_m outside of bounds
omega_m outside of bounds
omega_m outside of bounds
omega_m outside of bounds
omega_m outside of bounds
omega_m outside of bounds
[mcmc] Progress @ 2026-06-13 13:16:55 : 6785 steps taken, and 4234 accepted.
omega_m outside of bounds
omega_m outside of bounds
omega_m outside of bounds
omega_m outside of bounds
omega_m outside of bounds
omega_m outside of bounds
omega_m outside of bounds
omega_m outside of bounds
omega_m outside of bounds
omega_m outside of bounds
omega_m outside of bounds
omega_m outside of bounds
omega_m outside of bounds
[mcmc] Progress @ 2026-06-13 13:17:01 : 6838 steps taken, and 4186 accepted.
omega_m outside of bounds
omega_m outside of bounds
omega_m outside of bounds
omega_m outside of bounds
[mcmc] Progress @ 2026-06-13 13:17:01 : 7146 steps taken, and 4321 accepted.
[mcmc] Progress @ 2026-06-13 13:17:23 : 7468 steps taken, and 4086 accepted.
omega_m outside of bounds
[mcmc] Progress @ 2026-06-13 13:17:27 : 7071 steps taken, and 3913 accepted.
[mcmc] Progress @ 2026-06-13 13:17:30 : 6945 steps taken, and 3597 accepted.
[mcmc] Progress @ 2026-06-13 13:17:51 : 7630 steps taken, and 4277 accepted.
[mcmc] Progress @ 2026-06-13 13:17:55 : 7526 steps taken, and 4291 accepted.
omega_m outside of bounds
omega_m outside of bounds
omega_m outside of bounds
omega_m outside of bounds
omega_m outside of bounds
omega_m outside of bounds
omega_m outside of bounds
omega_m outside of bounds
omega_m outside of bounds
omega_m outside of bounds
omega_m outside of bounds
[mcmc] Progress @ 2026-06-13 13:17:55 : 6801 steps taken, and 4240 accepted.
omega_m outside of bounds
omega_m outside of bounds
omega_m outside of bounds
omega_m outside of bounds
omega_m outside of bounds
omega_m outside of bounds
omega_m outside of bounds
omega_m outside of bounds
omega_m outside of bounds
omega_m outside of bounds
omega_m outside of bounds
omega_m outside of bounds
omega_m outside of bounds
[mcmc] Progress @ 2026-06-13 13:18:03 : 6868 steps taken, and 4194 accepted.
omega_m outside of bounds
[mcmc] Progress @ 2026-06-13 13:18:04 : 7174 steps taken, and 4329 accepted.
[mcmc] Progress @ 2026-06-13 13:18:24 : 7483 steps taken, and 4092 accepted.
[mcmc] Progress @ 2026-06-13 13:18:28 : 7087 steps taken, and 3921 accepted.
[mcmc] Progress @ 2026-06-13 13:18:32 : 6960 steps taken, and 3602 accepted.
[mcmc] Progress @ 2026-06-13 13:18:55 : 7660 steps taken, and 4283 accepted.
[mcmc] Progress @ 2026-06-13 13:18:57 : 7563 steps taken, and 4300 accepted.
omega_m outside of bounds
omega_m outside of bounds
omega_m outside of bounds
omega_m outside of bounds
omega_m outside of bounds
omega_m outside of bounds
omega_m outside of bounds
omega_m outside of bounds
omega_m outside of bounds
omega_m outside of bounds
omega_m outside of bounds
omega_m outside of bounds
omega_m outside of bounds
omega_m outside of bounds
[mcmc] Progress @ 2026-06-13 13:18:59 : 6829 steps taken, and 4248 accepted.
omega_m outside of bounds
omega_m outside of bounds
omega_m outside of bounds
omega_m outside of bounds
omega_m outside of bounds
omega_m outside of bounds
omega_m outside of bounds
omega_m outside of bounds
[mcmc] Progress @ 2026-06-13 13:19:06 : 7189 steps taken, and 4337 accepted.
omega_m outside of bounds
[mcmc] Progress @ 2026-06-13 13:19:06 : 6903 steps taken, and 4201 accepted.
[mcmc] Progress @ 2026-06-13 13:19:24 : 7500 steps taken, and 4101 accepted.
[mcmc] Progress @ 2026-06-13 13:19:31 : 7106 steps taken, and 3931 accepted.
[mcmc] Progress @ 2026-06-13 13:19:33 : 6974 steps taken, and 3606 accepted.
[mcmc] Progress @ 2026-06-13 13:19:58 : 7587 steps taken, and 4309 accepted.
[mcmc] Progress @ 2026-06-13 13:19:59 : 7681 steps taken, and 4291 accepted.
omega_m outside of bounds
omega_m outside of bounds
omega_m outside of bounds
omega_m outside of bounds
omega_m outside of bounds
omega_m outside of bounds
omega_m outside of bounds
omega_m outside of bounds
omega_m outside of bounds
omega_m outside of bounds
omega_m outside of bounds
omega_m outside of bounds
omega_m outside of bounds
omega_m outside of bounds
[mcmc] Progress @ 2026-06-13 13:20:02 : 6860 steps taken, and 4255 accepted.
omega_m outside of bounds
omega_m outside of bounds
omega_m outside of bounds
[mcmc] Progress @ 2026-06-13 13:20:09 : 6924 steps taken, and 4209 accepted.
omega_m outside of bounds
omega_m outside of bounds
omega_m outside of bounds
omega_m outside of bounds
[mcmc] Progress @ 2026-06-13 13:20:09 : 7206 steps taken, and 4342 accepted.
[mcmc] Progress @ 2026-06-13 13:20:25 : 7526 steps taken, and 4111 accepted.
[mcmc] Progress @ 2026-06-13 13:20:32 : 7125 steps taken, and 3940 accepted.
[mcmc] Progress @ 2026-06-13 13:20:35 : 6991 steps taken, and 3612 accepted.
[mcmc] Progress @ 2026-06-13 13:21:00 : 7602 steps taken, and 4315 accepted.
[mcmc] Progress @ 2026-06-13 13:21:03 : 7699 steps taken, and 4303 accepted.
omega_m outside of bounds
omega_m outside of bounds
omega_m outside of bounds
omega_m outside of bounds
omega_m outside of bounds
omega_m outside of bounds
omega_m outside of bounds
omega_m outside of bounds
[mcmc] Progress @ 2026-06-13 13:21:04 : 6892 steps taken, and 4260 accepted.
omega_m outside of bounds
omega_m outside of bounds
omega_m outside of bounds
omega_m outside of bounds
omega_m outside of bounds
omega_m outside of bounds
omega_m outside of bounds
omega_m outside of bounds
omega_m outside of bounds
omega_m outside of bounds
[mcmc] Progress @ 2026-06-13 13:21:09 : 6949 steps taken, and 4221 accepted.
[mcmc] Progress @ 2026-06-13 13:21:10 : 7233 steps taken, and 4352 accepted.
[mcmc] Progress @ 2026-06-13 13:21:27 : 7544 steps taken, and 4115 accepted.
[mcmc] Progress @ 2026-06-13 13:21:33 : 7140 steps taken, and 3947 accepted.
[mcmc] Progress @ 2026-06-13 13:21:39 : 7009 steps taken, and 3618 accepted.
[mcmc] Progress @ 2026-06-13 13:22:03 : 7624 steps taken, and 4325 accepted.
[mcmc] Progress @ 2026-06-13 13:22:04 : 7725 steps taken, and 4311 accepted.
omega_m outside of bounds
omega_m outside of bounds
omega_m outside of bounds
omega_m outside of bounds
omega_m outside of bounds
omega_m outside of bounds
omega_m outside of bounds
omega_m outside of bounds
omega_m outside of bounds
omega_m outside of bounds
omega_m outside of bounds
omega_m outside of bounds
[mcmc] Progress @ 2026-06-13 13:22:06 : 6906 steps taken, and 4266 accepted.
omega_m outside of bounds
omega_m outside of bounds
omega_m outside of bounds
omega_m outside of bounds
omega_m outside of bounds
omega_m outside of bounds
omega_m outside of bounds
omega_m outside of bounds
omega_m outside of bounds
omega_m outside of bounds
omega_m outside of bounds
omega_m outside of bounds
omega_m outside of bounds
[mcmc] Progress @ 2026-06-13 13:22:10 : 6969 steps taken, and 4234 accepted.
[mcmc] Progress @ 2026-06-13 13:22:11 : 7257 steps taken, and 4362 accepted.
[mcmc] Progress @ 2026-06-13 13:22:29 : 7559 steps taken, and 4120 accepted.
[mcmc] Progress @ 2026-06-13 13:22:35 : 7158 steps taken, and 3953 accepted.
[mcmc] Progress @ 2026-06-13 13:22:44 : 7025 steps taken, and 3627 accepted.
[mcmc] Progress @ 2026-06-13 13:23:04 : 7640 steps taken, and 4335 accepted.
[mcmc] Progress @ 2026-06-13 13:23:07 : 7752 steps taken, and 4323 accepted.
omega_m outside of bounds
omega_m outside of bounds
omega_m outside of bounds
omega_m outside of bounds
omega_m outside of bounds
omega_m outside of bounds
omega_m outside of bounds
omega_m outside of bounds
omega_m outside of bounds
omega_m outside of bounds
omega_m outside of bounds
omega_m outside of bounds
omega_m outside of bounds
[mcmc] Progress @ 2026-06-13 13:23:08 : 6923 steps taken, and 4272 accepted.
omega_m outside of bounds
omega_m outside of bounds
omega_m outside of bounds
omega_m outside of bounds
omega_m outside of bounds
omega_m outside of bounds
omega_m outside of bounds
omega_m outside of bounds
omega_m outside of bounds
omega_m outside of bounds
omega_m outside of bounds
omega_m outside of bounds
[mcmc] Progress @ 2026-06-13 13:23:11 : 6996 steps taken, and 4244 accepted.
[mcmc] Progress @ 2026-06-13 13:23:11 : 7276 steps taken, and 4370 accepted.
omega_m outside of bounds
[mcmc] Progress @ 2026-06-13 13:23:32 : 7583 steps taken, and 4127 accepted.
[mcmc] Progress @ 2026-06-13 13:23:38 : 7189 steps taken, and 3962 accepted.
[mcmc] Progress @ 2026-06-13 13:23:46 : 7039 steps taken, and 3633 accepted.
[mcmc] Progress @ 2026-06-13 13:24:05 : 7654 steps taken, and 4345 accepted.
[mcmc] Progress @ 2026-06-13 13:24:09 : 7783 steps taken, and 4334 accepted.
omega_m outside of bounds
omega_m outside of bounds
omega_m outside of bounds
omega_m outside of bounds
omega_m outside of bounds
omega_m outside of bounds
omega_m outside of bounds
omega_m outside of bounds
omega_m outside of bounds
omega_m outside of bounds
omega_m outside of bounds
omega_m outside of bounds
omega_m outside of bounds
omega_m outside of bounds
[mcmc] Progress @ 2026-06-13 13:24:10 : 6946 steps taken, and 4278 accepted.
omega_m outside of bounds
omega_m outside of bounds
omega_m outside of bounds
omega_m outside of bounds
omega_m outside of bounds
[mcmc] Progress @ 2026-06-13 13:24:11 : 7012 steps taken, and 4255 accepted.
omega_m outside of bounds
omega_m outside of bounds
[mcmc] Progress @ 2026-06-13 13:24:12 : 7290 steps taken, and 4380 accepted.
[mcmc] Progress @ 2026-06-13 13:24:32 : 7599 steps taken, and 4132 accepted.
[mcmc] Progress @ 2026-06-13 13:24:38 : 7207 steps taken, and 3971 accepted.
[mcmc] Progress @ 2026-06-13 13:24:49 : 7057 steps taken, and 3639 accepted.
[mcmc] Progress @ 2026-06-13 13:25:07 : 7677 steps taken, and 4351 accepted.
[mcmc] Progress @ 2026-06-13 13:25:09 : 7811 steps taken, and 4342 accepted.
omega_m outside of bounds
omega_m outside of bounds
omega_m outside of bounds
omega_m outside of bounds
omega_m outside of bounds
omega_m outside of bounds
omega_m outside of bounds
omega_m outside of bounds
omega_m outside of bounds
omega_m outside of bounds
omega_m outside of bounds
omega_m outside of bounds
omega_m outside of bounds
omega_m outside of bounds
[mcmc] Progress @ 2026-06-13 13:25:11 : 6967 steps taken, and 4288 accepted.
omega_m outside of bounds
omega_m outside of bounds
omega_m outside of bounds
omega_m outside of bounds
omega_m outside of bounds
omega_m outside of bounds
omega_m outside of bounds
omega_m outside of bounds
omega_m outside of bounds
omega_m outside of bounds
omega_m outside of bounds
[mcmc] Progress @ 2026-06-13 13:25:12 : 7039 steps taken, and 4268 accepted.
omega_m outside of bounds
[mcmc] Progress @ 2026-06-13 13:25:13 : 7305 steps taken, and 4390 accepted.
omega_m outside of bounds
[mcmc] Progress @ 2026-06-13 13:25:33 : 7616 steps taken, and 4141 accepted.
[mcmc] Progress @ 2026-06-13 13:25:40 : 7232 steps taken, and 3983 accepted.
[mcmc] Progress @ 2026-06-13 13:25:53 : 7072 steps taken, and 3642 accepted.
[mcmc] Progress @ 2026-06-13 13:26:08 : 7702 steps taken, and 4357 accepted.
omega_m outside of bounds
omega_m outside of bounds
omega_m outside of bounds
omega_m outside of bounds
omega_m outside of bounds
omega_m outside of bounds
omega_m outside of bounds
omega_m outside of bounds
omega_m outside of bounds
omega_m outside of bounds
omega_m outside of bounds
omega_m outside of bounds
[mcmc] Progress @ 2026-06-13 13:26:12 : 6993 steps taken, and 4294 accepted.
[mcmc] Progress @ 2026-06-13 13:26:13 : 7829 steps taken, and 4353 accepted.
omega_m outside of bounds
omega_m outside of bounds
omega_m outside of bounds
omega_m outside of bounds
omega_m outside of bounds
omega_m outside of bounds
omega_m outside of bounds
omega_m outside of bounds
[mcmc] Progress @ 2026-06-13 13:26:13 : 7059 steps taken, and 4278 accepted.
[mcmc] Progress @ 2026-06-13 13:26:14 : 7326 steps taken, and 4399 accepted.
omega_m outside of bounds
[mcmc] Progress @ 2026-06-13 13:26:34 : 7645 steps taken, and 4148 accepted.
[mcmc] Progress @ 2026-06-13 13:26:43 : 7252 steps taken, and 3990 accepted.
[mcmc] Progress @ 2026-06-13 13:26:57 : 7089 steps taken, and 3650 accepted.
omega_m outside of bounds
[mcmc] Progress @ 2026-06-13 13:27:09 : 7716 steps taken, and 4363 accepted.
[mcmc] Progress @ 2026-06-13 13:27:15 : 7351 steps taken, and 4407 accepted.
omega_m outside of bounds
omega_m outside of bounds
omega_m outside of bounds
omega_m outside of bounds
omega_m outside of bounds
omega_m outside of bounds
omega_m outside of bounds
omega_m outside of bounds
omega_m outside of bounds
omega_m outside of bounds
omega_m outside of bounds
omega_m outside of bounds
[mcmc] Progress @ 2026-06-13 13:27:15 : 7015 steps taken, and 4299 accepted.
omega_m outside of bounds
omega_m outside of bounds
omega_m outside of bounds
omega_m outside of bounds
omega_m outside of bounds
omega_m outside of bounds
omega_m outside of bounds
omega_m outside of bounds
[mcmc] Progress @ 2026-06-13 13:27:16 : 7079 steps taken, and 4288 accepted.
[mcmc] Progress @ 2026-06-13 13:27:17 : 7849 steps taken, and 4361 accepted.
[mcmc] Progress @ 2026-06-13 13:27:34 : 7679 steps taken, and 4157 accepted.
[mcmc] Progress @ 2026-06-13 13:27:45 : 7268 steps taken, and 3997 accepted.
[mcmc] Learn + convergence test @ 4160 samples accepted.
[mcmc]  - Acceptance rate: 0.494
[mcmc]  - Convergence of means: R-1 = 3.197003 after 3328 accepted steps
[mcmc]  - Updated covariance matrix of proposal pdf.
[mcmc] Progress @ 2026-06-13 13:28:01 : 7108 steps taken, and 3658 accepted.
[mcmc] Progress @ 2026-06-13 13:28:10 : 7730 steps taken, and 4369 accepted.
omega_m outside of bounds
omega_m outside of bounds
[mcmc] Progress @ 2026-06-13 13:28:17 : 7367 steps taken, and 4413 accepted.
[mcmc] Progress @ 2026-06-13 13:28:17 : 7110 steps taken, and 4300 accepted.
[mcmc] Progress @ 2026-06-13 13:28:18 : 7866 steps taken, and 4367 accepted.
omega_m outside of bounds
omega_m outside of bounds
omega_m outside of bounds
omega_m outside of bounds
omega_m outside of bounds
[mcmc] Progress @ 2026-06-13 13:28:19 : 7030 steps taken, and 4307 accepted.
[mcmc] Progress @ 2026-06-13 13:28:34 : 7703 steps taken, and 4164 accepted.
[mcmc] Progress @ 2026-06-13 13:28:46 : 7295 steps taken, and 4006 accepted.
[mcmc] Progress @ 2026-06-13 13:29:03 : 7127 steps taken, and 3664 accepted.
omega_m outside of bounds
omega_m outside of bounds
[mcmc] Progress @ 2026-06-13 13:29:10 : 7754 steps taken, and 4378 accepted.
[mcmc] Progress @ 2026-06-13 13:29:18 : 7134 steps taken, and 4313 accepted.
[mcmc] Progress @ 2026-06-13 13:29:18 : 7387 steps taken, and 4420 accepted.
[mcmc] Progress @ 2026-06-13 13:29:22 : 7885 steps taken, and 4374 accepted.
omega_m outside of bounds
omega_m outside of bounds
omega_m outside of bounds
omega_m outside of bounds
omega_m outside of bounds
omega_m outside of bounds
omega_m outside of bounds
omega_m outside of bounds
omega_m outside of bounds
omega_m outside of bounds
omega_m outside of bounds
omega_m outside of bounds
[mcmc] Progress @ 2026-06-13 13:29:23 : 7048 steps taken, and 4316 accepted.
[mcmc] Progress @ 2026-06-13 13:29:35 : 7724 steps taken, and 4174 accepted.
[mcmc] Progress @ 2026-06-13 13:29:48 : 7319 steps taken, and 4012 accepted.
[mcmc] Progress @ 2026-06-13 13:30:07 : 7148 steps taken, and 3667 accepted.
[mcmc] Progress @ 2026-06-13 13:30:10 : 7769 steps taken, and 4386 accepted.
[mcmc] Progress @ 2026-06-13 13:30:18 : 7161 steps taken, and 4323 accepted.
[mcmc] Progress @ 2026-06-13 13:30:19 : 7418 steps taken, and 4426 accepted.
[mcmc] Progress @ 2026-06-13 13:30:24 : 7912 steps taken, and 4382 accepted.
omega_m outside of bounds
[mcmc] Progress @ 2026-06-13 13:30:26 : 7068 steps taken, and 4321 accepted.
[mcmc] Progress @ 2026-06-13 13:30:36 : 7745 steps taken, and 4182 accepted.
[mcmc] Progress @ 2026-06-13 13:30:48 : 7338 steps taken, and 4022 accepted.
[mcmc] Progress @ 2026-06-13 13:31:07 : 7170 steps taken, and 3669 accepted.
omega_m outside of bounds
[mcmc] Progress @ 2026-06-13 13:31:11 : 7784 steps taken, and 4395 accepted.
[mcmc] Progress @ 2026-06-13 13:31:18 : 7180 steps taken, and 4335 accepted.
[mcmc] Progress @ 2026-06-13 13:31:20 : 7448 steps taken, and 4435 accepted.
omega_m outside of bounds
[mcmc] Progress @ 2026-06-13 13:31:28 : 7101 steps taken, and 4326 accepted.
[mcmc] Progress @ 2026-06-13 13:31:28 : 7927 steps taken, and 4389 accepted.
[mcmc] Progress @ 2026-06-13 13:31:37 : 7764 steps taken, and 4193 accepted.
[mcmc] Progress @ 2026-06-13 13:31:50 : 7360 steps taken, and 4030 accepted.
[mcmc] Progress @ 2026-06-13 13:32:10 : 7188 steps taken, and 3675 accepted.
[mcmc] Progress @ 2026-06-13 13:32:11 : 7812 steps taken, and 4399 accepted.
[mcmc] Progress @ 2026-06-13 13:32:20 : 7202 steps taken, and 4346 accepted.
omega_m outside of bounds
omega_m outside of bounds
[mcmc] Progress @ 2026-06-13 13:32:21 : 7489 steps taken, and 4443 accepted.
omega_m outside of bounds
omega_m outside of bounds
omega_m outside of bounds
omega_m outside of bounds
omega_m outside of bounds
omega_m outside of bounds
[mcmc] Progress @ 2026-06-13 13:32:28 : 7123 steps taken, and 4338 accepted.
[mcmc] Progress @ 2026-06-13 13:32:29 : 7941 steps taken, and 4395 accepted.
[mcmc] Progress @ 2026-06-13 13:32:38 : 7782 steps taken, and 4204 accepted.
[mcmc] Progress @ 2026-06-13 13:32:53 : 7385 steps taken, and 4041 accepted.
[mcmc] Progress @ 2026-06-13 13:33:11 : 7203 steps taken, and 3681 accepted.
[mcmc] Progress @ 2026-06-13 13:33:11 : 7834 steps taken, and 4408 accepted.
[mcmc] Progress @ 2026-06-13 13:33:21 : 7220 steps taken, and 4357 accepted.
omega_m outside of bounds
omega_m outside of bounds
omega_m outside of bounds
omega_m outside of bounds
omega_m outside of bounds
omega_m outside of bounds
omega_m outside of bounds
omega_m outside of bounds
omega_m outside of bounds
omega_m outside of bounds
[mcmc] Progress @ 2026-06-13 13:33:22 : 7507 steps taken, and 4451 accepted.
omega_m outside of bounds
omega_m outside of bounds
omega_m outside of bounds
omega_m outside of bounds
omega_m outside of bounds
omega_m outside of bounds
omega_m outside of bounds
omega_m outside of bounds
omega_m outside of bounds
omega_m outside of bounds
omega_m outside of bounds
omega_m outside of bounds
omega_m outside of bounds
[mcmc] Progress @ 2026-06-13 13:33:29 : 7149 steps taken, and 4347 accepted.
[mcmc] Progress @ 2026-06-13 13:33:33 : 7958 steps taken, and 4398 accepted.
[mcmc] Progress @ 2026-06-13 13:33:38 : 7799 steps taken, and 4212 accepted.
[mcmc] Progress @ 2026-06-13 13:33:58 : 7407 steps taken, and 4049 accepted.
[mcmc] Progress @ 2026-06-13 13:34:12 : 7858 steps taken, and 4413 accepted.
[mcmc] Progress @ 2026-06-13 13:34:13 : 7220 steps taken, and 3686 accepted.
omega_m outside of bounds
[mcmc] Progress @ 2026-06-13 13:34:22 : 7240 steps taken, and 4366 accepted.
omega_m outside of bounds
omega_m outside of bounds
omega_m outside of bounds
omega_m outside of bounds
omega_m outside of bounds
omega_m outside of bounds
omega_m outside of bounds
omega_m outside of bounds
omega_m outside of bounds
omega_m outside of bounds
omega_m outside of bounds
omega_m outside of bounds
[mcmc] Progress @ 2026-06-13 13:34:22 : 7532 steps taken, and 4461 accepted.
omega_m outside of bounds
omega_m outside of bounds
omega_m outside of bounds
[mcmc] Progress @ 2026-06-13 13:34:31 : 7166 steps taken, and 4353 accepted.
[mcmc] Progress @ 2026-06-13 13:34:33 : 7976 steps taken, and 4403 accepted.
omega_m outside of bounds
omega_m outside of bounds
omega_m outside of bounds
omega_m outside of bounds
omega_m outside of bounds
omega_m outside of bounds
[mcmc] Progress @ 2026-06-13 13:34:40 : 7821 steps taken, and 4219 accepted.
[mcmc] Progress @ 2026-06-13 13:34:59 : 7430 steps taken, and 4059 accepted.
omega_m outside of bounds
omega_m outside of bounds
omega_m outside of bounds
omega_m outside of bounds
[mcmc] Progress @ 2026-06-13 13:35:13 : 7882 steps taken, and 4421 accepted.
[mcmc] Progress @ 2026-06-13 13:35:14 : 7234 steps taken, and 3694 accepted.
omega_m outside of bounds
omega_m outside of bounds
[mcmc] Progress @ 2026-06-13 13:35:23 : 7258 steps taken, and 4377 accepted.
omega_m outside of bounds
omega_m outside of bounds
omega_m outside of bounds
omega_m outside of bounds
omega_m outside of bounds
omega_m outside of bounds
omega_m outside of bounds
omega_m outside of bounds
omega_m outside of bounds
omega_m outside of bounds
omega_m outside of bounds
omega_m outside of bounds
omega_m outside of bounds
omega_m outside of bounds
[mcmc] Progress @ 2026-06-13 13:35:23 : 7550 steps taken, and 4470 accepted.
[mcmc] Progress @ 2026-06-13 13:35:33 : 7993 steps taken, and 4409 accepted.
[mcmc] Progress @ 2026-06-13 13:35:34 : 7187 steps taken, and 4359 accepted.
omega_m outside of bounds
omega_m outside of bounds
[mcmc] Progress @ 2026-06-13 13:35:40 : 7840 steps taken, and 4226 accepted.
[mcmc] Progress @ 2026-06-13 13:36:01 : 7450 steps taken, and 4068 accepted.
omega_m outside of bounds
omega_m outside of bounds
omega_m outside of bounds
omega_m outside of bounds
omega_m outside of bounds
omega_m outside of bounds
omega_m outside of bounds
omega_m outside of bounds
omega_m outside of bounds
omega_m outside of bounds
omega_m outside of bounds
omega_m outside of bounds
omega_m outside of bounds
omega_m outside of bounds
[mcmc] Progress @ 2026-06-13 13:36:13 : 7901 steps taken, and 4429 accepted.
[mcmc] Progress @ 2026-06-13 13:36:17 : 7254 steps taken, and 3703 accepted.
omega_m outside of bounds
omega_m outside of bounds
omega_m outside of bounds
omega_m outside of bounds
omega_m outside of bounds
omega_m outside of bounds
omega_m outside of bounds
omega_m outside of bounds
omega_m outside of bounds
omega_m outside of bounds
omega_m outside of bounds
omega_m outside of bounds
omega_m outside of bounds
[mcmc] Progress @ 2026-06-13 13:36:23 : 7569 steps taken, and 4476 accepted.
omega_m outside of bounds
omega_m outside of bounds
omega_m outside of bounds
[mcmc] Progress @ 2026-06-13 13:36:25 : 7278 steps taken, and 4389 accepted.
[mcmc] Progress @ 2026-06-13 13:36:37 : 8010 steps taken, and 4417 accepted.
omega_m outside of bounds
omega_m outside of bounds
omega_m outside of bounds
omega_m outside of bounds
omega_m outside of bounds
[mcmc] Progress @ 2026-06-13 13:36:37 : 7213 steps taken, and 4362 accepted.
omega_m outside of bounds
[mcmc] Progress @ 2026-06-13 13:36:41 : 7860 steps taken, and 4233 accepted.
omega_m outside of bounds
omega_m outside of bounds
omega_m outside of bounds
omega_m outside of bounds
omega_m outside of bounds
omega_m outside of bounds
[mcmc] Learn + convergence test @ 4480 samples accepted.
[mcmc]  - Acceptance rate: 0.549
[mcmc]  - Convergence of means: R-1 = 6.223660 after 3584 accepted steps
[blockedproposer] *ERROR* The given covmat is not a positive-definite, symmetric square matrix.
[mcmc] Progress @ 2026-06-13 13:37:02 : 7465 steps taken, and 4080 accepted.
omega_m outside of bounds
omega_m outside of bounds
omega_m outside of bounds
omega_m outside of bounds
omega_m outside of bounds
omega_m outside of bounds
omega_m outside of bounds
omega_m outside of bounds
omega_m outside of bounds
omega_m outside of bounds
omega_m outside of bounds
[mcmc] Progress @ 2026-06-13 13:37:14 : 7928 steps taken, and 4436 accepted.
[mcmc] Progress @ 2026-06-13 13:37:18 : 7268 steps taken, and 3711 accepted.
omega_m outside of bounds
omega_m outside of bounds
omega_m outside of bounds
omega_m outside of bounds
omega_m outside of bounds
omega_m outside of bounds
omega_m outside of bounds
[mcmc] Progress @ 2026-06-13 13:37:24 : 7590 steps taken, and 4483 accepted.
omega_m outside of bounds
omega_m outside of bounds
omega_m outside of bounds
omega_m outside of bounds
omega_m outside of bounds
omega_m outside of bounds
omega_m outside of bounds
omega_m outside of bounds
omega_m outside of bounds
omega_m outside of bounds
omega_m outside of bounds
[mcmc] Progress @ 2026-06-13 13:37:27 : 7299 steps taken, and 4398 accepted.
omega_m outside of bounds
omega_m outside of bounds
omega_m outside of bounds
[mcmc] Progress @ 2026-06-13 13:37:39 : 7229 steps taken, and 4369 accepted.
[mcmc] Progress @ 2026-06-13 13:37:41 : 7878 steps taken, and 4239 accepted.
[mcmc] Progress @ 2026-06-13 13:37:42 : 8033 steps taken, and 4427 accepted.
[mcmc] Progress @ 2026-06-13 13:38:04 : 7482 steps taken, and 4088 accepted.
omega_m outside of bounds
omega_m outside of bounds
omega_m outside of bounds
omega_m outside of bounds
omega_m outside of bounds
omega_m outside of bounds
omega_m outside of bounds
omega_m outside of bounds
omega_m outside of bounds
omega_m outside of bounds
omega_m outside of bounds
omega_m outside of bounds
omega_m outside of bounds
[mcmc] Progress @ 2026-06-13 13:38:14 : 7951 steps taken, and 4442 accepted.
[mcmc] Progress @ 2026-06-13 13:38:20 : 7283 steps taken, and 3718 accepted.
omega_m outside of bounds
omega_m outside of bounds
omega_m outside of bounds
omega_m outside of bounds
omega_m outside of bounds
omega_m outside of bounds
omega_m outside of bounds
omega_m outside of bounds
omega_m outside of bounds
omega_m outside of bounds
omega_m outside of bounds
omega_m outside of bounds
omega_m outside of bounds
omega_m outside of bounds
[mcmc] Progress @ 2026-06-13 13:38:24 : 7617 steps taken, and 4488 accepted.
omega_m outside of bounds
omega_m outside of bounds
omega_m outside of bounds
omega_m outside of bounds
omega_m outside of bounds
omega_m outside of bounds
omega_m outside of bounds
omega_m outside of bounds
[mcmc] Progress @ 2026-06-13 13:38:29 : 7324 steps taken, and 4409 accepted.
[mcmc] Progress @ 2026-06-13 13:38:42 : 7908 steps taken, and 4248 accepted.
[mcmc] Progress @ 2026-06-13 13:38:42 : 8060 steps taken, and 4434 accepted.
omega_m outside of bounds
omega_m outside of bounds
[mcmc] Progress @ 2026-06-13 13:38:43 : 7243 steps taken, and 4375 accepted.
omega_m outside of bounds
[mcmc] Progress @ 2026-06-13 13:39:05 : 7498 steps taken, and 4096 accepted.
omega_m outside of bounds
omega_m outside of bounds
omega_m outside of bounds
omega_m outside of bounds
omega_m outside of bounds
omega_m outside of bounds
omega_m outside of bounds
omega_m outside of bounds
omega_m outside of bounds
omega_m outside of bounds
omega_m outside of bounds
omega_m outside of bounds
omega_m outside of bounds
[mcmc] Progress @ 2026-06-13 13:39:14 : 7975 steps taken, and 4448 accepted.
[mcmc] Progress @ 2026-06-13 13:39:24 : 7297 steps taken, and 3724 accepted.
omega_m outside of bounds
omega_m outside of bounds
omega_m outside of bounds
omega_m outside of bounds
omega_m outside of bounds
omega_m outside of bounds
omega_m outside of bounds
omega_m outside of bounds
omega_m outside of bounds
omega_m outside of bounds
omega_m outside of bounds
omega_m outside of bounds
omega_m outside of bounds
omega_m outside of bounds
[mcmc] Progress @ 2026-06-13 13:39:25 : 7637 steps taken, and 4495 accepted.
[mcmc] Progress @ 2026-06-13 13:39:30 : 7349 steps taken, and 4418 accepted.
[mcmc] Progress @ 2026-06-13 13:39:43 : 7926 steps taken, and 4259 accepted.
omega_m outside of bounds
omega_m outside of bounds
omega_m outside of bounds
omega_m outside of bounds
[mcmc] Progress @ 2026-06-13 13:39:44 : 7257 steps taken, and 4379 accepted.
[mcmc] Progress @ 2026-06-13 13:39:46 : 8097 steps taken, and 4441 accepted.
omega_m outside of bounds
[mcmc] Progress @ 2026-06-13 13:40:08 : 7517 steps taken, and 4106 accepted.
omega_m outside of bounds
omega_m outside of bounds
omega_m outside of bounds
omega_m outside of bounds
omega_m outside of bounds
omega_m outside of bounds
omega_m outside of bounds
omega_m outside of bounds
omega_m outside of bounds
omega_m outside of bounds
omega_m outside of bounds
omega_m outside of bounds
omega_m outside of bounds
omega_m outside of bounds
[mcmc] Progress @ 2026-06-13 13:40:15 : 7991 steps taken, and 4455 accepted.
omega_m outside of bounds
omega_m outside of bounds
omega_m outside of bounds
omega_m outside of bounds
omega_m outside of bounds
omega_m outside of bounds
omega_m outside of bounds
omega_m outside of bounds
omega_m outside of bounds
omega_m outside of bounds
omega_m outside of bounds
omega_m outside of bounds
[mcmc] Progress @ 2026-06-13 13:40:26 : 7653 steps taken, and 4505 accepted.
[mcmc] Progress @ 2026-06-13 13:40:27 : 7312 steps taken, and 3730 accepted.
[mcmc] Progress @ 2026-06-13 13:40:31 : 7364 steps taken, and 4429 accepted.
[mcmc] Progress @ 2026-06-13 13:40:43 : 7944 steps taken, and 4269 accepted.
omega_m outside of bounds
omega_m outside of bounds
omega_m outside of bounds
omega_m outside of bounds
omega_m outside of bounds
omega_m outside of bounds
omega_m outside of bounds
omega_m outside of bounds
omega_m outside of bounds
omega_m outside of bounds
omega_m outside of bounds
[mcmc] Progress @ 2026-06-13 13:40:45 : 7273 steps taken, and 4386 accepted.
[mcmc] Progress @ 2026-06-13 13:40:50 : 8120 steps taken, and 4449 accepted.
omega_m outside of bounds
[mcmc] Progress @ 2026-06-13 13:41:09 : 7535 steps taken, and 4113 accepted.
omega_m outside of bounds
omega_m outside of bounds
omega_m outside of bounds
omega_m outside of bounds
omega_m outside of bounds
omega_m outside of bounds
omega_m outside of bounds
omega_m outside of bounds
omega_m outside of bounds
omega_m outside of bounds
omega_m outside of bounds
omega_m outside of bounds
omega_m outside of bounds
omega_m outside of bounds
[mcmc] Progress @ 2026-06-13 13:41:15 : 8011 steps taken, and 4460 accepted.
omega_m outside of bounds
omega_m outside of bounds
omega_m outside of bounds
omega_m outside of bounds
omega_m outside of bounds
omega_m outside of bounds
omega_m outside of bounds
omega_m outside of bounds
omega_m outside of bounds
omega_m outside of bounds
omega_m outside of bounds
omega_m outside of bounds
omega_m outside of bounds
omega_m outside of bounds
[mcmc] Progress @ 2026-06-13 13:41:27 : 7672 steps taken, and 4515 accepted.
[mcmc] Progress @ 2026-06-13 13:41:29 : 7326 steps taken, and 3740 accepted.
omega_m outside of bounds
omega_m outside of bounds
omega_m outside of bounds
[mcmc] Progress @ 2026-06-13 13:41:32 : 7380 steps taken, and 4439 accepted.
[mcmc] Progress @ 2026-06-13 13:41:45 : 7963 steps taken, and 4275 accepted.
omega_m outside of bounds
omega_m outside of bounds
omega_m outside of bounds
omega_m outside of bounds
omega_m outside of bounds
omega_m outside of bounds
omega_m outside of bounds
omega_m outside of bounds
omega_m outside of bounds
omega_m outside of bounds
omega_m outside of bounds
omega_m outside of bounds
omega_m outside of bounds
[mcmc] Progress @ 2026-06-13 13:41:45 : 7292 steps taken, and 4392 accepted.
[mcmc] Progress @ 2026-06-13 13:41:52 : 8152 steps taken, and 4459 accepted.
[mcmc] Progress @ 2026-06-13 13:42:12 : 7555 steps taken, and 4120 accepted.
omega_m outside of bounds
omega_m outside of bounds
omega_m outside of bounds
omega_m outside of bounds
omega_m outside of bounds
omega_m outside of bounds
omega_m outside of bounds
omega_m outside of bounds
omega_m outside of bounds
omega_m outside of bounds
omega_m outside of bounds
omega_m outside of bounds
omega_m outside of bounds
omega_m outside of bounds
[mcmc] Progress @ 2026-06-13 13:42:16 : 8028 steps taken, and 4471 accepted.
omega_m outside of bounds
omega_m outside of bounds
omega_m outside of bounds
omega_m outside of bounds
omega_m outside of bounds
omega_m outside of bounds
omega_m outside of bounds
[mcmc] Progress @ 2026-06-13 13:42:28 : 7692 steps taken, and 4524 accepted.
[mcmc] Progress @ 2026-06-13 13:42:32 : 7344 steps taken, and 3749 accepted.
omega_m outside of bounds
omega_m outside of bounds
omega_m outside of bounds
omega_m outside of bounds
omega_m outside of bounds
omega_m outside of bounds
omega_m outside of bounds
omega_m outside of bounds
omega_m outside of bounds
omega_m outside of bounds
omega_m outside of bounds
[mcmc] Progress @ 2026-06-13 13:42:35 : 7399 steps taken, and 4448 accepted.
[mcmc] Progress @ 2026-06-13 13:42:48 : 7981 steps taken, and 4281 accepted.
omega_m outside of bounds
omega_m outside of bounds
omega_m outside of bounds
omega_m outside of bounds
omega_m outside of bounds
omega_m outside of bounds
omega_m outside of bounds
omega_m outside of bounds
omega_m outside of bounds
omega_m outside of bounds
omega_m outside of bounds
omega_m outside of bounds
[mcmc] Progress @ 2026-06-13 13:42:48 : 7308 steps taken, and 4402 accepted.
[mcmc] Progress @ 2026-06-13 13:42:54 : 8180 steps taken, and 4464 accepted.
omega_m outside of bounds
omega_m outside of bounds
omega_m outside of bounds
omega_m outside of bounds
omega_m outside of bounds
omega_m outside of bounds
omega_m outside of bounds
omega_m outside of bounds
omega_m outside of bounds
omega_m outside of bounds
[mcmc] Progress @ 2026-06-13 13:43:15 : 7572 steps taken, and 4127 accepted.
omega_m outside of bounds
omega_m outside of bounds
omega_m outside of bounds
omega_m outside of bounds
omega_m outside of bounds
omega_m outside of bounds
omega_m outside of bounds
omega_m outside of bounds
omega_m outside of bounds
omega_m outside of bounds
omega_m outside of bounds
omega_m outside of bounds
[mcmc] Progress @ 2026-06-13 13:43:16 : 8046 steps taken, and 4476 accepted.
[mcmc] Progress @ 2026-06-13 13:43:29 : 7711 steps taken, and 4534 accepted.
[mcmc] Progress @ 2026-06-13 13:43:33 : 7369 steps taken, and 3759 accepted.
omega_m outside of bounds
omega_m outside of bounds
omega_m outside of bounds
omega_m outside of bounds
[mcmc] Learn + convergence test @ 4480 samples accepted.
[mcmc]  - Acceptance rate: 0.516
[mcmc]  - Convergence of means: R-1 = 2.007501 after 3584 accepted steps
[mcmc]  - Updated covariance matrix of proposal pdf.
omega_m outside of bounds
omega_m outside of bounds
omega_m outside of bounds
omega_m outside of bounds
omega_m outside of bounds
omega_m outside of bounds
[mcmc] Progress @ 2026-06-13 13:43:38 : 7420 steps taken, and 4455 accepted.
[mcmc] Progress @ 2026-06-13 13:43:49 : 7997 steps taken, and 4292 accepted.
omega_m outside of bounds
omega_m outside of bounds
omega_m outside of bounds
omega_m outside of bounds
omega_m outside of bounds
omega_m outside of bounds
omega_m outside of bounds
omega_m outside of bounds
omega_m outside of bounds
omega_m outside of bounds
omega_m outside of bounds
omega_m outside of bounds
[mcmc] Progress @ 2026-06-13 13:43:50 : 7329 steps taken, and 4406 accepted.
[mcmc] Progress @ 2026-06-13 13:43:58 : 8216 steps taken, and 4474 accepted.
omega_m outside of bounds
omega_m outside of bounds
omega_m outside of bounds
omega_m outside of bounds
omega_m outside of bounds
omega_m outside of bounds
omega_m outside of bounds
omega_m outside of bounds
omega_m outside of bounds
omega_m outside of bounds
[mcmc] Progress @ 2026-06-13 13:44:16 : 8085 steps taken, and 4483 accepted.
omega_m outside of bounds
omega_m outside of bounds
omega_m outside of bounds
omega_m outside of bounds
omega_m outside of bounds
omega_m outside of bounds
omega_m outside of bounds
omega_m outside of bounds
omega_m outside of bounds
omega_m outside of bounds
omega_m outside of bounds
omega_m outside of bounds
omega_m outside of bounds
omega_m outside of bounds
[mcmc] Progress @ 2026-06-13 13:44:17 : 7601 steps taken, and 4136 accepted.
[mcmc] Progress @ 2026-06-13 13:44:30 : 7730 steps taken, and 4545 accepted.
[mcmc] Progress @ 2026-06-13 13:44:34 : 7384 steps taken, and 3768 accepted.
[mcmc] Learn + convergence test @ 4480 samples accepted.
[mcmc]  - Acceptance rate: 0.500
[mcmc]  - Convergence of means: R-1 = 1.276205 after 3584 accepted steps
[blockedproposer] *ERROR* The given covmat is not a positive-definite, symmetric square matrix.
omega_m outside of bounds
omega_m outside of bounds
[mcmc] Progress @ 2026-06-13 13:44:40 : 7442 steps taken, and 4467 accepted.
omega_m outside of bounds
[mcmc] Progress @ 2026-06-13 13:44:51 : 8022 steps taken, and 4300 accepted.
omega_m outside of bounds
omega_m outside of bounds
omega_m outside of bounds
omega_m outside of bounds
omega_m outside of bounds
omega_m outside of bounds
omega_m outside of bounds
omega_m outside of bounds
omega_m outside of bounds
omega_m outside of bounds
omega_m outside of bounds
omega_m outside of bounds
omega_m outside of bounds
omega_m outside of bounds
[mcmc] Progress @ 2026-06-13 13:44:51 : 7354 steps taken, and 4409 accepted.
[mcmc] Progress @ 2026-06-13 13:44:59 : 8247 steps taken, and 4484 accepted.
omega_m outside of bounds
omega_m outside of bounds
omega_m outside of bounds
omega_m outside of bounds
omega_m outside of bounds
omega_m outside of bounds
omega_m outside of bounds
omega_m outside of bounds
omega_m outside of bounds
omega_m outside of bounds
omega_m outside of bounds
omega_m outside of bounds
omega_m outside of bounds
omega_m outside of bounds
[mcmc] Progress @ 2026-06-13 13:45:19 : 7635 steps taken, and 4141 accepted.
omega_m outside of bounds
omega_m outside of bounds
omega_m outside of bounds
omega_m outside of bounds
omega_m outside of bounds
omega_m outside of bounds
omega_m outside of bounds
omega_m outside of bounds
omega_m outside of bounds
omega_m outside of bounds
omega_m outside of bounds
omega_m outside of bounds
omega_m outside of bounds
omega_m outside of bounds
omega_m outside of bounds
[mcmc] Progress @ 2026-06-13 13:45:20 : 8121 steps taken, and 4492 accepted.
[mcmc] Progress @ 2026-06-13 13:45:31 : 7747 steps taken, and 4552 accepted.
[mcmc] Progress @ 2026-06-13 13:45:37 : 7409 steps taken, and 3775 accepted.
[mcmc] Progress @ 2026-06-13 13:45:41 : 7463 steps taken, and 4475 accepted.
[mcmc] Progress @ 2026-06-13 13:45:52 : 8039 steps taken, and 4310 accepted.
omega_m outside of bounds
omega_m outside of bounds
omega_m outside of bounds
omega_m outside of bounds
omega_m outside of bounds
omega_m outside of bounds
omega_m outside of bounds
omega_m outside of bounds
omega_m outside of bounds
omega_m outside of bounds
omega_m outside of bounds
omega_m outside of bounds
omega_m outside of bounds
omega_m outside of bounds
[mcmc] Progress @ 2026-06-13 13:45:52 : 7389 steps taken, and 4417 accepted.
[mcmc] Progress @ 2026-06-13 13:46:00 : 8266 steps taken, and 4491 accepted.
omega_m outside of bounds
omega_m outside of bounds
omega_m outside of bounds
omega_m outside of bounds
omega_m outside of bounds
omega_m outside of bounds
omega_m outside of bounds
omega_m outside of bounds
omega_m outside of bounds
omega_m outside of bounds
omega_m outside of bounds
omega_m outside of bounds
omega_m outside of bounds
omega_m outside of bounds
[mcmc] Progress @ 2026-06-13 13:46:23 : 7683 steps taken, and 4149 accepted.
omega_m outside of bounds
omega_m outside of bounds
omega_m outside of bounds
omega_m outside of bounds
omega_m outside of bounds
omega_m outside of bounds
omega_m outside of bounds
omega_m outside of bounds
omega_m outside of bounds
omega_m outside of bounds
omega_m outside of bounds
omega_m outside of bounds
omega_m outside of bounds
omega_m outside of bounds
omega_m outside of bounds
[mcmc] Progress @ 2026-06-13 13:46:25 : 8153 steps taken, and 4499 accepted.
omega_m outside of bounds
omega_m outside of bounds
omega_m outside of bounds
omega_m outside of bounds
omega_m outside of bounds
omega_m outside of bounds
omega_m outside of bounds
omega_m outside of bounds
omega_m outside of bounds
[mcmc] Learn + convergence test @ 4480 samples accepted.
[mcmc]  - Acceptance rate: 0.558
[mcmc]  - Convergence of means: R-1 = 0.898086 after 3584 accepted steps
[mcmc]  - Updated covariance matrix of proposal pdf.
omega_m outside of bounds
[mcmc] Progress @ 2026-06-13 13:46:32 : 7762 steps taken, and 4563 accepted.
[mcmc] Progress @ 2026-06-13 13:46:40 : 7424 steps taken, and 3784 accepted.
omega_m outside of bounds
omega_m outside of bounds
omega_m outside of bounds
[mcmc] Progress @ 2026-06-13 13:46:45 : 7484 steps taken, and 4483 accepted.
[mcmc] Progress @ 2026-06-13 13:46:52 : 8059 steps taken, and 4322 accepted.
omega_m outside of bounds
omega_m outside of bounds
omega_m outside of bounds
omega_m outside of bounds
omega_m outside of bounds
omega_m outside of bounds
omega_m outside of bounds
omega_m outside of bounds
omega_m outside of bounds
omega_m outside of bounds
omega_m outside of bounds
omega_m outside of bounds
[mcmc] Progress @ 2026-06-13 13:46:54 : 7423 steps taken, and 4423 accepted.
[mcmc] Progress @ 2026-06-13 13:47:00 : 8293 steps taken, and 4499 accepted.
omega_m outside of bounds
omega_m outside of bounds
omega_m outside of bounds
omega_m outside of bounds
omega_m outside of bounds
omega_m outside of bounds
omega_m outside of bounds
omega_m outside of bounds
omega_m outside of bounds
omega_m outside of bounds
omega_m outside of bounds
omega_m outside of bounds
omega_m outside of bounds
[mcmc] Progress @ 2026-06-13 13:47:24 : 7710 steps taken, and 4157 accepted.
omega_m outside of bounds
omega_m outside of bounds
omega_m outside of bounds
omega_m outside of bounds
omega_m outside of bounds
omega_m outside of bounds
omega_m outside of bounds
omega_m outside of bounds
[mcmc] Progress @ 2026-06-13 13:47:27 : 8194 steps taken, and 4507 accepted.
[mcmc] Progress @ 2026-06-13 13:47:33 : 7782 steps taken, and 4576 accepted.
[mcmc] Progress @ 2026-06-13 13:47:41 : 7440 steps taken, and 3791 accepted.
omega_m outside of bounds
omega_m outside of bounds
omega_m outside of bounds
omega_m outside of bounds
[mcmc] Learn + convergence test @ 4160 samples accepted.
[mcmc]  - Acceptance rate: 0.500
[mcmc]  - Convergence of means: R-1 = 3.252507 after 3328 accepted steps
[blockedproposer] *ERROR* The given covmat is not a positive-definite, symmetric square matrix.
omega_m outside of bounds
omega_m outside of bounds
omega_m outside of bounds
omega_m outside of bounds
omega_m outside of bounds
omega_m outside of bounds
omega_m outside of bounds
omega_m outside of bounds
omega_m outside of bounds
omega_m outside of bounds
omega_m outside of bounds
[mcmc] Progress @ 2026-06-13 13:47:49 : 7500 steps taken, and 4491 accepted.
[mcmc] Progress @ 2026-06-13 13:47:53 : 8076 steps taken, and 4333 accepted.
omega_m outside of bounds
omega_m outside of bounds
omega_m outside of bounds
omega_m outside of bounds
omega_m outside of bounds
omega_m outside of bounds
omega_m outside of bounds
omega_m outside of bounds
omega_m outside of bounds
omega_m outside of bounds
omega_m outside of bounds
omega_m outside of bounds
omega_m outside of bounds
[mcmc] Progress @ 2026-06-13 13:47:56 : 7464 steps taken, and 4428 accepted.
[mcmc] Progress @ 2026-06-13 13:48:01 : 8327 steps taken, and 4505 accepted.
omega_m outside of bounds
omega_m outside of bounds
omega_m outside of bounds
omega_m outside of bounds
omega_m outside of bounds
omega_m outside of bounds
omega_m outside of bounds
omega_m outside of bounds
omega_m outside of bounds
omega_m outside of bounds
[mcmc] Progress @ 2026-06-13 13:48:26 : 7732 steps taken, and 4162 accepted.
omega_m outside of bounds
omega_m outside of bounds
omega_m outside of bounds
omega_m outside of bounds
omega_m outside of bounds
omega_m outside of bounds
omega_m outside of bounds
omega_m outside of bounds
omega_m outside of bounds
omega_m outside of bounds
omega_m outside of bounds
omega_m outside of bounds
[mcmc] Progress @ 2026-06-13 13:48:29 : 8215 steps taken, and 4516 accepted.
[mcmc] Progress @ 2026-06-13 13:48:34 : 7799 steps taken, and 4587 accepted.
[mcmc] Progress @ 2026-06-13 13:48:41 : 7457 steps taken, and 3797 accepted.
[mcmc] Progress @ 2026-06-13 13:48:53 : 8116 steps taken, and 4345 accepted.
omega_m outside of bounds
omega_m outside of bounds
omega_m outside of bounds
omega_m outside of bounds
omega_m outside of bounds
omega_m outside of bounds
omega_m outside of bounds
omega_m outside of bounds
[mcmc] Progress @ 2026-06-13 13:48:54 : 7522 steps taken, and 4504 accepted.
omega_m outside of bounds
omega_m outside of bounds
omega_m outside of bounds
omega_m outside of bounds
omega_m outside of bounds
omega_m outside of bounds
omega_m outside of bounds
[mcmc] Progress @ 2026-06-13 13:49:00 : 7483 steps taken, and 4437 accepted.
[mcmc] Progress @ 2026-06-13 13:49:02 : 8364 steps taken, and 4512 accepted.
omega_m outside of bounds
omega_m outside of bounds
omega_m outside of bounds
omega_m outside of bounds
omega_m outside of bounds
omega_m outside of bounds
omega_m outside of bounds
omega_m outside of bounds
omega_m outside of bounds
omega_m outside of bounds
omega_m outside of bounds
omega_m outside of bounds
omega_m outside of bounds
[mcmc] Progress @ 2026-06-13 13:49:31 : 7756 steps taken, and 4168 accepted.
omega_m outside of bounds
omega_m outside of bounds
omega_m outside of bounds
omega_m outside of bounds
omega_m outside of bounds
omega_m outside of bounds
omega_m outside of bounds
omega_m outside of bounds
omega_m outside of bounds
omega_m outside of bounds
omega_m outside of bounds
omega_m outside of bounds
omega_m outside of bounds
omega_m outside of bounds
[mcmc] Progress @ 2026-06-13 13:49:33 : 8239 steps taken, and 4523 accepted.
[mcmc] Progress @ 2026-06-13 13:49:35 : 7816 steps taken, and 4595 accepted.
[mcmc] Progress @ 2026-06-13 13:49:42 : 7477 steps taken, and 3807 accepted.
[mcmc] Progress @ 2026-06-13 13:49:55 : 8142 steps taken, and 4356 accepted.
omega_m outside of bounds
omega_m outside of bounds
[mcmc] Progress @ 2026-06-13 13:49:55 : 7536 steps taken, and 4509 accepted.
[mcmc] Progress @ 2026-06-13 13:50:04 : 8391 steps taken, and 4517 accepted.
omega_m outside of bounds
omega_m outside of bounds
omega_m outside of bounds
omega_m outside of bounds
[mcmc] Progress @ 2026-06-13 13:50:04 : 7502 steps taken, and 4443 accepted.
omega_m outside of bounds
omega_m outside of bounds
omega_m outside of bounds
omega_m outside of bounds
omega_m outside of bounds
omega_m outside of bounds
omega_m outside of bounds
omega_m outside of bounds
[mcmc] Progress @ 2026-06-13 13:50:35 : 7774 steps taken, and 4177 accepted.
[mcmc] Progress @ 2026-06-13 13:50:35 : 7830 steps taken, and 4602 accepted.
omega_m outside of bounds
omega_m outside of bounds
omega_m outside of bounds
omega_m outside of bounds
omega_m outside of bounds
omega_m outside of bounds
omega_m outside of bounds
omega_m outside of bounds
omega_m outside of bounds
omega_m outside of bounds
omega_m outside of bounds
[mcmc] Progress @ 2026-06-13 13:50:36 : 8261 steps taken, and 4529 accepted.
[mcmc] Progress @ 2026-06-13 13:50:43 : 7502 steps taken, and 3816 accepted.
[mcmc] Progress @ 2026-06-13 13:50:57 : 8158 steps taken, and 4364 accepted.
[mcmc] Progress @ 2026-06-13 13:50:58 : 7565 steps taken, and 4518 accepted.
[mcmc] Progress @ 2026-06-13 13:51:05 : 8406 steps taken, and 4525 accepted.
[mcmc] Progress @ 2026-06-13 13:51:07 : 7523 steps taken, and 4452 accepted.
[mcmc] Progress @ 2026-06-13 13:51:36 : 7848 steps taken, and 4611 accepted.
omega_m outside of bounds
omega_m outside of bounds
omega_m outside of bounds
omega_m outside of bounds
omega_m outside of bounds
omega_m outside of bounds
omega_m outside of bounds
omega_m outside of bounds
omega_m outside of bounds
omega_m outside of bounds
omega_m outside of bounds
omega_m outside of bounds
omega_m outside of bounds
omega_m outside of bounds
[mcmc] Progress @ 2026-06-13 13:51:38 : 7811 steps taken, and 4182 accepted.
omega_m outside of bounds
omega_m outside of bounds
omega_m outside of bounds
omega_m outside of bounds
omega_m outside of bounds
omega_m outside of bounds
omega_m outside of bounds
omega_m outside of bounds
omega_m outside of bounds
omega_m outside of bounds
[mcmc] Progress @ 2026-06-13 13:51:40 : 8280 steps taken, and 4534 accepted.
[mcmc] Progress @ 2026-06-13 13:51:44 : 7520 steps taken, and 3827 accepted.
[mcmc] Progress @ 2026-06-13 13:51:58 : 8173 steps taken, and 4370 accepted.
omega_m outside of bounds
omega_m outside of bounds
[mcmc] Progress @ 2026-06-13 13:52:00 : 7587 steps taken, and 4526 accepted.
[mcmc] Progress @ 2026-06-13 13:52:05 : 8424 steps taken, and 4531 accepted.
omega_m outside of bounds
omega_m outside of bounds
omega_m outside of bounds
omega_m outside of bounds
[mcmc] Progress @ 2026-06-13 13:52:09 : 7537 steps taken, and 4459 accepted.
omega_m outside of bounds
omega_m outside of bounds
omega_m outside of bounds
omega_m outside of bounds
omega_m outside of bounds
omega_m outside of bounds
omega_m outside of bounds
omega_m outside of bounds
omega_m outside of bounds
omega_m outside of bounds
omega_m outside of bounds
omega_m outside of bounds
omega_m outside of bounds
[mcmc] Progress @ 2026-06-13 13:52:40 : 7831 steps taken, and 4196 accepted.
[mcmc] Progress @ 2026-06-13 13:52:40 : 7872 steps taken, and 4621 accepted.
omega_m outside of bounds
omega_m outside of bounds
omega_m outside of bounds
omega_m outside of bounds
omega_m outside of bounds
omega_m outside of bounds
omega_m outside of bounds
omega_m outside of bounds
omega_m outside of bounds
omega_m outside of bounds
omega_m outside of bounds
omega_m outside of bounds
omega_m outside of bounds
[mcmc] Progress @ 2026-06-13 13:52:44 : 8302 steps taken, and 4541 accepted.
[mcmc] Progress @ 2026-06-13 13:52:45 : 7543 steps taken, and 3835 accepted.
[mcmc] Progress @ 2026-06-13 13:53:01 : 8195 steps taken, and 4379 accepted.
omega_m outside of bounds
omega_m outside of bounds
[mcmc] Progress @ 2026-06-13 13:53:02 : 7603 steps taken, and 4534 accepted.
[mcmc] Progress @ 2026-06-13 13:53:06 : 8445 steps taken, and 4534 accepted.
omega_m outside of bounds
omega_m outside of bounds
omega_m outside of bounds
omega_m outside of bounds
omega_m outside of bounds
omega_m outside of bounds
omega_m outside of bounds
omega_m outside of bounds
omega_m outside of bounds
[mcmc] Progress @ 2026-06-13 13:53:12 : 7559 steps taken, and 4465 accepted.
omega_m outside of bounds
[mcmc] Progress @ 2026-06-13 13:53:40 : 7889 steps taken, and 4631 accepted.
[mcmc] Learn + convergence test @ 3840 samples accepted.
[mcmc]  - Acceptance rate: 0.463
[mcmc]  - Convergence of means: R-1 = 2.949974 after 3072 accepted steps
[mcmc]  - Updated covariance matrix of proposal pdf.
omega_m outside of bounds
omega_m outside of bounds
omega_m outside of bounds
omega_m outside of bounds
omega_m outside of bounds
omega_m outside of bounds
omega_m outside of bounds
[mcmc] Progress @ 2026-06-13 13:53:42 : 7846 steps taken, and 4200 accepted.
[mcmc] Progress @ 2026-06-13 13:53:46 : 7561 steps taken, and 3841 accepted.
omega_m outside of bounds
omega_m outside of bounds
omega_m outside of bounds
omega_m outside of bounds
omega_m outside of bounds
omega_m outside of bounds
omega_m outside of bounds
omega_m outside of bounds
omega_m outside of bounds
omega_m outside of bounds
omega_m outside of bounds
[mcmc] Progress @ 2026-06-13 13:53:48 : 8326 steps taken, and 4547 accepted.
[mcmc] Progress @ 2026-06-13 13:54:03 : 8232 steps taken, and 4386 accepted.
omega_m outside of bounds
[mcmc] Progress @ 2026-06-13 13:54:04 : 7621 steps taken, and 4542 accepted.
[mcmc] Progress @ 2026-06-13 13:54:10 : 8460 steps taken, and 4540 accepted.
omega_m outside of bounds
[mcmc] Progress @ 2026-06-13 13:54:13 : 7587 steps taken, and 4474 accepted.
omega_m outside of bounds
omega_m outside of bounds
omega_m outside of bounds
omega_m outside of bounds
omega_m outside of bounds
omega_m outside of bounds
omega_m outside of bounds
omega_m outside of bounds
omega_m outside of bounds
omega_m outside of bounds
[mcmc] Progress @ 2026-06-13 13:54:41 : 7917 steps taken, and 4641 accepted.
omega_m outside of bounds
omega_m outside of bounds
omega_m outside of bounds
omega_m outside of bounds
omega_m outside of bounds
omega_m outside of bounds
omega_m outside of bounds
omega_m outside of bounds
omega_m outside of bounds
omega_m outside of bounds
omega_m outside of bounds
omega_m outside of bounds
omega_m outside of bounds
omega_m outside of bounds
[mcmc] Progress @ 2026-06-13 13:54:44 : 7874 steps taken, and 4205 accepted.
[mcmc] Progress @ 2026-06-13 13:54:47 : 7578 steps taken, and 3847 accepted.
omega_m outside of bounds
omega_m outside of bounds
omega_m outside of bounds
omega_m outside of bounds
omega_m outside of bounds
omega_m outside of bounds
omega_m outside of bounds
omega_m outside of bounds
omega_m outside of bounds
omega_m outside of bounds
omega_m outside of bounds
[mcmc] Progress @ 2026-06-13 13:54:51 : 8349 steps taken, and 4553 accepted.
[mcmc] Learn + convergence test @ 4480 samples accepted.
[mcmc]  - Acceptance rate: 0.546
[mcmc]  - Convergence of means: R-1 = 2.908697 after 3584 accepted steps
[mcmc]  - Updated covariance matrix of proposal pdf.
[mcmc] Progress @ 2026-06-13 13:55:03 : 8269 steps taken, and 4392 accepted.
[mcmc] Progress @ 2026-06-13 13:55:06 : 7639 steps taken, and 4547 accepted.
[mcmc] Progress @ 2026-06-13 13:55:12 : 8476 steps taken, and 4546 accepted.
omega_m outside of bounds
omega_m outside of bounds
[mcmc] Progress @ 2026-06-13 13:55:16 : 7608 steps taken, and 4482 accepted.
omega_m outside of bounds
omega_m outside of bounds
omega_m outside of bounds
omega_m outside of bounds
omega_m outside of bounds
omega_m outside of bounds
omega_m outside of bounds
omega_m outside of bounds
omega_m outside of bounds
omega_m outside of bounds
omega_m outside of bounds
omega_m outside of bounds
omega_m outside of bounds
omega_m outside of bounds
[mcmc] Progress @ 2026-06-13 13:55:42 : 7936 steps taken, and 4649 accepted.
omega_m outside of bounds
omega_m outside of bounds
omega_m outside of bounds
omega_m outside of bounds
omega_m outside of bounds
omega_m outside of bounds
omega_m outside of bounds
omega_m outside of bounds
omega_m outside of bounds
omega_m outside of bounds
omega_m outside of bounds
omega_m outside of bounds
[mcmc] Progress @ 2026-06-13 13:55:49 : 7898 steps taken, and 4213 accepted.
[mcmc] Progress @ 2026-06-13 13:55:50 : 7596 steps taken, and 3850 accepted.
omega_m outside of bounds
omega_m outside of bounds
omega_m outside of bounds
omega_m outside of bounds
omega_m outside of bounds
omega_m outside of bounds
omega_m outside of bounds
omega_m outside of bounds
omega_m outside of bounds
omega_m outside of bounds
omega_m outside of bounds
omega_m outside of bounds
omega_m outside of bounds
[mcmc] Progress @ 2026-06-13 13:55:53 : 8369 steps taken, and 4560 accepted.
[mcmc] Progress @ 2026-06-13 13:56:06 : 8294 steps taken, and 4401 accepted.
[mcmc] Progress @ 2026-06-13 13:56:07 : 7653 steps taken, and 4553 accepted.
[mcmc] Progress @ 2026-06-13 13:56:13 : 8491 steps taken, and 4552 accepted.
omega_m outside of bounds
omega_m outside of bounds
omega_m outside of bounds
omega_m outside of bounds
omega_m outside of bounds
[mcmc] Progress @ 2026-06-13 13:56:17 : 7629 steps taken, and 4489 accepted.
omega_m outside of bounds
omega_m outside of bounds
omega_m outside of bounds
omega_m outside of bounds
omega_m outside of bounds
omega_m outside of bounds
omega_m outside of bounds
omega_m outside of bounds
omega_m outside of bounds
omega_m outside of bounds
omega_m outside of bounds
omega_m outside of bounds
omega_m outside of bounds
[mcmc] Progress @ 2026-06-13 13:56:43 : 7953 steps taken, and 4657 accepted.
omega_m outside of bounds
omega_m outside of bounds
omega_m outside of bounds
[mcmc] Progress @ 2026-06-13 13:56:52 : 7916 steps taken, and 4222 accepted.
[mcmc] Progress @ 2026-06-13 13:56:54 : 7623 steps taken, and 3857 accepted.
omega_m outside of bounds
omega_m outside of bounds
omega_m outside of bounds
omega_m outside of bounds
omega_m outside of bounds
omega_m outside of bounds
omega_m outside of bounds
omega_m outside of bounds
omega_m outside of bounds
omega_m outside of bounds
omega_m outside of bounds
omega_m outside of bounds
omega_m outside of bounds
omega_m outside of bounds
[mcmc] Progress @ 2026-06-13 13:56:55 : 8390 steps taken, and 4564 accepted.
[mcmc] Progress @ 2026-06-13 13:57:08 : 7676 steps taken, and 4557 accepted.
[mcmc] Progress @ 2026-06-13 13:57:09 : 8311 steps taken, and 4411 accepted.
[mcmc] Progress @ 2026-06-13 13:57:16 : 8517 steps taken, and 4557 accepted.
omega_m outside of bounds
omega_m outside of bounds
omega_m outside of bounds
[mcmc] Progress @ 2026-06-13 13:57:19 : 7648 steps taken, and 4498 accepted.
[mcmc] Progress @ 2026-06-13 13:57:43 : 7978 steps taken, and 4666 accepted.
[mcmc] Progress @ 2026-06-13 13:57:55 : 7647 steps taken, and 3866 accepted.
omega_m outside of bounds
omega_m outside of bounds
omega_m outside of bounds
omega_m outside of bounds
omega_m outside of bounds
omega_m outside of bounds
omega_m outside of bounds
omega_m outside of bounds
omega_m outside of bounds
omega_m outside of bounds
omega_m outside of bounds
omega_m outside of bounds
omega_m outside of bounds
[mcmc] Progress @ 2026-06-13 13:57:57 : 7935 steps taken, and 4228 accepted.
omega_m outside of bounds
omega_m outside of bounds
omega_m outside of bounds
omega_m outside of bounds
omega_m outside of bounds
omega_m outside of bounds
omega_m outside of bounds
omega_m outside of bounds
omega_m outside of bounds
omega_m outside of bounds
omega_m outside of bounds
omega_m outside of bounds
omega_m outside of bounds
omega_m outside of bounds
[mcmc] Progress @ 2026-06-13 13:57:57 : 8409 steps taken, and 4571 accepted.
[mcmc] Progress @ 2026-06-13 13:58:08 : 7700 steps taken, and 4563 accepted.
[mcmc] Progress @ 2026-06-13 13:58:11 : 8333 steps taken, and 4418 accepted.
[mcmc] Progress @ 2026-06-13 13:58:18 : 8542 steps taken, and 4562 accepted.
[mcmc] Progress @ 2026-06-13 13:58:20 : 7680 steps taken, and 4506 accepted.
omega_m outside of bounds
omega_m outside of bounds
[mcmc] Progress @ 2026-06-13 13:58:44 : 7998 steps taken, and 4671 accepted.
omega_m outside of bounds
omega_m outside of bounds
omega_m outside of bounds
omega_m outside of bounds
omega_m outside of bounds
omega_m outside of bounds
omega_m outside of bounds
omega_m outside of bounds
omega_m outside of bounds
omega_m outside of bounds
[mcmc] Progress @ 2026-06-13 13:58:57 : 7952 steps taken, and 4235 accepted.
omega_m outside of bounds
omega_m outside of bounds
omega_m outside of bounds
omega_m outside of bounds
omega_m outside of bounds
omega_m outside of bounds
omega_m outside of bounds
omega_m outside of bounds
omega_m outside of bounds
omega_m outside of bounds
omega_m outside of bounds
omega_m outside of bounds
omega_m outside of bounds
omega_m outside of bounds
[mcmc] Progress @ 2026-06-13 13:58:58 : 8425 steps taken, and 4579 accepted.
[mcmc] Progress @ 2026-06-13 13:58:58 : 7667 steps taken, and 3872 accepted.
[mcmc] Progress @ 2026-06-13 13:59:09 : 7718 steps taken, and 4571 accepted.
[mcmc] Progress @ 2026-06-13 13:59:12 : 8349 steps taken, and 4426 accepted.
[mcmc] Progress @ 2026-06-13 13:59:19 : 8557 steps taken, and 4570 accepted.
[mcmc] Progress @ 2026-06-13 13:59:20 : 7703 steps taken, and 4514 accepted.
omega_m outside of bounds
omega_m outside of bounds
omega_m outside of bounds
omega_m outside of bounds
omega_m outside of bounds
omega_m outside of bounds
omega_m outside of bounds
omega_m outside of bounds
[mcmc] Progress @ 2026-06-13 13:59:46 : 8016 steps taken, and 4679 accepted.
omega_m outside of bounds
omega_m outside of bounds
omega_m outside of bounds
omega_m outside of bounds
omega_m outside of bounds
omega_m outside of bounds
omega_m outside of bounds
omega_m outside of bounds
omega_m outside of bounds
omega_m outside of bounds
omega_m outside of bounds
omega_m outside of bounds
omega_m outside of bounds
[mcmc] Progress @ 2026-06-13 13:59:59 : 7973 steps taken, and 4242 accepted.
omega_m outside of bounds
omega_m outside of bounds
omega_m outside of bounds
omega_m outside of bounds
omega_m outside of bounds
omega_m outside of bounds
omega_m outside of bounds
omega_m outside of bounds
omega_m outside of bounds
omega_m outside of bounds
omega_m outside of bounds
omega_m outside of bounds
[mcmc] Progress @ 2026-06-13 14:00:00 : 8443 steps taken, and 4584 accepted.
[mcmc] Progress @ 2026-06-13 14:00:02 : 7682 steps taken, and 3880 accepted.
[mcmc] Progress @ 2026-06-13 14:00:11 : 7737 steps taken, and 4578 accepted.
omega_m outside of bounds
[mcmc] Progress @ 2026-06-13 14:00:15 : 8369 steps taken, and 4434 accepted.
[mcmc] Progress @ 2026-06-13 14:00:20 : 8572 steps taken, and 4576 accepted.
omega_m outside of bounds
omega_m outside of bounds
omega_m outside of bounds
omega_m outside of bounds
[mcmc] Progress @ 2026-06-13 14:00:21 : 7723 steps taken, and 4524 accepted.
omega_m outside of bounds
omega_m outside of bounds
[mcmc] Progress @ 2026-06-13 14:00:47 : 8034 steps taken, and 4686 accepted.
omega_m outside of bounds
omega_m outside of bounds
omega_m outside of bounds
omega_m outside of bounds
omega_m outside of bounds
omega_m outside of bounds
omega_m outside of bounds
omega_m outside of bounds
[mcmc] Progress @ 2026-06-13 14:01:00 : 7996 steps taken, and 4247 accepted.
omega_m outside of bounds
omega_m outside of bounds
omega_m outside of bounds
omega_m outside of bounds
omega_m outside of bounds
omega_m outside of bounds
omega_m outside of bounds
omega_m outside of bounds
omega_m outside of bounds
omega_m outside of bounds
omega_m outside of bounds
omega_m outside of bounds
[mcmc] Progress @ 2026-06-13 14:01:01 : 8463 steps taken, and 4591 accepted.
[mcmc] Progress @ 2026-06-13 14:01:03 : 7695 steps taken, and 3888 accepted.
[mcmc] Progress @ 2026-06-13 14:01:12 : 7759 steps taken, and 4587 accepted.
[mcmc] Progress @ 2026-06-13 14:01:18 : 8391 steps taken, and 4442 accepted.
omega_m outside of bounds
omega_m outside of bounds
omega_m outside of bounds
[mcmc] Progress @ 2026-06-13 14:01:25 : 7757 steps taken, and 4533 accepted.
[mcmc] Progress @ 2026-06-13 14:01:25 : 8587 steps taken, and 4584 accepted.
omega_m outside of bounds
[mcmc] Progress @ 2026-06-13 14:01:48 : 8061 steps taken, and 4696 accepted.
omega_m outside of bounds
[mcmc] Progress @ 2026-06-13 14:02:02 : 8013 steps taken, and 4257 accepted.
omega_m outside of bounds
omega_m outside of bounds
omega_m outside of bounds
omega_m outside of bounds
omega_m outside of bounds
omega_m outside of bounds
omega_m outside of bounds
omega_m outside of bounds
omega_m outside of bounds
omega_m outside of bounds
omega_m outside of bounds
omega_m outside of bounds
[mcmc] Progress @ 2026-06-13 14:02:05 : 8483 steps taken, and 4597 accepted.
[mcmc] Progress @ 2026-06-13 14:02:07 : 7710 steps taken, and 3895 accepted.
[mcmc] Progress @ 2026-06-13 14:02:13 : 7776 steps taken, and 4592 accepted.
omega_m outside of bounds
omega_m outside of bounds
omega_m outside of bounds
[mcmc] Progress @ 2026-06-13 14:02:19 : 8410 steps taken, and 4452 accepted.
[mcmc] Progress @ 2026-06-13 14:02:26 : 7775 steps taken, and 4538 accepted.
[mcmc] Progress @ 2026-06-13 14:02:28 : 8601 steps taken, and 4589 accepted.
[mcmc] Progress @ 2026-06-13 14:02:49 : 8080 steps taken, and 4701 accepted.
[mcmc] Progress @ 2026-06-13 14:03:06 : 8029 steps taken, and 4266 accepted.
omega_m outside of bounds
omega_m outside of bounds
omega_m outside of bounds
omega_m outside of bounds
omega_m outside of bounds
omega_m outside of bounds
omega_m outside of bounds
omega_m outside of bounds
omega_m outside of bounds
omega_m outside of bounds
[mcmc] Progress @ 2026-06-13 14:03:07 : 8507 steps taken, and 4602 accepted.
[mcmc] Progress @ 2026-06-13 14:03:09 : 7725 steps taken, and 3905 accepted.
[mcmc] Progress @ 2026-06-13 14:03:16 : 7793 steps taken, and 4600 accepted.
omega_m outside of bounds
omega_m outside of bounds
omega_m outside of bounds
omega_m outside of bounds
omega_m outside of bounds
omega_m outside of bounds
omega_m outside of bounds
[mcmc] Progress @ 2026-06-13 14:03:20 : 8430 steps taken, and 4459 accepted.
omega_m outside of bounds
omega_m outside of bounds
[mcmc] Progress @ 2026-06-13 14:03:26 : 7795 steps taken, and 4549 accepted.
[mcmc] Progress @ 2026-06-13 14:03:30 : 8622 steps taken, and 4596 accepted.
omega_m outside of bounds
[mcmc] Progress @ 2026-06-13 14:03:51 : 8098 steps taken, and 4708 accepted.
omega_m outside of bounds
omega_m outside of bounds
omega_m outside of bounds
omega_m outside of bounds
omega_m outside of bounds
omega_m outside of bounds
omega_m outside of bounds
omega_m outside of bounds
omega_m outside of bounds
omega_m outside of bounds
omega_m outside of bounds
omega_m outside of bounds
[mcmc] Progress @ 2026-06-13 14:04:10 : 8528 steps taken, and 4606 accepted.
[mcmc] Progress @ 2026-06-13 14:04:10 : 8050 steps taken, and 4276 accepted.
[mcmc] Progress @ 2026-06-13 14:04:14 : 7743 steps taken, and 3916 accepted.
[mcmc] Progress @ 2026-06-13 14:04:18 : 7812 steps taken, and 4604 accepted.
omega_m outside of bounds
omega_m outside of bounds
omega_m outside of bounds
omega_m outside of bounds
omega_m outside of bounds
omega_m outside of bounds
omega_m outside of bounds
omega_m outside of bounds
omega_m outside of bounds
omega_m outside of bounds
omega_m outside of bounds
[mcmc] Progress @ 2026-06-13 14:04:23 : 8452 steps taken, and 4468 accepted.
omega_m outside of bounds
[mcmc] Progress @ 2026-06-13 14:04:31 : 7818 steps taken, and 4560 accepted.
[mcmc] Progress @ 2026-06-13 14:04:31 : 8641 steps taken, and 4603 accepted.
omega_m outside of bounds
omega_m outside of bounds
omega_m outside of bounds
omega_m outside of bounds
omega_m outside of bounds
omega_m outside of bounds
omega_m outside of bounds
omega_m outside of bounds
omega_m outside of bounds
omega_m outside of bounds
omega_m outside of bounds
[mcmc] Progress @ 2026-06-13 14:04:53 : 8113 steps taken, and 4716 accepted.
omega_m outside of bounds
omega_m outside of bounds
omega_m outside of bounds
omega_m outside of bounds
omega_m outside of bounds
omega_m outside of bounds
omega_m outside of bounds
omega_m outside of bounds
omega_m outside of bounds
omega_m outside of bounds
omega_m outside of bounds
omega_m outside of bounds
omega_m outside of bounds
[mcmc] Progress @ 2026-06-13 14:05:13 : 8563 steps taken, and 4615 accepted.
[mcmc] Progress @ 2026-06-13 14:05:14 : 8064 steps taken, and 4283 accepted.
[mcmc] Progress @ 2026-06-13 14:05:15 : 7762 steps taken, and 3920 accepted.
[mcmc] Progress @ 2026-06-13 14:05:20 : 7830 steps taken, and 4605 accepted.
omega_m outside of bounds
omega_m outside of bounds
omega_m outside of bounds
omega_m outside of bounds
omega_m outside of bounds
omega_m outside of bounds
omega_m outside of bounds
omega_m outside of bounds
omega_m outside of bounds
omega_m outside of bounds
omega_m outside of bounds
omega_m outside of bounds
omega_m outside of bounds
omega_m outside of bounds
[mcmc] Progress @ 2026-06-13 14:05:23 : 8482 steps taken, and 4473 accepted.
[mcmc] Progress @ 2026-06-13 14:05:31 : 8663 steps taken, and 4610 accepted.
omega_m outside of bounds
omega_m outside of bounds
[mcmc] Progress @ 2026-06-13 14:05:34 : 7841 steps taken, and 4570 accepted.
omega_m outside of bounds
omega_m outside of bounds
omega_m outside of bounds
omega_m outside of bounds
omega_m outside of bounds
omega_m outside of bounds
omega_m outside of bounds
omega_m outside of bounds
omega_m outside of bounds
omega_m outside of bounds
omega_m outside of bounds
omega_m outside of bounds
[mcmc] Progress @ 2026-06-13 14:05:54 : 8136 steps taken, and 4723 accepted.
[mcmc] Progress @ 2026-06-13 14:06:14 : 8079 steps taken, and 4294 accepted.
omega_m outside of bounds
omega_m outside of bounds
omega_m outside of bounds
omega_m outside of bounds
omega_m outside of bounds
omega_m outside of bounds
omega_m outside of bounds
omega_m outside of bounds
[mcmc] Progress @ 2026-06-13 14:06:15 : 8588 steps taken, and 4619 accepted.
[mcmc] Progress @ 2026-06-13 14:06:18 : 7779 steps taken, and 3930 accepted.
[mcmc] Progress @ 2026-06-13 14:06:20 : 7846 steps taken, and 4610 accepted.
omega_m outside of bounds
omega_m outside of bounds
omega_m outside of bounds
omega_m outside of bounds
omega_m outside of bounds
omega_m outside of bounds
omega_m outside of bounds
omega_m outside of bounds
omega_m outside of bounds
omega_m outside of bounds
omega_m outside of bounds
omega_m outside of bounds
omega_m outside of bounds
omega_m outside of bounds
[mcmc] Progress @ 2026-06-13 14:06:24 : 8511 steps taken, and 4477 accepted.
[mcmc] Progress @ 2026-06-13 14:06:32 : 8681 steps taken, and 4616 accepted.
omega_m outside of bounds
omega_m outside of bounds
omega_m outside of bounds
omega_m outside of bounds
omega_m outside of bounds
omega_m outside of bounds
omega_m outside of bounds
omega_m outside of bounds
omega_m outside of bounds
omega_m outside of bounds
omega_m outside of bounds
omega_m outside of bounds
[mcmc] Progress @ 2026-06-13 14:06:38 : 7873 steps taken, and 4579 accepted.
omega_m outside of bounds
omega_m outside of bounds
omega_m outside of bounds
omega_m outside of bounds
omega_m outside of bounds
[mcmc] Learn + convergence test @ 4480 samples accepted.
[mcmc]  - Acceptance rate: 0.479
[mcmc]  - Convergence of means: R-1 = 2.970138 after 3584 accepted steps
[mcmc]  - Updated covariance matrix of proposal pdf.
omega_m outside of bounds
omega_m outside of bounds
omega_m outside of bounds
omega_m outside of bounds
omega_m outside of bounds
omega_m outside of bounds
omega_m outside of bounds
omega_m outside of bounds
omega_m outside of bounds
omega_m outside of bounds
[mcmc] Progress @ 2026-06-13 14:06:55 : 8160 steps taken, and 4732 accepted.
omega_m outside of bounds
[mcmc] Progress @ 2026-06-13 14:07:16 : 8102 steps taken, and 4300 accepted.
[mcmc] Progress @ 2026-06-13 14:07:19 : 7799 steps taken, and 3938 accepted.
omega_m outside of bounds
omega_m outside of bounds
omega_m outside of bounds
[mcmc] Progress @ 2026-06-13 14:07:19 : 8613 steps taken, and 4624 accepted.
[mcmc] Progress @ 2026-06-13 14:07:22 : 7864 steps taken, and 4614 accepted.
omega_m outside of bounds
omega_m outside of bounds
omega_m outside of bounds
omega_m outside of bounds
omega_m outside of bounds
omega_m outside of bounds
omega_m outside of bounds
[mcmc] Progress @ 2026-06-13 14:07:26 : 8528 steps taken, and 4484 accepted.
[mcmc] Progress @ 2026-06-13 14:07:33 : 8701 steps taken, and 4622 accepted.
omega_m outside of bounds
omega_m outside of bounds
omega_m outside of bounds
omega_m outside of bounds
omega_m outside of bounds
omega_m outside of bounds
omega_m outside of bounds
omega_m outside of bounds
omega_m outside of bounds
omega_m outside of bounds
omega_m outside of bounds
omega_m outside of bounds
omega_m outside of bounds
omega_m outside of bounds
[mcmc] Progress @ 2026-06-13 14:07:42 : 7904 steps taken, and 4586 accepted.
omega_m outside of bounds
omega_m outside of bounds
omega_m outside of bounds
omega_m outside of bounds
omega_m outside of bounds
omega_m outside of bounds
omega_m outside of bounds
omega_m outside of bounds
omega_m outside of bounds
omega_m outside of bounds
omega_m outside of bounds
[mcmc] Progress @ 2026-06-13 14:07:57 : 8183 steps taken, and 4739 accepted.
[mcmc] Progress @ 2026-06-13 14:08:17 : 8123 steps taken, and 4305 accepted.
[mcmc] Progress @ 2026-06-13 14:08:21 : 7813 steps taken, and 3944 accepted.
omega_m outside of bounds
omega_m outside of bounds
[mcmc] Progress @ 2026-06-13 14:08:23 : 8641 steps taken, and 4631 accepted.
[mcmc] Progress @ 2026-06-13 14:08:24 : 7884 steps taken, and 4621 accepted.
omega_m outside of bounds
omega_m outside of bounds
omega_m outside of bounds
[mcmc] Progress @ 2026-06-13 14:08:30 : 8552 steps taken, and 4491 accepted.
[mcmc] Progress @ 2026-06-13 14:08:33 : 8716 steps taken, and 4627 accepted.
omega_m outside of bounds
omega_m outside of bounds
omega_m outside of bounds
omega_m outside of bounds
omega_m outside of bounds
omega_m outside of bounds
omega_m outside of bounds
[mcmc] Progress @ 2026-06-13 14:08:46 : 7934 steps taken, and 4596 accepted.
omega_m outside of bounds
omega_m outside of bounds
omega_m outside of bounds
omega_m outside of bounds
omega_m outside of bounds
omega_m outside of bounds
omega_m outside of bounds
omega_m outside of bounds
omega_m outside of bounds
omega_m outside of bounds
omega_m outside of bounds
omega_m outside of bounds
omega_m outside of bounds
omega_m outside of bounds
[mcmc] Progress @ 2026-06-13 14:09:00 : 8201 steps taken, and 4746 accepted.
[mcmc] Progress @ 2026-06-13 14:09:18 : 8144 steps taken, and 4310 accepted.
[mcmc] Progress @ 2026-06-13 14:09:22 : 7847 steps taken, and 3955 accepted.
omega_m outside of bounds
omega_m outside of bounds
[mcmc] Progress @ 2026-06-13 14:09:24 : 8662 steps taken, and 4634 accepted.
[mcmc] Progress @ 2026-06-13 14:09:25 : 7902 steps taken, and 4624 accepted.
omega_m outside of bounds
omega_m outside of bounds
omega_m outside of bounds
[mcmc] Progress @ 2026-06-13 14:09:32 : 8578 steps taken, and 4497 accepted.
omega_m outside of bounds
omega_m outside of bounds
[mcmc] Progress @ 2026-06-13 14:09:34 : 8733 steps taken, and 4632 accepted.
omega_m outside of bounds
omega_m outside of bounds
[mcmc] Progress @ 2026-06-13 14:09:50 : 7965 steps taken, and 4606 accepted.
omega_m outside of bounds
omega_m outside of bounds
omega_m outside of bounds
omega_m outside of bounds
omega_m outside of bounds
omega_m outside of bounds
omega_m outside of bounds
omega_m outside of bounds
omega_m outside of bounds
omega_m outside of bounds
omega_m outside of bounds
omega_m outside of bounds
[mcmc] Progress @ 2026-06-13 14:10:01 : 8220 steps taken, and 4751 accepted.
[mcmc] Progress @ 2026-06-13 14:10:20 : 8163 steps taken, and 4318 accepted.
[mcmc] Progress @ 2026-06-13 14:10:24 : 7873 steps taken, and 3960 accepted.
omega_m outside of bounds
omega_m outside of bounds
omega_m outside of bounds
[mcmc] Progress @ 2026-06-13 14:10:26 : 8683 steps taken, and 4639 accepted.
[mcmc] Progress @ 2026-06-13 14:10:26 : 7924 steps taken, and 4631 accepted.
omega_m outside of bounds
omega_m outside of bounds
omega_m outside of bounds
omega_m outside of bounds
omega_m outside of bounds
omega_m outside of bounds
[mcmc] Progress @ 2026-06-13 14:10:33 : 8594 steps taken, and 4502 accepted.
omega_m outside of bounds
omega_m outside of bounds
[mcmc] Progress @ 2026-06-13 14:10:38 : 8752 steps taken, and 4637 accepted.
omega_m outside of bounds
omega_m outside of bounds
omega_m outside of bounds
omega_m outside of bounds
omega_m outside of bounds
omega_m outside of bounds
omega_m outside of bounds
omega_m outside of bounds
omega_m outside of bounds
omega_m outside of bounds
[mcmc] Progress @ 2026-06-13 14:10:50 : 7988 steps taken, and 4614 accepted.
omega_m outside of bounds
omega_m outside of bounds
omega_m outside of bounds
omega_m outside of bounds
[mcmc] Progress @ 2026-06-13 14:11:04 : 8235 steps taken, and 4755 accepted.
[mcmc] Progress @ 2026-06-13 14:11:21 : 8180 steps taken, and 4325 accepted.
[mcmc] Progress @ 2026-06-13 14:11:25 : 7896 steps taken, and 3970 accepted.
[mcmc] Progress @ 2026-06-13 14:11:28 : 7945 steps taken, and 4634 accepted.
omega_m outside of bounds
[mcmc] Progress @ 2026-06-13 14:11:28 : 8710 steps taken, and 4642 accepted.
omega_m outside of bounds
omega_m outside of bounds
omega_m outside of bounds
omega_m outside of bounds
omega_m outside of bounds
omega_m outside of bounds
omega_m outside of bounds
omega_m outside of bounds
omega_m outside of bounds
omega_m outside of bounds
omega_m outside of bounds
omega_m outside of bounds
omega_m outside of bounds
omega_m outside of bounds
[mcmc] Progress @ 2026-06-13 14:11:34 : 8620 steps taken, and 4512 accepted.
omega_m outside of bounds
omega_m outside of bounds
[mcmc] Progress @ 2026-06-13 14:11:39 : 8767 steps taken, and 4643 accepted.
omega_m outside of bounds
omega_m outside of bounds
omega_m outside of bounds
omega_m outside of bounds
omega_m outside of bounds
omega_m outside of bounds
[mcmc] Progress @ 2026-06-13 14:11:53 : 8004 steps taken, and 4620 accepted.
omega_m outside of bounds
omega_m outside of bounds
omega_m outside of bounds
omega_m outside of bounds
omega_m outside of bounds
omega_m outside of bounds
omega_m outside of bounds
omega_m outside of bounds
omega_m outside of bounds
omega_m outside of bounds
omega_m outside of bounds
omega_m outside of bounds
omega_m outside of bounds
[mcmc] Progress @ 2026-06-13 14:12:05 : 8251 steps taken, and 4762 accepted.
[mcmc] Progress @ 2026-06-13 14:12:22 : 8194 steps taken, and 4332 accepted.
[mcmc] Progress @ 2026-06-13 14:12:27 : 7913 steps taken, and 3979 accepted.
omega_m outside of bounds
[mcmc] Progress @ 2026-06-13 14:12:30 : 8736 steps taken, and 4644 accepted.
[mcmc] Progress @ 2026-06-13 14:12:31 : 7965 steps taken, and 4636 accepted.
omega_m outside of bounds
omega_m outside of bounds
omega_m outside of bounds
omega_m outside of bounds
omega_m outside of bounds
omega_m outside of bounds
omega_m outside of bounds
omega_m outside of bounds
omega_m outside of bounds
omega_m outside of bounds
omega_m outside of bounds
omega_m outside of bounds
omega_m outside of bounds
omega_m outside of bounds
[mcmc] Progress @ 2026-06-13 14:12:35 : 8664 steps taken, and 4518 accepted.
omega_m outside of bounds
omega_m outside of bounds
[mcmc] Progress @ 2026-06-13 14:12:40 : 8783 steps taken, and 4650 accepted.
omega_m outside of bounds
omega_m outside of bounds
omega_m outside of bounds
omega_m outside of bounds
omega_m outside of bounds
[mcmc] Progress @ 2026-06-13 14:12:54 : 8022 steps taken, and 4629 accepted.
omega_m outside of bounds
omega_m outside of bounds
omega_m outside of bounds
omega_m outside of bounds
omega_m outside of bounds
omega_m outside of bounds
omega_m outside of bounds
omega_m outside of bounds
omega_m outside of bounds
omega_m outside of bounds
omega_m outside of bounds
[mcmc] Progress @ 2026-06-13 14:13:07 : 8265 steps taken, and 4768 accepted.
[mcmc] Progress @ 2026-06-13 14:13:24 : 8211 steps taken, and 4339 accepted.
[mcmc] Progress @ 2026-06-13 14:13:28 : 7939 steps taken, and 3987 accepted.
omega_m outside of bounds
omega_m outside of bounds
[mcmc] Progress @ 2026-06-13 14:13:31 : 8752 steps taken, and 4647 accepted.
[mcmc] Progress @ 2026-06-13 14:13:32 : 7988 steps taken, and 4640 accepted.
omega_m outside of bounds
omega_m outside of bounds
omega_m outside of bounds
omega_m outside of bounds
omega_m outside of bounds
omega_m outside of bounds
omega_m outside of bounds
omega_m outside of bounds
omega_m outside of bounds
omega_m outside of bounds
omega_m outside of bounds
omega_m outside of bounds
omega_m outside of bounds
[mcmc] Progress @ 2026-06-13 14:13:37 : 8701 steps taken, and 4524 accepted.
omega_m outside of bounds
[mcmc] Progress @ 2026-06-13 14:13:44 : 8798 steps taken, and 4656 accepted.
[mcmc] Progress @ 2026-06-13 14:13:54 : 8046 steps taken, and 4640 accepted.
omega_m outside of bounds
[mcmc] Progress @ 2026-06-13 14:14:09 : 8280 steps taken, and 4775 accepted.
[mcmc] Progress @ 2026-06-13 14:14:25 : 8230 steps taken, and 4343 accepted.
[mcmc] Progress @ 2026-06-13 14:14:31 : 7966 steps taken, and 3995 accepted.
omega_m outside of bounds
omega_m outside of bounds
[mcmc] Progress @ 2026-06-13 14:14:32 : 8768 steps taken, and 4653 accepted.
[mcmc] Progress @ 2026-06-13 14:14:34 : 8007 steps taken, and 4643 accepted.
omega_m outside of bounds
omega_m outside of bounds
omega_m outside of bounds
omega_m outside of bounds
omega_m outside of bounds
omega_m outside of bounds
omega_m outside of bounds
omega_m outside of bounds
omega_m outside of bounds
[mcmc] Progress @ 2026-06-13 14:14:38 : 8732 steps taken, and 4534 accepted.
omega_m outside of bounds
[mcmc] Progress @ 2026-06-13 14:14:44 : 8815 steps taken, and 4665 accepted.
[mcmc] Progress @ 2026-06-13 14:14:55 : 8063 steps taken, and 4648 accepted.
omega_m outside of bounds
[mcmc] Progress @ 2026-06-13 14:15:10 : 8297 steps taken, and 4783 accepted.
[mcmc] Progress @ 2026-06-13 14:15:26 : 8252 steps taken, and 4351 accepted.
[mcmc] Progress @ 2026-06-13 14:15:32 : 7979 steps taken, and 4001 accepted.
omega_m outside of bounds
[mcmc] Progress @ 2026-06-13 14:15:33 : 8791 steps taken, and 4660 accepted.
[mcmc] Progress @ 2026-06-13 14:15:36 : 8025 steps taken, and 4647 accepted.
omega_m outside of bounds
omega_m outside of bounds
omega_m outside of bounds
omega_m outside of bounds
omega_m outside of bounds
[mcmc] Progress @ 2026-06-13 14:15:39 : 8762 steps taken, and 4541 accepted.
[mcmc] Progress @ 2026-06-13 14:15:44 : 8830 steps taken, and 4676 accepted.
[mcmc] Progress @ 2026-06-13 14:15:56 : 8083 steps taken, and 4657 accepted.
omega_m outside of bounds
omega_m outside of bounds
[mcmc] Progress @ 2026-06-13 14:16:12 : 8318 steps taken, and 4790 accepted.
[mcmc] Progress @ 2026-06-13 14:16:27 : 8274 steps taken, and 4361 accepted.
[mcmc] Progress @ 2026-06-13 14:16:36 : 8003 steps taken, and 4009 accepted.
[mcmc] Progress @ 2026-06-13 14:16:37 : 8049 steps taken, and 4652 accepted.
omega_m outside of bounds
[mcmc] Progress @ 2026-06-13 14:16:37 : 8809 steps taken, and 4662 accepted.
omega_m outside of bounds
omega_m outside of bounds
omega_m outside of bounds
omega_m outside of bounds
omega_m outside of bounds
omega_m outside of bounds
omega_m outside of bounds
omega_m outside of bounds
omega_m outside of bounds
omega_m outside of bounds
omega_m outside of bounds
omega_m outside of bounds
omega_m outside of bounds
[mcmc] Progress @ 2026-06-13 14:16:39 : 8782 steps taken, and 4549 accepted.
[mcmc] Progress @ 2026-06-13 14:16:45 : 8846 steps taken, and 4683 accepted.
omega_m outside of bounds
omega_m outside of bounds
omega_m outside of bounds
omega_m outside of bounds
omega_m outside of bounds
omega_m outside of bounds
[mcmc] Progress @ 2026-06-13 14:16:57 : 8099 steps taken, and 4666 accepted.
[mcmc] Progress @ 2026-06-13 14:17:13 : 8334 steps taken, and 4797 accepted.
[mcmc] Progress @ 2026-06-13 14:17:27 : 8305 steps taken, and 4370 accepted.
[mcmc] Progress @ 2026-06-13 14:17:38 : 8828 steps taken, and 4667 accepted.
[mcmc] Progress @ 2026-06-13 14:17:38 : 8068 steps taken, and 4656 accepted.
[mcmc] Progress @ 2026-06-13 14:17:39 : 8024 steps taken, and 4018 accepted.
[mcmc] Progress @ 2026-06-13 14:17:41 : 8800 steps taken, and 4555 accepted.
[mcmc] Progress @ 2026-06-13 14:17:45 : 8870 steps taken, and 4690 accepted.
[mcmc] Learn + convergence test @ 4800 samples accepted.
[mcmc]  - Acceptance rate: 0.532
[mcmc]  - Convergence of means: R-1 = 15.366816 after 3840 accepted steps
[blockedproposer] *ERROR* The given covmat is not a positive-definite, symmetric square matrix.
omega_m outside of bounds
omega_m outside of bounds
omega_m outside of bounds
omega_m outside of bounds
omega_m outside of bounds
[mcmc] Progress @ 2026-06-13 14:17:58 : 8129 steps taken, and 4670 accepted.
[mcmc] Progress @ 2026-06-13 14:18:14 : 8354 steps taken, and 4800 accepted.
[mcmc] Progress @ 2026-06-13 14:18:29 : 8320 steps taken, and 4376 accepted.
[mcmc] Progress @ 2026-06-13 14:18:39 : 8083 steps taken, and 4664 accepted.
omega_m outside of bounds
omega_m outside of bounds
[mcmc] Progress @ 2026-06-13 14:18:39 : 8844 steps taken, and 4671 accepted.
[mcmc] Progress @ 2026-06-13 14:18:40 : 8042 steps taken, and 4023 accepted.
omega_m outside of bounds
omega_m outside of bounds
[mcmc] Progress @ 2026-06-13 14:18:43 : 8816 steps taken, and 4561 accepted.
[mcmc] Progress @ 2026-06-13 14:18:45 : 8912 steps taken, and 4695 accepted.
omega_m outside of bounds
omega_m outside of bounds
omega_m outside of bounds
omega_m outside of bounds
omega_m outside of bounds
omega_m outside of bounds
omega_m outside of bounds
omega_m outside of bounds
[mcmc] Progress @ 2026-06-13 14:18:59 : 8153 steps taken, and 4677 accepted.
[mcmc] Progress @ 2026-06-13 14:19:15 : 8372 steps taken, and 4808 accepted.
[mcmc] Progress @ 2026-06-13 14:19:29 : 8336 steps taken, and 4386 accepted.
[mcmc] Progress @ 2026-06-13 14:19:39 : 8102 steps taken, and 4669 accepted.
[mcmc] Progress @ 2026-06-13 14:19:41 : 8062 steps taken, and 4031 accepted.
[mcmc] Progress @ 2026-06-13 14:19:42 : 8858 steps taken, and 4678 accepted.
[mcmc] Progress @ 2026-06-13 14:19:46 : 8934 steps taken, and 4703 accepted.
omega_m outside of bounds
[mcmc] Progress @ 2026-06-13 14:19:48 : 8841 steps taken, and 4569 accepted.
omega_m outside of bounds
omega_m outside of bounds
omega_m outside of bounds
omega_m outside of bounds
omega_m outside of bounds
omega_m outside of bounds
omega_m outside of bounds
omega_m outside of bounds
omega_m outside of bounds
[mcmc] Progress @ 2026-06-13 14:19:59 : 8185 steps taken, and 4686 accepted.
[mcmc] Progress @ 2026-06-13 14:20:16 : 8395 steps taken, and 4817 accepted.
[mcmc] Progress @ 2026-06-13 14:20:32 : 8353 steps taken, and 4392 accepted.
[mcmc] Progress @ 2026-06-13 14:20:40 : 8127 steps taken, and 4676 accepted.
[mcmc] Progress @ 2026-06-13 14:20:42 : 8879 steps taken, and 4681 accepted.
[mcmc] Progress @ 2026-06-13 14:20:46 : 8081 steps taken, and 4038 accepted.
[mcmc] Progress @ 2026-06-13 14:20:47 : 8951 steps taken, and 4710 accepted.
[mcmc] Progress @ 2026-06-13 14:20:51 : 8861 steps taken, and 4576 accepted.
omega_m outside of bounds
omega_m outside of bounds
omega_m outside of bounds
omega_m outside of bounds
omega_m outside of bounds
omega_m outside of bounds
omega_m outside of bounds
omega_m outside of bounds
omega_m outside of bounds
omega_m outside of bounds
omega_m outside of bounds
omega_m outside of bounds
omega_m outside of bounds
[mcmc] Progress @ 2026-06-13 14:21:03 : 8222 steps taken, and 4696 accepted.
omega_m outside of bounds
omega_m outside of bounds
[mcmc] Progress @ 2026-06-13 14:21:18 : 8412 steps taken, and 4825 accepted.
[mcmc] Progress @ 2026-06-13 14:21:35 : 8380 steps taken, and 4397 accepted.
[mcmc] Progress @ 2026-06-13 14:21:40 : 8152 steps taken, and 4682 accepted.
[mcmc] Progress @ 2026-06-13 14:21:44 : 8897 steps taken, and 4686 accepted.
[mcmc] Progress @ 2026-06-13 14:21:47 : 8116 steps taken, and 4044 accepted.
[mcmc] Progress @ 2026-06-13 14:21:48 : 8967 steps taken, and 4716 accepted.
omega_m outside of bounds
omega_m outside of bounds
omega_m outside of bounds
omega_m outside of bounds
omega_m outside of bounds
omega_m outside of bounds
omega_m outside of bounds
omega_m outside of bounds
omega_m outside of bounds
omega_m outside of bounds
[mcmc] Progress @ 2026-06-13 14:21:54 : 8877 steps taken, and 4583 accepted.
omega_m outside of bounds
omega_m outside of bounds
omega_m outside of bounds
omega_m outside of bounds
omega_m outside of bounds
omega_m outside of bounds
omega_m outside of bounds
[mcmc] Progress @ 2026-06-13 14:22:07 : 8240 steps taken, and 4705 accepted.
omega_m outside of bounds
omega_m outside of bounds
omega_m outside of bounds
omega_m outside of bounds
[mcmc] Progress @ 2026-06-13 14:22:20 : 8426 steps taken, and 4832 accepted.
[mcmc] Progress @ 2026-06-13 14:22:37 : 8412 steps taken, and 4406 accepted.
[mcmc] Progress @ 2026-06-13 14:22:41 : 8172 steps taken, and 4687 accepted.
omega_m outside of bounds
omega_m outside of bounds
omega_m outside of bounds
omega_m outside of bounds
omega_m outside of bounds
omega_m outside of bounds
[mcmc] Progress @ 2026-06-13 14:22:45 : 8912 steps taken, and 4690 accepted.
[mcmc] Progress @ 2026-06-13 14:22:48 : 8162 steps taken, and 4051 accepted.
[mcmc] Progress @ 2026-06-13 14:22:50 : 8987 steps taken, and 4724 accepted.
omega_m outside of bounds
omega_m outside of bounds
omega_m outside of bounds
omega_m outside of bounds
omega_m outside of bounds
omega_m outside of bounds
omega_m outside of bounds
omega_m outside of bounds
omega_m outside of bounds
omega_m outside of bounds
omega_m outside of bounds
[mcmc] Progress @ 2026-06-13 14:22:55 : 8899 steps taken, and 4588 accepted.
omega_m outside of bounds
omega_m outside of bounds
omega_m outside of bounds
omega_m outside of bounds
omega_m outside of bounds
omega_m outside of bounds
omega_m outside of bounds
omega_m outside of bounds
omega_m outside of bounds
omega_m outside of bounds
omega_m outside of bounds
[mcmc] Progress @ 2026-06-13 14:23:07 : 8266 steps taken, and 4713 accepted.
omega_m outside of bounds
omega_m outside of bounds
omega_m outside of bounds
omega_m outside of bounds
omega_m outside of bounds
omega_m outside of bounds
[mcmc] Progress @ 2026-06-13 14:23:23 : 8442 steps taken, and 4839 accepted.
[mcmc] Progress @ 2026-06-13 14:23:39 : 8429 steps taken, and 4416 accepted.
[mcmc] Progress @ 2026-06-13 14:23:41 : 8186 steps taken, and 4694 accepted.
omega_m outside of bounds
omega_m outside of bounds
omega_m outside of bounds
omega_m outside of bounds
omega_m outside of bounds
omega_m outside of bounds
omega_m outside of bounds
omega_m outside of bounds
omega_m outside of bounds
omega_m outside of bounds
omega_m outside of bounds
omega_m outside of bounds
omega_m outside of bounds
[mcmc] Progress @ 2026-06-13 14:23:45 : 8947 steps taken, and 4693 accepted.
[mcmc] Progress @ 2026-06-13 14:23:49 : 8180 steps taken, and 4058 accepted.
[mcmc] Progress @ 2026-06-13 14:23:52 : 9005 steps taken, and 4730 accepted.
omega_m outside of bounds
omega_m outside of bounds
omega_m outside of bounds
omega_m outside of bounds
omega_m outside of bounds
omega_m outside of bounds
omega_m outside of bounds
omega_m outside of bounds
omega_m outside of bounds
[mcmc] Progress @ 2026-06-13 14:23:56 : 8925 steps taken, and 4598 accepted.
[mcmc] Progress @ 2026-06-13 14:24:11 : 8294 steps taken, and 4725 accepted.
omega_m outside of bounds
omega_m outside of bounds
[mcmc] Progress @ 2026-06-13 14:24:24 : 8458 steps taken, and 4849 accepted.
omega_m outside of bounds
[mcmc] Progress @ 2026-06-13 14:24:40 : 8455 steps taken, and 4425 accepted.
[mcmc] Progress @ 2026-06-13 14:24:41 : 8202 steps taken, and 4698 accepted.
omega_m outside of bounds
omega_m outside of bounds
omega_m outside of bounds
omega_m outside of bounds
omega_m outside of bounds
omega_m outside of bounds
omega_m outside of bounds
[mcmc] Progress @ 2026-06-13 14:24:49 : 8978 steps taken, and 4699 accepted.
[mcmc] Progress @ 2026-06-13 14:24:50 : 8203 steps taken, and 4064 accepted.
[mcmc] Progress @ 2026-06-13 14:24:54 : 9024 steps taken, and 4737 accepted.
omega_m outside of bounds
omega_m outside of bounds
[mcmc] Progress @ 2026-06-13 14:24:57 : 8950 steps taken, and 4609 accepted.
[mcmc] Progress @ 2026-06-13 14:25:15 : 8313 steps taken, and 4733 accepted.
omega_m outside of bounds
omega_m outside of bounds
omega_m outside of bounds
omega_m outside of bounds
omega_m outside of bounds
omega_m outside of bounds
omega_m outside of bounds
omega_m outside of bounds
omega_m outside of bounds
[mcmc] Progress @ 2026-06-13 14:25:25 : 8473 steps taken, and 4858 accepted.
[mcmc] Progress @ 2026-06-13 14:25:42 : 8482 steps taken, and 4434 accepted.
[mcmc] Progress @ 2026-06-13 14:25:42 : 8219 steps taken, and 4705 accepted.
[mcmc] Progress @ 2026-06-13 14:25:51 : 8998 steps taken, and 4706 accepted.
[mcmc] Progress @ 2026-06-13 14:25:51 : 8228 steps taken, and 4071 accepted.
[mcmc] Progress @ 2026-06-13 14:25:54 : 9048 steps taken, and 4746 accepted.
omega_m outside of bounds
omega_m outside of bounds
omega_m outside of bounds
omega_m outside of bounds
omega_m outside of bounds
omega_m outside of bounds
omega_m outside of bounds
omega_m outside of bounds
omega_m outside of bounds
omega_m outside of bounds
omega_m outside of bounds
omega_m outside of bounds
omega_m outside of bounds
omega_m outside of bounds
[mcmc] Progress @ 2026-06-13 14:25:58 : 8980 steps taken, and 4617 accepted.
[mcmc] Progress @ 2026-06-13 14:26:19 : 8329 steps taken, and 4743 accepted.
omega_m outside of bounds
omega_m outside of bounds
omega_m outside of bounds
omega_m outside of bounds
omega_m outside of bounds
omega_m outside of bounds
omega_m outside of bounds
[mcmc] Progress @ 2026-06-13 14:26:26 : 8490 steps taken, and 4865 accepted.
[mcmc] Progress @ 2026-06-13 14:26:43 : 8234 steps taken, and 4712 accepted.
[mcmc] Progress @ 2026-06-13 14:26:43 : 8510 steps taken, and 4443 accepted.
[mcmc] Progress @ 2026-06-13 14:26:52 : 8256 steps taken, and 4076 accepted.
omega_m outside of bounds
[mcmc] Progress @ 2026-06-13 14:26:53 : 9021 steps taken, and 4707 accepted.
[mcmc] Progress @ 2026-06-13 14:26:58 : 9069 steps taken, and 4753 accepted.
omega_m outside of bounds
omega_m outside of bounds
omega_m outside of bounds
omega_m outside of bounds
omega_m outside of bounds
omega_m outside of bounds
omega_m outside of bounds
omega_m outside of bounds
omega_m outside of bounds
omega_m outside of bounds
omega_m outside of bounds
omega_m outside of bounds
omega_m outside of bounds
omega_m outside of bounds
[mcmc] Progress @ 2026-06-13 14:26:59 : 9007 steps taken, and 4623 accepted.
[mcmc] Progress @ 2026-06-13 14:27:19 : 8344 steps taken, and 4751 accepted.
omega_m outside of bounds
omega_m outside of bounds
omega_m outside of bounds
omega_m outside of bounds
omega_m outside of bounds
[mcmc] Progress @ 2026-06-13 14:27:28 : 8512 steps taken, and 4874 accepted.
[mcmc] Progress @ 2026-06-13 14:27:44 : 8248 steps taken, and 4719 accepted.
[mcmc] Progress @ 2026-06-13 14:27:46 : 8525 steps taken, and 4452 accepted.
[mcmc] Progress @ 2026-06-13 14:27:53 : 8280 steps taken, and 4083 accepted.
omega_m outside of bounds
[mcmc] Progress @ 2026-06-13 14:27:54 : 9038 steps taken, and 4711 accepted.
omega_m outside of bounds
omega_m outside of bounds
[mcmc] Progress @ 2026-06-13 14:28:00 : 9025 steps taken, and 4629 accepted.
[mcmc] Progress @ 2026-06-13 14:28:02 : 9090 steps taken, and 4760 accepted.
[mcmc] Progress @ 2026-06-13 14:28:21 : 8359 steps taken, and 4757 accepted.
omega_m outside of bounds
omega_m outside of bounds
omega_m outside of bounds
omega_m outside of bounds
[mcmc] Progress @ 2026-06-13 14:28:30 : 8526 steps taken, and 4879 accepted.
[mcmc] Progress @ 2026-06-13 14:28:45 : 8266 steps taken, and 4727 accepted.
[mcmc] Progress @ 2026-06-13 14:28:48 : 8540 steps taken, and 4461 accepted.
[mcmc] Progress @ 2026-06-13 14:28:54 : 8302 steps taken, and 4090 accepted.
[mcmc] Progress @ 2026-06-13 14:28:54 : 9057 steps taken, and 4717 accepted.
omega_m outside of bounds
omega_m outside of bounds
omega_m outside of bounds
omega_m outside of bounds
omega_m outside of bounds
omega_m outside of bounds
omega_m outside of bounds
omega_m outside of bounds
omega_m outside of bounds
omega_m outside of bounds
omega_m outside of bounds
omega_m outside of bounds
[mcmc] Progress @ 2026-06-13 14:29:01 : 9044 steps taken, and 4636 accepted.
[mcmc] Progress @ 2026-06-13 14:29:03 : 9107 steps taken, and 4767 accepted.
omega_m outside of bounds
omega_m outside of bounds
omega_m outside of bounds
omega_m outside of bounds
omega_m outside of bounds
omega_m outside of bounds
omega_m outside of bounds
omega_m outside of bounds
omega_m outside of bounds
omega_m outside of bounds
omega_m outside of bounds
[mcmc] Progress @ 2026-06-13 14:29:23 : 8376 steps taken, and 4764 accepted.
omega_m outside of bounds
omega_m outside of bounds
omega_m outside of bounds
omega_m outside of bounds
omega_m outside of bounds
[mcmc] Progress @ 2026-06-13 14:29:32 : 8543 steps taken, and 4885 accepted.
[mcmc] Progress @ 2026-06-13 14:29:46 : 8290 steps taken, and 4733 accepted.
[mcmc] Progress @ 2026-06-13 14:29:48 : 8559 steps taken, and 4468 accepted.
[mcmc] Progress @ 2026-06-13 14:29:54 : 8323 steps taken, and 4093 accepted.
[mcmc] Progress @ 2026-06-13 14:29:55 : 9072 steps taken, and 4722 accepted.
omega_m outside of bounds
omega_m outside of bounds
omega_m outside of bounds
omega_m outside of bounds
omega_m outside of bounds
omega_m outside of bounds
omega_m outside of bounds
omega_m outside of bounds
omega_m outside of bounds
omega_m outside of bounds
omega_m outside of bounds
omega_m outside of bounds
[mcmc] Progress @ 2026-06-13 14:30:01 : 9063 steps taken, and 4644 accepted.
[mcmc] Progress @ 2026-06-13 14:30:03 : 9123 steps taken, and 4775 accepted.
omega_m outside of bounds
omega_m outside of bounds
omega_m outside of bounds
omega_m outside of bounds
omega_m outside of bounds
omega_m outside of bounds
[mcmc] Progress @ 2026-06-13 14:30:24 : 8400 steps taken, and 4775 accepted.
omega_m outside of bounds
[mcmc] Progress @ 2026-06-13 14:30:33 : 8563 steps taken, and 4893 accepted.
[mcmc] Progress @ 2026-06-13 14:30:46 : 8306 steps taken, and 4741 accepted.
[mcmc] Progress @ 2026-06-13 14:30:49 : 8575 steps taken, and 4479 accepted.
[mcmc] Learn + convergence test @ 4480 samples accepted.
[mcmc]  - Acceptance rate: 0.483
[mcmc]  - Convergence of means: R-1 = 2.357918 after 3584 accepted steps
[mcmc]  - Updated covariance matrix of proposal pdf.
[mcmc] Progress @ 2026-06-13 14:30:56 : 8347 steps taken, and 4100 accepted.
omega_m outside of bounds
[mcmc] Progress @ 2026-06-13 14:31:00 : 9089 steps taken, and 4726 accepted.
omega_m outside of bounds
omega_m outside of bounds
omega_m outside of bounds
omega_m outside of bounds
omega_m outside of bounds
omega_m outside of bounds
omega_m outside of bounds
omega_m outside of bounds
omega_m outside of bounds
[mcmc] Progress @ 2026-06-13 14:31:02 : 9089 steps taken, and 4652 accepted.
[mcmc] Progress @ 2026-06-13 14:31:03 : 9150 steps taken, and 4784 accepted.
[mcmc] Progress @ 2026-06-13 14:31:25 : 8416 steps taken, and 4782 accepted.
omega_m outside of bounds
[mcmc] Progress @ 2026-06-13 14:31:35 : 8578 steps taken, and 4900 accepted.
[mcmc] Progress @ 2026-06-13 14:31:47 : 8323 steps taken, and 4750 accepted.
[mcmc] Progress @ 2026-06-13 14:31:49 : 8592 steps taken, and 4484 accepted.
[mcmc] Progress @ 2026-06-13 14:31:57 : 8374 steps taken, and 4105 accepted.
omega_m outside of bounds
omega_m outside of bounds
omega_m outside of bounds
[mcmc] Progress @ 2026-06-13 14:32:02 : 9120 steps taken, and 4659 accepted.
[mcmc] Progress @ 2026-06-13 14:32:04 : 9117 steps taken, and 4734 accepted.
[mcmc] Progress @ 2026-06-13 14:32:05 : 9173 steps taken, and 4790 accepted.
[mcmc] Progress @ 2026-06-13 14:32:26 : 8430 steps taken, and 4789 accepted.
omega_m outside of bounds
[mcmc] Progress @ 2026-06-13 14:32:36 : 8595 steps taken, and 4906 accepted.
[mcmc] Progress @ 2026-06-13 14:32:48 : 8338 steps taken, and 4760 accepted.
[mcmc] Progress @ 2026-06-13 14:32:50 : 8613 steps taken, and 4490 accepted.
[mcmc] Progress @ 2026-06-13 14:32:57 : 8403 steps taken, and 4110 accepted.
[mcmc] Progress @ 2026-06-13 14:33:03 : 9137 steps taken, and 4665 accepted.
[mcmc] Progress @ 2026-06-13 14:33:05 : 9144 steps taken, and 4740 accepted.
[mcmc] Progress @ 2026-06-13 14:33:08 : 9194 steps taken, and 4799 accepted.
[mcmc] Learn + convergence test @ 4800 samples accepted.
[mcmc]  - Acceptance rate: 0.477
[mcmc]  - Convergence of means: R-1 = 1.389333 after 3840 accepted steps
[mcmc]  - Updated covariance matrix of proposal pdf.
omega_m outside of bounds
[mcmc] Progress @ 2026-06-13 14:33:28 : 8446 steps taken, and 4792 accepted.
[mcmc] Progress @ 2026-06-13 14:33:37 : 8621 steps taken, and 4912 accepted.
[mcmc] Progress @ 2026-06-13 14:33:49 : 8354 steps taken, and 4767 accepted.
[mcmc] Progress @ 2026-06-13 14:33:50 : 8627 steps taken, and 4494 accepted.
[mcmc] Progress @ 2026-06-13 14:33:58 : 8425 steps taken, and 4113 accepted.
[mcmc] Progress @ 2026-06-13 14:34:03 : 9180 steps taken, and 4675 accepted.
omega_m outside of bounds
omega_m outside of bounds
omega_m outside of bounds
[mcmc] Progress @ 2026-06-13 14:34:08 : 9169 steps taken, and 4745 accepted.
[mcmc] Progress @ 2026-06-13 14:34:10 : 9210 steps taken, and 4806 accepted.
[mcmc] Progress @ 2026-06-13 14:34:30 : 8460 steps taken, and 4798 accepted.
[mcmc] Progress @ 2026-06-13 14:34:37 : 8645 steps taken, and 4915 accepted.
[mcmc] Learn + convergence test @ 4800 samples accepted.
[mcmc]  - Acceptance rate: 0.522
[mcmc]  - Convergence of means: R-1 = 2.074344 after 3840 accepted steps
[mcmc]  - Updated covariance matrix of proposal pdf.
omega_m outside of bounds
omega_m outside of bounds
omega_m outside of bounds
omega_m outside of bounds
omega_m outside of bounds
omega_m outside of bounds
omega_m outside of bounds
omega_m outside of bounds
[mcmc] Progress @ 2026-06-13 14:34:51 : 8372 steps taken, and 4777 accepted.
[mcmc] Progress @ 2026-06-13 14:34:51 : 8646 steps taken, and 4498 accepted.
[mcmc] Progress @ 2026-06-13 14:35:01 : 8446 steps taken, and 4124 accepted.
[mcmc] Progress @ 2026-06-13 14:35:04 : 9215 steps taken, and 4683 accepted.
omega_m outside of bounds
[mcmc] Progress @ 2026-06-13 14:35:09 : 9195 steps taken, and 4753 accepted.
[mcmc] Progress @ 2026-06-13 14:35:13 : 9226 steps taken, and 4811 accepted.
omega_m outside of bounds
omega_m outside of bounds
[mcmc] Progress @ 2026-06-13 14:35:32 : 8476 steps taken, and 4805 accepted.
omega_m outside of bounds
[mcmc] Progress @ 2026-06-13 14:35:38 : 8661 steps taken, and 4926 accepted.
[mcmc] Progress @ 2026-06-13 14:35:52 : 8667 steps taken, and 4507 accepted.
omega_m outside of bounds
[mcmc] Progress @ 2026-06-13 14:35:54 : 8387 steps taken, and 4787 accepted.
[mcmc] Progress @ 2026-06-13 14:36:03 : 8460 steps taken, and 4128 accepted.
[mcmc] Progress @ 2026-06-13 14:36:06 : 9238 steps taken, and 4691 accepted.
[mcmc] Progress @ 2026-06-13 14:36:12 : 9218 steps taken, and 4761 accepted.
[mcmc] Progress @ 2026-06-13 14:36:16 : 9250 steps taken, and 4818 accepted.
[mcmc] Progress @ 2026-06-13 14:36:34 : 8495 steps taken, and 4813 accepted.
omega_m outside of bounds
omega_m outside of bounds
omega_m outside of bounds
omega_m outside of bounds
omega_m outside of bounds
omega_m outside of bounds
[mcmc] Progress @ 2026-06-13 14:36:39 : 8682 steps taken, and 4933 accepted.
omega_m outside of bounds
omega_m outside of bounds
[mcmc] Progress @ 2026-06-13 14:36:52 : 8696 steps taken, and 4517 accepted.
omega_m outside of bounds
omega_m outside of bounds
omega_m outside of bounds
omega_m outside of bounds
omega_m outside of bounds
omega_m outside of bounds
omega_m outside of bounds
omega_m outside of bounds
omega_m outside of bounds
omega_m outside of bounds
[mcmc] Progress @ 2026-06-13 14:36:55 : 8407 steps taken, and 4794 accepted.
[mcmc] Progress @ 2026-06-13 14:37:05 : 8500 steps taken, and 4133 accepted.
[mcmc] Progress @ 2026-06-13 14:37:07 : 9253 steps taken, and 4698 accepted.
[mcmc] Progress @ 2026-06-13 14:37:13 : 9242 steps taken, and 4772 accepted.
[mcmc] Progress @ 2026-06-13 14:37:17 : 9275 steps taken, and 4824 accepted.
[mcmc] Progress @ 2026-06-13 14:37:35 : 8513 steps taken, and 4819 accepted.
[mcmc] Learn + convergence test @ 4800 samples accepted.
[mcmc]  - Acceptance rate: 0.527
[mcmc]  - Convergence of means: R-1 = 1.089811 after 3840 accepted steps
[mcmc]  - Updated covariance matrix of proposal pdf.
omega_m outside of bounds
[mcmc] Progress @ 2026-06-13 14:37:39 : 8697 steps taken, and 4942 accepted.
omega_m outside of bounds
omega_m outside of bounds
omega_m outside of bounds
omega_m outside of bounds
omega_m outside of bounds
omega_m outside of bounds
omega_m outside of bounds
omega_m outside of bounds
[mcmc] Progress @ 2026-06-13 14:37:54 : 8717 steps taken, and 4525 accepted.
[mcmc] Progress @ 2026-06-13 14:37:57 : 8429 steps taken, and 4803 accepted.
[mcmc] Progress @ 2026-06-13 14:38:07 : 8519 steps taken, and 4138 accepted.
[mcmc] Progress @ 2026-06-13 14:38:08 : 9273 steps taken, and 4704 accepted.
[mcmc] Progress @ 2026-06-13 14:38:14 : 9277 steps taken, and 4780 accepted.
[mcmc] Progress @ 2026-06-13 14:38:17 : 9293 steps taken, and 4832 accepted.
omega_m outside of bounds
[mcmc] Progress @ 2026-06-13 14:38:35 : 8529 steps taken, and 4829 accepted.
omega_m outside of bounds
[mcmc] Progress @ 2026-06-13 14:38:40 : 8711 steps taken, and 4948 accepted.
omega_m outside of bounds
omega_m outside of bounds
[mcmc] Progress @ 2026-06-13 14:38:55 : 8743 steps taken, and 4534 accepted.
[mcmc] Progress @ 2026-06-13 14:39:00 : 8445 steps taken, and 4811 accepted.
[mcmc] Progress @ 2026-06-13 14:39:09 : 8542 steps taken, and 4145 accepted.
[mcmc] Progress @ 2026-06-13 14:39:09 : 9290 steps taken, and 4710 accepted.
[mcmc] Progress @ 2026-06-13 14:39:16 : 9299 steps taken, and 4791 accepted.
[mcmc] Progress @ 2026-06-13 14:39:18 : 9310 steps taken, and 4839 accepted.
[mcmc] Progress @ 2026-06-13 14:39:39 : 8553 steps taken, and 4839 accepted.
omega_m outside of bounds
omega_m outside of bounds
omega_m outside of bounds
omega_m outside of bounds
omega_m outside of bounds
omega_m outside of bounds
omega_m outside of bounds
omega_m outside of bounds
omega_m outside of bounds
[mcmc] Progress @ 2026-06-13 14:39:40 : 8726 steps taken, and 4952 accepted.
omega_m outside of bounds
omega_m outside of bounds
omega_m outside of bounds
omega_m outside of bounds
omega_m outside of bounds
omega_m outside of bounds
omega_m outside of bounds
omega_m outside of bounds
omega_m outside of bounds
omega_m outside of bounds
omega_m outside of bounds
omega_m outside of bounds
omega_m outside of bounds
[mcmc] Progress @ 2026-06-13 14:39:58 : 8760 steps taken, and 4542 accepted.
omega_m outside of bounds
omega_m outside of bounds
omega_m outside of bounds
omega_m outside of bounds
omega_m outside of bounds
omega_m outside of bounds
omega_m outside of bounds
omega_m outside of bounds
omega_m outside of bounds
omega_m outside of bounds
omega_m outside of bounds
omega_m outside of bounds
omega_m outside of bounds
omega_m outside of bounds
[mcmc] Progress @ 2026-06-13 14:40:03 : 8464 steps taken, and 4819 accepted.
[mcmc] Progress @ 2026-06-13 14:40:10 : 8561 steps taken, and 4154 accepted.
[mcmc] Progress @ 2026-06-13 14:40:11 : 9308 steps taken, and 4718 accepted.
omega_m outside of bounds
[mcmc] Progress @ 2026-06-13 14:40:19 : 9325 steps taken, and 4796 accepted.
[mcmc] Progress @ 2026-06-13 14:40:22 : 9327 steps taken, and 4848 accepted.
[mcmc] Progress @ 2026-06-13 14:40:41 : 8744 steps taken, and 4958 accepted.
omega_m outside of bounds
omega_m outside of bounds
omega_m outside of bounds
[mcmc] Progress @ 2026-06-13 14:40:43 : 8580 steps taken, and 4850 accepted.
omega_m outside of bounds
[mcmc] Progress @ 2026-06-13 14:40:58 : 8781 steps taken, and 4547 accepted.
[mcmc] Learn + convergence test @ 4800 samples accepted.
[mcmc]  - Acceptance rate: 0.471
[mcmc]  - Convergence of means: R-1 = 2.988513 after 3840 accepted steps
[mcmc]  - Updated covariance matrix of proposal pdf.
omega_m outside of bounds
omega_m outside of bounds
omega_m outside of bounds
omega_m outside of bounds
omega_m outside of bounds
omega_m outside of bounds
omega_m outside of bounds
omega_m outside of bounds
omega_m outside of bounds
omega_m outside of bounds
omega_m outside of bounds
omega_m outside of bounds
omega_m outside of bounds
[mcmc] Progress @ 2026-06-13 14:41:04 : 8485 steps taken, and 4831 accepted.
[mcmc] Learn + convergence test @ 4160 samples accepted.
[mcmc]  - Acceptance rate: 0.441
[mcmc]  - Convergence of means: R-1 = 1.941314 after 3328 accepted steps
[mcmc]  - Updated covariance matrix of proposal pdf.
[mcmc] Progress @ 2026-06-13 14:41:11 : 8577 steps taken, and 4160 accepted.
[mcmc] Progress @ 2026-06-13 14:41:12 : 9323 steps taken, and 4726 accepted.
[mcmc] Progress @ 2026-06-13 14:41:22 : 9345 steps taken, and 4803 accepted.
[mcmc] Progress @ 2026-06-13 14:41:26 : 9346 steps taken, and 4859 accepted.
[mcmc] Progress @ 2026-06-13 14:41:42 : 8762 steps taken, and 4966 accepted.
[mcmc] Progress @ 2026-06-13 14:41:47 : 8606 steps taken, and 4861 accepted.
[mcmc] Progress @ 2026-06-13 14:41:59 : 8797 steps taken, and 4555 accepted.
omega_m outside of bounds
omega_m outside of bounds
omega_m outside of bounds
omega_m outside of bounds
omega_m outside of bounds
omega_m outside of bounds
omega_m outside of bounds
omega_m outside of bounds
omega_m outside of bounds
omega_m outside of bounds
omega_m outside of bounds
omega_m outside of bounds
omega_m outside of bounds
omega_m outside of bounds
[mcmc] Progress @ 2026-06-13 14:42:05 : 8507 steps taken, and 4843 accepted.
[mcmc] Progress @ 2026-06-13 14:42:13 : 8593 steps taken, and 4170 accepted.
[mcmc] Progress @ 2026-06-13 14:42:13 : 9341 steps taken, and 4738 accepted.
omega_m outside of bounds
[mcmc] Progress @ 2026-06-13 14:42:22 : 9362 steps taken, and 4808 accepted.
[mcmc] Progress @ 2026-06-13 14:42:26 : 9367 steps taken, and 4868 accepted.
omega_m outside of bounds
omega_m outside of bounds
omega_m outside of bounds
omega_m outside of bounds
omega_m outside of bounds
omega_m outside of bounds
omega_m outside of bounds
[mcmc] Progress @ 2026-06-13 14:42:42 : 8780 steps taken, and 4977 accepted.
[mcmc] Progress @ 2026-06-13 14:42:51 : 8634 steps taken, and 4870 accepted.
[mcmc] Progress @ 2026-06-13 14:43:00 : 8820 steps taken, and 4567 accepted.
omega_m outside of bounds
omega_m outside of bounds
omega_m outside of bounds
omega_m outside of bounds
omega_m outside of bounds
omega_m outside of bounds
omega_m outside of bounds
omega_m outside of bounds
omega_m outside of bounds
omega_m outside of bounds
omega_m outside of bounds
omega_m outside of bounds
[mcmc] Progress @ 2026-06-13 14:43:06 : 8527 steps taken, and 4852 accepted.
[mcmc] Progress @ 2026-06-13 14:43:14 : 8617 steps taken, and 4179 accepted.
[mcmc] Progress @ 2026-06-13 14:43:14 : 9363 steps taken, and 4746 accepted.
omega_m outside of bounds
omega_m outside of bounds
omega_m outside of bounds
[mcmc] Progress @ 2026-06-13 14:43:25 : 9381 steps taken, and 4814 accepted.
[mcmc] Progress @ 2026-06-13 14:43:28 : 9384 steps taken, and 4877 accepted.
omega_m outside of bounds
omega_m outside of bounds
omega_m outside of bounds
omega_m outside of bounds
omega_m outside of bounds
omega_m outside of bounds
omega_m outside of bounds
omega_m outside of bounds
omega_m outside of bounds
omega_m outside of bounds
omega_m outside of bounds
omega_m outside of bounds
omega_m outside of bounds
[mcmc] Progress @ 2026-06-13 14:43:43 : 8804 steps taken, and 4985 accepted.
[mcmc] Progress @ 2026-06-13 14:43:51 : 8660 steps taken, and 4878 accepted.
omega_m outside of bounds
omega_m outside of bounds
[mcmc] Progress @ 2026-06-13 14:44:02 : 8853 steps taken, and 4575 accepted.
omega_m outside of bounds
omega_m outside of bounds
omega_m outside of bounds
omega_m outside of bounds
omega_m outside of bounds
omega_m outside of bounds
omega_m outside of bounds
omega_m outside of bounds
omega_m outside of bounds
omega_m outside of bounds
omega_m outside of bounds
omega_m outside of bounds
[mcmc] Progress @ 2026-06-13 14:44:08 : 8556 steps taken, and 4858 accepted.
[mcmc] Progress @ 2026-06-13 14:44:15 : 9387 steps taken, and 4752 accepted.
[mcmc] Progress @ 2026-06-13 14:44:16 : 8633 steps taken, and 4187 accepted.
[mcmc] Progress @ 2026-06-13 14:44:28 : 9403 steps taken, and 4885 accepted.
omega_m outside of bounds
omega_m outside of bounds
omega_m outside of bounds
omega_m outside of bounds
omega_m outside of bounds
omega_m outside of bounds
omega_m outside of bounds
omega_m outside of bounds
omega_m outside of bounds
[mcmc] Progress @ 2026-06-13 14:44:30 : 9396 steps taken, and 4818 accepted.
omega_m outside of bounds
omega_m outside of bounds
omega_m outside of bounds
omega_m outside of bounds
omega_m outside of bounds
omega_m outside of bounds
omega_m outside of bounds
omega_m outside of bounds
omega_m outside of bounds
omega_m outside of bounds
omega_m outside of bounds
omega_m outside of bounds
[mcmc] Progress @ 2026-06-13 14:44:45 : 8825 steps taken, and 4994 accepted.
[mcmc] Progress @ 2026-06-13 14:44:52 : 8680 steps taken, and 4887 accepted.
[mcmc] Progress @ 2026-06-13 14:45:03 : 8889 steps taken, and 4584 accepted.
omega_m outside of bounds
omega_m outside of bounds
omega_m outside of bounds
omega_m outside of bounds
omega_m outside of bounds
omega_m outside of bounds
omega_m outside of bounds
omega_m outside of bounds
omega_m outside of bounds
[mcmc] Progress @ 2026-06-13 14:45:10 : 8573 steps taken, and 4863 accepted.
[mcmc] Progress @ 2026-06-13 14:45:17 : 9408 steps taken, and 4759 accepted.
[mcmc] Progress @ 2026-06-13 14:45:18 : 8647 steps taken, and 4194 accepted.
[mcmc] Progress @ 2026-06-13 14:45:29 : 9420 steps taken, and 4893 accepted.
omega_m outside of bounds
omega_m outside of bounds
omega_m outside of bounds
omega_m outside of bounds
omega_m outside of bounds
omega_m outside of bounds
omega_m outside of bounds
omega_m outside of bounds
omega_m outside of bounds
omega_m outside of bounds
omega_m outside of bounds
[mcmc] Progress @ 2026-06-13 14:45:34 : 9430 steps taken, and 4827 accepted.
omega_m outside of bounds
omega_m outside of bounds
omega_m outside of bounds
omega_m outside of bounds
omega_m outside of bounds
[mcmc] Progress @ 2026-06-13 14:45:46 : 8841 steps taken, and 5001 accepted.
[mcmc] Progress @ 2026-06-13 14:45:56 : 8702 steps taken, and 4895 accepted.
omega_m outside of bounds
omega_m outside of bounds
omega_m outside of bounds
omega_m outside of bounds
omega_m outside of bounds
omega_m outside of bounds
omega_m outside of bounds
omega_m outside of bounds
omega_m outside of bounds
[mcmc] Progress @ 2026-06-13 14:46:04 : 8912 steps taken, and 4591 accepted.
omega_m outside of bounds
omega_m outside of bounds
omega_m outside of bounds
omega_m outside of bounds
omega_m outside of bounds
omega_m outside of bounds
omega_m outside of bounds
omega_m outside of bounds
omega_m outside of bounds
omega_m outside of bounds
[mcmc] Progress @ 2026-06-13 14:46:12 : 8589 steps taken, and 4872 accepted.
[mcmc] Progress @ 2026-06-13 14:46:17 : 9430 steps taken, and 4761 accepted.
[mcmc] Progress @ 2026-06-13 14:46:19 : 8674 steps taken, and 4201 accepted.
omega_m outside of bounds
[mcmc] Progress @ 2026-06-13 14:46:29 : 9437 steps taken, and 4900 accepted.
omega_m outside of bounds
omega_m outside of bounds
omega_m outside of bounds
omega_m outside of bounds
omega_m outside of bounds
omega_m outside of bounds
omega_m outside of bounds
omega_m outside of bounds
omega_m outside of bounds
omega_m outside of bounds
omega_m outside of bounds
[mcmc] Progress @ 2026-06-13 14:46:34 : 9453 steps taken, and 4829 accepted.
omega_m outside of bounds
omega_m outside of bounds
omega_m outside of bounds
omega_m outside of bounds
omega_m outside of bounds
omega_m outside of bounds
omega_m outside of bounds
omega_m outside of bounds
[mcmc] Progress @ 2026-06-13 14:46:47 : 8859 steps taken, and 5008 accepted.
[mcmc] Progress @ 2026-06-13 14:46:56 : 8722 steps taken, and 4901 accepted.
omega_m outside of bounds
omega_m outside of bounds
omega_m outside of bounds
omega_m outside of bounds
omega_m outside of bounds
omega_m outside of bounds
omega_m outside of bounds
omega_m outside of bounds
omega_m outside of bounds
omega_m outside of bounds
omega_m outside of bounds
omega_m outside of bounds
omega_m outside of bounds
[mcmc] Progress @ 2026-06-13 14:47:05 : 8930 steps taken, and 4600 accepted.
omega_m outside of bounds
omega_m outside of bounds
omega_m outside of bounds
omega_m outside of bounds
omega_m outside of bounds
[mcmc] Progress @ 2026-06-13 14:47:14 : 8606 steps taken, and 4881 accepted.
[mcmc] Progress @ 2026-06-13 14:47:19 : 9451 steps taken, and 4764 accepted.
[mcmc] Progress @ 2026-06-13 14:47:21 : 8692 steps taken, and 4208 accepted.
omega_m outside of bounds
[mcmc] Progress @ 2026-06-13 14:47:30 : 9453 steps taken, and 4910 accepted.
omega_m outside of bounds
omega_m outside of bounds
omega_m outside of bounds
omega_m outside of bounds
omega_m outside of bounds
omega_m outside of bounds
omega_m outside of bounds
omega_m outside of bounds
omega_m outside of bounds
omega_m outside of bounds
omega_m outside of bounds
omega_m outside of bounds
[mcmc] Progress @ 2026-06-13 14:47:35 : 9484 steps taken, and 4833 accepted.
[mcmc] Progress @ 2026-06-13 14:47:48 : 8881 steps taken, and 5014 accepted.
[mcmc] Progress @ 2026-06-13 14:48:00 : 8747 steps taken, and 4907 accepted.
omega_m outside of bounds
omega_m outside of bounds
omega_m outside of bounds
omega_m outside of bounds
omega_m outside of bounds
omega_m outside of bounds
omega_m outside of bounds
omega_m outside of bounds
omega_m outside of bounds
omega_m outside of bounds
omega_m outside of bounds
omega_m outside of bounds
omega_m outside of bounds
omega_m outside of bounds
[mcmc] Progress @ 2026-06-13 14:48:05 : 8949 steps taken, and 4606 accepted.
[mcmc] Progress @ 2026-06-13 14:48:15 : 8630 steps taken, and 4890 accepted.
[mcmc] Progress @ 2026-06-13 14:48:21 : 9484 steps taken, and 4770 accepted.
[mcmc] Progress @ 2026-06-13 14:48:23 : 8708 steps taken, and 4214 accepted.
[mcmc] Progress @ 2026-06-13 14:48:30 : 9485 steps taken, and 4915 accepted.
omega_m outside of bounds
omega_m outside of bounds
omega_m outside of bounds
omega_m outside of bounds
omega_m outside of bounds
omega_m outside of bounds
omega_m outside of bounds
omega_m outside of bounds
omega_m outside of bounds
omega_m outside of bounds
omega_m outside of bounds
omega_m outside of bounds
omega_m outside of bounds
[mcmc] Progress @ 2026-06-13 14:48:36 : 9505 steps taken, and 4836 accepted.
[mcmc] Progress @ 2026-06-13 14:48:48 : 8910 steps taken, and 5021 accepted.
[mcmc] Progress @ 2026-06-13 14:49:04 : 8771 steps taken, and 4914 accepted.
omega_m outside of bounds
omega_m outside of bounds
omega_m outside of bounds
omega_m outside of bounds
omega_m outside of bounds
omega_m outside of bounds
omega_m outside of bounds
omega_m outside of bounds
[mcmc] Progress @ 2026-06-13 14:49:06 : 8968 steps taken, and 4615 accepted.
omega_m outside of bounds
[mcmc] Progress @ 2026-06-13 14:49:17 : 8648 steps taken, and 4898 accepted.
[mcmc] Progress @ 2026-06-13 14:49:23 : 9503 steps taken, and 4775 accepted.
[mcmc] Progress @ 2026-06-13 14:49:24 : 8726 steps taken, and 4221 accepted.
omega_m outside of bounds
[mcmc] Progress @ 2026-06-13 14:49:31 : 9506 steps taken, and 4919 accepted.
omega_m outside of bounds
omega_m outside of bounds
omega_m outside of bounds
omega_m outside of bounds
omega_m outside of bounds
omega_m outside of bounds
omega_m outside of bounds
omega_m outside of bounds
omega_m outside of bounds
omega_m outside of bounds
omega_m outside of bounds
omega_m outside of bounds
[mcmc] Progress @ 2026-06-13 14:49:36 : 9533 steps taken, and 4845 accepted.
[mcmc] Progress @ 2026-06-13 14:49:50 : 8937 steps taken, and 5027 accepted.
[mcmc] Progress @ 2026-06-13 14:50:07 : 8989 steps taken, and 4623 accepted.
[mcmc] Progress @ 2026-06-13 14:50:07 : 8811 steps taken, and 4921 accepted.
omega_m outside of bounds
omega_m outside of bounds
omega_m outside of bounds
omega_m outside of bounds
omega_m outside of bounds
omega_m outside of bounds
omega_m outside of bounds
[mcmc] Progress @ 2026-06-13 14:50:19 : 8666 steps taken, and 4905 accepted.
[mcmc] Progress @ 2026-06-13 14:50:25 : 9524 steps taken, and 4782 accepted.
[mcmc] Progress @ 2026-06-13 14:50:26 : 8743 steps taken, and 4228 accepted.
omega_m outside of bounds
omega_m outside of bounds
[mcmc] Progress @ 2026-06-13 14:50:33 : 9524 steps taken, and 4925 accepted.
[mcmc] Progress @ 2026-06-13 14:50:37 : 9557 steps taken, and 4851 accepted.
[mcmc] Progress @ 2026-06-13 14:50:51 : 8958 steps taken, and 5033 accepted.
omega_m outside of bounds
[mcmc] Progress @ 2026-06-13 14:51:08 : 9005 steps taken, and 4633 accepted.
[mcmc] Progress @ 2026-06-13 14:51:11 : 8847 steps taken, and 4930 accepted.
omega_m outside of bounds
omega_m outside of bounds
omega_m outside of bounds
omega_m outside of bounds
omega_m outside of bounds
omega_m outside of bounds
omega_m outside of bounds
omega_m outside of bounds
omega_m outside of bounds
omega_m outside of bounds
omega_m outside of bounds
omega_m outside of bounds
omega_m outside of bounds
[mcmc] Progress @ 2026-06-13 14:51:23 : 8696 steps taken, and 4911 accepted.
[mcmc] Progress @ 2026-06-13 14:51:28 : 8762 steps taken, and 4237 accepted.
[mcmc] Progress @ 2026-06-13 14:51:28 : 9547 steps taken, and 4786 accepted.
omega_m outside of bounds
omega_m outside of bounds
omega_m outside of bounds
omega_m outside of bounds
omega_m outside of bounds
[mcmc] Progress @ 2026-06-13 14:51:34 : 9542 steps taken, and 4932 accepted.
omega_m outside of bounds
omega_m outside of bounds
omega_m outside of bounds
omega_m outside of bounds
omega_m outside of bounds
omega_m outside of bounds
omega_m outside of bounds
omega_m outside of bounds
omega_m outside of bounds
[mcmc] Progress @ 2026-06-13 14:51:38 : 9583 steps taken, and 4859 accepted.
omega_m outside of bounds
omega_m outside of bounds
omega_m outside of bounds
[mcmc] Progress @ 2026-06-13 14:51:51 : 8976 steps taken, and 5040 accepted.
omega_m outside of bounds
[mcmc] Progress @ 2026-06-13 14:52:10 : 9020 steps taken, and 4641 accepted.
[mcmc] Progress @ 2026-06-13 14:52:15 : 8864 steps taken, and 4939 accepted.
omega_m outside of bounds
omega_m outside of bounds
omega_m outside of bounds
omega_m outside of bounds
omega_m outside of bounds
omega_m outside of bounds
omega_m outside of bounds
omega_m outside of bounds
omega_m outside of bounds
omega_m outside of bounds
omega_m outside of bounds
omega_m outside of bounds
[mcmc] Progress @ 2026-06-13 14:52:25 : 8723 steps taken, and 4920 accepted.
[mcmc] Progress @ 2026-06-13 14:52:29 : 8783 steps taken, and 4245 accepted.
[mcmc] Progress @ 2026-06-13 14:52:30 : 9573 steps taken, and 4791 accepted.
omega_m outside of bounds
omega_m outside of bounds
omega_m outside of bounds
omega_m outside of bounds
omega_m outside of bounds
omega_m outside of bounds
omega_m outside of bounds
omega_m outside of bounds
omega_m outside of bounds
omega_m outside of bounds
[mcmc] Progress @ 2026-06-13 14:52:35 : 9559 steps taken, and 4939 accepted.
omega_m outside of bounds
omega_m outside of bounds
omega_m outside of bounds
omega_m outside of bounds
omega_m outside of bounds
omega_m outside of bounds
omega_m outside of bounds
[mcmc] Progress @ 2026-06-13 14:52:40 : 9610 steps taken, and 4864 accepted.
omega_m outside of bounds
omega_m outside of bounds
omega_m outside of bounds
omega_m outside of bounds
omega_m outside of bounds
[mcmc] Progress @ 2026-06-13 14:52:52 : 8999 steps taken, and 5047 accepted.
omega_m outside of bounds
[mcmc] Progress @ 2026-06-13 14:53:11 : 9039 steps taken, and 4650 accepted.
[mcmc] Progress @ 2026-06-13 14:53:19 : 8892 steps taken, and 4948 accepted.
omega_m outside of bounds
omega_m outside of bounds
omega_m outside of bounds
omega_m outside of bounds
omega_m outside of bounds
omega_m outside of bounds
omega_m outside of bounds
[mcmc] Progress @ 2026-06-13 14:53:27 : 8738 steps taken, and 4930 accepted.
[mcmc] Progress @ 2026-06-13 14:53:31 : 8800 steps taken, and 4252 accepted.
[mcmc] Progress @ 2026-06-13 14:53:33 : 9616 steps taken, and 4798 accepted.
omega_m outside of bounds
omega_m outside of bounds
omega_m outside of bounds
omega_m outside of bounds
omega_m outside of bounds
omega_m outside of bounds
omega_m outside of bounds
omega_m outside of bounds
omega_m outside of bounds
omega_m outside of bounds
omega_m outside of bounds
omega_m outside of bounds
[mcmc] Progress @ 2026-06-13 14:53:36 : 9577 steps taken, and 4942 accepted.
[mcmc] Learn + convergence test @ 4800 samples accepted.
[mcmc]  - Acceptance rate: 0.451
[mcmc]  - Convergence of means: R-1 = 3.586722 after 3840 accepted steps
[mcmc]  - Updated covariance matrix of proposal pdf.
omega_m outside of bounds
omega_m outside of bounds
omega_m outside of bounds
omega_m outside of bounds
omega_m outside of bounds
omega_m outside of bounds
omega_m outside of bounds
omega_m outside of bounds
omega_m outside of bounds
omega_m outside of bounds
omega_m outside of bounds
omega_m outside of bounds
omega_m outside of bounds
omega_m outside of bounds
[mcmc] Progress @ 2026-06-13 14:53:43 : 9645 steps taken, and 4870 accepted.
omega_m outside of bounds
[mcmc] Progress @ 2026-06-13 14:53:54 : 9017 steps taken, and 5055 accepted.
[mcmc] Progress @ 2026-06-13 14:54:12 : 9084 steps taken, and 4659 accepted.
[mcmc] Progress @ 2026-06-13 14:54:23 : 8912 steps taken, and 4957 accepted.
omega_m outside of bounds
omega_m outside of bounds
omega_m outside of bounds
omega_m outside of bounds
omega_m outside of bounds
omega_m outside of bounds
omega_m outside of bounds
omega_m outside of bounds
omega_m outside of bounds
omega_m outside of bounds
omega_m outside of bounds
[mcmc] Progress @ 2026-06-13 14:54:30 : 8758 steps taken, and 4937 accepted.
[mcmc] Progress @ 2026-06-13 14:54:33 : 8817 steps taken, and 4256 accepted.
[mcmc] Progress @ 2026-06-13 14:54:36 : 9653 steps taken, and 4801 accepted.
omega_m outside of bounds
omega_m outside of bounds
omega_m outside of bounds
omega_m outside of bounds
omega_m outside of bounds
omega_m outside of bounds
omega_m outside of bounds
omega_m outside of bounds
omega_m outside of bounds
omega_m outside of bounds
omega_m outside of bounds
[mcmc] Progress @ 2026-06-13 14:54:36 : 9607 steps taken, and 4947 accepted.
omega_m outside of bounds
omega_m outside of bounds
omega_m outside of bounds
omega_m outside of bounds
omega_m outside of bounds
omega_m outside of bounds
omega_m outside of bounds
omega_m outside of bounds
omega_m outside of bounds
omega_m outside of bounds
omega_m outside of bounds
[mcmc] Progress @ 2026-06-13 14:54:46 : 9671 steps taken, and 4876 accepted.
[mcmc] Progress @ 2026-06-13 14:54:58 : 9035 steps taken, and 5062 accepted.
omega_m outside of bounds
[mcmc] Progress @ 2026-06-13 14:55:13 : 9115 steps taken, and 4668 accepted.
[mcmc] Progress @ 2026-06-13 14:55:27 : 8929 steps taken, and 4965 accepted.
omega_m outside of bounds
[mcmc] Progress @ 2026-06-13 14:55:32 : 8788 steps taken, and 4948 accepted.
[mcmc] Progress @ 2026-06-13 14:55:35 : 8832 steps taken, and 4263 accepted.
omega_m outside of bounds
omega_m outside of bounds
omega_m outside of bounds
omega_m outside of bounds
omega_m outside of bounds
omega_m outside of bounds
[mcmc] Progress @ 2026-06-13 14:55:37 : 9625 steps taken, and 4952 accepted.
[mcmc] Progress @ 2026-06-13 14:55:39 : 9698 steps taken, and 4806 accepted.
omega_m outside of bounds
omega_m outside of bounds
omega_m outside of bounds
omega_m outside of bounds
omega_m outside of bounds
omega_m outside of bounds
omega_m outside of bounds
omega_m outside of bounds
omega_m outside of bounds
omega_m outside of bounds
[mcmc] Progress @ 2026-06-13 14:55:50 : 9691 steps taken, and 4878 accepted.
omega_m outside of bounds
[mcmc] Progress @ 2026-06-13 14:56:02 : 9053 steps taken, and 5069 accepted.
omega_m outside of bounds
omega_m outside of bounds
omega_m outside of bounds
omega_m outside of bounds
omega_m outside of bounds
[mcmc] Progress @ 2026-06-13 14:56:14 : 9132 steps taken, and 4676 accepted.
omega_m outside of bounds
omega_m outside of bounds
omega_m outside of bounds
omega_m outside of bounds
omega_m outside of bounds
omega_m outside of bounds
omega_m outside of bounds
omega_m outside of bounds
[mcmc] Progress @ 2026-06-13 14:56:27 : 8952 steps taken, and 4977 accepted.
[mcmc] Progress @ 2026-06-13 14:56:32 : 8813 steps taken, and 4957 accepted.
omega_m outside of bounds
omega_m outside of bounds
omega_m outside of bounds
omega_m outside of bounds
omega_m outside of bounds
[mcmc] Progress @ 2026-06-13 14:56:37 : 9641 steps taken, and 4957 accepted.
[mcmc] Progress @ 2026-06-13 14:56:38 : 8850 steps taken, and 4271 accepted.
[mcmc] Progress @ 2026-06-13 14:56:42 : 9743 steps taken, and 4809 accepted.
omega_m outside of bounds
omega_m outside of bounds
omega_m outside of bounds
omega_m outside of bounds
[mcmc] Progress @ 2026-06-13 14:56:54 : 9713 steps taken, and 4883 accepted.
[mcmc] Progress @ 2026-06-13 14:57:04 : 9068 steps taken, and 5079 accepted.
omega_m outside of bounds
omega_m outside of bounds
omega_m outside of bounds
omega_m outside of bounds
omega_m outside of bounds
[mcmc] Progress @ 2026-06-13 14:57:14 : 9167 steps taken, and 4681 accepted.
omega_m outside of bounds
omega_m outside of bounds
omega_m outside of bounds
omega_m outside of bounds
omega_m outside of bounds
[mcmc] Progress @ 2026-06-13 14:57:29 : 8969 steps taken, and 4984 accepted.
omega_m outside of bounds
omega_m outside of bounds
[mcmc] Progress @ 2026-06-13 14:57:35 : 8830 steps taken, and 4966 accepted.
omega_m outside of bounds
omega_m outside of bounds
[mcmc] Progress @ 2026-06-13 14:57:37 : 9656 steps taken, and 4963 accepted.
[mcmc] Progress @ 2026-06-13 14:57:40 : 8873 steps taken, and 4283 accepted.
[mcmc] Progress @ 2026-06-13 14:57:43 : 9767 steps taken, and 4815 accepted.
omega_m outside of bounds
omega_m outside of bounds
[mcmc] Progress @ 2026-06-13 14:57:57 : 9734 steps taken, and 4887 accepted.
[mcmc] Progress @ 2026-06-13 14:58:04 : 9086 steps taken, and 5086 accepted.
omega_m outside of bounds
omega_m outside of bounds
omega_m outside of bounds
omega_m outside of bounds
omega_m outside of bounds
[mcmc] Progress @ 2026-06-13 14:58:15 : 9184 steps taken, and 4686 accepted.
omega_m outside of bounds
omega_m outside of bounds
omega_m outside of bounds
omega_m outside of bounds
omega_m outside of bounds
omega_m outside of bounds
[mcmc] Progress @ 2026-06-13 14:58:31 : 8984 steps taken, and 4987 accepted.
omega_m outside of bounds
omega_m outside of bounds
omega_m outside of bounds
omega_m outside of bounds
[mcmc] Progress @ 2026-06-13 14:58:36 : 8846 steps taken, and 4972 accepted.
omega_m outside of bounds
omega_m outside of bounds
[mcmc] Progress @ 2026-06-13 14:58:37 : 9678 steps taken, and 4972 accepted.
[mcmc] Progress @ 2026-06-13 14:58:43 : 8896 steps taken, and 4290 accepted.
[mcmc] Progress @ 2026-06-13 14:58:44 : 9782 steps taken, and 4818 accepted.
omega_m outside of bounds
omega_m outside of bounds
omega_m outside of bounds
omega_m outside of bounds
[mcmc] Progress @ 2026-06-13 14:59:01 : 9752 steps taken, and 4892 accepted.
omega_m outside of bounds
omega_m outside of bounds
omega_m outside of bounds
omega_m outside of bounds
omega_m outside of bounds
omega_m outside of bounds
omega_m outside of bounds
omega_m outside of bounds
omega_m outside of bounds
[mcmc] Progress @ 2026-06-13 14:59:08 : 9105 steps taken, and 5089 accepted.
[mcmc] Progress @ 2026-06-13 14:59:15 : 9202 steps taken, and 4695 accepted.
[mcmc] Progress @ 2026-06-13 14:59:33 : 8999 steps taken, and 4994 accepted.
omega_m outside of bounds
omega_m outside of bounds
omega_m outside of bounds
omega_m outside of bounds
omega_m outside of bounds
omega_m outside of bounds
[mcmc] Progress @ 2026-06-13 14:59:37 : 8863 steps taken, and 4982 accepted.
[mcmc] Progress @ 2026-06-13 14:59:41 : 9695 steps taken, and 4980 accepted.
[mcmc] Progress @ 2026-06-13 14:59:44 : 9797 steps taken, and 4823 accepted.
[mcmc] Progress @ 2026-06-13 14:59:47 : 8922 steps taken, and 4297 accepted.
omega_m outside of bounds
omega_m outside of bounds
omega_m outside of bounds
omega_m outside of bounds
omega_m outside of bounds
omega_m outside of bounds
omega_m outside of bounds
omega_m outside of bounds
omega_m outside of bounds
omega_m outside of bounds
omega_m outside of bounds
omega_m outside of bounds
[mcmc] Progress @ 2026-06-13 15:00:03 : 9802 steps taken, and 4898 accepted.
omega_m outside of bounds
omega_m outside of bounds
omega_m outside of bounds
omega_m outside of bounds
omega_m outside of bounds
[mcmc] Progress @ 2026-06-13 15:00:12 : 9119 steps taken, and 5094 accepted.
[mcmc] Progress @ 2026-06-13 15:00:16 : 9220 steps taken, and 4705 accepted.
[mcmc] Progress @ 2026-06-13 15:00:36 : 9016 steps taken, and 5001 accepted.
omega_m outside of bounds
omega_m outside of bounds
omega_m outside of bounds
omega_m outside of bounds
omega_m outside of bounds
omega_m outside of bounds
omega_m outside of bounds
omega_m outside of bounds
omega_m outside of bounds
omega_m outside of bounds
omega_m outside of bounds
omega_m outside of bounds
omega_m outside of bounds
[mcmc] Progress @ 2026-06-13 15:00:38 : 8892 steps taken, and 4994 accepted.
[mcmc] Progress @ 2026-06-13 15:00:44 : 9815 steps taken, and 4829 accepted.
[mcmc] Progress @ 2026-06-13 15:00:46 : 9713 steps taken, and 4989 accepted.
[mcmc] Progress @ 2026-06-13 15:00:49 : 8948 steps taken, and 4307 accepted.
omega_m outside of bounds
omega_m outside of bounds
omega_m outside of bounds
omega_m outside of bounds
omega_m outside of bounds
omega_m outside of bounds
omega_m outside of bounds
omega_m outside of bounds
omega_m outside of bounds
omega_m outside of bounds
omega_m outside of bounds
omega_m outside of bounds
omega_m outside of bounds
[mcmc] Progress @ 2026-06-13 15:01:04 : 9833 steps taken, and 4906 accepted.
[mcmc] Progress @ 2026-06-13 15:01:14 : 9133 steps taken, and 5100 accepted.
[mcmc] Progress @ 2026-06-13 15:01:16 : 9242 steps taken, and 4714 accepted.
[mcmc] Progress @ 2026-06-13 15:01:39 : 9032 steps taken, and 5009 accepted.
omega_m outside of bounds
omega_m outside of bounds
omega_m outside of bounds
omega_m outside of bounds
omega_m outside of bounds
omega_m outside of bounds
omega_m outside of bounds
omega_m outside of bounds
[mcmc] Progress @ 2026-06-13 15:01:40 : 8924 steps taken, and 5004 accepted.
[mcmc] Progress @ 2026-06-13 15:01:44 : 9852 steps taken, and 4836 accepted.
[mcmc] Progress @ 2026-06-13 15:01:47 : 9734 steps taken, and 4999 accepted.
[mcmc] Progress @ 2026-06-13 15:01:50 : 8967 steps taken, and 4317 accepted.
omega_m outside of bounds
omega_m outside of bounds
omega_m outside of bounds
omega_m outside of bounds
omega_m outside of bounds
omega_m outside of bounds
omega_m outside of bounds
omega_m outside of bounds
omega_m outside of bounds
omega_m outside of bounds
[mcmc] Progress @ 2026-06-13 15:02:05 : 9870 steps taken, and 4913 accepted.
omega_m outside of bounds
omega_m outside of bounds
omega_m outside of bounds
[mcmc] Progress @ 2026-06-13 15:02:16 : 9148 steps taken, and 5102 accepted.
[mcmc] Progress @ 2026-06-13 15:02:17 : 9275 steps taken, and 4721 accepted.
omega_m outside of bounds
[mcmc] Progress @ 2026-06-13 15:02:40 : 9051 steps taken, and 5019 accepted.
[mcmc] Progress @ 2026-06-13 15:02:41 : 8942 steps taken, and 5014 accepted.
[mcmc] Progress @ 2026-06-13 15:02:47 : 9873 steps taken, and 4841 accepted.
[mcmc] Progress @ 2026-06-13 15:02:49 : 9761 steps taken, and 5007 accepted.
[mcmc] Progress @ 2026-06-13 15:02:51 : 8991 steps taken, and 4324 accepted.
omega_m outside of bounds
omega_m outside of bounds
omega_m outside of bounds
omega_m outside of bounds
omega_m outside of bounds
omega_m outside of bounds
omega_m outside of bounds
omega_m outside of bounds
omega_m outside of bounds
omega_m outside of bounds
omega_m outside of bounds
omega_m outside of bounds
omega_m outside of bounds
omega_m outside of bounds
[mcmc] Progress @ 2026-06-13 15:03:07 : 9894 steps taken, and 4919 accepted.
[mcmc] Progress @ 2026-06-13 15:03:17 : 9292 steps taken, and 4730 accepted.
omega_m outside of bounds
omega_m outside of bounds
[mcmc] Progress @ 2026-06-13 15:03:20 : 9164 steps taken, and 5106 accepted.
omega_m outside of bounds
omega_m outside of bounds
omega_m outside of bounds
omega_m outside of bounds
omega_m outside of bounds
omega_m outside of bounds
omega_m outside of bounds
omega_m outside of bounds
omega_m outside of bounds
omega_m outside of bounds
omega_m outside of bounds
omega_m outside of bounds
omega_m outside of bounds
[mcmc] Progress @ 2026-06-13 15:03:42 : 9073 steps taken, and 5025 accepted.
omega_m outside of bounds
[mcmc] Progress @ 2026-06-13 15:03:43 : 8969 steps taken, and 5024 accepted.
[mcmc] Progress @ 2026-06-13 15:03:49 : 9903 steps taken, and 4844 accepted.
[mcmc] Progress @ 2026-06-13 15:03:51 : 9793 steps taken, and 5014 accepted.
omega_m outside of bounds
[mcmc] Progress @ 2026-06-13 15:03:53 : 9009 steps taken, and 4331 accepted.
omega_m outside of bounds
omega_m outside of bounds
omega_m outside of bounds
omega_m outside of bounds
omega_m outside of bounds
omega_m outside of bounds
omega_m outside of bounds
omega_m outside of bounds
omega_m outside of bounds
omega_m outside of bounds
omega_m outside of bounds
omega_m outside of bounds
omega_m outside of bounds
[mcmc] Progress @ 2026-06-13 15:04:10 : 9915 steps taken, and 4924 accepted.
[mcmc] Progress @ 2026-06-13 15:04:19 : 9307 steps taken, and 4735 accepted.
[mcmc] Progress @ 2026-06-13 15:04:24 : 9180 steps taken, and 5113 accepted.
omega_m outside of bounds
omega_m outside of bounds
omega_m outside of bounds
omega_m outside of bounds
omega_m outside of bounds
omega_m outside of bounds
omega_m outside of bounds
omega_m outside of bounds
omega_m outside of bounds
omega_m outside of bounds
omega_m outside of bounds
omega_m outside of bounds
omega_m outside of bounds
[mcmc] Progress @ 2026-06-13 15:04:42 : 9099 steps taken, and 5031 accepted.
omega_m outside of bounds
omega_m outside of bounds
omega_m outside of bounds
[mcmc] Progress @ 2026-06-13 15:04:47 : 8986 steps taken, and 5034 accepted.
[mcmc] Progress @ 2026-06-13 15:04:52 : 9815 steps taken, and 5021 accepted.
[mcmc] Progress @ 2026-06-13 15:04:52 : 9930 steps taken, and 4847 accepted.
[mcmc] Progress @ 2026-06-13 15:04:57 : 9027 steps taken, and 4340 accepted.
omega_m outside of bounds
omega_m outside of bounds
omega_m outside of bounds
omega_m outside of bounds
omega_m outside of bounds
omega_m outside of bounds
omega_m outside of bounds
omega_m outside of bounds
omega_m outside of bounds
omega_m outside of bounds
omega_m outside of bounds
[mcmc] Progress @ 2026-06-13 15:05:12 : 9934 steps taken, and 4931 accepted.
[mcmc] Learn + convergence test @ 5120 samples accepted.
[mcmc]  - Acceptance rate: 0.513
[mcmc]  - Convergence of means: R-1 = 10.368507 after 4096 accepted steps
[blockedproposer] *ERROR* The given covmat is not a positive-definite, symmetric square matrix.
[mcmc] Progress @ 2026-06-13 15:05:21 : 9322 steps taken, and 4739 accepted.
[mcmc] Progress @ 2026-06-13 15:05:24 : 9196 steps taken, and 5120 accepted.
omega_m outside of bounds
omega_m outside of bounds
omega_m outside of bounds
omega_m outside of bounds
omega_m outside of bounds
omega_m outside of bounds
omega_m outside of bounds
omega_m outside of bounds
omega_m outside of bounds
omega_m outside of bounds
omega_m outside of bounds
omega_m outside of bounds
omega_m outside of bounds
omega_m outside of bounds
[mcmc] Progress @ 2026-06-13 15:05:44 : 9122 steps taken, and 5036 accepted.
omega_m outside of bounds
omega_m outside of bounds
omega_m outside of bounds
omega_m outside of bounds
omega_m outside of bounds
[mcmc] Progress @ 2026-06-13 15:05:48 : 9002 steps taken, and 5040 accepted.
[mcmc] Progress @ 2026-06-13 15:05:54 : 9953 steps taken, and 4851 accepted.
[mcmc] Progress @ 2026-06-13 15:05:56 : 9837 steps taken, and 5026 accepted.
[mcmc] Progress @ 2026-06-13 15:06:00 : 9048 steps taken, and 4349 accepted.
[mcmc] Progress @ 2026-06-13 15:06:14 : 9962 steps taken, and 4937 accepted.
[mcmc] Progress @ 2026-06-13 15:06:23 : 9338 steps taken, and 4746 accepted.
[mcmc] Progress @ 2026-06-13 15:06:24 : 9210 steps taken, and 5128 accepted.
omega_m outside of bounds
omega_m outside of bounds
omega_m outside of bounds
omega_m outside of bounds
omega_m outside of bounds
omega_m outside of bounds
[mcmc] Progress @ 2026-06-13 15:06:46 : 9140 steps taken, and 5045 accepted.
omega_m outside of bounds
omega_m outside of bounds
omega_m outside of bounds
omega_m outside of bounds
omega_m outside of bounds
omega_m outside of bounds
omega_m outside of bounds
omega_m outside of bounds
omega_m outside of bounds
omega_m outside of bounds
[mcmc] Progress @ 2026-06-13 15:06:52 : 9016 steps taken, and 5047 accepted.
[mcmc] Progress @ 2026-06-13 15:06:56 : 9983 steps taken, and 4858 accepted.
[mcmc] Progress @ 2026-06-13 15:06:57 : 9854 steps taken, and 5032 accepted.
[mcmc] Progress @ 2026-06-13 15:07:02 : 9072 steps taken, and 4360 accepted.
omega_m outside of bounds
omega_m outside of bounds
omega_m outside of bounds
omega_m outside of bounds
[mcmc] Progress @ 2026-06-13 15:07:15 : 10035 steps taken, and 4942 accepted.
[mcmc] Progress @ 2026-06-13 15:07:24 : 9355 steps taken, and 4750 accepted.
omega_m outside of bounds
omega_m outside of bounds
[mcmc] Progress @ 2026-06-13 15:07:27 : 9224 steps taken, and 5135 accepted.
omega_m outside of bounds
omega_m outside of bounds
omega_m outside of bounds
omega_m outside of bounds
omega_m outside of bounds
omega_m outside of bounds
omega_m outside of bounds
[mcmc] Progress @ 2026-06-13 15:07:50 : 9169 steps taken, and 5057 accepted.
omega_m outside of bounds
omega_m outside of bounds
omega_m outside of bounds
omega_m outside of bounds
omega_m outside of bounds
omega_m outside of bounds
[mcmc] Progress @ 2026-06-13 15:07:56 : 9032 steps taken, and 5052 accepted.
[mcmc] Progress @ 2026-06-13 15:07:57 : 10004 steps taken, and 4866 accepted.
[mcmc] Progress @ 2026-06-13 15:08:00 : 9872 steps taken, and 5041 accepted.
[mcmc] Progress @ 2026-06-13 15:08:03 : 9092 steps taken, and 4368 accepted.
omega_m outside of bounds
omega_m outside of bounds
omega_m outside of bounds
omega_m outside of bounds
omega_m outside of bounds
omega_m outside of bounds
omega_m outside of bounds
omega_m outside of bounds
[mcmc] Progress @ 2026-06-13 15:08:17 : 10068 steps taken, and 4951 accepted.
[mcmc] Progress @ 2026-06-13 15:08:25 : 9373 steps taken, and 4756 accepted.
omega_m outside of bounds
omega_m outside of bounds
omega_m outside of bounds
omega_m outside of bounds
omega_m outside of bounds
[mcmc] Progress @ 2026-06-13 15:08:31 : 9250 steps taken, and 5142 accepted.
omega_m outside of bounds
omega_m outside of bounds
omega_m outside of bounds
omega_m outside of bounds
omega_m outside of bounds
omega_m outside of bounds
[mcmc] Progress @ 2026-06-13 15:08:54 : 9198 steps taken, and 5068 accepted.
omega_m outside of bounds
[mcmc] Progress @ 2026-06-13 15:08:57 : 9050 steps taken, and 5060 accepted.
[mcmc] Progress @ 2026-06-13 15:08:59 : 10031 steps taken, and 4872 accepted.
[mcmc] Progress @ 2026-06-13 15:09:00 : 9886 steps taken, and 5049 accepted.
[mcmc] Progress @ 2026-06-13 15:09:04 : 9120 steps taken, and 4377 accepted.
omega_m outside of bounds
omega_m outside of bounds
omega_m outside of bounds
omega_m outside of bounds
omega_m outside of bounds
omega_m outside of bounds
omega_m outside of bounds
omega_m outside of bounds
omega_m outside of bounds
[mcmc] Progress @ 2026-06-13 15:09:19 : 10104 steps taken, and 4959 accepted.
[mcmc] Progress @ 2026-06-13 15:09:26 : 9390 steps taken, and 4762 accepted.
omega_m outside of bounds
omega_m outside of bounds
omega_m outside of bounds
omega_m outside of bounds
omega_m outside of bounds
omega_m outside of bounds
omega_m outside of bounds
omega_m outside of bounds
omega_m outside of bounds
omega_m outside of bounds
[mcmc] Progress @ 2026-06-13 15:09:31 : 9275 steps taken, and 5148 accepted.
[mcmc] Progress @ 2026-06-13 15:09:58 : 9217 steps taken, and 5077 accepted.
[mcmc] Progress @ 2026-06-13 15:09:58 : 9065 steps taken, and 5071 accepted.
[mcmc] Progress @ 2026-06-13 15:10:00 : 10056 steps taken, and 4878 accepted.
[mcmc] Progress @ 2026-06-13 15:10:00 : 9909 steps taken, and 5056 accepted.
[mcmc] Progress @ 2026-06-13 15:10:06 : 9137 steps taken, and 4386 accepted.
omega_m outside of bounds
omega_m outside of bounds
omega_m outside of bounds
omega_m outside of bounds
omega_m outside of bounds
omega_m outside of bounds
[mcmc] Progress @ 2026-06-13 15:10:20 : 10125 steps taken, and 4964 accepted.
[mcmc] Progress @ 2026-06-13 15:10:26 : 9404 steps taken, and 4767 accepted.
omega_m outside of bounds
omega_m outside of bounds
omega_m outside of bounds
omega_m outside of bounds
omega_m outside of bounds
omega_m outside of bounds
[mcmc] Progress @ 2026-06-13 15:10:35 : 9293 steps taken, and 5155 accepted.
omega_m outside of bounds
omega_m outside of bounds
[mcmc] Progress @ 2026-06-13 15:11:00 : 9232 steps taken, and 5085 accepted.
[mcmc] Progress @ 2026-06-13 15:11:01 : 9925 steps taken, and 5062 accepted.
[mcmc] Progress @ 2026-06-13 15:11:01 : 9082 steps taken, and 5078 accepted.
[mcmc] Progress @ 2026-06-13 15:11:01 : 10079 steps taken, and 4883 accepted.
[mcmc] Progress @ 2026-06-13 15:11:07 : 9155 steps taken, and 4397 accepted.
omega_m outside of bounds
omega_m outside of bounds
omega_m outside of bounds
omega_m outside of bounds
omega_m outside of bounds
omega_m outside of bounds
omega_m outside of bounds
omega_m outside of bounds
omega_m outside of bounds
omega_m outside of bounds
omega_m outside of bounds
[mcmc] Progress @ 2026-06-13 15:11:21 : 10143 steps taken, and 4973 accepted.
[mcmc] Progress @ 2026-06-13 15:11:27 : 9428 steps taken, and 4774 accepted.
omega_m outside of bounds
omega_m outside of bounds
omega_m outside of bounds
omega_m outside of bounds
omega_m outside of bounds
[mcmc] Progress @ 2026-06-13 15:11:39 : 9308 steps taken, and 5160 accepted.
[mcmc] Progress @ 2026-06-13 15:12:00 : 9249 steps taken, and 5091 accepted.
[mcmc] Progress @ 2026-06-13 15:12:02 : 10097 steps taken, and 4888 accepted.
[mcmc] Progress @ 2026-06-13 15:12:03 : 9103 steps taken, and 5087 accepted.
[mcmc] Progress @ 2026-06-13 15:12:05 : 9945 steps taken, and 5072 accepted.
[mcmc] Progress @ 2026-06-13 15:12:09 : 9173 steps taken, and 4403 accepted.
omega_m outside of bounds
omega_m outside of bounds
omega_m outside of bounds
omega_m outside of bounds
omega_m outside of bounds
omega_m outside of bounds
omega_m outside of bounds
omega_m outside of bounds
omega_m outside of bounds
omega_m outside of bounds
omega_m outside of bounds
[mcmc] Progress @ 2026-06-13 15:12:25 : 10163 steps taken, and 4981 accepted.
[mcmc] Progress @ 2026-06-13 15:12:32 : 9460 steps taken, and 4780 accepted.
omega_m outside of bounds
omega_m outside of bounds
[mcmc] Progress @ 2026-06-13 15:12:41 : 9327 steps taken, and 5172 accepted.
[mcmc] Progress @ 2026-06-13 15:13:00 : 9263 steps taken, and 5103 accepted.
[mcmc] Progress @ 2026-06-13 15:13:03 : 10120 steps taken, and 4894 accepted.
[mcmc] Progress @ 2026-06-13 15:13:05 : 9125 steps taken, and 5093 accepted.
[mcmc] Progress @ 2026-06-13 15:13:05 : 9961 steps taken, and 5079 accepted.
[mcmc] Progress @ 2026-06-13 15:13:10 : 9190 steps taken, and 4412 accepted.
omega_m outside of bounds
omega_m outside of bounds
omega_m outside of bounds
omega_m outside of bounds
omega_m outside of bounds
omega_m outside of bounds
[mcmc] Progress @ 2026-06-13 15:13:25 : 10182 steps taken, and 4991 accepted.
[mcmc] Progress @ 2026-06-13 15:13:33 : 9477 steps taken, and 4785 accepted.
omega_m outside of bounds
[mcmc] Progress @ 2026-06-13 15:13:42 : 9362 steps taken, and 5181 accepted.
omega_m outside of bounds
[mcmc] Progress @ 2026-06-13 15:14:01 : 9287 steps taken, and 5113 accepted.
[mcmc] Progress @ 2026-06-13 15:14:04 : 10139 steps taken, and 4896 accepted.
[mcmc] Progress @ 2026-06-13 15:14:07 : 9990 steps taken, and 5087 accepted.
[mcmc] Progress @ 2026-06-13 15:14:08 : 9150 steps taken, and 5103 accepted.
[mcmc] Progress @ 2026-06-13 15:14:11 : 9217 steps taken, and 4423 accepted.
omega_m outside of bounds
omega_m outside of bounds
omega_m outside of bounds
omega_m outside of bounds
omega_m outside of bounds
omega_m outside of bounds
omega_m outside of bounds
[mcmc] Progress @ 2026-06-13 15:14:26 : 10208 steps taken, and 4997 accepted.
[mcmc] Progress @ 2026-06-13 15:14:33 : 9492 steps taken, and 4787 accepted.
[mcmc] Learn + convergence test @ 5120 samples accepted.
[mcmc]  - Acceptance rate: 0.504
[mcmc]  - Convergence of means: R-1 = 1.659388 after 4096 accepted steps
[mcmc]  - Updated covariance matrix of proposal pdf.
omega_m outside of bounds
omega_m outside of bounds
omega_m outside of bounds
omega_m outside of bounds
[mcmc] Progress @ 2026-06-13 15:14:42 : 9388 steps taken, and 5188 accepted.
[mcmc] Progress @ 2026-06-13 15:15:03 : 9304 steps taken, and 5123 accepted.
[mcmc] Progress @ 2026-06-13 15:15:05 : 10166 steps taken, and 4900 accepted.
[mcmc] Progress @ 2026-06-13 15:15:09 : 9171 steps taken, and 5115 accepted.
[mcmc] Progress @ 2026-06-13 15:15:12 : 10006 steps taken, and 5093 accepted.
[mcmc] Progress @ 2026-06-13 15:15:15 : 9234 steps taken, and 4427 accepted.
omega_m outside of bounds
omega_m outside of bounds
omega_m outside of bounds
omega_m outside of bounds
omega_m outside of bounds
omega_m outside of bounds
omega_m outside of bounds
omega_m outside of bounds
omega_m outside of bounds
omega_m outside of bounds
omega_m outside of bounds
omega_m outside of bounds
omega_m outside of bounds
omega_m outside of bounds
omega_m outside of bounds
[mcmc] Progress @ 2026-06-13 15:15:30 : 10240 steps taken, and 5006 accepted.
[mcmc] Progress @ 2026-06-13 15:15:34 : 9508 steps taken, and 4790 accepted.
omega_m outside of bounds
[mcmc] Learn + convergence test @ 5120 samples accepted.
[mcmc]  - Acceptance rate: 0.514
[mcmc]  - Convergence of means: R-1 = 0.894237 after 4096 accepted steps
[mcmc]  - Updated covariance matrix of proposal pdf.
omega_m outside of bounds
omega_m outside of bounds
omega_m outside of bounds
omega_m outside of bounds
omega_m outside of bounds
omega_m outside of bounds
omega_m outside of bounds
omega_m outside of bounds
omega_m outside of bounds
omega_m outside of bounds
[mcmc] Progress @ 2026-06-13 15:15:44 : 9413 steps taken, and 5194 accepted.
[mcmc] Progress @ 2026-06-13 15:16:04 : 9325 steps taken, and 5133 accepted.
[mcmc] Progress @ 2026-06-13 15:16:07 : 10186 steps taken, and 4906 accepted.
[mcmc] Progress @ 2026-06-13 15:16:12 : 9202 steps taken, and 5125 accepted.
[mcmc] Progress @ 2026-06-13 15:16:16 : 10026 steps taken, and 5102 accepted.
[mcmc] Progress @ 2026-06-13 15:16:18 : 9256 steps taken, and 4433 accepted.
omega_m outside of bounds
omega_m outside of bounds
omega_m outside of bounds
omega_m outside of bounds
omega_m outside of bounds
omega_m outside of bounds
omega_m outside of bounds
omega_m outside of bounds
omega_m outside of bounds
omega_m outside of bounds
omega_m outside of bounds
omega_m outside of bounds
omega_m outside of bounds
[mcmc] Progress @ 2026-06-13 15:16:30 : 10264 steps taken, and 5012 accepted.
[mcmc] Progress @ 2026-06-13 15:16:35 : 9526 steps taken, and 4793 accepted.
omega_m outside of bounds
[mcmc] Progress @ 2026-06-13 15:16:48 : 9439 steps taken, and 5200 accepted.
omega_m outside of bounds
omega_m outside of bounds
omega_m outside of bounds
[mcmc] Progress @ 2026-06-13 15:17:05 : 9339 steps taken, and 5145 accepted.
[mcmc] Progress @ 2026-06-13 15:17:11 : 10208 steps taken, and 4912 accepted.
omega_m outside of bounds
[mcmc] Progress @ 2026-06-13 15:17:13 : 9228 steps taken, and 5132 accepted.
[mcmc] Progress @ 2026-06-13 15:17:17 : 10040 steps taken, and 5111 accepted.
[mcmc] Progress @ 2026-06-13 15:17:21 : 9276 steps taken, and 4440 accepted.
omega_m outside of bounds
omega_m outside of bounds
omega_m outside of bounds
omega_m outside of bounds
omega_m outside of bounds
omega_m outside of bounds
omega_m outside of bounds
omega_m outside of bounds
omega_m outside of bounds
omega_m outside of bounds
omega_m outside of bounds
omega_m outside of bounds
omega_m outside of bounds
omega_m outside of bounds
[mcmc] Progress @ 2026-06-13 15:17:31 : 10304 steps taken, and 5019 accepted.
[mcmc] Progress @ 2026-06-13 15:17:35 : 9541 steps taken, and 4793 accepted.
omega_m outside of bounds
[mcmc] Progress @ 2026-06-13 15:17:50 : 9462 steps taken, and 5208 accepted.
[mcmc] Progress @ 2026-06-13 15:18:06 : 9360 steps taken, and 5156 accepted.
[mcmc] Progress @ 2026-06-13 15:18:13 : 10232 steps taken, and 4916 accepted.
[mcmc] Progress @ 2026-06-13 15:18:14 : 9262 steps taken, and 5141 accepted.
[mcmc] Progress @ 2026-06-13 15:18:19 : 10055 steps taken, and 5118 accepted.
[mcmc] Progress @ 2026-06-13 15:18:24 : 9297 steps taken, and 4443 accepted.
[mcmc] Learn + convergence test @ 4800 samples accepted.
[mcmc]  - Acceptance rate: 0.462
[mcmc]  - Convergence of means: R-1 = 1.457219 after 3840 accepted steps
[mcmc]  - Updated covariance matrix of proposal pdf.
omega_m outside of bounds
omega_m outside of bounds
omega_m outside of bounds
omega_m outside of bounds
omega_m outside of bounds
omega_m outside of bounds
omega_m outside of bounds
omega_m outside of bounds
omega_m outside of bounds
omega_m outside of bounds
omega_m outside of bounds
omega_m outside of bounds
[mcmc] Progress @ 2026-06-13 15:18:31 : 10334 steps taken, and 5026 accepted.
[mcmc] Progress @ 2026-06-13 15:18:36 : 9562 steps taken, and 4801 accepted.
omega_m outside of bounds
[mcmc] Learn + convergence test @ 5120 samples accepted.
[mcmc]  - Acceptance rate: 0.464
[mcmc]  - Convergence of means: R-1 = 1.982956 after 4096 accepted steps
[mcmc]  - Updated covariance matrix of proposal pdf.
omega_m outside of bounds
omega_m outside of bounds
omega_m outside of bounds
[mcmc] Progress @ 2026-06-13 15:18:54 : 9484 steps taken, and 5215 accepted.
[mcmc] Progress @ 2026-06-13 15:19:08 : 9374 steps taken, and 5165 accepted.
[mcmc] Progress @ 2026-06-13 15:19:13 : 10253 steps taken, and 4924 accepted.
[mcmc] Progress @ 2026-06-13 15:19:15 : 9288 steps taken, and 5150 accepted.
[mcmc] Progress @ 2026-06-13 15:19:22 : 10070 steps taken, and 5123 accepted.
[mcmc] Progress @ 2026-06-13 15:19:25 : 9319 steps taken, and 4451 accepted.
omega_m outside of bounds
omega_m outside of bounds
omega_m outside of bounds
omega_m outside of bounds
omega_m outside of bounds
omega_m outside of bounds
omega_m outside of bounds
omega_m outside of bounds
omega_m outside of bounds
omega_m outside of bounds
omega_m outside of bounds
omega_m outside of bounds
omega_m outside of bounds
[mcmc] Progress @ 2026-06-13 15:19:31 : 10361 steps taken, and 5031 accepted.
[mcmc] Progress @ 2026-06-13 15:19:36 : 9586 steps taken, and 4807 accepted.
omega_m outside of bounds
omega_m outside of bounds
omega_m outside of bounds
omega_m outside of bounds
[mcmc] Progress @ 2026-06-13 15:19:55 : 9509 steps taken, and 5219 accepted.
[mcmc] Progress @ 2026-06-13 15:20:11 : 9390 steps taken, and 5177 accepted.
[mcmc] Progress @ 2026-06-13 15:20:15 : 10273 steps taken, and 4933 accepted.
[mcmc] Progress @ 2026-06-13 15:20:17 : 9315 steps taken, and 5156 accepted.
[mcmc] Progress @ 2026-06-13 15:20:25 : 10104 steps taken, and 5127 accepted.
[mcmc] Progress @ 2026-06-13 15:20:26 : 9337 steps taken, and 4462 accepted.
omega_m outside of bounds
omega_m outside of bounds
omega_m outside of bounds
omega_m outside of bounds
omega_m outside of bounds
omega_m outside of bounds
omega_m outside of bounds
omega_m outside of bounds
omega_m outside of bounds
omega_m outside of bounds
omega_m outside of bounds
[mcmc] Progress @ 2026-06-13 15:20:31 : 10384 steps taken, and 5036 accepted.
[mcmc] Progress @ 2026-06-13 15:20:37 : 9607 steps taken, and 4815 accepted.
omega_m outside of bounds
omega_m outside of bounds
[mcmc] Progress @ 2026-06-13 15:20:58 : 9524 steps taken, and 5222 accepted.
omega_m outside of bounds
omega_m outside of bounds
omega_m outside of bounds
omega_m outside of bounds
omega_m outside of bounds
[mcmc] Progress @ 2026-06-13 15:21:12 : 9406 steps taken, and 5185 accepted.
[mcmc] Progress @ 2026-06-13 15:21:15 : 10290 steps taken, and 4940 accepted.
[mcmc] Progress @ 2026-06-13 15:21:20 : 9333 steps taken, and 5163 accepted.
[mcmc] Progress @ 2026-06-13 15:21:27 : 10128 steps taken, and 5134 accepted.
[mcmc] Progress @ 2026-06-13 15:21:29 : 9352 steps taken, and 4470 accepted.
omega_m outside of bounds
omega_m outside of bounds
omega_m outside of bounds
omega_m outside of bounds
omega_m outside of bounds
omega_m outside of bounds
omega_m outside of bounds
omega_m outside of bounds
[mcmc] Progress @ 2026-06-13 15:21:32 : 10405 steps taken, and 5042 accepted.
[mcmc] Progress @ 2026-06-13 15:21:39 : 9625 steps taken, and 4823 accepted.
[mcmc] Progress @ 2026-06-13 15:22:01 : 9538 steps taken, and 5228 accepted.
omega_m outside of bounds
omega_m outside of bounds
omega_m outside of bounds
omega_m outside of bounds
omega_m outside of bounds
omega_m outside of bounds
omega_m outside of bounds
omega_m outside of bounds
omega_m outside of bounds
[mcmc] Progress @ 2026-06-13 15:22:13 : 9430 steps taken, and 5196 accepted.
[mcmc] Progress @ 2026-06-13 15:22:15 : 10309 steps taken, and 4947 accepted.
[mcmc] Progress @ 2026-06-13 15:22:23 : 9349 steps taken, and 5174 accepted.
[mcmc] Progress @ 2026-06-13 15:22:27 : 10147 steps taken, and 5142 accepted.
[mcmc] Progress @ 2026-06-13 15:22:30 : 9374 steps taken, and 4479 accepted.
[mcmc] Progress @ 2026-06-13 15:22:33 : 10426 steps taken, and 5048 accepted.
[mcmc] Learn + convergence test @ 4480 samples accepted.
[mcmc]  - Acceptance rate: 0.433
[mcmc]  - Convergence of means: R-1 = 0.992641 after 3584 accepted steps
[blockedproposer] *ERROR* The given covmat is not a positive-definite, symmetric square matrix.
[mcmc] Progress @ 2026-06-13 15:22:40 : 9641 steps taken, and 4827 accepted.
omega_m outside of bounds
[mcmc] Progress @ 2026-06-13 15:23:02 : 9554 steps taken, and 5235 accepted.
omega_m outside of bounds
omega_m outside of bounds
omega_m outside of bounds
omega_m outside of bounds
omega_m outside of bounds
omega_m outside of bounds
[mcmc] Progress @ 2026-06-13 15:23:14 : 9464 steps taken, and 5206 accepted.
[mcmc] Progress @ 2026-06-13 15:23:16 : 10336 steps taken, and 4956 accepted.
omega_m outside of bounds
[mcmc] Progress @ 2026-06-13 15:23:24 : 9364 steps taken, and 5181 accepted.
[mcmc] Progress @ 2026-06-13 15:23:29 : 10173 steps taken, and 5150 accepted.
[mcmc] Progress @ 2026-06-13 15:23:33 : 9393 steps taken, and 4488 accepted.
omega_m outside of bounds
omega_m outside of bounds
[mcmc] Progress @ 2026-06-13 15:23:34 : 10446 steps taken, and 5056 accepted.
omega_m outside of bounds
[mcmc] Progress @ 2026-06-13 15:23:41 : 9657 steps taken, and 4834 accepted.
omega_m outside of bounds
[mcmc] Progress @ 2026-06-13 15:24:03 : 9569 steps taken, and 5240 accepted.
[mcmc] Progress @ 2026-06-13 15:24:14 : 9483 steps taken, and 5213 accepted.
[mcmc] Progress @ 2026-06-13 15:24:16 : 10360 steps taken, and 4964 accepted.
[mcmc] Progress @ 2026-06-13 15:24:27 : 9385 steps taken, and 5187 accepted.
[mcmc] Progress @ 2026-06-13 15:24:30 : 10199 steps taken, and 5156 accepted.
[mcmc] Progress @ 2026-06-13 15:24:34 : 9410 steps taken, and 4498 accepted.
[mcmc] Progress @ 2026-06-13 15:24:34 : 10467 steps taken, and 5067 accepted.
[mcmc] Progress @ 2026-06-13 15:24:42 : 9675 steps taken, and 4840 accepted.
[mcmc] Progress @ 2026-06-13 15:25:03 : 9583 steps taken, and 5246 accepted.
[mcmc] Progress @ 2026-06-13 15:25:15 : 9499 steps taken, and 5220 accepted.
[mcmc] Progress @ 2026-06-13 15:25:17 : 10379 steps taken, and 4974 accepted.
[mcmc] Progress @ 2026-06-13 15:25:27 : 9402 steps taken, and 5194 accepted.
[mcmc] Progress @ 2026-06-13 15:25:31 : 10218 steps taken, and 5166 accepted.
[mcmc] Progress @ 2026-06-13 15:25:36 : 10487 steps taken, and 5075 accepted.
[mcmc] Progress @ 2026-06-13 15:25:37 : 9430 steps taken, and 4506 accepted.
omega_m outside of bounds
omega_m outside of bounds
omega_m outside of bounds
omega_m outside of bounds
omega_m outside of bounds
[mcmc] Progress @ 2026-06-13 15:25:43 : 9691 steps taken, and 4848 accepted.
omega_m outside of bounds
[mcmc] Progress @ 2026-06-13 15:26:06 : 9602 steps taken, and 5251 accepted.
omega_m outside of bounds
omega_m outside of bounds
[mcmc] Progress @ 2026-06-13 15:26:15 : 9520 steps taken, and 5231 accepted.
[mcmc] Progress @ 2026-06-13 15:26:18 : 10393 steps taken, and 4984 accepted.
[mcmc] Progress @ 2026-06-13 15:26:28 : 9438 steps taken, and 5203 accepted.
[mcmc] Progress @ 2026-06-13 15:26:31 : 10235 steps taken, and 5175 accepted.
[mcmc] Progress @ 2026-06-13 15:26:39 : 10506 steps taken, and 5081 accepted.
[mcmc] Progress @ 2026-06-13 15:26:40 : 9451 steps taken, and 4512 accepted.
omega_m outside of bounds
omega_m outside of bounds
omega_m outside of bounds
omega_m outside of bounds
omega_m outside of bounds
omega_m outside of bounds
[mcmc] Progress @ 2026-06-13 15:26:45 : 9707 steps taken, and 4855 accepted.
omega_m outside of bounds
omega_m outside of bounds
[mcmc] Progress @ 2026-06-13 15:27:10 : 9626 steps taken, and 5260 accepted.
[mcmc] Progress @ 2026-06-13 15:27:15 : 9534 steps taken, and 5237 accepted.
omega_m outside of bounds
omega_m outside of bounds
[mcmc] Progress @ 2026-06-13 15:27:20 : 10410 steps taken, and 4990 accepted.
[mcmc] Progress @ 2026-06-13 15:27:31 : 9458 steps taken, and 5209 accepted.
[mcmc] Progress @ 2026-06-13 15:27:32 : 10253 steps taken, and 5181 accepted.
[mcmc] Progress @ 2026-06-13 15:27:41 : 10527 steps taken, and 5088 accepted.
[mcmc] Progress @ 2026-06-13 15:27:42 : 9477 steps taken, and 4522 accepted.
omega_m outside of bounds
[mcmc] Progress @ 2026-06-13 15:27:48 : 9723 steps taken, and 4861 accepted.
omega_m outside of bounds
[mcmc] Progress @ 2026-06-13 15:28:13 : 9648 steps taken, and 5267 accepted.
[mcmc] Progress @ 2026-06-13 15:28:20 : 9551 steps taken, and 5245 accepted.
[mcmc] Progress @ 2026-06-13 15:28:21 : 10436 steps taken, and 4999 accepted.
[mcmc] Progress @ 2026-06-13 15:28:32 : 10267 steps taken, and 5190 accepted.
omega_m outside of bounds
[mcmc] Progress @ 2026-06-13 15:28:35 : 9474 steps taken, and 5215 accepted.
[mcmc] Progress @ 2026-06-13 15:28:42 : 10550 steps taken, and 5098 accepted.
[mcmc] Progress @ 2026-06-13 15:28:44 : 9503 steps taken, and 4531 accepted.
omega_m outside of bounds
[mcmc] Progress @ 2026-06-13 15:28:51 : 9750 steps taken, and 4870 accepted.
omega_m outside of bounds
omega_m outside of bounds
omega_m outside of bounds
omega_m outside of bounds
omega_m outside of bounds
omega_m outside of bounds
omega_m outside of bounds
omega_m outside of bounds
omega_m outside of bounds
omega_m outside of bounds
[mcmc] Progress @ 2026-06-13 15:29:15 : 9663 steps taken, and 5275 accepted.
[mcmc] Progress @ 2026-06-13 15:29:21 : 9578 steps taken, and 5250 accepted.
[mcmc] Progress @ 2026-06-13 15:29:21 : 10455 steps taken, and 5006 accepted.
[mcmc] Progress @ 2026-06-13 15:29:32 : 10287 steps taken, and 5197 accepted.
omega_m outside of bounds
omega_m outside of bounds
omega_m outside of bounds
[mcmc] Progress @ 2026-06-13 15:29:39 : 9499 steps taken, and 5221 accepted.
[mcmc] Progress @ 2026-06-13 15:29:44 : 10568 steps taken, and 5107 accepted.
[mcmc] Progress @ 2026-06-13 15:29:45 : 9519 steps taken, and 4536 accepted.
[mcmc] Progress @ 2026-06-13 15:29:53 : 9775 steps taken, and 4879 accepted.
omega_m outside of bounds
omega_m outside of bounds
omega_m outside of bounds
omega_m outside of bounds
omega_m outside of bounds
omega_m outside of bounds
omega_m outside of bounds
omega_m outside of bounds
omega_m outside of bounds
omega_m outside of bounds
omega_m outside of bounds
[mcmc] Progress @ 2026-06-13 15:30:16 : 9683 steps taken, and 5281 accepted.
[mcmc] Progress @ 2026-06-13 15:30:22 : 10472 steps taken, and 5014 accepted.
[mcmc] Progress @ 2026-06-13 15:30:25 : 9605 steps taken, and 5260 accepted.
omega_m outside of bounds
[mcmc] Progress @ 2026-06-13 15:30:32 : 10308 steps taken, and 5202 accepted.
omega_m outside of bounds
omega_m outside of bounds
omega_m outside of bounds
[mcmc] Progress @ 2026-06-13 15:30:42 : 9514 steps taken, and 5232 accepted.
[mcmc] Progress @ 2026-06-13 15:30:44 : 10583 steps taken, and 5112 accepted.
[mcmc] Progress @ 2026-06-13 15:30:45 : 9536 steps taken, and 4545 accepted.
omega_m outside of bounds
[mcmc] Progress @ 2026-06-13 15:30:54 : 9797 steps taken, and 4888 accepted.
omega_m outside of bounds
omega_m outside of bounds
omega_m outside of bounds
omega_m outside of bounds
omega_m outside of bounds
omega_m outside of bounds
omega_m outside of bounds
omega_m outside of bounds
omega_m outside of bounds
omega_m outside of bounds
omega_m outside of bounds
omega_m outside of bounds
omega_m outside of bounds
[mcmc] Progress @ 2026-06-13 15:31:18 : 9706 steps taken, and 5288 accepted.
[mcmc] Progress @ 2026-06-13 15:31:23 : 10493 steps taken, and 5023 accepted.
[mcmc] Progress @ 2026-06-13 15:31:27 : 9625 steps taken, and 5266 accepted.
omega_m outside of bounds
[mcmc] Progress @ 2026-06-13 15:31:33 : 10332 steps taken, and 5209 accepted.
omega_m outside of bounds
omega_m outside of bounds
omega_m outside of bounds
omega_m outside of bounds
omega_m outside of bounds
omega_m outside of bounds
omega_m outside of bounds
omega_m outside of bounds
omega_m outside of bounds
[mcmc] Progress @ 2026-06-13 15:31:45 : 9532 steps taken, and 5239 accepted.
[mcmc] Progress @ 2026-06-13 15:31:46 : 9561 steps taken, and 4554 accepted.
[mcmc] Progress @ 2026-06-13 15:31:47 : 10604 steps taken, and 5119 accepted.
[mcmc] Learn + convergence test @ 5120 samples accepted.
[mcmc]  - Acceptance rate: 0.438
[mcmc]  - Convergence of means: R-1 = 5.114358 after 4096 accepted steps
[blockedproposer] *ERROR* The given covmat is not a positive-definite, symmetric square matrix.
[mcmc] Progress @ 2026-06-13 15:31:54 : 9843 steps taken, and 4896 accepted.
omega_m outside of bounds
omega_m outside of bounds
omega_m outside of bounds
omega_m outside of bounds
omega_m outside of bounds
omega_m outside of bounds
omega_m outside of bounds
omega_m outside of bounds
omega_m outside of bounds
omega_m outside of bounds
omega_m outside of bounds
omega_m outside of bounds
[mcmc] Progress @ 2026-06-13 15:32:18 : 9725 steps taken, and 5295 accepted.
[mcmc] Progress @ 2026-06-13 15:32:24 : 10515 steps taken, and 5032 accepted.
[mcmc] Progress @ 2026-06-13 15:32:30 : 9649 steps taken, and 5271 accepted.
[mcmc] Progress @ 2026-06-13 15:32:33 : 10361 steps taken, and 5218 accepted.
omega_m outside of bounds
omega_m outside of bounds
omega_m outside of bounds
omega_m outside of bounds
omega_m outside of bounds
omega_m outside of bounds
omega_m outside of bounds
omega_m outside of bounds
omega_m outside of bounds
omega_m outside of bounds
omega_m outside of bounds
omega_m outside of bounds
[mcmc] Progress @ 2026-06-13 15:32:47 : 9551 steps taken, and 5247 accepted.
[mcmc] Progress @ 2026-06-13 15:32:48 : 9578 steps taken, and 4562 accepted.
[mcmc] Progress @ 2026-06-13 15:32:49 : 10628 steps taken, and 5127 accepted.
[mcmc] Progress @ 2026-06-13 15:32:55 : 9867 steps taken, and 4903 accepted.
omega_m outside of bounds
omega_m outside of bounds
omega_m outside of bounds
omega_m outside of bounds
omega_m outside of bounds
omega_m outside of bounds
omega_m outside of bounds
omega_m outside of bounds
omega_m outside of bounds
omega_m outside of bounds
omega_m outside of bounds
omega_m outside of bounds
[mcmc] Progress @ 2026-06-13 15:33:21 : 9745 steps taken, and 5301 accepted.
[mcmc] Progress @ 2026-06-13 15:33:25 : 10534 steps taken, and 5041 accepted.
omega_m outside of bounds
omega_m outside of bounds
[mcmc] Progress @ 2026-06-13 15:33:34 : 9668 steps taken, and 5277 accepted.
[mcmc] Progress @ 2026-06-13 15:33:34 : 10384 steps taken, and 5225 accepted.
omega_m outside of bounds
omega_m outside of bounds
omega_m outside of bounds
omega_m outside of bounds
omega_m outside of bounds
omega_m outside of bounds
omega_m outside of bounds
omega_m outside of bounds
omega_m outside of bounds
[mcmc] Progress @ 2026-06-13 15:33:48 : 9579 steps taken, and 5258 accepted.
[mcmc] Progress @ 2026-06-13 15:33:49 : 9601 steps taken, and 4572 accepted.
[mcmc] Progress @ 2026-06-13 15:33:51 : 10649 steps taken, and 5137 accepted.
[mcmc] Progress @ 2026-06-13 15:33:55 : 9884 steps taken, and 4910 accepted.
omega_m outside of bounds
omega_m outside of bounds
omega_m outside of bounds
omega_m outside of bounds
omega_m outside of bounds
omega_m outside of bounds
omega_m outside of bounds
omega_m outside of bounds
omega_m outside of bounds
omega_m outside of bounds
omega_m outside of bounds
omega_m outside of bounds
omega_m outside of bounds
[mcmc] Progress @ 2026-06-13 15:34:25 : 9761 steps taken, and 5308 accepted.
[mcmc] Progress @ 2026-06-13 15:34:26 : 10558 steps taken, and 5049 accepted.
[mcmc] Progress @ 2026-06-13 15:34:36 : 10406 steps taken, and 5232 accepted.
omega_m outside of bounds
omega_m outside of bounds
omega_m outside of bounds
omega_m outside of bounds
omega_m outside of bounds
omega_m outside of bounds
omega_m outside of bounds
omega_m outside of bounds
omega_m outside of bounds
[mcmc] Progress @ 2026-06-13 15:34:37 : 9686 steps taken, and 5282 accepted.
[mcmc] Progress @ 2026-06-13 15:34:49 : 9596 steps taken, and 5268 accepted.
[mcmc] Progress @ 2026-06-13 15:34:50 : 9626 steps taken, and 4579 accepted.
[mcmc] Progress @ 2026-06-13 15:34:55 : 10668 steps taken, and 5144 accepted.
[mcmc] Progress @ 2026-06-13 15:34:56 : 9900 steps taken, and 4919 accepted.
omega_m outside of bounds
omega_m outside of bounds
omega_m outside of bounds
omega_m outside of bounds
omega_m outside of bounds
omega_m outside of bounds
[mcmc] Progress @ 2026-06-13 15:35:26 : 9774 steps taken, and 5314 accepted.
[mcmc] Progress @ 2026-06-13 15:35:27 : 10581 steps taken, and 5055 accepted.
[mcmc] Progress @ 2026-06-13 15:35:39 : 10425 steps taken, and 5240 accepted.
omega_m outside of bounds
[mcmc] Progress @ 2026-06-13 15:35:40 : 9701 steps taken, and 5291 accepted.
[mcmc] Progress @ 2026-06-13 15:35:51 : 9655 steps taken, and 4583 accepted.
[mcmc] Progress @ 2026-06-13 15:35:51 : 9635 steps taken, and 5277 accepted.
[mcmc] Progress @ 2026-06-13 15:35:57 : 9916 steps taken, and 4925 accepted.
[mcmc] Progress @ 2026-06-13 15:35:58 : 10695 steps taken, and 5151 accepted.
omega_m outside of bounds
omega_m outside of bounds
omega_m outside of bounds
omega_m outside of bounds
[mcmc] Progress @ 2026-06-13 15:36:26 : 9788 steps taken, and 5324 accepted.
[mcmc] Progress @ 2026-06-13 15:36:28 : 10603 steps taken, and 5060 accepted.
[mcmc] Progress @ 2026-06-13 15:36:40 : 9715 steps taken, and 5298 accepted.
[mcmc] Progress @ 2026-06-13 15:36:42 : 10441 steps taken, and 5248 accepted.
[mcmc] Progress @ 2026-06-13 15:36:52 : 9687 steps taken, and 4591 accepted.
[mcmc] Progress @ 2026-06-13 15:36:52 : 9652 steps taken, and 5285 accepted.
[mcmc] Progress @ 2026-06-13 15:36:57 : 9932 steps taken, and 4931 accepted.
omega_m outside of bounds
omega_m outside of bounds
[mcmc] Progress @ 2026-06-13 15:37:02 : 10723 steps taken, and 5158 accepted.
omega_m outside of bounds
omega_m outside of bounds
omega_m outside of bounds
omega_m outside of bounds
omega_m outside of bounds
omega_m outside of bounds
omega_m outside of bounds
omega_m outside of bounds
omega_m outside of bounds
omega_m outside of bounds
omega_m outside of bounds
[mcmc] Progress @ 2026-06-13 15:37:29 : 9804 steps taken, and 5329 accepted.
[mcmc] Progress @ 2026-06-13 15:37:30 : 10622 steps taken, and 5068 accepted.
[mcmc] Progress @ 2026-06-13 15:37:43 : 10462 steps taken, and 5253 accepted.
[mcmc] Progress @ 2026-06-13 15:37:44 : 9730 steps taken, and 5305 accepted.
[mcmc] Progress @ 2026-06-13 15:37:54 : 9703 steps taken, and 4598 accepted.
[mcmc] Progress @ 2026-06-13 15:37:55 : 9679 steps taken, and 5296 accepted.
[mcmc] Progress @ 2026-06-13 15:37:58 : 9952 steps taken, and 4938 accepted.
omega_m outside of bounds
omega_m outside of bounds
omega_m outside of bounds
omega_m outside of bounds
omega_m outside of bounds
omega_m outside of bounds
omega_m outside of bounds
omega_m outside of bounds
omega_m outside of bounds
omega_m outside of bounds
omega_m outside of bounds
omega_m outside of bounds
omega_m outside of bounds
[mcmc] Progress @ 2026-06-13 15:38:03 : 10754 steps taken, and 5169 accepted.
[mcmc] Progress @ 2026-06-13 15:38:31 : 10640 steps taken, and 5077 accepted.
omega_m outside of bounds
omega_m outside of bounds
omega_m outside of bounds
omega_m outside of bounds
omega_m outside of bounds
omega_m outside of bounds
omega_m outside of bounds
omega_m outside of bounds
omega_m outside of bounds
omega_m outside of bounds
omega_m outside of bounds
omega_m outside of bounds
omega_m outside of bounds
[mcmc] Progress @ 2026-06-13 15:38:32 : 9820 steps taken, and 5337 accepted.
[mcmc] Progress @ 2026-06-13 15:38:43 : 10485 steps taken, and 5261 accepted.
[mcmc] Progress @ 2026-06-13 15:38:48 : 9752 steps taken, and 5313 accepted.
[mcmc] Progress @ 2026-06-13 15:38:55 : 9722 steps taken, and 4606 accepted.
[mcmc] Progress @ 2026-06-13 15:38:56 : 9700 steps taken, and 5303 accepted.
[mcmc] Progress @ 2026-06-13 15:38:58 : 9983 steps taken, and 4948 accepted.
omega_m outside of bounds
omega_m outside of bounds
omega_m outside of bounds
omega_m outside of bounds
omega_m outside of bounds
[mcmc] Progress @ 2026-06-13 15:39:05 : 10777 steps taken, and 5174 accepted.
[mcmc] Progress @ 2026-06-13 15:39:31 : 10660 steps taken, and 5087 accepted.
omega_m outside of bounds
omega_m outside of bounds
omega_m outside of bounds
omega_m outside of bounds
omega_m outside of bounds
omega_m outside of bounds
omega_m outside of bounds
omega_m outside of bounds
omega_m outside of bounds
omega_m outside of bounds
omega_m outside of bounds
omega_m outside of bounds
omega_m outside of bounds
[mcmc] Progress @ 2026-06-13 15:39:35 : 9835 steps taken, and 5343 accepted.
[mcmc] Progress @ 2026-06-13 15:39:43 : 10506 steps taken, and 5269 accepted.
omega_m outside of bounds
omega_m outside of bounds
omega_m outside of bounds
omega_m outside of bounds
omega_m outside of bounds
omega_m outside of bounds
omega_m outside of bounds
[mcmc] Progress @ 2026-06-13 15:39:48 : 9769 steps taken, and 5322 accepted.
omega_m outside of bounds
omega_m outside of bounds
omega_m outside of bounds
omega_m outside of bounds
[mcmc] Progress @ 2026-06-13 15:39:56 : 9717 steps taken, and 5312 accepted.
[mcmc] Progress @ 2026-06-13 15:39:56 : 9738 steps taken, and 4616 accepted.
[mcmc] Progress @ 2026-06-13 15:39:58 : 10001 steps taken, and 4957 accepted.
omega_m outside of bounds
[mcmc] Progress @ 2026-06-13 15:40:06 : 10800 steps taken, and 5179 accepted.
[mcmc] Progress @ 2026-06-13 15:40:33 : 10690 steps taken, and 5095 accepted.
omega_m outside of bounds
[mcmc] Progress @ 2026-06-13 15:40:35 : 9850 steps taken, and 5347 accepted.
[mcmc] Progress @ 2026-06-13 15:40:44 : 10534 steps taken, and 5277 accepted.
omega_m outside of bounds
omega_m outside of bounds
omega_m outside of bounds
omega_m outside of bounds
omega_m outside of bounds
omega_m outside of bounds
omega_m outside of bounds
[mcmc] Progress @ 2026-06-13 15:40:48 : 9795 steps taken, and 5329 accepted.
omega_m outside of bounds
omega_m outside of bounds
omega_m outside of bounds
omega_m outside of bounds
omega_m outside of bounds
omega_m outside of bounds
omega_m outside of bounds
omega_m outside of bounds
omega_m outside of bounds
omega_m outside of bounds
omega_m outside of bounds
omega_m outside of bounds
[mcmc] Progress @ 2026-06-13 15:40:57 : 9744 steps taken, and 5323 accepted.
[mcmc] Progress @ 2026-06-13 15:40:57 : 9759 steps taken, and 4626 accepted.
[mcmc] Progress @ 2026-06-13 15:41:00 : 10021 steps taken, and 4964 accepted.
omega_m outside of bounds
omega_m outside of bounds
omega_m outside of bounds
omega_m outside of bounds
[mcmc] Progress @ 2026-06-13 15:41:08 : 10827 steps taken, and 5185 accepted.
[mcmc] Progress @ 2026-06-13 15:41:34 : 10714 steps taken, and 5103 accepted.
[mcmc] Progress @ 2026-06-13 15:41:36 : 9869 steps taken, and 5357 accepted.
[mcmc] Progress @ 2026-06-13 15:41:45 : 10556 steps taken, and 5285 accepted.
omega_m outside of bounds
omega_m outside of bounds
omega_m outside of bounds
[mcmc] Progress @ 2026-06-13 15:41:48 : 9816 steps taken, and 5339 accepted.
[mcmc] Progress @ 2026-06-13 15:41:59 : 9777 steps taken, and 4634 accepted.
omega_m outside of bounds
omega_m outside of bounds
omega_m outside of bounds
omega_m outside of bounds
omega_m outside of bounds
omega_m outside of bounds
omega_m outside of bounds
[mcmc] Progress @ 2026-06-13 15:42:00 : 9763 steps taken, and 5333 accepted.
[mcmc] Progress @ 2026-06-13 15:42:01 : 10047 steps taken, and 4970 accepted.
omega_m outside of bounds
omega_m outside of bounds
omega_m outside of bounds
omega_m outside of bounds
omega_m outside of bounds
omega_m outside of bounds
omega_m outside of bounds
omega_m outside of bounds
omega_m outside of bounds
omega_m outside of bounds
omega_m outside of bounds
[mcmc] Progress @ 2026-06-13 15:42:11 : 10843 steps taken, and 5190 accepted.
[mcmc] Progress @ 2026-06-13 15:42:36 : 10739 steps taken, and 5111 accepted.
omega_m outside of bounds
[mcmc] Progress @ 2026-06-13 15:42:37 : 9885 steps taken, and 5362 accepted.
[mcmc] Progress @ 2026-06-13 15:42:45 : 10577 steps taken, and 5295 accepted.
[mcmc] Progress @ 2026-06-13 15:42:50 : 9834 steps taken, and 5348 accepted.
[mcmc] Progress @ 2026-06-13 15:43:01 : 10064 steps taken, and 4979 accepted.
[mcmc] Progress @ 2026-06-13 15:43:02 : 9799 steps taken, and 4640 accepted.
omega_m outside of bounds
omega_m outside of bounds
omega_m outside of bounds
omega_m outside of bounds
omega_m outside of bounds
omega_m outside of bounds
omega_m outside of bounds
omega_m outside of bounds
omega_m outside of bounds
omega_m outside of bounds
omega_m outside of bounds
omega_m outside of bounds
omega_m outside of bounds
omega_m outside of bounds
[mcmc] Progress @ 2026-06-13 15:43:02 : 9786 steps taken, and 5341 accepted.
omega_m outside of bounds
omega_m outside of bounds
omega_m outside of bounds
omega_m outside of bounds
[mcmc] Progress @ 2026-06-13 15:43:13 : 10859 steps taken, and 5192 accepted.
omega_m outside of bounds
omega_m outside of bounds
omega_m outside of bounds
omega_m outside of bounds
omega_m outside of bounds
[mcmc] Progress @ 2026-06-13 15:43:38 : 9899 steps taken, and 5367 accepted.
[mcmc] Progress @ 2026-06-13 15:43:40 : 10760 steps taken, and 5119 accepted.
[mcmc] Progress @ 2026-06-13 15:43:46 : 10600 steps taken, and 5302 accepted.
[mcmc] Learn + convergence test @ 5120 samples accepted.
[mcmc]  - Acceptance rate: 0.428
[mcmc]  - Convergence of means: R-1 = 1.922091 after 4096 accepted steps
[mcmc]  - Updated covariance matrix of proposal pdf.
[mcmc] Progress @ 2026-06-13 15:43:54 : 9850 steps taken, and 5356 accepted.
[mcmc] Progress @ 2026-06-13 15:44:02 : 10080 steps taken, and 4984 accepted.
[mcmc] Progress @ 2026-06-13 15:44:03 : 9820 steps taken, and 4648 accepted.
omega_m outside of bounds
omega_m outside of bounds
omega_m outside of bounds
omega_m outside of bounds
omega_m outside of bounds
omega_m outside of bounds
omega_m outside of bounds
omega_m outside of bounds
omega_m outside of bounds
omega_m outside of bounds
omega_m outside of bounds
[mcmc] Progress @ 2026-06-13 15:44:04 : 9808 steps taken, and 5349 accepted.
omega_m outside of bounds
[mcmc] Progress @ 2026-06-13 15:44:16 : 10875 steps taken, and 5197 accepted.
omega_m outside of bounds
omega_m outside of bounds
omega_m outside of bounds
omega_m outside of bounds
omega_m outside of bounds
omega_m outside of bounds
omega_m outside of bounds
omega_m outside of bounds
omega_m outside of bounds
omega_m outside of bounds
[mcmc] Progress @ 2026-06-13 15:44:41 : 9919 steps taken, and 5374 accepted.
[mcmc] Progress @ 2026-06-13 15:44:44 : 10784 steps taken, and 5126 accepted.
[mcmc] Progress @ 2026-06-13 15:44:48 : 10616 steps taken, and 5306 accepted.
omega_m outside of bounds
omega_m outside of bounds
[mcmc] Progress @ 2026-06-13 15:44:56 : 9867 steps taken, and 5364 accepted.
omega_m outside of bounds
omega_m outside of bounds
omega_m outside of bounds
[mcmc] Progress @ 2026-06-13 15:45:04 : 10099 steps taken, and 4988 accepted.
omega_m outside of bounds
omega_m outside of bounds
omega_m outside of bounds
omega_m outside of bounds
omega_m outside of bounds
omega_m outside of bounds
omega_m outside of bounds
omega_m outside of bounds
omega_m outside of bounds
omega_m outside of bounds
omega_m outside of bounds
omega_m outside of bounds
omega_m outside of bounds
omega_m outside of bounds
[mcmc] Progress @ 2026-06-13 15:45:05 : 9828 steps taken, and 5358 accepted.
[mcmc] Progress @ 2026-06-13 15:45:05 : 9841 steps taken, and 4660 accepted.
[mcmc] Progress @ 2026-06-13 15:45:18 : 10889 steps taken, and 5202 accepted.
[mcmc] Progress @ 2026-06-13 15:45:45 : 10808 steps taken, and 5133 accepted.
omega_m outside of bounds
omega_m outside of bounds
omega_m outside of bounds
omega_m outside of bounds
omega_m outside of bounds
omega_m outside of bounds
omega_m outside of bounds
omega_m outside of bounds
omega_m outside of bounds
omega_m outside of bounds
omega_m outside of bounds
omega_m outside of bounds
omega_m outside of bounds
omega_m outside of bounds
[mcmc] Progress @ 2026-06-13 15:45:45 : 9958 steps taken, and 5384 accepted.
[mcmc] Progress @ 2026-06-13 15:45:48 : 10634 steps taken, and 5312 accepted.
omega_m outside of bounds
omega_m outside of bounds
omega_m outside of bounds
omega_m outside of bounds
omega_m outside of bounds
omega_m outside of bounds
omega_m outside of bounds
omega_m outside of bounds
omega_m outside of bounds
omega_m outside of bounds
omega_m outside of bounds
omega_m outside of bounds
omega_m outside of bounds
[mcmc] Progress @ 2026-06-13 15:46:00 : 9907 steps taken, and 5374 accepted.
[mcmc] Progress @ 2026-06-13 15:46:05 : 10115 steps taken, and 4992 accepted.
omega_m outside of bounds
omega_m outside of bounds
omega_m outside of bounds
omega_m outside of bounds
omega_m outside of bounds
omega_m outside of bounds
omega_m outside of bounds
omega_m outside of bounds
[mcmc] Progress @ 2026-06-13 15:46:08 : 9845 steps taken, and 5367 accepted.
[mcmc] Progress @ 2026-06-13 15:46:08 : 9863 steps taken, and 4670 accepted.
[mcmc] Progress @ 2026-06-13 15:46:20 : 10912 steps taken, and 5208 accepted.
[mcmc] Progress @ 2026-06-13 15:46:49 : 10826 steps taken, and 5143 accepted.
omega_m outside of bounds
omega_m outside of bounds
omega_m outside of bounds
omega_m outside of bounds
omega_m outside of bounds
omega_m outside of bounds
omega_m outside of bounds
omega_m outside of bounds
omega_m outside of bounds
omega_m outside of bounds
omega_m outside of bounds
omega_m outside of bounds
omega_m outside of bounds
omega_m outside of bounds
[mcmc] Progress @ 2026-06-13 15:46:50 : 9977 steps taken, and 5392 accepted.
[mcmc] Progress @ 2026-06-13 15:46:51 : 10651 steps taken, and 5316 accepted.
omega_m outside of bounds
omega_m outside of bounds
omega_m outside of bounds
omega_m outside of bounds
omega_m outside of bounds
omega_m outside of bounds
omega_m outside of bounds
omega_m outside of bounds
omega_m outside of bounds
omega_m outside of bounds
omega_m outside of bounds
omega_m outside of bounds
omega_m outside of bounds
[mcmc] Progress @ 2026-06-13 15:47:04 : 9935 steps taken, and 5385 accepted.
[mcmc] Progress @ 2026-06-13 15:47:06 : 10135 steps taken, and 4999 accepted.
[mcmc] Progress @ 2026-06-13 15:47:08 : 9881 steps taken, and 4676 accepted.
omega_m outside of bounds
omega_m outside of bounds
omega_m outside of bounds
omega_m outside of bounds
omega_m outside of bounds
omega_m outside of bounds
omega_m outside of bounds
omega_m outside of bounds
omega_m outside of bounds
omega_m outside of bounds
omega_m outside of bounds
omega_m outside of bounds
omega_m outside of bounds
omega_m outside of bounds
[mcmc] Progress @ 2026-06-13 15:47:11 : 9869 steps taken, and 5378 accepted.
[mcmc] Progress @ 2026-06-13 15:47:21 : 10929 steps taken, and 5216 accepted.
omega_m outside of bounds
omega_m outside of bounds
omega_m outside of bounds
omega_m outside of bounds
omega_m outside of bounds
omega_m outside of bounds
omega_m outside of bounds
omega_m outside of bounds
omega_m outside of bounds
omega_m outside of bounds
omega_m outside of bounds
omega_m outside of bounds
omega_m outside of bounds
[mcmc] Progress @ 2026-06-13 15:47:51 : 9994 steps taken, and 5396 accepted.
[mcmc] Progress @ 2026-06-13 15:47:53 : 10851 steps taken, and 5150 accepted.
[mcmc] Progress @ 2026-06-13 15:47:55 : 10668 steps taken, and 5324 accepted.
[mcmc] Progress @ 2026-06-13 15:48:07 : 10158 steps taken, and 5008 accepted.
omega_m outside of bounds
omega_m outside of bounds
omega_m outside of bounds
omega_m outside of bounds
omega_m outside of bounds
omega_m outside of bounds
omega_m outside of bounds
omega_m outside of bounds
omega_m outside of bounds
[mcmc] Progress @ 2026-06-13 15:48:07 : 9955 steps taken, and 5393 accepted.
[mcmc] Progress @ 2026-06-13 15:48:11 : 9921 steps taken, and 4686 accepted.
omega_m outside of bounds
omega_m outside of bounds
omega_m outside of bounds
omega_m outside of bounds
omega_m outside of bounds
omega_m outside of bounds
omega_m outside of bounds
omega_m outside of bounds
[mcmc] Progress @ 2026-06-13 15:48:12 : 9888 steps taken, and 5385 accepted.
[mcmc] Progress @ 2026-06-13 15:48:22 : 10943 steps taken, and 5221 accepted.
omega_m outside of bounds
omega_m outside of bounds
omega_m outside of bounds
omega_m outside of bounds
omega_m outside of bounds
omega_m outside of bounds
omega_m outside of bounds
omega_m outside of bounds
omega_m outside of bounds
omega_m outside of bounds
omega_m outside of bounds
omega_m outside of bounds
omega_m outside of bounds
[mcmc] Progress @ 2026-06-13 15:48:52 : 10012 steps taken, and 5402 accepted.
omega_m outside of bounds
[mcmc] Progress @ 2026-06-13 15:48:53 : 10876 steps taken, and 5156 accepted.
[mcmc] Progress @ 2026-06-13 15:48:58 : 10686 steps taken, and 5328 accepted.
[mcmc] Progress @ 2026-06-13 15:49:08 : 10175 steps taken, and 5017 accepted.
omega_m outside of bounds
omega_m outside of bounds
[mcmc] Progress @ 2026-06-13 15:49:12 : 9975 steps taken, and 5403 accepted.
[mcmc] Progress @ 2026-06-13 15:49:14 : 9950 steps taken, and 4692 accepted.
omega_m outside of bounds
[mcmc] Progress @ 2026-06-13 15:49:14 : 9904 steps taken, and 5393 accepted.
[mcmc] Progress @ 2026-06-13 15:49:24 : 10957 steps taken, and 5225 accepted.
omega_m outside of bounds
omega_m outside of bounds
omega_m outside of bounds
omega_m outside of bounds
omega_m outside of bounds
omega_m outside of bounds
omega_m outside of bounds
omega_m outside of bounds
omega_m outside of bounds
omega_m outside of bounds
omega_m outside of bounds
omega_m outside of bounds
omega_m outside of bounds
[mcmc] Progress @ 2026-06-13 15:49:54 : 10028 steps taken, and 5407 accepted.
[mcmc] Progress @ 2026-06-13 15:49:57 : 10898 steps taken, and 5167 accepted.
[mcmc] Progress @ 2026-06-13 15:50:02 : 10702 steps taken, and 5332 accepted.
omega_m outside of bounds
[mcmc] Progress @ 2026-06-13 15:50:10 : 10191 steps taken, and 5026 accepted.
omega_m outside of bounds
[mcmc] Progress @ 2026-06-13 15:50:12 : 9991 steps taken, and 5410 accepted.
omega_m outside of bounds
[mcmc] Progress @ 2026-06-13 15:50:14 : 9921 steps taken, and 5402 accepted.
[mcmc] Progress @ 2026-06-13 15:50:14 : 9971 steps taken, and 4702 accepted.
[mcmc] Progress @ 2026-06-13 15:50:25 : 10971 steps taken, and 5229 accepted.
omega_m outside of bounds
omega_m outside of bounds
omega_m outside of bounds
omega_m outside of bounds
omega_m outside of bounds
omega_m outside of bounds
omega_m outside of bounds
omega_m outside of bounds
omega_m outside of bounds
omega_m outside of bounds
omega_m outside of bounds
omega_m outside of bounds
omega_m outside of bounds
[mcmc] Progress @ 2026-06-13 15:50:55 : 10053 steps taken, and 5413 accepted.
[mcmc] Progress @ 2026-06-13 15:50:59 : 10921 steps taken, and 5176 accepted.
[mcmc] Progress @ 2026-06-13 15:51:06 : 10718 steps taken, and 5338 accepted.
[mcmc] Progress @ 2026-06-13 15:51:11 : 10211 steps taken, and 5035 accepted.
[mcmc] Progress @ 2026-06-13 15:51:15 : 9992 steps taken, and 4709 accepted.
omega_m outside of bounds
[mcmc] Progress @ 2026-06-13 15:51:15 : 10019 steps taken, and 5420 accepted.
omega_m outside of bounds
[mcmc] Progress @ 2026-06-13 15:51:16 : 9940 steps taken, and 5407 accepted.
[mcmc] Progress @ 2026-06-13 15:51:27 : 11001 steps taken, and 5234 accepted.
omega_m outside of bounds
omega_m outside of bounds
omega_m outside of bounds
omega_m outside of bounds
omega_m outside of bounds
omega_m outside of bounds
omega_m outside of bounds
omega_m outside of bounds
omega_m outside of bounds
omega_m outside of bounds
omega_m outside of bounds
omega_m outside of bounds
omega_m outside of bounds
[mcmc] Progress @ 2026-06-13 15:51:56 : 10073 steps taken, and 5415 accepted.
[mcmc] Progress @ 2026-06-13 15:52:02 : 10943 steps taken, and 5185 accepted.
[mcmc] Progress @ 2026-06-13 15:52:11 : 10735 steps taken, and 5345 accepted.
[mcmc] Progress @ 2026-06-13 15:52:11 : 10234 steps taken, and 5042 accepted.
[mcmc] Progress @ 2026-06-13 15:52:17 : 10007 steps taken, and 4715 accepted.
[mcmc] Progress @ 2026-06-13 15:52:17 : 9961 steps taken, and 5416 accepted.
omega_m outside of bounds
omega_m outside of bounds
omega_m outside of bounds
omega_m outside of bounds
omega_m outside of bounds
omega_m outside of bounds
omega_m outside of bounds
omega_m outside of bounds
omega_m outside of bounds
omega_m outside of bounds
omega_m outside of bounds
omega_m outside of bounds
omega_m outside of bounds
omega_m outside of bounds
omega_m outside of bounds
[mcmc] Progress @ 2026-06-13 15:52:20 : 10048 steps taken, and 5430 accepted.
[mcmc] Progress @ 2026-06-13 15:52:31 : 11025 steps taken, and 5240 accepted.
omega_m outside of bounds
omega_m outside of bounds
omega_m outside of bounds
omega_m outside of bounds
omega_m outside of bounds
omega_m outside of bounds
omega_m outside of bounds
omega_m outside of bounds
omega_m outside of bounds
omega_m outside of bounds
omega_m outside of bounds
omega_m outside of bounds
omega_m outside of bounds
omega_m outside of bounds
[mcmc] Progress @ 2026-06-13 15:53:00 : 10090 steps taken, and 5420 accepted.
[mcmc] Progress @ 2026-06-13 15:53:04 : 10960 steps taken, and 5191 accepted.
[mcmc] Progress @ 2026-06-13 15:53:11 : 10749 steps taken, and 5349 accepted.
[mcmc] Progress @ 2026-06-13 15:53:12 : 10253 steps taken, and 5049 accepted.
[mcmc] Progress @ 2026-06-13 15:53:19 : 9977 steps taken, and 5424 accepted.
[mcmc] Progress @ 2026-06-13 15:53:19 : 10021 steps taken, and 4719 accepted.
omega_m outside of bounds
omega_m outside of bounds
omega_m outside of bounds
omega_m outside of bounds
omega_m outside of bounds
omega_m outside of bounds
omega_m outside of bounds
omega_m outside of bounds
omega_m outside of bounds
[mcmc] Progress @ 2026-06-13 15:53:24 : 10070 steps taken, and 5436 accepted.
[mcmc] Progress @ 2026-06-13 15:53:32 : 11042 steps taken, and 5245 accepted.
omega_m outside of bounds
omega_m outside of bounds
omega_m outside of bounds
omega_m outside of bounds
omega_m outside of bounds
omega_m outside of bounds
omega_m outside of bounds
omega_m outside of bounds
omega_m outside of bounds
omega_m outside of bounds
omega_m outside of bounds
omega_m outside of bounds
omega_m outside of bounds
[mcmc] Progress @ 2026-06-13 15:54:04 : 10118 steps taken, and 5426 accepted.
[mcmc] Progress @ 2026-06-13 15:54:05 : 10974 steps taken, and 5196 accepted.
omega_m outside of bounds
omega_m outside of bounds
omega_m outside of bounds
omega_m outside of bounds
omega_m outside of bounds
omega_m outside of bounds
omega_m outside of bounds
omega_m outside of bounds
omega_m outside of bounds
[mcmc] Learn + convergence test @ 5440 samples accepted.
[mcmc]  - Acceptance rate: 0.493
[mcmc]  - Convergence of means: R-1 = 1.198471 after 4352 accepted steps
[mcmc]  - Updated covariance matrix of proposal pdf.
[mcmc] Progress @ 2026-06-13 15:54:14 : 10270 steps taken, and 5057 accepted.
[mcmc] Progress @ 2026-06-13 15:54:16 : 10764 steps taken, and 5353 accepted.
[mcmc] Progress @ 2026-06-13 15:54:20 : 9995 steps taken, and 5431 accepted.
[mcmc] Progress @ 2026-06-13 15:54:20 : 10039 steps taken, and 4725 accepted.
omega_m outside of bounds
omega_m outside of bounds
omega_m outside of bounds
omega_m outside of bounds
omega_m outside of bounds
[mcmc] Progress @ 2026-06-13 15:54:27 : 10093 steps taken, and 5444 accepted.
[mcmc] Progress @ 2026-06-13 15:54:36 : 11057 steps taken, and 5249 accepted.
[mcmc] Progress @ 2026-06-13 15:55:06 : 10997 steps taken, and 5204 accepted.
omega_m outside of bounds
omega_m outside of bounds
omega_m outside of bounds
omega_m outside of bounds
omega_m outside of bounds
omega_m outside of bounds
omega_m outside of bounds
omega_m outside of bounds
omega_m outside of bounds
omega_m outside of bounds
omega_m outside of bounds
omega_m outside of bounds
omega_m outside of bounds
omega_m outside of bounds
[mcmc] Progress @ 2026-06-13 15:55:08 : 10139 steps taken, and 5432 accepted.
[mcmc] Progress @ 2026-06-13 15:55:15 : 10297 steps taken, and 5063 accepted.
[mcmc] Progress @ 2026-06-13 15:55:19 : 10780 steps taken, and 5357 accepted.
[mcmc] Progress @ 2026-06-13 15:55:20 : 10023 steps taken, and 5437 accepted.
[mcmc] Progress @ 2026-06-13 15:55:24 : 10065 steps taken, and 4734 accepted.
omega_m outside of bounds
omega_m outside of bounds
omega_m outside of bounds
omega_m outside of bounds
omega_m outside of bounds
omega_m outside of bounds
omega_m outside of bounds
omega_m outside of bounds
omega_m outside of bounds
omega_m outside of bounds
omega_m outside of bounds
omega_m outside of bounds
[mcmc] Progress @ 2026-06-13 15:55:31 : 10117 steps taken, and 5452 accepted.
[mcmc] Progress @ 2026-06-13 15:55:36 : 11072 steps taken, and 5256 accepted.
[mcmc] Learn + convergence test @ 5440 samples accepted.
[mcmc]  - Acceptance rate: 0.498
[mcmc]  - Convergence of means: R-1 = 0.757060 after 4352 accepted steps
[mcmc]  - Updated covariance matrix of proposal pdf.
[mcmc] Progress @ 2026-06-13 15:56:07 : 11020 steps taken, and 5213 accepted.
omega_m outside of bounds
omega_m outside of bounds
omega_m outside of bounds
omega_m outside of bounds
omega_m outside of bounds
omega_m outside of bounds
omega_m outside of bounds
omega_m outside of bounds
omega_m outside of bounds
omega_m outside of bounds
omega_m outside of bounds
[mcmc] Progress @ 2026-06-13 15:56:09 : 10153 steps taken, and 5432 accepted.
[mcmc] Progress @ 2026-06-13 15:56:16 : 10315 steps taken, and 5072 accepted.
[mcmc] Progress @ 2026-06-13 15:56:21 : 10794 steps taken, and 5358 accepted.
[mcmc] Progress @ 2026-06-13 15:56:21 : 10041 steps taken, and 5442 accepted.
[mcmc] Progress @ 2026-06-13 15:56:28 : 10090 steps taken, and 4738 accepted.
omega_m outside of bounds
omega_m outside of bounds
omega_m outside of bounds
omega_m outside of bounds
omega_m outside of bounds
omega_m outside of bounds
omega_m outside of bounds
omega_m outside of bounds
omega_m outside of bounds
omega_m outside of bounds
omega_m outside of bounds
omega_m outside of bounds
omega_m outside of bounds
omega_m outside of bounds
[mcmc] Progress @ 2026-06-13 15:56:32 : 10141 steps taken, and 5461 accepted.
[mcmc] Progress @ 2026-06-13 15:56:37 : 11087 steps taken, and 5260 accepted.
[mcmc] Progress @ 2026-06-13 15:57:07 : 11039 steps taken, and 5217 accepted.
omega_m outside of bounds
omega_m outside of bounds
omega_m outside of bounds
omega_m outside of bounds
omega_m outside of bounds
omega_m outside of bounds
omega_m outside of bounds
omega_m outside of bounds
omega_m outside of bounds
omega_m outside of bounds
omega_m outside of bounds
[mcmc] Progress @ 2026-06-13 15:57:10 : 10167 steps taken, and 5435 accepted.
[mcmc] Progress @ 2026-06-13 15:57:18 : 10333 steps taken, and 5080 accepted.
[mcmc] Progress @ 2026-06-13 15:57:24 : 10060 steps taken, and 5449 accepted.
[mcmc] Progress @ 2026-06-13 15:57:24 : 10809 steps taken, and 5361 accepted.
[mcmc] Progress @ 2026-06-13 15:57:29 : 10116 steps taken, and 4742 accepted.
omega_m outside of bounds
omega_m outside of bounds
omega_m outside of bounds
omega_m outside of bounds
omega_m outside of bounds
omega_m outside of bounds
omega_m outside of bounds
omega_m outside of bounds
[mcmc] Progress @ 2026-06-13 15:57:32 : 10168 steps taken, and 5468 accepted.
[mcmc] Progress @ 2026-06-13 15:57:37 : 11104 steps taken, and 5266 accepted.
omega_m outside of bounds
omega_m outside of bounds
omega_m outside of bounds
omega_m outside of bounds
omega_m outside of bounds
omega_m outside of bounds
omega_m outside of bounds
omega_m outside of bounds
omega_m outside of bounds
omega_m outside of bounds
[mcmc] Learn + convergence test @ 5440 samples accepted.
[mcmc]  - Acceptance rate: 0.489
[mcmc]  - Convergence of means: R-1 = 5.886352 after 4352 accepted steps
[blockedproposer] *ERROR* The given covmat is not a positive-definite, symmetric square matrix.
[mcmc] Progress @ 2026-06-13 15:58:08 : 11056 steps taken, and 5221 accepted.
omega_m outside of bounds
omega_m outside of bounds
omega_m outside of bounds
[mcmc] Progress @ 2026-06-13 15:58:12 : 10185 steps taken, and 5441 accepted.
[mcmc] Progress @ 2026-06-13 15:58:18 : 10350 steps taken, and 5088 accepted.
omega_m outside of bounds
[mcmc] Progress @ 2026-06-13 15:58:27 : 10076 steps taken, and 5456 accepted.
[mcmc] Progress @ 2026-06-13 15:58:28 : 10828 steps taken, and 5368 accepted.
[mcmc] Progress @ 2026-06-13 15:58:32 : 10133 steps taken, and 4753 accepted.
[mcmc] Progress @ 2026-06-13 15:58:33 : 10190 steps taken, and 5475 accepted.
[mcmc] Progress @ 2026-06-13 15:58:38 : 11123 steps taken, and 5270 accepted.
[mcmc] Progress @ 2026-06-13 15:59:09 : 11074 steps taken, and 5231 accepted.
omega_m outside of bounds
omega_m outside of bounds
omega_m outside of bounds
omega_m outside of bounds
omega_m outside of bounds
omega_m outside of bounds
omega_m outside of bounds
omega_m outside of bounds
omega_m outside of bounds
omega_m outside of bounds
omega_m outside of bounds
omega_m outside of bounds
omega_m outside of bounds
[mcmc] Progress @ 2026-06-13 15:59:13 : 10214 steps taken, and 5448 accepted.
omega_m outside of bounds
[mcmc] Progress @ 2026-06-13 15:59:20 : 10369 steps taken, and 5096 accepted.
[mcmc] Progress @ 2026-06-13 15:59:29 : 10845 steps taken, and 5374 accepted.
[mcmc] Progress @ 2026-06-13 15:59:31 : 10097 steps taken, and 5463 accepted.
[mcmc] Progress @ 2026-06-13 15:59:34 : 10150 steps taken, and 4759 accepted.
[mcmc] Progress @ 2026-06-13 15:59:37 : 10209 steps taken, and 5484 accepted.
[mcmc] Progress @ 2026-06-13 15:59:38 : 11144 steps taken, and 5274 accepted.
[mcmc] Progress @ 2026-06-13 16:00:09 : 11099 steps taken, and 5240 accepted.
omega_m outside of bounds
omega_m outside of bounds
omega_m outside of bounds
omega_m outside of bounds
omega_m outside of bounds
omega_m outside of bounds
omega_m outside of bounds
omega_m outside of bounds
omega_m outside of bounds
omega_m outside of bounds
omega_m outside of bounds
omega_m outside of bounds
omega_m outside of bounds
omega_m outside of bounds
[mcmc] Progress @ 2026-06-13 16:00:16 : 10255 steps taken, and 5457 accepted.
omega_m outside of bounds
omega_m outside of bounds
[mcmc] Progress @ 2026-06-13 16:00:20 : 10388 steps taken, and 5103 accepted.
[mcmc] Progress @ 2026-06-13 16:00:32 : 10118 steps taken, and 5474 accepted.
[mcmc] Progress @ 2026-06-13 16:00:33 : 10865 steps taken, and 5384 accepted.
[mcmc] Progress @ 2026-06-13 16:00:36 : 10167 steps taken, and 4770 accepted.
omega_m outside of bounds
[mcmc] Progress @ 2026-06-13 16:00:38 : 10226 steps taken, and 5492 accepted.
[mcmc] Progress @ 2026-06-13 16:00:42 : 11161 steps taken, and 5279 accepted.
[mcmc] Progress @ 2026-06-13 16:01:10 : 11122 steps taken, and 5244 accepted.
omega_m outside of bounds
omega_m outside of bounds
omega_m outside of bounds
omega_m outside of bounds
omega_m outside of bounds
omega_m outside of bounds
omega_m outside of bounds
omega_m outside of bounds
omega_m outside of bounds
omega_m outside of bounds
omega_m outside of bounds
omega_m outside of bounds
omega_m outside of bounds
[mcmc] Progress @ 2026-06-13 16:01:18 : 10279 steps taken, and 5468 accepted.
omega_m outside of bounds
omega_m outside of bounds
omega_m outside of bounds
omega_m outside of bounds
[mcmc] Progress @ 2026-06-13 16:01:22 : 10417 steps taken, and 5111 accepted.
omega_m outside of bounds
[mcmc] Progress @ 2026-06-13 16:01:34 : 10137 steps taken, and 5484 accepted.
[mcmc] Progress @ 2026-06-13 16:01:37 : 10891 steps taken, and 5391 accepted.
[mcmc] Progress @ 2026-06-13 16:01:37 : 10187 steps taken, and 4778 accepted.
omega_m outside of bounds
omega_m outside of bounds
[mcmc] Progress @ 2026-06-13 16:01:39 : 10244 steps taken, and 5500 accepted.
[mcmc] Progress @ 2026-06-13 16:01:42 : 11177 steps taken, and 5281 accepted.
[mcmc] Progress @ 2026-06-13 16:02:12 : 11144 steps taken, and 5248 accepted.
omega_m outside of bounds
omega_m outside of bounds
omega_m outside of bounds
omega_m outside of bounds
omega_m outside of bounds
omega_m outside of bounds
omega_m outside of bounds
omega_m outside of bounds
omega_m outside of bounds
omega_m outside of bounds
omega_m outside of bounds
omega_m outside of bounds
omega_m outside of bounds
[mcmc] Progress @ 2026-06-13 16:02:21 : 10308 steps taken, and 5470 accepted.
omega_m outside of bounds
omega_m outside of bounds
omega_m outside of bounds
omega_m outside of bounds
omega_m outside of bounds
omega_m outside of bounds
omega_m outside of bounds
omega_m outside of bounds
omega_m outside of bounds
omega_m outside of bounds
omega_m outside of bounds
omega_m outside of bounds
omega_m outside of bounds
[mcmc] Progress @ 2026-06-13 16:02:24 : 10439 steps taken, and 5119 accepted.
[mcmc] Progress @ 2026-06-13 16:02:35 : 10154 steps taken, and 5491 accepted.
omega_m outside of bounds
omega_m outside of bounds
omega_m outside of bounds
[mcmc] Learn + convergence test @ 5120 samples accepted.
[mcmc]  - Acceptance rate: 0.449
[mcmc]  - Convergence of means: R-1 = 1.705044 after 4096 accepted steps
[mcmc]  - Updated covariance matrix of proposal pdf.
[mcmc] Progress @ 2026-06-13 16:02:38 : 10209 steps taken, and 4786 accepted.
omega_m outside of bounds
[mcmc] Progress @ 2026-06-13 16:02:39 : 10264 steps taken, and 5510 accepted.
[mcmc] Progress @ 2026-06-13 16:02:41 : 10911 steps taken, and 5398 accepted.
[mcmc] Progress @ 2026-06-13 16:02:47 : 11199 steps taken, and 5289 accepted.
[mcmc] Progress @ 2026-06-13 16:03:13 : 11161 steps taken, and 5251 accepted.
omega_m outside of bounds
omega_m outside of bounds
omega_m outside of bounds
omega_m outside of bounds
omega_m outside of bounds
omega_m outside of bounds
omega_m outside of bounds
omega_m outside of bounds
omega_m outside of bounds
omega_m outside of bounds
omega_m outside of bounds
omega_m outside of bounds
[mcmc] Progress @ 2026-06-13 16:03:22 : 10329 steps taken, and 5474 accepted.
omega_m outside of bounds
omega_m outside of bounds
omega_m outside of bounds
omega_m outside of bounds
omega_m outside of bounds
omega_m outside of bounds
omega_m outside of bounds
omega_m outside of bounds
omega_m outside of bounds
[mcmc] Progress @ 2026-06-13 16:03:25 : 10466 steps taken, and 5124 accepted.
[mcmc] Progress @ 2026-06-13 16:03:36 : 10172 steps taken, and 5496 accepted.
[mcmc] Progress @ 2026-06-13 16:03:40 : 10233 steps taken, and 4793 accepted.
[mcmc] Progress @ 2026-06-13 16:03:41 : 10930 steps taken, and 5406 accepted.
[mcmc] Progress @ 2026-06-13 16:03:43 : 10283 steps taken, and 5518 accepted.
[mcmc] Progress @ 2026-06-13 16:03:50 : 11217 steps taken, and 5299 accepted.
[mcmc] Progress @ 2026-06-13 16:04:16 : 11178 steps taken, and 5252 accepted.
omega_m outside of bounds
omega_m outside of bounds
omega_m outside of bounds
omega_m outside of bounds
omega_m outside of bounds
omega_m outside of bounds
omega_m outside of bounds
omega_m outside of bounds
omega_m outside of bounds
omega_m outside of bounds
omega_m outside of bounds
[mcmc] Progress @ 2026-06-13 16:04:23 : 10347 steps taken, and 5480 accepted.
omega_m outside of bounds
omega_m outside of bounds
omega_m outside of bounds
omega_m outside of bounds
omega_m outside of bounds
omega_m outside of bounds
omega_m outside of bounds
omega_m outside of bounds
[mcmc] Progress @ 2026-06-13 16:04:27 : 10491 steps taken, and 5129 accepted.
[mcmc] Learn + convergence test @ 4800 samples accepted.
[mcmc]  - Acceptance rate: 0.424
[mcmc]  - Convergence of means: R-1 = 1.207673 after 3840 accepted steps
[blockedproposer] *ERROR* The given covmat is not a positive-definite, symmetric square matrix.
omega_m outside of bounds
[mcmc] Progress @ 2026-06-13 16:04:37 : 10197 steps taken, and 5504 accepted.
[mcmc] Progress @ 2026-06-13 16:04:41 : 10250 steps taken, and 4801 accepted.
[mcmc] Progress @ 2026-06-13 16:04:42 : 10948 steps taken, and 5416 accepted.
omega_m outside of bounds
omega_m outside of bounds
omega_m outside of bounds
omega_m outside of bounds
omega_m outside of bounds
omega_m outside of bounds
[mcmc] Progress @ 2026-06-13 16:04:43 : 10305 steps taken, and 5526 accepted.
[mcmc] Progress @ 2026-06-13 16:04:50 : 11242 steps taken, and 5311 accepted.
srun: Job step aborted: Waiting up to 32 seconds for job step to finish.
[2026-06-13T23:04:51.929] error: *** STEP 54381456.0 ON nid006508 CANCELLED AT 2026-06-13T23:04:51 DUE TO TIME LIMIT ***
[2026-06-13T23:04:51.937] error: *** JOB 54381456 ON nid006508 CANCELLED AT 2026-06-13T23:04:51 DUE TO TIME LIMIT ***
