#        weight    minuslogpost         Omega_m             A_s   minuslogprior minuslogprior__0            chi2 chi2__functions_and_classes.SO_x_DESI_Likelihood_w_emulator
              1      -6384.2397      0.31845544   2.1408094e-09      -23.025851       -23.025851      -12722.428                                                  -12722.428
              1      -6384.3145      0.31567118   2.1676763e-09      -23.025851       -23.025851      -12722.577                                                  -12722.577
              3      -6384.2675      0.32326202   2.0844728e-09      -23.025851       -23.025851      -12722.483                                                  -12722.483
              1       -6384.768      0.32256364   2.0118086e-09      -23.025851       -23.025851      -12723.484                                                  -12723.484
              1       -6384.633        0.322082   2.0661459e-09      -23.025851       -23.025851      -12723.214                                                  -12723.214
              1      -6384.7951      0.31947126   2.0638318e-09      -23.025851       -23.025851      -12723.539                                                  -12723.539
              1      -6384.6016       0.3149834   2.0592165e-09      -23.025851       -23.025851      -12723.151                                                  -12723.151
              1      -6384.4143      0.31518327   2.0397817e-09      -23.025851       -23.025851      -12722.777                                                  -12722.777
              1      -6382.9539      0.31418909   2.2503391e-09      -23.025851       -23.025851      -12719.856                                                  -12719.856
              2      -6382.5767      0.29155307   2.2396512e-09      -23.025851       -23.025851      -12719.102                                                  -12719.102
              5      -6383.4438      0.29490255   2.2324375e-09      -23.025851       -23.025851      -12720.836                                                  -12720.836
              1      -6382.2284      0.29326757   2.2019418e-09      -23.025851       -23.025851      -12718.405                                                  -12718.405
              2      -6383.3328      0.29898373   2.1712957e-09      -23.025851       -23.025851      -12720.614                                                  -12720.614
              2      -6383.1433      0.30096758   2.1370306e-09      -23.025851       -23.025851      -12720.235                                                  -12720.235
              1      -6383.0795      0.30362395     2.10126e-09      -23.025851       -23.025851      -12720.107                                                  -12720.107
              1       -6383.461       0.3034513   2.1203193e-09      -23.025851       -23.025851       -12720.87                                                   -12720.87
              1      -6383.0833      0.30218379   2.1191711e-09      -23.025851       -23.025851      -12720.115                                                  -12720.115
              2      -6382.9627      0.30167613   2.1204782e-09      -23.025851       -23.025851      -12719.874                                                  -12719.874
              1      -6383.5413      0.30382649   2.1195317e-09      -23.025851       -23.025851      -12721.031                                                  -12721.031
              1      -6383.8809      0.30390136   2.1365404e-09      -23.025851       -23.025851       -12721.71                                                   -12721.71
              2      -6384.3547      0.30160864   2.1998288e-09      -23.025851       -23.025851      -12722.658                                                  -12722.658
              2      -6384.5081      0.31184966   2.0849944e-09      -23.025851       -23.025851      -12722.964                                                  -12722.964
              3      -6384.6039      0.31202821   2.0927391e-09      -23.025851       -23.025851      -12723.156                                                  -12723.156
              2      -6384.7901      0.31561832   2.1127504e-09      -23.025851       -23.025851      -12723.528                                                  -12723.528
              1      -6384.6874      0.30863677    2.144992e-09      -23.025851       -23.025851      -12723.323                                                  -12723.323
              1      -6384.7857      0.31334289   2.1394491e-09      -23.025851       -23.025851       -12723.52                                                   -12723.52
              1      -6383.6615      0.31429374   2.2201813e-09      -23.025851       -23.025851      -12721.271                                                  -12721.271
              1      -6384.3396      0.31159252   2.2129433e-09      -23.025851       -23.025851      -12722.627                                                  -12722.627
              2      -6384.7773       0.3135582   2.1395842e-09      -23.025851       -23.025851      -12723.503                                                  -12723.503
              1      -6384.7648      0.31400976   2.1377699e-09      -23.025851       -23.025851      -12723.478                                                  -12723.478
              3        -6384.75      0.30760258   2.2088288e-09      -23.025851       -23.025851      -12723.448                                                  -12723.448
              1      -6384.2761      0.30185447   2.3315159e-09      -23.025851       -23.025851      -12722.501                                                  -12722.501
              1      -6383.9899      0.30258615   2.3428002e-09      -23.025851       -23.025851      -12721.928                                                  -12721.928
              3      -6384.3093      0.28704895   2.4435441e-09      -23.025851       -23.025851      -12722.567                                                  -12722.567
              2      -6384.3058      0.29371456   2.4217892e-09      -23.025851       -23.025851       -12722.56                                                   -12722.56
              2      -6384.3791      0.29812165   2.3650968e-09      -23.025851       -23.025851      -12722.706                                                  -12722.706
              2      -6384.4442      0.29808151   2.3581213e-09      -23.025851       -23.025851      -12722.837                                                  -12722.837
              2      -6384.6449      0.30146948   2.2924607e-09      -23.025851       -23.025851      -12723.238                                                  -12723.238
              1      -6384.6666      0.30091866   2.2918334e-09      -23.025851       -23.025851      -12723.282                                                  -12723.282
              1      -6384.3069      0.30208811   2.1891487e-09      -23.025851       -23.025851      -12722.562                                                  -12722.562
              1      -6384.5779      0.30639474   2.2506796e-09      -23.025851       -23.025851      -12723.104                                                  -12723.104
              2       -6384.604      0.30558962   2.2563147e-09      -23.025851       -23.025851      -12723.156                                                  -12723.156
              1      -6384.7516      0.30485408   2.2182843e-09      -23.025851       -23.025851      -12723.451                                                  -12723.451
              1       -6383.751      0.30948471   2.2728833e-09      -23.025851       -23.025851       -12721.45                                                   -12721.45
              1      -6383.8574       0.3079149   2.2861971e-09      -23.025851       -23.025851      -12721.663                                                  -12721.663
              3      -6384.5982      0.29702453   2.3056232e-09      -23.025851       -23.025851      -12723.145                                                  -12723.145
              1      -6384.4134      0.29134081   2.3716469e-09      -23.025851       -23.025851      -12722.775                                                  -12722.775
              4       -6382.402      0.30358584   2.4005533e-09      -23.025851       -23.025851      -12718.752                                                  -12718.752
              1      -6382.5455      0.29957673   2.4472296e-09      -23.025851       -23.025851      -12719.039                                                  -12719.039
              3      -6384.5023      0.29322555   2.3926782e-09      -23.025851       -23.025851      -12722.953                                                  -12722.953
              1      -6384.4517      0.29078663    2.398161e-09      -23.025851       -23.025851      -12722.852                                                  -12722.852
              3      -6383.9848      0.28965202   2.3476906e-09      -23.025851       -23.025851      -12721.918                                                  -12721.918
              1      -6384.0141      0.29114709   2.3257768e-09      -23.025851       -23.025851      -12721.976                                                  -12721.976
              1      -6384.2656      0.29826234   2.3743207e-09      -23.025851       -23.025851       -12722.48                                                   -12722.48
              2      -6383.7991      0.28179132   2.4719234e-09      -23.025851       -23.025851      -12721.547                                                  -12721.547
              3      -6383.9192      0.27819746   2.5783902e-09      -23.025851       -23.025851      -12721.787                                                  -12721.787
              1      -6384.2015      0.28735016   2.5001958e-09      -23.025851       -23.025851      -12722.351                                                  -12722.351
              4       -6384.236      0.28759735   2.4924976e-09      -23.025851       -23.025851       -12722.42                                                   -12722.42
              1        -6384.37       0.2882618   2.4349935e-09      -23.025851       -23.025851      -12722.688                                                  -12722.688
              1      -6383.9862      0.29442647   2.4421167e-09      -23.025851       -23.025851      -12721.921                                                  -12721.921
              1      -6384.3438       0.2873805   2.4543423e-09      -23.025851       -23.025851      -12722.636                                                  -12722.636
              1      -6383.8875      0.28635747   2.3953821e-09      -23.025851       -23.025851      -12721.723                                                  -12721.723
              1      -6384.1062      0.28367437   2.5467264e-09      -23.025851       -23.025851      -12722.161                                                  -12722.161
              1      -6384.0305      0.28048993   2.5410809e-09      -23.025851       -23.025851      -12722.009                                                  -12722.009
              2      -6384.1864       0.2860032    2.514343e-09      -23.025851       -23.025851      -12722.321                                                  -12722.321
              1      -6384.2143      0.28465656    2.514728e-09      -23.025851       -23.025851      -12722.377                                                  -12722.377
              1       -6383.152        0.284269   2.3791678e-09      -23.025851       -23.025851      -12720.252                                                  -12720.252
              1      -6383.3349      0.28519019    2.374749e-09      -23.025851       -23.025851      -12720.618                                                  -12720.618
              1      -6384.1444      0.29016347   2.4784261e-09      -23.025851       -23.025851      -12722.237                                                  -12722.237
              1      -6384.3174      0.28999062   2.4578547e-09      -23.025851       -23.025851      -12722.583                                                  -12722.583
              1      -6383.9165      0.29380556   2.4546492e-09      -23.025851       -23.025851      -12721.781                                                  -12721.781
              1      -6383.3633      0.30118976   2.3931104e-09      -23.025851       -23.025851      -12720.675                                                  -12720.675
              1      -6382.2478      0.30293795   2.4140874e-09      -23.025851       -23.025851      -12718.444                                                  -12718.444
              2      -6384.7398      0.30369982   2.2367556e-09      -23.025851       -23.025851      -12723.428                                                  -12723.428
              1      -6384.3142      0.30466342   2.2955981e-09      -23.025851       -23.025851      -12722.577                                                  -12722.577
              2      -6384.6594       0.2990533   2.3047852e-09      -23.025851       -23.025851      -12723.267                                                  -12723.267
              1      -6384.2966      0.29477932     2.29451e-09      -23.025851       -23.025851      -12722.542                                                  -12722.542
              1      -6384.5568      0.29550779   2.3233709e-09      -23.025851       -23.025851      -12723.062                                                  -12723.062
              2      -6383.7137      0.28881674   2.3402597e-09      -23.025851       -23.025851      -12721.376                                                  -12721.376
              1      -6383.9116      0.29242235   2.2976611e-09      -23.025851       -23.025851      -12721.772                                                  -12721.772
              1      -6384.5541      0.29821358   2.3409823e-09      -23.025851       -23.025851      -12723.056                                                  -12723.056
              1      -6384.0521      0.29173438   2.4691146e-09      -23.025851       -23.025851      -12722.052                                                  -12722.052
              1       -6384.151       0.2831743   2.4994162e-09      -23.025851       -23.025851       -12722.25                                                   -12722.25
              2      -6383.9639      0.28770154   2.3788832e-09      -23.025851       -23.025851      -12721.876                                                  -12721.876
              1      -6383.9512      0.28770359   2.3776831e-09      -23.025851       -23.025851      -12721.851                                                  -12721.851
              4      -6384.1484      0.28392644   2.5361424e-09      -23.025851       -23.025851      -12722.245                                                  -12722.245
              2       -6383.933      0.27818667   2.5868814e-09      -23.025851       -23.025851      -12721.814                                                  -12721.814
              1      -6383.9368      0.27839933   2.5786026e-09      -23.025851       -23.025851      -12721.822                                                  -12721.822
              3      -6384.0845      0.28191524   2.5602325e-09      -23.025851       -23.025851      -12722.117                                                  -12722.117
              1      -6384.2115      0.28977726   2.4749614e-09      -23.025851       -23.025851      -12722.371                                                  -12722.371
              1      -6382.4606      0.29309333   2.5364944e-09      -23.025851       -23.025851       -12718.87                                                   -12718.87
              2      -6382.2677      0.29729827   2.4872323e-09      -23.025851       -23.025851      -12718.484                                                  -12718.484
              1      -6383.6597      0.29083135   2.5086469e-09      -23.025851       -23.025851      -12721.268                                                  -12721.268
              2      -6384.1362      0.29342846   2.4419884e-09      -23.025851       -23.025851      -12722.221                                                  -12722.221
              3      -6383.9014      0.28622088    2.546829e-09      -23.025851       -23.025851      -12721.751                                                  -12721.751
              1      -6384.5118      0.29549658    2.373945e-09      -23.025851       -23.025851      -12722.972                                                  -12722.972
              2      -6384.2008      0.29887537   2.3725978e-09      -23.025851       -23.025851       -12722.35                                                   -12722.35
              4       -6384.162      0.29477404   2.4240264e-09      -23.025851       -23.025851      -12722.272                                                  -12722.272
              1      -6384.4077      0.29123867    2.430353e-09      -23.025851       -23.025851      -12722.764                                                  -12722.764
              1      -6384.1434      0.28927233   2.3696893e-09      -23.025851       -23.025851      -12722.235                                                  -12722.235
              1         -6384.8       0.3106535   2.1584904e-09      -23.025851       -23.025851      -12723.548                                                  -12723.548
              1      -6384.4701      0.32261717   1.9689303e-09      -23.025851       -23.025851      -12722.889                                                  -12722.889
              2      -6384.4889      0.33043231   1.9859135e-09      -23.025851       -23.025851      -12722.926                                                  -12722.926
              1      -6384.5575      0.33712651   1.8683084e-09      -23.025851       -23.025851      -12723.063                                                  -12723.063
              2      -6384.6643      0.33218487   1.9228048e-09      -23.025851       -23.025851      -12723.277                                                  -12723.277
              1      -6384.5494      0.32772582   2.0106365e-09      -23.025851       -23.025851      -12723.047                                                  -12723.047
              1      -6384.7175      0.32044405   2.0183395e-09      -23.025851       -23.025851      -12723.383                                                  -12723.383
              1      -6384.7454      0.32117245   2.0170077e-09      -23.025851       -23.025851      -12723.439                                                  -12723.439
              2      -6384.7285      0.31643871   2.1175135e-09      -23.025851       -23.025851      -12723.405                                                  -12723.405
              1      -6383.4093      0.30851231   2.3005271e-09      -23.025851       -23.025851      -12720.767                                                  -12720.767
              1      -6383.3339      0.30810742   2.3087082e-09      -23.025851       -23.025851      -12720.616                                                  -12720.616
              1      -6383.5977      0.30701299   2.3101685e-09      -23.025851       -23.025851      -12721.144                                                  -12721.144
              1      -6382.9901      0.32391791   1.8809687e-09      -23.025851       -23.025851      -12719.929                                                  -12719.929
              2      -6384.3795      0.33781274   1.8359414e-09      -23.025851       -23.025851      -12722.707                                                  -12722.707
              2      -6384.1709      0.34576991   1.8424414e-09      -23.025851       -23.025851       -12722.29                                                   -12722.29
              2      -6384.2434      0.32282791    1.949931e-09      -23.025851       -23.025851      -12722.435                                                  -12722.435
              1      -6383.0021      0.33214717   1.8081679e-09      -23.025851       -23.025851      -12719.953                                                  -12719.953
              4      -6384.6195      0.32846262   1.9335032e-09      -23.025851       -23.025851      -12723.187                                                  -12723.187
              2      -6384.7769      0.31746285   2.0602165e-09      -23.025851       -23.025851      -12723.502                                                  -12723.502
              1      -6383.8437      0.29932816   2.1938666e-09      -23.025851       -23.025851      -12721.636                                                  -12721.636
              1      -6383.5499      0.29941892   2.1763213e-09      -23.025851       -23.025851      -12721.048                                                  -12721.048
              1      -6379.2268      0.28571646   2.2144895e-09      -23.025851       -23.025851      -12712.402                                                  -12712.402
              2      -6379.0469      0.28620736   2.2028091e-09      -23.025851       -23.025851      -12712.042                                                  -12712.042
              2      -6380.5213      0.29505202   2.1234113e-09      -23.025851       -23.025851      -12714.991                                                  -12714.991
              1      -6380.6822      0.31945861   1.8560712e-09      -23.025851       -23.025851      -12715.313                                                  -12715.313
              2      -6381.9973       0.3188971    1.896827e-09      -23.025851       -23.025851      -12717.943                                                  -12717.943
              1      -6382.2231      0.33084965   1.7937995e-09      -23.025851       -23.025851      -12718.394                                                  -12718.394
              1      -6384.4679      0.33189504   1.8882429e-09      -23.025851       -23.025851      -12722.884                                                  -12722.884
              1      -6384.3273      0.32474658   2.0636316e-09      -23.025851       -23.025851      -12722.603                                                  -12722.603
              1      -6384.2853      0.30779207   2.1146273e-09      -23.025851       -23.025851      -12722.519                                                  -12722.519
              1      -6384.5106       0.3076973   2.1349526e-09      -23.025851       -23.025851       -12722.97                                                   -12722.97
              1      -6383.4752      0.29555056   2.2250097e-09      -23.025851       -23.025851      -12720.899                                                  -12720.899
              4      -6383.4573      0.29367369   2.2507021e-09      -23.025851       -23.025851      -12720.863                                                  -12720.863
              1      -6383.4799      0.29385905   2.2492712e-09      -23.025851       -23.025851      -12720.908                                                  -12720.908
              1      -6384.5015      0.29371418   2.3901439e-09      -23.025851       -23.025851      -12722.951                                                  -12722.951
              1      -6383.8964      0.27881914    2.552325e-09      -23.025851       -23.025851      -12721.741                                                  -12721.741
              4      -6383.7534      0.27823807   2.5417525e-09      -23.025851       -23.025851      -12721.455                                                  -12721.455
              1      -6383.8439      0.28239105   2.4649333e-09      -23.025851       -23.025851      -12721.636                                                  -12721.636
              2      -6383.9898      0.29365855   2.4511269e-09      -23.025851       -23.025851      -12721.928                                                  -12721.928
              1      -6384.5986      0.29689412   2.3084137e-09      -23.025851       -23.025851      -12723.145                                                  -12723.145
              1      -6384.6832      0.30087207   2.2861668e-09      -23.025851       -23.025851      -12723.315                                                  -12723.315
              3      -6384.7343      0.31504383   2.1322949e-09      -23.025851       -23.025851      -12723.417                                                  -12723.417
              3      -6384.2482      0.31214707   2.2129477e-09      -23.025851       -23.025851      -12722.445                                                  -12722.445
              2      -6384.0602      0.32229972   2.1079885e-09      -23.025851       -23.025851      -12722.069                                                  -12722.069
              2      -6384.7283      0.30315665   2.2375608e-09      -23.025851       -23.025851      -12723.405                                                  -12723.405
              1       -6384.717      0.30222322   2.2611159e-09      -23.025851       -23.025851      -12723.382                                                  -12723.382
              6      -6384.6578      0.29994173   2.2684174e-09      -23.025851       -23.025851      -12723.264                                                  -12723.264
              2      -6383.9832      0.30782869   2.0944612e-09      -23.025851       -23.025851      -12721.915                                                  -12721.915
              1      -6384.0085       0.3046757   2.1344156e-09      -23.025851       -23.025851      -12721.965                                                  -12721.965
              1      -6384.4609      0.31273995   2.0706055e-09      -23.025851       -23.025851       -12722.87                                                   -12722.87
              1      -6384.7905      0.31284096   2.1431966e-09      -23.025851       -23.025851      -12723.529                                                  -12723.529
              1      -6384.7928      0.31242563   2.1466586e-09      -23.025851       -23.025851      -12723.534                                                  -12723.534
              1       -6384.669      0.31209837   2.0999911e-09      -23.025851       -23.025851      -12723.286                                                  -12723.286
              1      -6384.4821      0.31225106   2.0780154e-09      -23.025851       -23.025851      -12722.912                                                  -12722.912
              2      -6384.7263      0.32089295   2.0156823e-09      -23.025851       -23.025851      -12723.401                                                  -12723.401
              1      -6384.7314      0.32706025   1.9693494e-09      -23.025851       -23.025851      -12723.411                                                  -12723.411
              2      -6383.7778      0.29805458   2.2072468e-09      -23.025851       -23.025851      -12721.504                                                  -12721.504
              1       -6382.873      0.29959919   2.1430848e-09      -23.025851       -23.025851      -12719.694                                                  -12719.694
              1       -6384.419      0.33326702     1.96046e-09      -23.025851       -23.025851      -12722.786                                                  -12722.786
              1      -6384.1697       0.3319642   1.8638901e-09      -23.025851       -23.025851      -12722.288                                                  -12722.288
              1      -6384.0757      0.33851848   1.8063334e-09      -23.025851       -23.025851        -12722.1                                                    -12722.1
              1      -6383.4354      0.33485467   1.8024624e-09      -23.025851       -23.025851      -12720.819                                                  -12720.819
              6      -6382.3284        0.341816    1.708732e-09      -23.025851       -23.025851      -12718.605                                                  -12718.605
              1      -6382.5944      0.32051584   1.8996777e-09      -23.025851       -23.025851      -12719.137                                                  -12719.137
              1      -6383.0819      0.32087956   1.9133181e-09      -23.025851       -23.025851      -12720.112                                                  -12720.112
              1      -6382.8933      0.29879633   2.1542827e-09      -23.025851       -23.025851      -12719.735                                                  -12719.735
              1      -6383.7777       0.3008609   2.1696422e-09      -23.025851       -23.025851      -12721.504                                                  -12721.504
              1      -6383.3438      0.28877327   2.3177434e-09      -23.025851       -23.025851      -12720.636                                                  -12720.636
              1       -6379.706      0.28202361   2.2818933e-09      -23.025851       -23.025851       -12713.36                                                   -12713.36
              2      -6380.3392      0.29468482   2.1230577e-09      -23.025851       -23.025851      -12714.627                                                  -12714.627
              3      -6381.5265      0.29806511   2.1148008e-09      -23.025851       -23.025851      -12717.001                                                  -12717.001
              1      -6381.0002      0.29391179   2.1522059e-09      -23.025851       -23.025851      -12715.949                                                  -12715.949
              1      -6380.8475      0.29406241   2.1456718e-09      -23.025851       -23.025851      -12715.643                                                  -12715.643
              2      -6381.8468      0.28669412   2.2817496e-09      -23.025851       -23.025851      -12717.642                                                  -12717.642
              7      -6381.7814      0.26805188    2.603725e-09      -23.025851       -23.025851      -12717.511                                                  -12717.511
              5      -6382.4417      0.27115885    2.578025e-09      -23.025851       -23.025851      -12718.832                                                  -12718.832
              1      -6383.6264       0.2932229   2.2668552e-09      -23.025851       -23.025851      -12721.201                                                  -12721.201
              8      -6384.5408      0.30618777   2.2572565e-09      -23.025851       -23.025851       -12723.03                                                   -12723.03
              1      -6384.3187      0.29238798   2.3365142e-09      -23.025851       -23.025851      -12722.586                                                  -12722.586
              2      -6383.0752      0.31077821   2.2867235e-09      -23.025851       -23.025851      -12720.099                                                  -12720.099
              1       -6382.336      0.31421367   2.2709586e-09      -23.025851       -23.025851       -12718.62                                                   -12718.62
              1      -6382.2718      0.31379821   2.2779651e-09      -23.025851       -23.025851      -12718.492                                                  -12718.492
              1      -6382.6869      0.31047509   2.3046125e-09      -23.025851       -23.025851      -12719.322                                                  -12719.322
              3      -6384.2201      0.32351375   1.9419081e-09      -23.025851       -23.025851      -12722.389                                                  -12722.389
              1      -6384.5045      0.31776496   2.0200813e-09      -23.025851       -23.025851      -12722.957                                                  -12722.957
              1      -6382.7553       0.3099379    2.015186e-09      -23.025851       -23.025851      -12719.459                                                  -12719.459
              1      -6384.4924      0.30148589   2.3151572e-09      -23.025851       -23.025851      -12722.933                                                  -12722.933
              3      -6384.4972      0.30124176   2.3172706e-09      -23.025851       -23.025851      -12722.943                                                  -12722.943
              4      -6383.9385       0.2850366   2.4243055e-09      -23.025851       -23.025851      -12721.825                                                  -12721.825
              1      -6384.1932      0.28523148   2.4568095e-09      -23.025851       -23.025851      -12722.335                                                  -12722.335
              6       -6383.491      0.27664361   2.5456008e-09      -23.025851       -23.025851       -12720.93                                                   -12720.93
              3      -6382.9202      0.28203047   2.4037359e-09      -23.025851       -23.025851      -12719.789                                                  -12719.789
              2      -6382.8753      0.28151679   2.4100251e-09      -23.025851       -23.025851      -12719.699                                                  -12719.699
              1      -6384.4142      0.29362453   2.3286536e-09      -23.025851       -23.025851      -12722.777                                                  -12722.777
              2      -6384.4263      0.29294048   2.3430725e-09      -23.025851       -23.025851      -12722.801                                                  -12722.801
              5      -6384.7946      0.31868672   2.0743954e-09      -23.025851       -23.025851      -12723.538                                                  -12723.538
              3      -6384.7311      0.30787801   2.2108975e-09      -23.025851       -23.025851       -12723.41                                                   -12723.41
              1      -6384.3829      0.33228845   1.9747764e-09      -23.025851       -23.025851      -12722.714                                                  -12722.714
              4      -6384.4802      0.33505284   1.9332913e-09      -23.025851       -23.025851      -12722.909                                                  -12722.909
              2      -6384.2273      0.33087974   1.8767668e-09      -23.025851       -23.025851      -12722.403                                                  -12722.403
              1      -6384.0946      0.35460066   1.7194215e-09      -23.025851       -23.025851      -12722.138                                                  -12722.138
              3      -6384.1328      0.35393569   1.7332562e-09      -23.025851       -23.025851      -12722.214                                                  -12722.214
              1      -6384.1092       0.3501659    1.798285e-09      -23.025851       -23.025851      -12722.167                                                  -12722.167
              1      -6384.5277      0.33550454   1.8699596e-09      -23.025851       -23.025851      -12723.004                                                  -12723.004
              1      -6384.1851      0.33455404   1.9647404e-09      -23.025851       -23.025851      -12722.318                                                  -12722.318
              1      -6384.4804       0.3195915   2.1100523e-09      -23.025851       -23.025851      -12722.909                                                  -12722.909
              2      -6384.5101      0.31911366   2.1128805e-09      -23.025851       -23.025851      -12722.969                                                  -12722.969
              4      -6384.4849      0.33878643   1.8441584e-09      -23.025851       -23.025851      -12722.918                                                  -12722.918
              3      -6384.6024      0.33566432   1.8986368e-09      -23.025851       -23.025851      -12723.153                                                  -12723.153
              1      -6384.2382      0.34057019   1.8945888e-09      -23.025851       -23.025851      -12722.425                                                  -12722.425
              1      -6384.1705      0.34336215   1.8693751e-09      -23.025851       -23.025851      -12722.289                                                  -12722.289
              2      -6382.1935      0.34085608   1.9799669e-09      -23.025851       -23.025851      -12718.335                                                  -12718.335
              4      -6382.0184      0.33311855    2.065813e-09      -23.025851       -23.025851      -12717.985                                                  -12717.985
              2      -6383.9241      0.31643427    2.182319e-09      -23.025851       -23.025851      -12721.797                                                  -12721.797
              1       -6384.696      0.32359825   2.0393959e-09      -23.025851       -23.025851       -12723.34                                                   -12723.34
              2      -6384.7289      0.32745024   1.9800775e-09      -23.025851       -23.025851      -12723.406                                                  -12723.406
              3      -6384.2707      0.33373671   1.9676115e-09      -23.025851       -23.025851       -12722.49                                                   -12722.49
              1      -6384.2282      0.31575993   2.0201989e-09      -23.025851       -23.025851      -12722.405                                                  -12722.405
              2      -6383.8285      0.32913104   2.0442033e-09      -23.025851       -23.025851      -12721.605                                                  -12721.605
              1      -6383.8941      0.27738285   2.6039321e-09      -23.025851       -23.025851      -12721.737                                                  -12721.737
              2      -6383.8747      0.27722993   2.5971891e-09      -23.025851       -23.025851      -12721.698                                                  -12721.698
              1      -6383.0765      0.27261237   2.5934483e-09      -23.025851       -23.025851      -12720.101                                                  -12720.101
              1      -6382.8813      0.27934053   2.4483744e-09      -23.025851       -23.025851      -12719.711                                                  -12719.711
              4      -6384.4149      0.30734877   2.2561057e-09      -23.025851       -23.025851      -12722.778                                                  -12722.778
              1      -6384.4372      0.29118553    2.423016e-09      -23.025851       -23.025851      -12722.823                                                  -12722.823
              2      -6384.3912      0.29019457    2.441288e-09      -23.025851       -23.025851      -12722.731                                                  -12722.731
              1       -6384.522      0.29935091   2.2507513e-09      -23.025851       -23.025851      -12722.992                                                  -12722.992
              1      -6383.9223      0.32601286   2.0738582e-09      -23.025851       -23.025851      -12721.793                                                  -12721.793
              1      -6384.1093       0.3142759   2.1969934e-09      -23.025851       -23.025851      -12722.167                                                  -12722.167
              1      -6384.6549       0.3138511   2.1576291e-09      -23.025851       -23.025851      -12723.258                                                  -12723.258
              1      -6384.5373      0.32618529   1.9426083e-09      -23.025851       -23.025851      -12723.023                                                  -12723.023
              1      -6384.6375       0.3332275   1.9072573e-09      -23.025851       -23.025851      -12723.223                                                  -12723.223
              2      -6383.8753      0.35973821   1.6698376e-09      -23.025851       -23.025851      -12721.699                                                  -12721.699
              2      -6384.3464      0.34657872     1.79072e-09      -23.025851       -23.025851      -12722.641                                                  -12722.641
              2      -6384.7956       0.3179743   2.0616428e-09      -23.025851       -23.025851       -12723.54                                                   -12723.54
              4      -6384.6371      0.32535333   1.9616293e-09      -23.025851       -23.025851      -12723.223                                                  -12723.223
              1      -6384.1627      0.32204912   1.9522714e-09      -23.025851       -23.025851      -12722.274                                                  -12722.274
              1      -6383.6686      0.32890933    1.863038e-09      -23.025851       -23.025851      -12721.286                                                  -12721.286
              2      -6383.3819      0.32591702   1.8774813e-09      -23.025851       -23.025851      -12720.712                                                  -12720.712
              1      -6382.9528      0.31022941   2.0192995e-09      -23.025851       -23.025851      -12719.854                                                  -12719.854
              1      -6381.9465      0.31124992   1.9739665e-09      -23.025851       -23.025851      -12717.841                                                  -12717.841
              1       -6382.961      0.33598784   1.7749568e-09      -23.025851       -23.025851       -12719.87                                                   -12719.87
              3      -6383.6918      0.33285358   1.8303384e-09      -23.025851       -23.025851      -12721.332                                                  -12721.332
              4        -6384.14      0.35221173   1.7314155e-09      -23.025851       -23.025851      -12722.228                                                  -12722.228
              4      -6383.6877      0.35985808   1.7294566e-09      -23.025851       -23.025851      -12721.324                                                  -12721.324
              1      -6384.4192      0.34155919   1.8189365e-09      -23.025851       -23.025851      -12722.787                                                  -12722.787
              1      -6383.3688      0.35163408   1.6773119e-09      -23.025851       -23.025851      -12720.686                                                  -12720.686
              1      -6383.8699      0.32761934     2.05875e-09      -23.025851       -23.025851      -12721.688                                                  -12721.688
              1      -6384.2037      0.32305822   2.0909083e-09      -23.025851       -23.025851      -12722.356                                                  -12722.356
              2      -6384.1551      0.32901604   2.0275062e-09      -23.025851       -23.025851      -12722.259                                                  -12722.259
              1      -6384.2159      0.31955577   1.9801773e-09      -23.025851       -23.025851       -12722.38                                                   -12722.38
              1      -6384.0814      0.32314299   1.9369371e-09      -23.025851       -23.025851      -12722.111                                                  -12722.111
              1      -6384.3213      0.30546831   2.2856395e-09      -23.025851       -23.025851      -12722.591                                                  -12722.591
              1       -6384.471      0.29137611   2.4081653e-09      -23.025851       -23.025851       -12722.89                                                   -12722.89
              4      -6383.0603      0.31461903   2.2412977e-09      -23.025851       -23.025851      -12720.069                                                  -12720.069
              2      -6383.1588      0.34316208   1.7269691e-09      -23.025851       -23.025851      -12720.266                                                  -12720.266
              3      -6383.2095      0.34263016   1.7329059e-09      -23.025851       -23.025851      -12720.367                                                  -12720.367
              1      -6384.3481      0.32275581   2.0845642e-09      -23.025851       -23.025851      -12722.645                                                  -12722.645
              3      -6384.6703      0.30302402   2.2199741e-09      -23.025851       -23.025851      -12723.289                                                  -12723.289
              3      -6384.4288      0.34092593   1.8685557e-09      -23.025851       -23.025851      -12722.806                                                  -12722.806
              6      -6384.6491      0.33319699   1.9152807e-09      -23.025851       -23.025851      -12723.246                                                  -12723.246
              1      -6384.2633      0.34562592   1.8340177e-09      -23.025851       -23.025851      -12722.475                                                  -12722.475
              1      -6384.1035      0.34198904   1.8896067e-09      -23.025851       -23.025851      -12722.155                                                  -12722.155
              4      -6384.1674      0.35142467   1.7739706e-09      -23.025851       -23.025851      -12722.283                                                  -12722.283
              1      -6384.5991      0.33397411    1.927516e-09      -23.025851       -23.025851      -12723.146                                                  -12723.146
              3       -6384.403      0.33865933   1.8329631e-09      -23.025851       -23.025851      -12722.754                                                  -12722.754
              1      -6384.4205      0.33352826   1.9573381e-09      -23.025851       -23.025851      -12722.789                                                  -12722.789
              5      -6384.5699      0.29662925   2.3049177e-09      -23.025851       -23.025851      -12723.088                                                  -12723.088
              3      -6384.6871      0.31012801   2.1262149e-09      -23.025851       -23.025851      -12723.322                                                  -12723.322
              1      -6382.4794      0.27315621   2.5404448e-09      -23.025851       -23.025851      -12718.907                                                  -12718.907
              1      -6384.6357      0.29773366   2.3195866e-09      -23.025851       -23.025851       -12723.22                                                   -12723.22
              1      -6384.3538      0.29265663   2.4268156e-09      -23.025851       -23.025851      -12722.656                                                  -12722.656
              1      -6384.2737      0.28625342   2.4529608e-09      -23.025851       -23.025851      -12722.496                                                  -12722.496
              2      -6384.6381      0.29919157   2.2760396e-09      -23.025851       -23.025851      -12723.225                                                  -12723.225
              7      -6384.4827       0.3053537   2.1619938e-09      -23.025851       -23.025851      -12722.914                                                  -12722.914
              1      -6384.6124      0.29991854   2.2569913e-09      -23.025851       -23.025851      -12723.173                                                  -12723.173
              1      -6383.5902      0.28717123   2.3585084e-09      -23.025851       -23.025851      -12721.129                                                  -12721.129
              2      -6384.4807      0.29503886    2.314872e-09      -23.025851       -23.025851       -12722.91                                                   -12722.91
              3      -6384.4904      0.29539968   2.3102622e-09      -23.025851       -23.025851      -12722.929                                                  -12722.929
              3      -6383.7915      0.29052124   2.5037786e-09      -23.025851       -23.025851      -12721.531                                                  -12721.531
              3      -6384.2035      0.29719352   2.3921672e-09      -23.025851       -23.025851      -12722.355                                                  -12722.355
              1       -6384.489      0.29544686   2.3091747e-09      -23.025851       -23.025851      -12722.926                                                  -12722.926
              2      -6383.9066       0.2830792   2.4583916e-09      -23.025851       -23.025851      -12721.762                                                  -12721.762
              2       -6383.841      0.28217985   2.4687925e-09      -23.025851       -23.025851       -12721.63                                                   -12721.63
              2       -6383.783      0.28066549   2.4928765e-09      -23.025851       -23.025851      -12721.514                                                  -12721.514
              1      -6384.2519      0.28845843   2.3989875e-09      -23.025851       -23.025851      -12722.452                                                  -12722.452
              1      -6384.4566      0.29072709   2.4105174e-09      -23.025851       -23.025851      -12722.861                                                  -12722.861
              3      -6383.8218      0.28494851   2.5688111e-09      -23.025851       -23.025851      -12721.592                                                  -12721.592
              1      -6384.1092      0.28350902    2.547216e-09      -23.025851       -23.025851      -12722.167                                                  -12722.167
              1      -6384.3099      0.32001364   1.9819006e-09      -23.025851       -23.025851      -12722.568                                                  -12722.568
              1      -6384.5341      0.33849306   1.8576219e-09      -23.025851       -23.025851      -12723.017                                                  -12723.017
              1      -6384.2665      0.33946605    1.813809e-09      -23.025851       -23.025851      -12722.481                                                  -12722.481
              6      -6383.2309      0.35600596   1.6436434e-09      -23.025851       -23.025851       -12720.41                                                   -12720.41
              2      -6384.1767      0.34955227   1.7460643e-09      -23.025851       -23.025851      -12722.302                                                  -12722.302
              2      -6384.2114      0.31255537   2.0540497e-09      -23.025851       -23.025851      -12722.371                                                  -12722.371
              1      -6384.3813      0.33815918   1.8337874e-09      -23.025851       -23.025851      -12722.711                                                  -12722.711
              1       -6384.514       0.3384311   1.8518939e-09      -23.025851       -23.025851      -12722.976                                                  -12722.976
              2      -6384.7041      0.32967058   1.9490879e-09      -23.025851       -23.025851      -12723.357                                                  -12723.357
              2      -6384.4394      0.33869067   1.8949992e-09      -23.025851       -23.025851      -12722.827                                                  -12722.827
              3       -6384.248      0.33565791   1.9481193e-09      -23.025851       -23.025851      -12722.444                                                  -12722.444
              6      -6384.5738      0.33564606   1.9103407e-09      -23.025851       -23.025851      -12723.096                                                  -12723.096
              1      -6384.1938      0.34050608   1.8989544e-09      -23.025851       -23.025851      -12722.336                                                  -12722.336
              1      -6383.0879       0.3126936   2.2631852e-09      -23.025851       -23.025851      -12720.124                                                  -12720.124
              3      -6384.8092      0.31697699   2.0856058e-09      -23.025851       -23.025851      -12723.567                                                  -12723.567
              4      -6384.7313      0.32319081   1.9962145e-09      -23.025851       -23.025851      -12723.411                                                  -12723.411
              2      -6384.1156      0.30355909   2.1554836e-09      -23.025851       -23.025851       -12722.18                                                   -12722.18
              1       -6384.625      0.29741142   2.3269953e-09      -23.025851       -23.025851      -12723.198                                                  -12723.198
              2      -6383.4352       0.3221815   2.1390629e-09      -23.025851       -23.025851      -12720.819                                                  -12720.819
              3      -6382.7526      0.32705995   2.1095239e-09      -23.025851       -23.025851      -12719.453                                                  -12719.453
              2      -6384.2293      0.29947427   2.3632505e-09      -23.025851       -23.025851      -12722.407                                                  -12722.407
              1      -6384.2724      0.28555807   2.4767622e-09      -23.025851       -23.025851      -12722.493                                                  -12722.493
              1      -6382.9761      0.29934422    2.150638e-09      -23.025851       -23.025851        -12719.9                                                    -12719.9
              2      -6383.8882      0.31933573   1.9636236e-09      -23.025851       -23.025851      -12721.725                                                  -12721.725
              2      -6383.7291      0.30475731   2.3311415e-09      -23.025851       -23.025851      -12721.406                                                  -12721.406
              2      -6383.6666      0.28339967   2.6004142e-09      -23.025851       -23.025851      -12721.282                                                  -12721.282
              4      -6384.1212      0.30707417   2.1120034e-09      -23.025851       -23.025851      -12722.191                                                  -12722.191
              5      -6384.4594      0.33187279   1.9724107e-09      -23.025851       -23.025851      -12722.867                                                  -12722.867
              2      -6384.7215      0.32798863   1.9751857e-09      -23.025851       -23.025851      -12723.391                                                  -12723.391
              1       -6384.635      0.33068188   1.9632854e-09      -23.025851       -23.025851      -12723.218                                                  -12723.218
              3      -6384.2959      0.31644013   2.1601329e-09      -23.025851       -23.025851       -12722.54                                                   -12722.54
              3      -6384.5453      0.31049485   2.2079634e-09      -23.025851       -23.025851      -12723.039                                                  -12723.039
              1      -6384.7374      0.30367519   2.2429652e-09      -23.025851       -23.025851      -12723.423                                                  -12723.423
              2      -6384.2104      0.32960531   2.0174622e-09      -23.025851       -23.025851      -12722.369                                                  -12722.369
              1      -6384.7726      0.31394147   2.0970794e-09      -23.025851       -23.025851      -12723.494                                                  -12723.494
              2        -6384.36      0.32665733   1.9228269e-09      -23.025851       -23.025851      -12722.668                                                  -12722.668
              3      -6383.8597      0.35498734   1.6867305e-09      -23.025851       -23.025851      -12721.668                                                  -12721.668
              3      -6384.4533      0.33928926   1.8360834e-09      -23.025851       -23.025851      -12722.855                                                  -12722.855
              1      -6384.7919      0.31519625   2.1169169e-09      -23.025851       -23.025851      -12723.532                                                  -12723.532
              1      -6384.7549      0.30695122   2.1830291e-09      -23.025851       -23.025851      -12723.458                                                  -12723.458
              1      -6384.7506      0.30789316   2.1679352e-09      -23.025851       -23.025851       -12723.45                                                   -12723.45
              1      -6384.5219      0.30574357   2.1609892e-09      -23.025851       -23.025851      -12722.992                                                  -12722.992
              1      -6384.1377      0.32569034   1.9165063e-09      -23.025851       -23.025851      -12722.224                                                  -12722.224
              1      -6384.1649      0.28800171   2.3952629e-09      -23.025851       -23.025851      -12722.278                                                  -12722.278
              1      -6383.7867      0.28573174   2.3976063e-09      -23.025851       -23.025851      -12721.522                                                  -12721.522
              3       -6382.576      0.27424558   2.5249884e-09      -23.025851       -23.025851        -12719.1                                                    -12719.1
              3      -6383.7512       0.2868851   2.3749032e-09      -23.025851       -23.025851      -12721.451                                                  -12721.451
              3      -6384.7645      0.31187519   2.1611997e-09      -23.025851       -23.025851      -12723.477                                                  -12723.477
              1      -6384.2776      0.31029955    2.084298e-09      -23.025851       -23.025851      -12722.503                                                  -12722.503
              1      -6384.2363      0.31885833   1.9885333e-09      -23.025851       -23.025851      -12722.421                                                  -12722.421
              3      -6384.7818      0.31883303   2.0776033e-09      -23.025851       -23.025851      -12723.512                                                  -12723.512
              1      -6384.1454      0.30244853   2.3342488e-09      -23.025851       -23.025851      -12722.239                                                  -12722.239
              2      -6383.3296      0.27632364   2.5370416e-09      -23.025851       -23.025851      -12720.607                                                  -12720.607
              2      -6384.3555      0.29374823   2.3181756e-09      -23.025851       -23.025851      -12722.659                                                  -12722.659
              3      -6384.2503      0.29251645   2.3261433e-09      -23.025851       -23.025851      -12722.449                                                  -12722.449
              3      -6384.0564      0.28654326   2.4091948e-09      -23.025851       -23.025851      -12722.061                                                  -12722.061
              1      -6383.7175       0.2827975   2.4446276e-09      -23.025851       -23.025851      -12721.383                                                  -12721.383
              2      -6384.1634       0.3026601   2.3304958e-09      -23.025851       -23.025851      -12722.275                                                  -12722.275
              1      -6384.0489       0.2972125   2.4039087e-09      -23.025851       -23.025851      -12722.046                                                  -12722.046
              1      -6384.3672      0.29276838   2.4237929e-09      -23.025851       -23.025851      -12722.683                                                  -12722.683
              1      -6384.7357      0.31382053   2.0905721e-09      -23.025851       -23.025851       -12723.42                                                   -12723.42
              2      -6384.4441      0.33865408   1.8947806e-09      -23.025851       -23.025851      -12722.837                                                  -12722.837
              1       -6384.436      0.33869802   1.8953673e-09      -23.025851       -23.025851       -12722.82                                                   -12722.82
              6      -6384.1831      0.34671195   1.8304599e-09      -23.025851       -23.025851      -12722.314                                                  -12722.314
              1      -6384.1778      0.32764978   1.9013385e-09      -23.025851       -23.025851      -12722.304                                                  -12722.304
              4      -6383.6938      0.33325434   1.8271043e-09      -23.025851       -23.025851      -12721.336                                                  -12721.336
              1      -6383.2422      0.33643376   1.7818725e-09      -23.025851       -23.025851      -12720.433                                                  -12720.433
              1      -6384.1149       0.3349148   1.8365014e-09      -23.025851       -23.025851      -12722.178                                                  -12722.178
              1      -6384.4652      0.31273523   2.0710338e-09      -23.025851       -23.025851      -12722.879                                                  -12722.879
              3      -6384.6372      0.31249227   2.0912918e-09      -23.025851       -23.025851      -12723.223                                                  -12723.223
              2      -6384.7877      0.32179081   2.0333255e-09      -23.025851       -23.025851      -12723.524                                                  -12723.524
              3      -6384.7939      0.31964407   2.0622579e-09      -23.025851       -23.025851      -12723.536                                                  -12723.536
              5      -6381.1857       0.2916543   2.6000476e-09      -23.025851       -23.025851       -12716.32                                                   -12716.32
              3      -6382.9913      0.29626188   2.4728051e-09      -23.025851       -23.025851      -12719.931                                                  -12719.931
              2      -6384.4954      0.32312285   2.0685481e-09      -23.025851       -23.025851      -12722.939                                                  -12722.939
              2      -6384.1936      0.35123123   1.7708945e-09      -23.025851       -23.025851      -12722.336                                                  -12722.336
              1      -6384.2072      0.28949733    2.478406e-09      -23.025851       -23.025851      -12722.363                                                  -12722.363
              1      -6384.1017      0.28766508   2.3937473e-09      -23.025851       -23.025851      -12722.152                                                  -12722.152
              1      -6384.5823      0.31903848   2.1067696e-09      -23.025851       -23.025851      -12723.113                                                  -12723.113
              3      -6383.7006      0.31096039    2.257742e-09      -23.025851       -23.025851       -12721.35                                                   -12721.35
              1      -6382.9059      0.30846893   2.3213196e-09      -23.025851       -23.025851       -12719.76                                                   -12719.76
              1      -6383.9242      0.28449544   2.5639957e-09      -23.025851       -23.025851      -12721.797                                                  -12721.797
              5      -6383.9653      0.29163639   2.4773581e-09      -23.025851       -23.025851      -12721.879                                                  -12721.879
              1      -6383.9423      0.28569019   2.4126097e-09      -23.025851       -23.025851      -12721.833                                                  -12721.833
              1      -6384.5341      0.30303233   2.1987474e-09      -23.025851       -23.025851      -12723.016                                                  -12723.016
              2      -6384.6692      0.30424641   2.2015142e-09      -23.025851       -23.025851      -12723.287                                                  -12723.287
              1      -6384.7309      0.31368828   2.0911957e-09      -23.025851       -23.025851       -12723.41                                                   -12723.41
              3      -6384.0493      0.28197842   2.5039709e-09      -23.025851       -23.025851      -12722.047                                                  -12722.047
              1      -6384.0456      0.28395003   2.4587268e-09      -23.025851       -23.025851      -12722.039                                                  -12722.039
              2      -6384.2199      0.28426046   2.4958731e-09      -23.025851       -23.025851      -12722.388                                                  -12722.388
              2      -6384.3933      0.29710707   2.3747474e-09      -23.025851       -23.025851      -12722.735                                                  -12722.735
              2       -6383.985      0.28847129   2.3675775e-09      -23.025851       -23.025851      -12721.918                                                  -12721.918
              4      -6384.2488      0.33220362   1.9861503e-09      -23.025851       -23.025851      -12722.446                                                  -12722.446
              3      -6384.5769      0.32454385   1.9614112e-09      -23.025851       -23.025851      -12723.102                                                  -12723.102
              4      -6382.6237      0.34203692   1.7163627e-09      -23.025851       -23.025851      -12719.196                                                  -12719.196
              7       -6384.276      0.34445201   1.7835099e-09      -23.025851       -23.025851        -12722.5                                                    -12722.5
              1      -6383.8175      0.33082532   1.8535254e-09      -23.025851       -23.025851      -12721.583                                                  -12721.583
              1      -6383.0296      0.33690333   1.7700958e-09      -23.025851       -23.025851      -12720.008                                                  -12720.008
              5      -6383.7679      0.32774332   1.8780479e-09      -23.025851       -23.025851      -12721.484                                                  -12721.484
              1      -6383.7563      0.35345982   1.7918061e-09      -23.025851       -23.025851      -12721.461                                                  -12721.461
              1      -6384.4325      0.29008387   2.4249546e-09      -23.025851       -23.025851      -12722.813                                                  -12722.813
              3      -6384.3753       0.2959118   2.2854189e-09      -23.025851       -23.025851      -12722.699                                                  -12722.699
              5      -6383.9849      0.28401005   2.4493453e-09      -23.025851       -23.025851      -12721.918                                                  -12721.918
              1      -6384.3183      0.32592133   2.0510911e-09      -23.025851       -23.025851      -12722.585                                                  -12722.585
              2      -6384.6032      0.32485413   2.0376901e-09      -23.025851       -23.025851      -12723.155                                                  -12723.155
              1      -6384.7134      0.31299437   2.0961712e-09      -23.025851       -23.025851      -12723.375                                                  -12723.375
              1      -6383.4098      0.33422295   1.8065559e-09      -23.025851       -23.025851      -12720.768                                                  -12720.768
              1      -6384.0805       0.2864915    2.413028e-09      -23.025851       -23.025851      -12722.109                                                  -12722.109
              2      -6383.5846      0.28377848    2.415883e-09      -23.025851       -23.025851      -12721.118                                                  -12721.118
              1      -6384.7731      0.31309057    2.107088e-09      -23.025851       -23.025851      -12723.494                                                  -12723.494
              2      -6383.6562      0.28136892   2.4660621e-09      -23.025851       -23.025851      -12721.261                                                  -12721.261
              1      -6382.9501       0.2859736   2.3405594e-09      -23.025851       -23.025851      -12719.848                                                  -12719.848
              2      -6383.6249      0.29323975   2.2665166e-09      -23.025851       -23.025851      -12721.198                                                  -12721.198
              1      -6384.1435      0.29956433    2.210656e-09      -23.025851       -23.025851      -12722.235                                                  -12722.235
              2      -6384.2774      0.28688153   2.4890538e-09      -23.025851       -23.025851      -12722.503                                                  -12722.503
              2      -6384.6494      0.31318274   2.1658719e-09      -23.025851       -23.025851      -12723.247                                                  -12723.247
              2      -6384.0843      0.29788374   2.3932896e-09      -23.025851       -23.025851      -12722.117                                                  -12722.117
              2      -6383.5678      0.32536433   2.0977357e-09      -23.025851       -23.025851      -12721.084                                                  -12721.084
              1       -6384.506      0.33920115   1.8471168e-09      -23.025851       -23.025851       -12722.96                                                   -12722.96
              2      -6384.0825      0.35298436   1.7196336e-09      -23.025851       -23.025851      -12722.113                                                  -12722.113
              3      -6384.0149      0.35736824   1.7146825e-09      -23.025851       -23.025851      -12721.978                                                  -12721.978
              5      -6384.1191      0.35428539    1.737878e-09      -23.025851       -23.025851      -12722.186                                                  -12722.186
              2      -6384.6736      0.32975995   1.9344741e-09      -23.025851       -23.025851      -12723.295                                                  -12723.295
              1      -6384.1989      0.34178767   1.7922731e-09      -23.025851       -23.025851      -12722.346                                                  -12722.346
              1      -6384.3723       0.3403485   1.8187476e-09      -23.025851       -23.025851      -12722.693                                                  -12722.693
              2      -6384.5206      0.33363415   1.8813197e-09      -23.025851       -23.025851       -12722.99                                                   -12722.99
              1      -6384.6028       0.3320147   1.9049269e-09      -23.025851       -23.025851      -12723.154                                                  -12723.154
              7      -6384.0339      0.34328682   1.8805137e-09      -23.025851       -23.025851      -12722.016                                                  -12722.016
              1      -6384.7897      0.31972678    2.043309e-09      -23.025851       -23.025851      -12723.528                                                  -12723.528
              1      -6384.4164      0.30656743   2.2649973e-09      -23.025851       -23.025851      -12722.781                                                  -12722.781
              2      -6384.4294      0.30614028   2.2687787e-09      -23.025851       -23.025851      -12722.807                                                  -12722.807
              2      -6384.6972      0.30284779   2.2671151e-09      -23.025851       -23.025851      -12723.343                                                  -12723.343
              2      -6384.0086      0.30131307   2.1776402e-09      -23.025851       -23.025851      -12721.965                                                  -12721.965
              1      -6384.7341      0.30331797   2.2399201e-09      -23.025851       -23.025851      -12723.417                                                  -12723.417
              1      -6384.6799      0.30007927   2.2764113e-09      -23.025851       -23.025851      -12723.308                                                  -12723.308
              4      -6383.9619      0.29876153   2.2090044e-09      -23.025851       -23.025851      -12721.872                                                  -12721.872
              1      -6383.9714        0.298663   2.2109944e-09      -23.025851       -23.025851      -12721.891                                                  -12721.891
              1      -6383.8993       0.3004224   2.1825944e-09      -23.025851       -23.025851      -12721.747                                                  -12721.747
              3       -6384.685       0.3263724   1.9608262e-09      -23.025851       -23.025851      -12723.318                                                  -12723.318
              1      -6384.6261      0.32686406    2.011274e-09      -23.025851       -23.025851        -12723.2                                                    -12723.2
              2      -6384.6632      0.31035063   2.1957989e-09      -23.025851       -23.025851      -12723.275                                                  -12723.275
              1       -6384.683      0.31209212   2.1735946e-09      -23.025851       -23.025851      -12723.314                                                  -12723.314
             12      -6384.7113      0.30855885   2.2077986e-09      -23.025851       -23.025851      -12723.371                                                  -12723.371
              2      -6384.0411      0.32298451   1.9361419e-09      -23.025851       -23.025851       -12722.03                                                   -12722.03
              3      -6384.1604      0.32178391   1.9546987e-09      -23.025851       -23.025851      -12722.269                                                  -12722.269
              5       -6384.331      0.34725925    1.787347e-09      -23.025851       -23.025851       -12722.61                                                   -12722.61
              1      -6384.0801      0.34233249   1.8875734e-09      -23.025851       -23.025851      -12722.108                                                  -12722.108
              1      -6384.2177      0.33422006   1.9661409e-09      -23.025851       -23.025851      -12722.384                                                  -12722.384
              3       -6384.447      0.31302251   2.1880062e-09      -23.025851       -23.025851      -12722.842                                                  -12722.842
              7       -6384.613      0.30198105   2.2934469e-09      -23.025851       -23.025851      -12723.174                                                  -12723.174
              3      -6384.6715      0.30411706   2.2613459e-09      -23.025851       -23.025851      -12723.291                                                  -12723.291
              1      -6384.0696       0.3511085   1.7259157e-09      -23.025851       -23.025851      -12722.088                                                  -12722.088
              1      -6384.2364      0.34403881   1.8556915e-09      -23.025851       -23.025851      -12722.421                                                  -12722.421
              4      -6384.7366      0.30373325   2.2309296e-09      -23.025851       -23.025851      -12723.422                                                  -12723.422
              1      -6384.7455      0.30473198   2.2340325e-09      -23.025851       -23.025851      -12723.439                                                  -12723.439
              2      -6384.8096      0.31665552   2.0839014e-09      -23.025851       -23.025851      -12723.568                                                  -12723.568
              1      -6384.7685       0.3196662    2.071457e-09      -23.025851       -23.025851      -12723.485                                                  -12723.485
              3      -6384.5778      0.30234534   2.2950076e-09      -23.025851       -23.025851      -12723.104                                                  -12723.104
              1      -6383.8479      0.30277117    2.148957e-09      -23.025851       -23.025851      -12721.644                                                  -12721.644
              1      -6383.9683      0.31758012   1.9857135e-09      -23.025851       -23.025851      -12721.885                                                  -12721.885
              2       -6384.247      0.28720576   2.4237452e-09      -23.025851       -23.025851      -12722.442                                                  -12722.442
              3      -6384.3752      0.28865184   2.4514364e-09      -23.025851       -23.025851      -12722.699                                                  -12722.699
              1      -6383.8402      0.32118464   1.9428748e-09      -23.025851       -23.025851      -12721.629                                                  -12721.629
              3      -6384.5382      0.32567547   2.0353668e-09      -23.025851       -23.025851      -12723.025                                                  -12723.025
              1      -6384.5391      0.32646752   2.0262082e-09      -23.025851       -23.025851      -12723.026                                                  -12723.026
              1      -6383.7467      0.33380469   1.9975133e-09      -23.025851       -23.025851      -12721.442                                                  -12721.442
              1      -6382.8819      0.30988677   2.3048355e-09      -23.025851       -23.025851      -12719.712                                                  -12719.712
              1      -6383.9154      0.28677672   2.5391008e-09      -23.025851       -23.025851      -12721.779                                                  -12721.779
              1      -6384.5548      0.29438127   2.3498955e-09      -23.025851       -23.025851      -12723.058                                                  -12723.058
              3      -6384.0521      0.33143693   2.0070931e-09      -23.025851       -23.025851      -12722.052                                                  -12722.052
              1      -6383.4226      0.32072299   2.1561578e-09      -23.025851       -23.025851      -12720.794                                                  -12720.794
              1      -6383.4322      0.32086448   2.1541516e-09      -23.025851       -23.025851      -12720.813                                                  -12720.813
              1      -6381.3783      0.33692139   2.0423545e-09      -23.025851       -23.025851      -12716.705                                                  -12716.705
              1      -6384.2465      0.32592771   2.0559672e-09      -23.025851       -23.025851      -12722.441                                                  -12722.441
              4      -6384.1716      0.35156083   1.7390703e-09      -23.025851       -23.025851      -12722.291                                                  -12722.291
              4      -6382.8668      0.36027411   1.7688602e-09      -23.025851       -23.025851      -12719.682                                                  -12719.682
              3      -6384.5837      0.33146666   1.9056017e-09      -23.025851       -23.025851      -12723.116                                                  -12723.116
              3      -6384.6553      0.31681764   2.1238546e-09      -23.025851       -23.025851      -12723.259                                                  -12723.259
              2      -6383.8191      0.36275559   1.6751977e-09      -23.025851       -23.025851      -12721.587                                                  -12721.587
              1      -6382.5749      0.33140813   2.0677269e-09      -23.025851       -23.025851      -12719.098                                                  -12719.098
              1      -6383.2508      0.30742253   2.3205868e-09      -23.025851       -23.025851       -12720.45                                                   -12720.45
              1      -6384.2803      0.30970512   2.2391988e-09      -23.025851       -23.025851      -12722.509                                                  -12722.509
              3      -6384.3181      0.30267796   2.1821915e-09      -23.025851       -23.025851      -12722.585                                                  -12722.585
              3      -6384.7921      0.32003386   2.0421849e-09      -23.025851       -23.025851      -12723.533                                                  -12723.533
              3      -6384.1556      0.35324704   1.7414755e-09      -23.025851       -23.025851      -12722.259                                                  -12722.259
              1      -6384.1845      0.35183649   1.7630969e-09      -23.025851       -23.025851      -12722.317                                                  -12722.317
              4      -6379.7188      0.35186362   1.9291543e-09      -23.025851       -23.025851      -12713.386                                                  -12713.386
              6      -6382.3646      0.35165502   1.8678693e-09      -23.025851       -23.025851      -12718.678                                                  -12718.678
              1      -6383.3875      0.32444796   2.1154962e-09      -23.025851       -23.025851      -12720.723                                                  -12720.723
              5      -6384.4651       0.3340354   1.9469338e-09      -23.025851       -23.025851      -12722.879                                                  -12722.879
              2      -6382.5981      0.33257343   2.0544618e-09      -23.025851       -23.025851      -12719.145                                                  -12719.145
              2      -6383.2596      0.34314353   1.9210535e-09      -23.025851       -23.025851      -12720.467                                                  -12720.467
              1      -6384.6437      0.29800499   2.3127461e-09      -23.025851       -23.025851      -12723.236                                                  -12723.236
              1      -6384.2234      0.31572712   2.0202372e-09      -23.025851       -23.025851      -12722.395                                                  -12722.395
              4      -6384.3837      0.30570794   2.1482763e-09      -23.025851       -23.025851      -12722.716                                                  -12722.716
              1      -6383.6625      0.31839498   1.9620863e-09      -23.025851       -23.025851      -12721.273                                                  -12721.273
              1      -6383.9835      0.34491428    1.755278e-09      -23.025851       -23.025851      -12721.915                                                  -12721.915
              1      -6384.3258      0.31686936   2.0151654e-09      -23.025851       -23.025851        -12722.6                                                    -12722.6
              1      -6384.3045        0.317045   2.0118181e-09      -23.025851       -23.025851      -12722.557                                                  -12722.557
              7      -6383.1912      0.29717276   2.1887342e-09      -23.025851       -23.025851      -12720.331                                                  -12720.331
              1      -6384.7663      0.30692678   2.2085082e-09      -23.025851       -23.025851      -12723.481                                                  -12723.481
              2      -6384.4831      0.29188907   2.3816854e-09      -23.025851       -23.025851      -12722.914                                                  -12722.914
              2      -6384.5971      0.31490339   2.1523978e-09      -23.025851       -23.025851      -12723.143                                                  -12723.143
              1      -6384.7291      0.30323558   2.2363217e-09      -23.025851       -23.025851      -12723.406                                                  -12723.406
              1       -6383.999      0.32856924   1.8826499e-09      -23.025851       -23.025851      -12721.946                                                  -12721.946
              1      -6384.1182      0.34677636   1.7539918e-09      -23.025851       -23.025851      -12722.185                                                  -12722.185
              3      -6384.5799      0.33605806   1.9023546e-09      -23.025851       -23.025851      -12723.108                                                  -12723.108
              3      -6384.1675      0.34238405   1.7857102e-09      -23.025851       -23.025851      -12722.283                                                  -12722.283
              5      -6382.9139      0.35732155   1.6222537e-09      -23.025851       -23.025851      -12719.776                                                  -12719.776
              2      -6383.6537      0.32935464   1.8584524e-09      -23.025851       -23.025851      -12721.256                                                  -12721.256
              2      -6383.5596      0.32437257   1.8992942e-09      -23.025851       -23.025851      -12721.067                                                  -12721.067
              1      -6384.7673       0.3243519   2.0045707e-09      -23.025851       -23.025851      -12723.483                                                  -12723.483
              1      -6384.5241       0.2960455   2.3052406e-09      -23.025851       -23.025851      -12722.997                                                  -12722.997
              1      -6384.7779      0.31061455   2.1392197e-09      -23.025851       -23.025851      -12723.504                                                  -12723.504
              4      -6384.4442      0.31549871   2.1598323e-09      -23.025851       -23.025851      -12722.837                                                  -12722.837
              7      -6384.6706       0.3080326   2.2202608e-09      -23.025851       -23.025851       -12723.29                                                   -12723.29
              2      -6384.6447      0.29807628   2.3127007e-09      -23.025851       -23.025851      -12723.238                                                  -12723.238
              1      -6384.3822      0.30124901   2.2073429e-09      -23.025851       -23.025851      -12722.713                                                  -12722.713
              2       -6384.521      0.33307559   1.8853446e-09      -23.025851       -23.025851       -12722.99                                                   -12722.99
              1      -6384.5039      0.31044616   2.1009621e-09      -23.025851       -23.025851      -12722.956                                                  -12722.956
              2      -6384.3897      0.33124757   1.8860951e-09      -23.025851       -23.025851      -12722.728                                                  -12722.728
              2      -6384.4629      0.32691483   1.9290663e-09      -23.025851       -23.025851      -12722.874                                                  -12722.874
              2      -6381.7773      0.29818128   2.1213647e-09      -23.025851       -23.025851      -12717.503                                                  -12717.503
              4      -6379.9978      0.27972188   2.3260696e-09      -23.025851       -23.025851      -12713.944                                                  -12713.944
              1      -6382.2257      0.27992618   2.4047003e-09      -23.025851       -23.025851        -12718.4                                                    -12718.4
              2      -6381.4469      0.27482697   2.4590229e-09      -23.025851       -23.025851      -12716.842                                                  -12716.842
              1      -6384.3744      0.31824064   2.0045101e-09      -23.025851       -23.025851      -12722.697                                                  -12722.697
              1      -6384.0756      0.33752852   1.9396279e-09      -23.025851       -23.025851        -12722.1                                                    -12722.1
              2      -6383.5707        0.310778   2.2660128e-09      -23.025851       -23.025851       -12721.09                                                   -12721.09
              3      -6384.0098        0.282355   2.4876126e-09      -23.025851       -23.025851      -12721.968                                                  -12721.968
              2      -6384.2178      0.28459321   2.5132095e-09      -23.025851       -23.025851      -12722.384                                                  -12722.384
              1       -6384.284      0.28975968   2.3789611e-09      -23.025851       -23.025851      -12722.516                                                  -12722.516
              1      -6384.5624      0.33064902   1.9750194e-09      -23.025851       -23.025851      -12723.073                                                  -12723.073
              1      -6384.6044      0.33562682   1.8975563e-09      -23.025851       -23.025851      -12723.157                                                  -12723.157
              1      -6384.5645      0.33755102   1.8815747e-09      -23.025851       -23.025851      -12723.077                                                  -12723.077
              6      -6383.3752      0.29556284   2.4641267e-09      -23.025851       -23.025851      -12720.699                                                  -12720.699
              2      -6383.5632      0.29622037   2.4460153e-09      -23.025851       -23.025851      -12721.075                                                  -12721.075
              1      -6384.6807       0.3019831   2.2392141e-09      -23.025851       -23.025851       -12723.31                                                   -12723.31
              1      -6384.7256      0.32771116   1.9775332e-09      -23.025851       -23.025851        -12723.4                                                    -12723.4
              1      -6384.4854      0.29220765   2.4021789e-09      -23.025851       -23.025851      -12722.919                                                  -12722.919
              1      -6384.2359      0.28770127   2.4114526e-09      -23.025851       -23.025851       -12722.42                                                   -12722.42
              1      -6382.7757      0.27848892   2.4575705e-09      -23.025851       -23.025851        -12719.5                                                    -12719.5
              2      -6383.5002      0.31738271   1.9650978e-09      -23.025851       -23.025851      -12720.949                                                  -12720.949
              3      -6384.1734      0.31150479    2.063391e-09      -23.025851       -23.025851      -12722.295                                                  -12722.295
              1      -6384.6915      0.32775672   1.9519173e-09      -23.025851       -23.025851      -12723.331                                                  -12723.331
              7      -6384.4673      0.29882911   2.3472096e-09      -23.025851       -23.025851      -12722.883                                                  -12722.883
              4      -6384.2434      0.30122625   2.3415127e-09      -23.025851       -23.025851      -12722.435                                                  -12722.435
              1      -6384.2915      0.31027984   2.2316939e-09      -23.025851       -23.025851      -12722.531                                                  -12722.531
              1      -6384.2636      0.31050641   2.2310095e-09      -23.025851       -23.025851      -12722.476                                                  -12722.476
              5      -6384.3164      0.34742891   1.7802491e-09      -23.025851       -23.025851      -12722.581                                                  -12722.581
              2      -6384.7061       0.3077404   2.2174366e-09      -23.025851       -23.025851       -12723.36                                                   -12723.36
             10      -6384.6866      0.33047264   1.9510493e-09      -23.025851       -23.025851      -12723.322                                                  -12723.322
              2      -6384.4396      0.29019857   2.4186318e-09      -23.025851       -23.025851      -12722.828                                                  -12722.828
              1      -6384.5868      0.31155931   2.0962879e-09      -23.025851       -23.025851      -12723.122                                                  -12723.122
              1      -6383.5201      0.29891852   2.1814141e-09      -23.025851       -23.025851      -12720.989                                                  -12720.989
              3      -6383.3959      0.30538649   2.0936614e-09      -23.025851       -23.025851       -12720.74                                                   -12720.74
              2      -6384.0922      0.30899502   2.0872318e-09      -23.025851       -23.025851      -12722.133                                                  -12722.133
              2      -6384.1886      0.30512399   2.1406294e-09      -23.025851       -23.025851      -12722.326                                                  -12722.326
              6      -6380.9851      0.26833928   2.5600495e-09      -23.025851       -23.025851      -12715.919                                                  -12715.919
              5      -6382.3541      0.27243161   2.5473699e-09      -23.025851       -23.025851      -12718.657                                                  -12718.657
              1      -6384.0839       0.2920312   2.3176382e-09      -23.025851       -23.025851      -12722.116                                                  -12722.116
              2      -6384.3565      0.33755075   1.9177843e-09      -23.025851       -23.025851      -12722.661                                                  -12722.661
              2      -6384.0791      0.32590613   1.9110513e-09      -23.025851       -23.025851      -12722.107                                                  -12722.107
              1      -6384.7324      0.31277487   2.1580776e-09      -23.025851       -23.025851      -12723.413                                                  -12723.413
              1      -6384.2816        0.290651   2.3621925e-09      -23.025851       -23.025851      -12722.512                                                  -12722.512
              3      -6384.3925      0.29288484   2.3383511e-09      -23.025851       -23.025851      -12722.733                                                  -12722.733
              2      -6383.0111      0.27333005   2.5727461e-09      -23.025851       -23.025851      -12719.971                                                  -12719.971
              1      -6384.2384      0.29210106   2.3317269e-09      -23.025851       -23.025851      -12722.425                                                  -12722.425
              1      -6383.7177      0.28205462   2.4586608e-09      -23.025851       -23.025851      -12721.384                                                  -12721.384
              1      -6382.6968      0.27674676    2.484828e-09      -23.025851       -23.025851      -12719.342                                                  -12719.342
              1      -6383.8171      0.33596299   1.8111814e-09      -23.025851       -23.025851      -12721.582                                                  -12721.582
              1      -6384.3815      0.33928353    1.826467e-09      -23.025851       -23.025851      -12722.711                                                  -12722.711
              1      -6381.2652       0.3431183   1.9814544e-09      -23.025851       -23.025851      -12716.479                                                  -12716.479
              4      -6381.2011      0.33972844   2.0175277e-09      -23.025851       -23.025851       -12716.35                                                   -12716.35
              2      -6382.3962      0.30556169   2.3756286e-09      -23.025851       -23.025851      -12718.741                                                  -12718.741
              2      -6382.1563      0.30410109   2.4021609e-09      -23.025851       -23.025851      -12718.261                                                  -12718.261
              1      -6378.5366      0.30505351   2.4814469e-09      -23.025851       -23.025851      -12711.021                                                  -12711.021
              1      -6384.3952      0.29385837   2.4088974e-09      -23.025851       -23.025851      -12722.739                                                  -12722.739
              3      -6384.2436      0.34633244   1.8279588e-09      -23.025851       -23.025851      -12722.436                                                  -12722.436
              1      -6383.9949      0.35767069   1.6960934e-09      -23.025851       -23.025851      -12721.938                                                  -12721.938
              1      -6383.9075      0.36038403   1.6923444e-09      -23.025851       -23.025851      -12721.763                                                  -12721.763
              1      -6384.0472      0.35210773    1.782403e-09      -23.025851       -23.025851      -12722.043                                                  -12722.043
              1       -6384.148      0.34925013   1.7437163e-09      -23.025851       -23.025851      -12722.244                                                  -12722.244
              2      -6382.9001      0.32290721   1.8872521e-09      -23.025851       -23.025851      -12719.748                                                  -12719.748
              2      -6384.2889      0.33787971   1.8268637e-09      -23.025851       -23.025851      -12722.526                                                  -12722.526
              1      -6384.7073      0.32929944   1.9598005e-09      -23.025851       -23.025851      -12723.363                                                  -12723.363
              3      -6384.6715      0.31155283   2.1067453e-09      -23.025851       -23.025851      -12723.291                                                  -12723.291
              2      -6383.5756       0.3244708   2.1073869e-09      -23.025851       -23.025851      -12721.099                                                  -12721.099
              1      -6384.6175      0.33455278   1.9127196e-09      -23.025851       -23.025851      -12723.183                                                  -12723.183
              2      -6383.9947      0.35792867    1.697599e-09      -23.025851       -23.025851      -12721.938                                                  -12721.938
              2      -6384.6653      0.33090533   1.9529033e-09      -23.025851       -23.025851      -12723.279                                                  -12723.279
              4       -6384.753      0.31470442   2.0839911e-09      -23.025851       -23.025851      -12723.454                                                  -12723.454
              1      -6384.5225      0.33957759   1.8619085e-09      -23.025851       -23.025851      -12722.993                                                  -12722.993
              2      -6384.5281       0.3393498   1.8632245e-09      -23.025851       -23.025851      -12723.004                                                  -12723.004
              2      -6384.4398      0.29069615   2.3945495e-09      -23.025851       -23.025851      -12722.828                                                  -12722.828
              1      -6384.2144      0.32521679   1.9256585e-09      -23.025851       -23.025851      -12722.377                                                  -12722.377
              4      -6384.2207      0.32540262   1.9243614e-09      -23.025851       -23.025851       -12722.39                                                   -12722.39
              1      -6384.1877       0.3275599   1.9027809e-09      -23.025851       -23.025851      -12722.324                                                  -12722.324
              1      -6383.3706      0.31785447   1.9547865e-09      -23.025851       -23.025851       -12720.69                                                   -12720.69
              2      -6383.2253      0.32013212   1.9261483e-09      -23.025851       -23.025851      -12720.399                                                  -12720.399
              2      -6383.9028      0.33972701   1.9264465e-09      -23.025851       -23.025851      -12721.754                                                  -12721.754
              6       -6384.402      0.32074192   2.1033417e-09      -23.025851       -23.025851      -12722.752                                                  -12722.752
              4      -6384.4859       0.2922929   2.3717427e-09      -23.025851       -23.025851       -12722.92                                                   -12722.92
              2      -6384.1372      0.34697246   1.8320771e-09      -23.025851       -23.025851      -12722.223                                                  -12722.223
              1      -6383.6574       0.3112541   2.2563061e-09      -23.025851       -23.025851      -12721.263                                                  -12721.263
              1      -6384.4722       0.3112109   2.2066652e-09      -23.025851       -23.025851      -12722.893                                                  -12722.893
              8       -6384.401      0.31682771   2.1480426e-09      -23.025851       -23.025851       -12722.75                                                   -12722.75
              3      -6384.3745      0.29167127   2.3576105e-09      -23.025851       -23.025851      -12722.697                                                  -12722.697
              5      -6384.7229      0.31702272   2.1117785e-09      -23.025851       -23.025851      -12723.394                                                  -12723.394
              1      -6384.2864      0.28748198   2.4260231e-09      -23.025851       -23.025851      -12722.521                                                  -12722.521
              1       -6384.538      0.29355124    2.366543e-09      -23.025851       -23.025851      -12723.024                                                  -12723.024
              5      -6384.3194      0.29041353   2.4536687e-09      -23.025851       -23.025851      -12722.587                                                  -12722.587
              2      -6384.3646      0.29624649   2.3874578e-09      -23.025851       -23.025851      -12722.677                                                  -12722.677
              2      -6384.5467      0.31103557   2.2016723e-09      -23.025851       -23.025851      -12723.042                                                  -12723.042
              1      -6383.9112      0.32704311   1.8915127e-09      -23.025851       -23.025851      -12721.771                                                  -12721.771
              2      -6383.8627       0.3319538   1.8462759e-09      -23.025851       -23.025851      -12721.674                                                  -12721.674
              1      -6384.6711      0.32552225   1.9652622e-09      -23.025851       -23.025851      -12723.291                                                  -12723.291
              5      -6384.6499       0.3225118   1.9887606e-09      -23.025851       -23.025851      -12723.248                                                  -12723.248
              1      -6384.3794      0.29224215   2.4270365e-09      -23.025851       -23.025851      -12722.707                                                  -12722.707
              2      -6382.8945      0.30055642   2.4212173e-09      -23.025851       -23.025851      -12719.737                                                  -12719.737
              2      -6382.9967      0.31031997   2.2952746e-09      -23.025851       -23.025851      -12719.942                                                  -12719.942
              2       -6384.567      0.31078211   2.2024675e-09      -23.025851       -23.025851      -12723.082                                                  -12723.082
              1      -6384.6393      0.29786763   2.3170116e-09      -23.025851       -23.025851      -12723.227                                                  -12723.227
              1      -6383.1119      0.32113049   1.9120272e-09      -23.025851       -23.025851      -12720.172                                                  -12720.172
              3      -6384.7564      0.30876662   2.1574547e-09      -23.025851       -23.025851      -12723.461                                                  -12723.461
              1      -6384.4934      0.30738974   2.1370955e-09      -23.025851       -23.025851      -12722.935                                                  -12722.935
              1      -6384.2622      0.30952007   2.0923249e-09      -23.025851       -23.025851      -12722.473                                                  -12722.473
              1      -6384.3786       0.3332733   1.8690401e-09      -23.025851       -23.025851      -12722.706                                                  -12722.706
              4      -6382.2055      0.31856019   1.9064251e-09      -23.025851       -23.025851      -12718.359                                                  -12718.359
              1      -6384.7464      0.31704173   2.0575016e-09      -23.025851       -23.025851      -12723.441                                                  -12723.441
              1      -6384.1288       0.2931797   2.3034105e-09      -23.025851       -23.025851      -12722.206                                                  -12722.206
              2      -6384.3572      0.30465244   2.2922207e-09      -23.025851       -23.025851      -12722.663                                                  -12722.663
              1      -6384.3973       0.3000216   2.3417914e-09      -23.025851       -23.025851      -12722.743                                                  -12722.743
              2      -6382.3443      0.29466673    2.187253e-09      -23.025851       -23.025851      -12718.637                                                  -12718.637
              3      -6383.1166      0.35630077   1.6368079e-09      -23.025851       -23.025851      -12720.182                                                  -12720.182
              2      -6383.2543      0.35403657   1.6568426e-09      -23.025851       -23.025851      -12720.457                                                  -12720.457
              1      -6383.8035       0.3441502   1.8855102e-09      -23.025851       -23.025851      -12721.555                                                  -12721.555
              3      -6384.6145      0.30584677   2.2521186e-09      -23.025851       -23.025851      -12723.177                                                  -12723.177
              3      -6384.5051      0.30262273   2.3011032e-09      -23.025851       -23.025851      -12722.958                                                  -12722.958
              4      -6384.6284      0.33093128    1.961386e-09      -23.025851       -23.025851      -12723.205                                                  -12723.205
              2      -6384.5199      0.33791442   1.8912337e-09      -23.025851       -23.025851      -12722.988                                                  -12722.988
              1      -6384.2832       0.3088537   2.1017093e-09      -23.025851       -23.025851      -12722.515                                                  -12722.515
              4      -6384.3804      0.29206066   2.4285083e-09      -23.025851       -23.025851      -12722.709                                                  -12722.709
              1      -6384.5919      0.29733815   2.3403661e-09      -23.025851       -23.025851      -12723.132                                                  -12723.132
              1       -6382.474      0.34810348   1.8990271e-09      -23.025851       -23.025851      -12718.896                                                  -12718.896
              2      -6383.8456      0.34430894   1.8814825e-09      -23.025851       -23.025851       -12721.64                                                   -12721.64
              5       -6383.863      0.35058605   1.8146862e-09      -23.025851       -23.025851      -12721.674                                                  -12721.674
              1      -6383.7674      0.33826758   1.9490188e-09      -23.025851       -23.025851      -12721.483                                                  -12721.483
              1      -6384.5231       0.3242287   1.9587293e-09      -23.025851       -23.025851      -12722.995                                                  -12722.995
              2       -6384.503       0.3250146   1.9496562e-09      -23.025851       -23.025851      -12722.954                                                  -12722.954
              1      -6384.4599      0.29083227   2.4052944e-09      -23.025851       -23.025851      -12722.868                                                  -12722.868
              2      -6383.5966      0.29190648   2.4988837e-09      -23.025851       -23.025851      -12721.142                                                  -12721.142
              5      -6383.3316      0.29160871   2.5174537e-09      -23.025851       -23.025851      -12720.612                                                  -12720.612
              2      -6383.6428      0.28807642   2.5444356e-09      -23.025851       -23.025851      -12721.234                                                  -12721.234
              2       -6384.132      0.29291751   2.4482979e-09      -23.025851       -23.025851      -12722.212                                                  -12722.212
              3      -6383.9011      0.30417632   2.1342495e-09      -23.025851       -23.025851       -12721.75                                                   -12721.75
              4      -6383.3254      0.29188668   2.2696466e-09      -23.025851       -23.025851      -12720.599                                                  -12720.599
              4      -6384.5019      0.30481939   2.2768495e-09      -23.025851       -23.025851      -12722.952                                                  -12722.952
              1      -6384.3744      0.28853532   2.4277478e-09      -23.025851       -23.025851      -12722.697                                                  -12722.697
              6      -6384.3946      0.28948397   2.4089102e-09      -23.025851       -23.025851      -12722.737                                                  -12722.737
              1      -6384.3773      0.31046958   2.0897912e-09      -23.025851       -23.025851      -12722.703                                                  -12722.703
              1      -6384.6562      0.33189632   1.9186177e-09      -23.025851       -23.025851      -12723.261                                                  -12723.261
              1      -6383.9721      0.30649099   2.2968831e-09      -23.025851       -23.025851      -12721.892                                                  -12721.892
              1      -6382.7382      0.27315667   2.5566028e-09      -23.025851       -23.025851      -12719.425                                                  -12719.425
              4       -6383.274       0.3051222   2.0914102e-09      -23.025851       -23.025851      -12720.496                                                  -12720.496
              1      -6383.2418      0.32206077   1.9080485e-09      -23.025851       -23.025851      -12720.432                                                  -12720.432
              3      -6383.8906      0.35768867   1.6778284e-09      -23.025851       -23.025851       -12721.73                                                   -12721.73
              1      -6384.1991      0.30015026   2.2068261e-09      -23.025851       -23.025851      -12722.346                                                  -12722.346
              3      -6384.5817      0.29872833   2.3309921e-09      -23.025851       -23.025851      -12723.112                                                  -12723.112
              1      -6383.7822      0.27812807   2.5486261e-09      -23.025851       -23.025851      -12721.513                                                  -12721.513
              1      -6383.9692      0.31063145   2.0610378e-09      -23.025851       -23.025851      -12721.887                                                  -12721.887
              2      -6384.3546      0.34264526   1.8033885e-09      -23.025851       -23.025851      -12722.658                                                  -12722.658
              3      -6383.5016      0.35631625   1.6553392e-09      -23.025851       -23.025851      -12720.952                                                  -12720.952
              1      -6383.2075      0.33358331   1.8037677e-09      -23.025851       -23.025851      -12720.363                                                  -12720.363
              1      -6382.3343       0.3393122   1.7280879e-09      -23.025851       -23.025851      -12718.617                                                  -12718.617
              1      -6382.5993      0.35549143   1.6221878e-09      -23.025851       -23.025851      -12719.147                                                  -12719.147
              4      -6384.6836      0.32558242   2.0176415e-09      -23.025851       -23.025851      -12723.315                                                  -12723.315
              3      -6384.5079      0.30923147   2.1158634e-09      -23.025851       -23.025851      -12722.964                                                  -12722.964
              2      -6384.6646      0.31403281   2.1543119e-09      -23.025851       -23.025851      -12723.278                                                  -12723.278
              3      -6384.7759      0.30720488   2.2000408e-09      -23.025851       -23.025851        -12723.5                                                    -12723.5
              1      -6384.7201      0.30236464   2.2580877e-09      -23.025851       -23.025851      -12723.388                                                  -12723.388
              1      -6384.7509      0.30527315   2.2090382e-09      -23.025851       -23.025851       -12723.45                                                   -12723.45
              6      -6384.7585      0.31650321   2.1109708e-09      -23.025851       -23.025851      -12723.465                                                  -12723.465
              2      -6384.1964      0.28659273    2.507738e-09      -23.025851       -23.025851      -12722.341                                                  -12722.341
              1       -6384.252      0.28876546   2.4794827e-09      -23.025851       -23.025851      -12722.452                                                  -12722.452
              5      -6384.2731      0.28958974   2.4684999e-09      -23.025851       -23.025851      -12722.494                                                  -12722.494
              8      -6384.5694      0.29473062   2.3546727e-09      -23.025851       -23.025851      -12723.087                                                  -12723.087
              3       -6384.175      0.32415759   1.9329797e-09      -23.025851       -23.025851      -12722.298                                                  -12722.298
              2       -6384.676      0.29964996    2.290796e-09      -23.025851       -23.025851        -12723.3                                                    -12723.3
              2      -6384.5338      0.29348664   2.3640971e-09      -23.025851       -23.025851      -12723.016                                                  -12723.016
              1      -6384.5529      0.29433034   2.3501048e-09      -23.025851       -23.025851      -12723.054                                                  -12723.054
              1        -6382.92      0.34768526   1.8882555e-09      -23.025851       -23.025851      -12719.788                                                  -12719.788
              1      -6383.8509      0.33691736   1.9590677e-09      -23.025851       -23.025851       -12721.65                                                   -12721.65
              3      -6384.2004      0.35109195    1.771334e-09      -23.025851       -23.025851      -12722.349                                                  -12722.349
              3      -6384.6508      0.32290032   1.9852892e-09      -23.025851       -23.025851       -12723.25                                                   -12723.25
              1      -6384.7875      0.32186168   2.0304548e-09      -23.025851       -23.025851      -12723.523                                                  -12723.523
              1      -6384.7845       0.3220657   2.0324183e-09      -23.025851       -23.025851      -12723.517                                                  -12723.517
              1         -6384.8       0.3105076   2.1590811e-09      -23.025851       -23.025851      -12723.548                                                  -12723.548
              2      -6384.6154      0.31897716   2.1038881e-09      -23.025851       -23.025851      -12723.179                                                  -12723.179
              1      -6384.7793      0.31464379   2.1270296e-09      -23.025851       -23.025851      -12723.507                                                  -12723.507
              3      -6384.7883      0.31709197   2.0962903e-09      -23.025851       -23.025851      -12723.525                                                  -12723.525
              1      -6384.7454      0.31042515   2.1811083e-09      -23.025851       -23.025851      -12723.439                                                  -12723.439
              2      -6384.7356      0.30452984   2.2147509e-09      -23.025851       -23.025851       -12723.42                                                   -12723.42
              1      -6384.5882      0.33314464   1.9407026e-09      -23.025851       -23.025851      -12723.125                                                  -12723.125
              2      -6384.6925      0.32568747   1.9677031e-09      -23.025851       -23.025851      -12723.333                                                  -12723.333
              1      -6384.3885      0.33736992   1.9166182e-09      -23.025851       -23.025851      -12722.725                                                  -12722.725
              3      -6384.1882      0.32256495   2.0974404e-09      -23.025851       -23.025851      -12722.325                                                  -12722.325
              1      -6384.2613      0.31804161   2.1441187e-09      -23.025851       -23.025851      -12722.471                                                  -12722.471
              2      -6384.8037      0.31872127   2.0613258e-09      -23.025851       -23.025851      -12723.556                                                  -12723.556
              1       -6384.807      0.31537267   2.0939833e-09      -23.025851       -23.025851      -12723.562                                                  -12723.562
              1      -6384.7144      0.32895127   1.9571705e-09      -23.025851       -23.025851      -12723.377                                                  -12723.377
              3      -6384.7035      0.32853603   1.9747073e-09      -23.025851       -23.025851      -12723.355                                                  -12723.355
              1      -6384.1008      0.35409661   1.7206568e-09      -23.025851       -23.025851       -12722.15                                                   -12722.15
              1      -6383.9712      0.35195683   1.7915815e-09      -23.025851       -23.025851      -12721.891                                                  -12721.891
              4       -6383.341      0.32986889   1.8405854e-09      -23.025851       -23.025851       -12720.63                                                   -12720.63
              2       -6382.468      0.32911731   1.8163203e-09      -23.025851       -23.025851      -12718.884                                                  -12718.884
              1      -6383.3217      0.35345277   1.6635688e-09      -23.025851       -23.025851      -12720.592                                                  -12720.592
              1      -6384.5703      0.32173227   2.0772029e-09      -23.025851       -23.025851      -12723.089                                                  -12723.089
              2      -6383.4707      0.29309822   2.4908109e-09      -23.025851       -23.025851       -12720.89                                                   -12720.89
              1      -6383.2717      0.27473678   2.5650905e-09      -23.025851       -23.025851      -12720.492                                                  -12720.492
              1      -6384.3124      0.28983413    2.382091e-09      -23.025851       -23.025851      -12722.573                                                  -12722.573
              4       -6384.351      0.28792638   2.4613628e-09      -23.025851       -23.025851       -12722.65                                                   -12722.65
              1       -6384.123       0.2939631   2.2907026e-09      -23.025851       -23.025851      -12722.194                                                  -12722.194
              1      -6383.6424      0.35965622   1.6463399e-09      -23.025851       -23.025851      -12721.233                                                  -12721.233
              3      -6384.0804      0.35030329   1.7997885e-09      -23.025851       -23.025851      -12722.109                                                  -12722.109
              1      -6384.4195      0.32503347   2.0533708e-09      -23.025851       -23.025851      -12722.787                                                  -12722.787
              1      -6384.0671      0.31181156   2.2282639e-09      -23.025851       -23.025851      -12722.083                                                  -12722.083
              1      -6384.1774      0.28906599   2.3773199e-09      -23.025851       -23.025851      -12722.303                                                  -12722.303
              1      -6384.3931      0.30435822   2.1665024e-09      -23.025851       -23.025851      -12722.735                                                  -12722.735
              5      -6384.5473        0.330547   1.9781109e-09      -23.025851       -23.025851      -12723.043                                                  -12723.043
              5      -6384.6812      0.33073158   1.9328288e-09      -23.025851       -23.025851      -12723.311                                                  -12723.311
              2      -6384.6487      0.32184694   1.9947939e-09      -23.025851       -23.025851      -12723.246                                                  -12723.246
              2      -6384.3918      0.31634022   2.1543324e-09      -23.025851       -23.025851      -12722.732                                                  -12722.732
              2      -6384.7894      0.32089605   2.0473872e-09      -23.025851       -23.025851      -12723.527                                                  -12723.527
              1      -6384.7874      0.32162072   2.0373656e-09      -23.025851       -23.025851      -12723.523                                                  -12723.523
              4      -6384.7823      0.32229003   2.0217667e-09      -23.025851       -23.025851      -12723.513                                                  -12723.513
              2      -6384.7234      0.30292152   2.2392359e-09      -23.025851       -23.025851      -12723.395                                                  -12723.395
              3      -6384.7873      0.31114587   2.1356408e-09      -23.025851       -23.025851      -12723.523                                                  -12723.523
              1      -6384.8036      0.31687564   2.0763385e-09      -23.025851       -23.025851      -12723.556                                                  -12723.556
              5      -6384.6378      0.31175456   2.0999362e-09      -23.025851       -23.025851      -12723.224                                                  -12723.224
              2      -6384.7656      0.32290409   2.0312894e-09      -23.025851       -23.025851      -12723.479                                                  -12723.479
              2      -6384.7831        0.318911   2.0479753e-09      -23.025851       -23.025851      -12723.514                                                  -12723.514
              3      -6384.0267      0.32507877   2.0786768e-09      -23.025851       -23.025851      -12722.002                                                  -12722.002
              2      -6383.7612      0.35645285    1.671326e-09      -23.025851       -23.025851      -12721.471                                                  -12721.471
              3      -6384.2584      0.33193833   1.8701816e-09      -23.025851       -23.025851      -12722.465                                                  -12722.465
              2      -6384.6096      0.33515669    1.905191e-09      -23.025851       -23.025851      -12723.168                                                  -12723.168
              1      -6384.3506       0.3463831   1.7916935e-09      -23.025851       -23.025851      -12722.649                                                  -12722.649
              1      -6384.3717      0.33015169   1.9996748e-09      -23.025851       -23.025851      -12722.692                                                  -12722.692
              1      -6383.5772      0.29938284    2.178217e-09      -23.025851       -23.025851      -12721.103                                                  -12721.103
              3       -6384.296      0.34808843   1.7939406e-09      -23.025851       -23.025851       -12722.54                                                   -12722.54
             11      -6384.2385      0.34624394   1.8296617e-09      -23.025851       -23.025851      -12722.425                                                  -12722.425
              2      -6384.5378       0.3378313   1.8602519e-09      -23.025851       -23.025851      -12723.024                                                  -12723.024
              1      -6384.3954      0.33602208   1.9313755e-09      -23.025851       -23.025851      -12722.739                                                  -12722.739
              2      -6384.6293      0.29747642   2.3238858e-09      -23.025851       -23.025851      -12723.207                                                  -12723.207
              6      -6384.4961      0.31089592   2.0949422e-09      -23.025851       -23.025851       -12722.94                                                   -12722.94
              3      -6384.7379      0.32499879   2.0127225e-09      -23.025851       -23.025851      -12723.424                                                  -12723.424
              1      -6384.7432      0.32386422   2.0260469e-09      -23.025851       -23.025851      -12723.435                                                  -12723.435
              1      -6383.9751       0.3121886    2.043826e-09      -23.025851       -23.025851      -12721.898                                                  -12721.898
              6      -6384.0486      0.30636449   2.1160384e-09      -23.025851       -23.025851      -12722.046                                                  -12722.046
              2      -6383.9198      0.35173893   1.7982428e-09      -23.025851       -23.025851      -12721.788                                                  -12721.788
              3      -6383.5772      0.35698026   1.6559803e-09      -23.025851       -23.025851      -12721.103                                                  -12721.103
              1      -6383.9804      0.35647692   1.6937414e-09      -23.025851       -23.025851      -12721.909                                                  -12721.909
              1      -6384.3705       0.2940181   2.4106155e-09      -23.025851       -23.025851      -12722.689                                                  -12722.689
              1      -6383.5884      0.28467693    2.400438e-09      -23.025851       -23.025851      -12721.125                                                  -12721.125
              3      -6384.4967      0.29891808   2.2539042e-09      -23.025851       -23.025851      -12722.942                                                  -12722.942
              1      -6383.4105       0.2883102   2.3288497e-09      -23.025851       -23.025851      -12720.769                                                  -12720.769
              3      -6384.1685      0.30084119   2.3517658e-09      -23.025851       -23.025851      -12722.285                                                  -12722.285
              3      -6384.2243      0.29891047   2.3702894e-09      -23.025851       -23.025851      -12722.397                                                  -12722.397
              3      -6383.8252      0.30879864   2.0742621e-09      -23.025851       -23.025851      -12721.599                                                  -12721.599
              1      -6384.6395      0.33371099   1.9156266e-09      -23.025851       -23.025851      -12723.227                                                  -12723.227
              2      -6384.6647      0.33154663   1.9231326e-09      -23.025851       -23.025851      -12723.278                                                  -12723.278
              1      -6383.4716       0.3506574   1.6884879e-09      -23.025851       -23.025851      -12720.891                                                  -12720.891
              1      -6383.5894       0.3538874   1.6745188e-09      -23.025851       -23.025851      -12721.127                                                  -12721.127
              2      -6384.2673      0.34067998    1.805649e-09      -23.025851       -23.025851      -12722.483                                                  -12722.483
              1      -6384.3129      0.34045916   1.8114946e-09      -23.025851       -23.025851      -12722.574                                                  -12722.574
              6      -6384.6354      0.32483998   1.9658432e-09      -23.025851       -23.025851      -12723.219                                                  -12723.219
              2      -6384.4137      0.34419754   1.8188505e-09      -23.025851       -23.025851      -12722.776                                                  -12722.776
              1      -6384.4397      0.31697658   2.0227401e-09      -23.025851       -23.025851      -12722.828                                                  -12722.828
              3      -6384.4861      0.34120132   1.8465847e-09      -23.025851       -23.025851      -12722.921                                                  -12722.921
              2      -6383.6514      0.33815541   1.9558226e-09      -23.025851       -23.025851      -12721.251                                                  -12721.251
              2      -6384.6225      0.29810517   2.3257396e-09      -23.025851       -23.025851      -12723.193                                                  -12723.193
              3      -6383.6081      0.35002422   1.8356448e-09      -23.025851       -23.025851      -12721.164                                                  -12721.164
              5       -6383.642      0.35409745   1.7924016e-09      -23.025851       -23.025851      -12721.232                                                  -12721.232
              3      -6382.7211      0.33437331    2.031316e-09      -23.025851       -23.025851       -12719.39                                                   -12719.39
              1      -6384.2664      0.32571909   2.0569643e-09      -23.025851       -23.025851      -12722.481                                                  -12722.481
              3      -6384.3627       0.3447617   1.8290351e-09      -23.025851       -23.025851      -12722.674                                                  -12722.674
              5      -6383.8833      0.35693452   1.6799352e-09      -23.025851       -23.025851      -12721.715                                                  -12721.715
              3      -6384.0588      0.35177064   1.7850727e-09      -23.025851       -23.025851      -12722.066                                                  -12722.066
              4      -6384.7159      0.32846924   1.9566701e-09      -23.025851       -23.025851       -12723.38                                                   -12723.38
              3      -6384.5579      0.32314829   2.0622834e-09      -23.025851       -23.025851      -12723.064                                                  -12723.064
              2      -6384.4095      0.32484541   2.0563039e-09      -23.025851       -23.025851      -12722.767                                                  -12722.767
              2      -6384.7603       0.3240811    2.016956e-09      -23.025851       -23.025851      -12723.469                                                  -12723.469
              2      -6384.2993      0.33180384   1.8742987e-09      -23.025851       -23.025851      -12722.547                                                  -12722.547
              1       -6384.213      0.33664697   1.9398518e-09      -23.025851       -23.025851      -12722.374                                                  -12722.374
              1       -6384.169      0.35282612   1.7441701e-09      -23.025851       -23.025851      -12722.286                                                  -12722.286
              3       -6384.061      0.35557003   1.7343421e-09      -23.025851       -23.025851       -12722.07                                                   -12722.07
              4      -6384.1433      0.28805129   2.5013146e-09      -23.025851       -23.025851      -12722.235                                                  -12722.235
              1      -6384.0883      0.28123481   2.5446914e-09      -23.025851       -23.025851      -12722.125                                                  -12722.125
              5       -6384.738      0.30451814   2.2393197e-09      -23.025851       -23.025851      -12723.424                                                  -12723.424
              2      -6384.7011      0.30116781   2.2652375e-09      -23.025851       -23.025851       -12723.35                                                   -12723.35
              7      -6384.5398      0.29359745   2.3674225e-09      -23.025851       -23.025851      -12723.028                                                  -12723.028
              1      -6384.5243        0.293334   2.3621015e-09      -23.025851       -23.025851      -12722.997                                                  -12722.997
              1      -6384.6525      0.29974153    2.304947e-09      -23.025851       -23.025851      -12723.253                                                  -12723.253
              4      -6384.6239      0.29885208   2.3201689e-09      -23.025851       -23.025851      -12723.196                                                  -12723.196
             12      -6384.7161      0.30626932   2.1821865e-09      -23.025851       -23.025851      -12723.381                                                  -12723.381
              2       -6384.022      0.33546313   1.9651669e-09      -23.025851       -23.025851      -12721.992                                                  -12721.992
              1      -6384.3391      0.31864752   2.1318438e-09      -23.025851       -23.025851      -12722.627                                                  -12722.627
              5      -6384.5855      0.31218224   2.1846066e-09      -23.025851       -23.025851      -12723.119                                                  -12723.119
              1      -6383.8985      0.31425528    2.208973e-09      -23.025851       -23.025851      -12721.745                                                  -12721.745
              3      -6383.1575      0.30888013   2.0425421e-09      -23.025851       -23.025851      -12720.263                                                  -12720.263
              1      -6384.2502      0.32290199   1.9496804e-09      -23.025851       -23.025851      -12722.449                                                  -12722.449
              1       -6384.243      0.34057776   1.8041617e-09      -23.025851       -23.025851      -12722.434                                                  -12722.434
              1      -6384.4358      0.32106826   2.0969616e-09      -23.025851       -23.025851       -12722.82                                                   -12722.82
              2      -6384.1192      0.34455496   1.8604767e-09      -23.025851       -23.025851      -12722.187                                                  -12722.187
              1      -6384.7941      0.32079474   2.0437732e-09      -23.025851       -23.025851      -12723.536                                                  -12723.536
              2      -6384.7911      0.32133834    2.036096e-09      -23.025851       -23.025851       -12723.53                                                   -12723.53
              2      -6384.7972      0.32024409   2.0461391e-09      -23.025851       -23.025851      -12723.543                                                  -12723.543
              1      -6384.7539         0.31871   2.0421509e-09      -23.025851       -23.025851      -12723.456                                                  -12723.456
              4       -6384.544      0.30526632   2.1696712e-09      -23.025851       -23.025851      -12723.036                                                  -12723.036
              2      -6383.6481      0.28151849   2.4624899e-09      -23.025851       -23.025851      -12721.245                                                  -12721.245
              1      -6383.5262      0.29526783   2.2317268e-09      -23.025851       -23.025851      -12721.001                                                  -12721.001
              4      -6384.1086      0.30284729   2.1642007e-09      -23.025851       -23.025851      -12722.166                                                  -12722.166
              2      -6384.4583      0.34093523   1.8625581e-09      -23.025851       -23.025851      -12722.865                                                  -12722.865
              4      -6384.5968      0.31172721   2.1885361e-09      -23.025851       -23.025851      -12723.142                                                  -12723.142
              1      -6384.5595      0.32228856   2.0719521e-09      -23.025851       -23.025851      -12723.067                                                  -12723.067
              1      -6383.5913      0.34386359   1.8993178e-09      -23.025851       -23.025851      -12721.131                                                  -12721.131
              2      -6381.9484      0.32981315   2.1035064e-09      -23.025851       -23.025851      -12717.845                                                  -12717.845
              4      -6381.0272      0.29657741   2.5362522e-09      -23.025851       -23.025851      -12716.003                                                  -12716.003
              2      -6381.2396      0.30111449   2.4689563e-09      -23.025851       -23.025851      -12716.427                                                  -12716.427
              3      -6382.0357       0.2972585   2.4957588e-09      -23.025851       -23.025851       -12718.02                                                   -12718.02
              1      -6383.5846       0.2971483   2.4331573e-09      -23.025851       -23.025851      -12721.117                                                  -12721.117
              4      -6382.4377      0.33960944   1.9855198e-09      -23.025851       -23.025851      -12718.824                                                  -12718.824
              1      -6382.5345      0.33589389   2.0211978e-09      -23.025851       -23.025851      -12719.017                                                  -12719.017
              1      -6383.7217      0.29491993   2.4534339e-09      -23.025851       -23.025851      -12721.392                                                  -12721.392
              1      -6384.4813      0.29459896   2.3228712e-09      -23.025851       -23.025851      -12722.911                                                  -12722.911
              3      -6384.3062      0.33593804   1.8425005e-09      -23.025851       -23.025851      -12722.561                                                  -12722.561
              4      -6383.7516      0.27607104   2.5963974e-09      -23.025851       -23.025851      -12721.451                                                  -12721.451
              3      -6384.7652      0.30654513    2.211715e-09      -23.025851       -23.025851      -12723.479                                                  -12723.479
              2      -6384.5861      0.33552952   1.8821611e-09      -23.025851       -23.025851      -12723.121                                                  -12723.121
              1      -6384.0502      0.34852822   1.7378024e-09      -23.025851       -23.025851      -12722.049                                                  -12722.049
              3      -6384.2218      0.35075429   1.7531316e-09      -23.025851       -23.025851      -12722.392                                                  -12722.392
              2      -6383.6683       0.3256651   2.0899701e-09      -23.025851       -23.025851      -12721.285                                                  -12721.285
              1      -6383.4981      0.30438217    2.347094e-09      -23.025851       -23.025851      -12720.945                                                  -12720.945
              1      -6384.2998      0.29819711   2.3720047e-09      -23.025851       -23.025851      -12722.548                                                  -12722.548
              1      -6384.7335      0.31814847   2.0437016e-09      -23.025851       -23.025851      -12723.415                                                  -12723.415
              4      -6384.3753      0.34562593   1.8013609e-09      -23.025851       -23.025851      -12722.699                                                  -12722.699
              1      -6384.1166      0.35264283   1.7664124e-09      -23.025851       -23.025851      -12722.181                                                  -12722.181
              1      -6384.0348      0.35639364   1.7274553e-09      -23.025851       -23.025851      -12722.018                                                  -12722.018
              2      -6383.9297      0.35614674   1.7480825e-09      -23.025851       -23.025851      -12721.808                                                  -12721.808
              1      -6384.7151      0.31199122   2.1081948e-09      -23.025851       -23.025851      -12723.378                                                  -12723.378
              5      -6384.7422      0.31198845   2.1131975e-09      -23.025851       -23.025851      -12723.433                                                  -12723.433
              2      -6383.7097      0.34347487   1.7490916e-09      -23.025851       -23.025851      -12721.368                                                  -12721.368
              1      -6383.8538      0.31671345   2.1826993e-09      -23.025851       -23.025851      -12721.656                                                  -12721.656
              2      -6384.7857       0.3211994    2.045361e-09      -23.025851       -23.025851       -12723.52                                                   -12723.52
              2      -6384.3685       0.3024936   2.3162622e-09      -23.025851       -23.025851      -12722.685                                                  -12722.685
              7        -6384.22      0.33850154   1.8167278e-09      -23.025851       -23.025851      -12722.388                                                  -12722.388
              2      -6384.0938      0.34988951   1.7345251e-09      -23.025851       -23.025851      -12722.136                                                  -12722.136
              3      -6383.9392      0.35112163   1.7138668e-09      -23.025851       -23.025851      -12721.827                                                  -12721.827
              3      -6382.9957      0.33976076   1.7464841e-09      -23.025851       -23.025851       -12719.94                                                   -12719.94
              1      -6384.4774      0.33590207   1.9235542e-09      -23.025851       -23.025851      -12722.903                                                  -12722.903
              3      -6384.6748      0.30352689   2.2665035e-09      -23.025851       -23.025851      -12723.298                                                  -12723.298
              1      -6384.4883      0.32364063   2.0633025e-09      -23.025851       -23.025851      -12722.925                                                  -12722.925
              2      -6384.6944      0.32664271   2.0024563e-09      -23.025851       -23.025851      -12723.337                                                  -12723.337
              2      -6384.4963       0.3247045   1.9518487e-09      -23.025851       -23.025851      -12722.941                                                  -12722.941
              3      -6383.9707      0.33936627   1.9263542e-09      -23.025851       -23.025851       -12721.89                                                   -12721.89
              1      -6383.8588      0.35056148   1.8152369e-09      -23.025851       -23.025851      -12721.666                                                  -12721.666
              1      -6383.9722      0.34419554   1.8749529e-09      -23.025851       -23.025851      -12721.893                                                  -12721.893
              7      -6384.2177       0.3466633   1.8271714e-09      -23.025851       -23.025851      -12722.384                                                  -12722.384
             11      -6384.7803      0.31179571   2.1576585e-09      -23.025851       -23.025851      -12723.509                                                  -12723.509
              3      -6384.6565      0.30363861   2.2080012e-09      -23.025851       -23.025851      -12723.261                                                  -12723.261
              4      -6384.7263      0.30285959   2.2531189e-09      -23.025851       -23.025851      -12723.401                                                  -12723.401
              1      -6384.7294      0.30303562   2.2499807e-09      -23.025851       -23.025851      -12723.407                                                  -12723.407
              5      -6383.6086      0.36314112   1.7006068e-09      -23.025851       -23.025851      -12721.166                                                  -12721.166
              2      -6384.1688      0.34241394   1.7856174e-09      -23.025851       -23.025851      -12722.286                                                  -12722.286
              1      -6384.5605       0.3371958    1.890659e-09      -23.025851       -23.025851      -12723.069                                                  -12723.069
              1      -6384.7915      0.31115207   2.1373456e-09      -23.025851       -23.025851      -12723.531                                                  -12723.531
              1      -6384.3073      0.32978743   1.8916684e-09      -23.025851       -23.025851      -12722.563                                                  -12722.563
              2      -6384.0736       0.3557073   1.7174583e-09      -23.025851       -23.025851      -12722.095                                                  -12722.095
              1      -6384.1984      0.33424991   1.9671559e-09      -23.025851       -23.025851      -12722.345                                                  -12722.345
              3       -6383.737      0.34495983   1.8807178e-09      -23.025851       -23.025851      -12721.422                                                  -12721.422
              2      -6384.7416      0.31741855   2.0526622e-09      -23.025851       -23.025851      -12723.431                                                  -12723.431
              2      -6384.7718      0.31081429   2.1347286e-09      -23.025851       -23.025851      -12723.492                                                  -12723.492
              1      -6384.7914      0.32000777   2.0419577e-09      -23.025851       -23.025851      -12723.531                                                  -12723.531
              1       -6384.785      0.32218196   2.0259664e-09      -23.025851       -23.025851      -12723.518                                                  -12723.518
              1      -6384.7197       0.3108046   2.1820082e-09      -23.025851       -23.025851      -12723.388                                                  -12723.388
              2      -6383.4657      0.30040562   2.3981688e-09      -23.025851       -23.025851       -12720.88                                                   -12720.88
              5      -6384.0128      0.30731192   2.2846778e-09      -23.025851       -23.025851      -12721.974                                                  -12721.974
              3      -6384.1333      0.30165434    2.344616e-09      -23.025851       -23.025851      -12722.215                                                  -12722.215
              2      -6384.0837      0.31372079   2.2049816e-09      -23.025851       -23.025851      -12722.116                                                  -12722.116
              1       -6384.138       0.3060174   2.2923072e-09      -23.025851       -23.025851      -12722.224                                                  -12722.224
              3      -6384.2854      0.29608827   2.2730324e-09      -23.025851       -23.025851      -12722.519                                                  -12722.519
              5      -6383.8689      0.27767272   2.5786127e-09      -23.025851       -23.025851      -12721.686                                                  -12721.686
              5      -6383.7605      0.27620399   2.5946145e-09      -23.025851       -23.025851      -12721.469                                                  -12721.469
              1      -6383.9151      0.30378014   2.3328553e-09      -23.025851       -23.025851      -12721.779                                                  -12721.779
              2      -6383.7615      0.30265587   2.3551455e-09      -23.025851       -23.025851      -12721.471                                                  -12721.471
              2      -6384.0761       0.2987322   2.3836731e-09      -23.025851       -23.025851      -12722.101                                                  -12722.101
              1      -6384.3247       0.2923396   2.4339843e-09      -23.025851       -23.025851      -12722.598                                                  -12722.598
              1      -6384.6503      0.29880724   2.3106971e-09      -23.025851       -23.025851      -12723.249                                                  -12723.249
              1      -6384.3877      0.32061762   2.1058451e-09      -23.025851       -23.025851      -12722.724                                                  -12722.724
              3      -6383.9447      0.29184005   2.4764919e-09      -23.025851       -23.025851      -12721.838                                                  -12721.838
              2      -6383.9414      0.29226513   2.4716001e-09      -23.025851       -23.025851      -12721.831                                                  -12721.831
              2      -6384.1163      0.28185198   2.5428568e-09      -23.025851       -23.025851      -12722.181                                                  -12722.181
              2      -6384.0974      0.28141833   2.5471176e-09      -23.025851       -23.025851      -12722.143                                                  -12722.143
              1      -6383.8448      0.27984671   2.5183279e-09      -23.025851       -23.025851      -12721.638                                                  -12721.638
              1      -6383.6876      0.27848468    2.527762e-09      -23.025851       -23.025851      -12721.324                                                  -12721.324
              4      -6384.3386      0.29178984   2.3497825e-09      -23.025851       -23.025851      -12722.625                                                  -12722.625
              4      -6384.4188      0.29773528    2.262208e-09      -23.025851       -23.025851      -12722.786                                                  -12722.786
              3       -6384.455      0.33187438   1.8871071e-09      -23.025851       -23.025851      -12722.858                                                  -12722.858
              3      -6383.8952      0.32980072   1.8663214e-09      -23.025851       -23.025851      -12721.739                                                  -12721.739
              2      -6384.7909      0.31989678    2.060525e-09      -23.025851       -23.025851       -12723.53                                                   -12723.53
              1      -6384.4628      0.31519577   2.1617499e-09      -23.025851       -23.025851      -12722.874                                                  -12722.874
              1      -6383.5879      0.27756293   2.5362224e-09      -23.025851       -23.025851      -12721.124                                                  -12721.124
              3      -6382.1401      0.28690251   2.2899816e-09      -23.025851       -23.025851      -12718.229                                                  -12718.229
              1      -6381.9784      0.31166638    1.970463e-09      -23.025851       -23.025851      -12717.905                                                  -12717.905
              1      -6383.7481      0.32997126   1.8574978e-09      -23.025851       -23.025851      -12721.444                                                  -12721.444
              1       -6384.387       0.3316059   1.9820902e-09      -23.025851       -23.025851      -12722.722                                                  -12722.722
              2      -6384.5159      0.31404756   2.1702322e-09      -23.025851       -23.025851       -12722.98                                                   -12722.98
              2      -6384.4142      0.29053877   2.3893457e-09      -23.025851       -23.025851      -12722.777                                                  -12722.777
              1      -6384.7961      0.31656496   2.0995875e-09      -23.025851       -23.025851       -12723.54                                                   -12723.54
              2      -6383.9551      0.31725673   2.1711895e-09      -23.025851       -23.025851      -12721.859                                                  -12721.859
              3      -6383.8824      0.27797975   2.5729625e-09      -23.025851       -23.025851      -12721.713                                                  -12721.713
              7      -6383.5663      0.27545719   2.5808666e-09      -23.025851       -23.025851      -12721.081                                                  -12721.081
              2      -6384.2197      0.28912852   2.4805236e-09      -23.025851       -23.025851      -12722.388                                                  -12722.388
              1      -6384.2046      0.28905178   2.4832957e-09      -23.025851       -23.025851      -12722.358                                                  -12722.358
              1      -6383.9709      0.27882652   2.5875729e-09      -23.025851       -23.025851       -12721.89                                                   -12721.89
              2      -6384.1124      0.29321062   2.4466087e-09      -23.025851       -23.025851      -12722.173                                                  -12722.173
              1      -6383.1614       0.2730982   2.5903818e-09      -23.025851       -23.025851      -12720.271                                                  -12720.271
              2       -6384.393      0.30040805   2.2201814e-09      -23.025851       -23.025851      -12722.734                                                  -12722.734
              1      -6384.5751      0.33654004   1.8758055e-09      -23.025851       -23.025851      -12723.098                                                  -12723.098
              1      -6384.4435      0.34176181   1.8232756e-09      -23.025851       -23.025851      -12722.835                                                  -12722.835
              1       -6384.375      0.33931919   1.8954881e-09      -23.025851       -23.025851      -12722.698                                                  -12722.698
              2      -6383.6624      0.33974164   1.7742077e-09      -23.025851       -23.025851      -12721.273                                                  -12721.273
              2      -6384.5284      0.33525373    1.924251e-09      -23.025851       -23.025851      -12723.005                                                  -12723.005
              1      -6384.5188      0.32164875   2.0831932e-09      -23.025851       -23.025851      -12722.986                                                  -12722.986
              1      -6383.3763      0.30448392   2.1036868e-09      -23.025851       -23.025851      -12720.701                                                  -12720.701
              2      -6384.0365      0.35023015   1.7271061e-09      -23.025851       -23.025851      -12722.021                                                  -12722.021
              1      -6384.4849      0.33941438    1.878074e-09      -23.025851       -23.025851      -12722.918                                                  -12722.918
              3      -6384.2877      0.30727494   2.1211023e-09      -23.025851       -23.025851      -12722.524                                                  -12722.524
              2      -6384.3435      0.30293476   2.1809243e-09      -23.025851       -23.025851      -12722.635                                                  -12722.635
              1      -6384.7893      0.31411025   2.1000317e-09      -23.025851       -23.025851      -12723.527                                                  -12723.527
              3      -6384.7963      0.31243706   2.1228452e-09      -23.025851       -23.025851      -12723.541                                                  -12723.541
              1      -6384.4004      0.31619742   2.0278233e-09      -23.025851       -23.025851      -12722.749                                                  -12722.749
              1      -6383.8928      0.34292227   1.7631843e-09      -23.025851       -23.025851      -12721.734                                                  -12721.734
              1      -6384.3077      0.34699286   1.7777449e-09      -23.025851       -23.025851      -12722.564                                                  -12722.564
              2      -6384.6414      0.30131812   2.2946682e-09      -23.025851       -23.025851      -12723.231                                                  -12723.231
              2      -6383.8232      0.29079845   2.3164889e-09      -23.025851       -23.025851      -12721.595                                                  -12721.595
              1       -6384.634      0.29796731   2.3213351e-09      -23.025851       -23.025851      -12723.216                                                  -12723.216
              1      -6384.7541      0.30514892   2.2261263e-09      -23.025851       -23.025851      -12723.457                                                  -12723.457
              5      -6383.5162      0.32781062    2.072895e-09      -23.025851       -23.025851      -12720.981                                                  -12720.981
              1      -6383.8365      0.32439894   2.0961624e-09      -23.025851       -23.025851      -12721.621                                                  -12721.621
              2      -6384.3386       0.3384577   1.9092044e-09      -23.025851       -23.025851      -12722.626                                                  -12722.626
              1      -6382.6896      0.34363922   1.9365508e-09      -23.025851       -23.025851      -12719.327                                                  -12719.327
              2      -6382.8916      0.34614992   1.9045214e-09      -23.025851       -23.025851      -12719.732                                                  -12719.732
              3      -6383.5141      0.36196604   1.7202482e-09      -23.025851       -23.025851      -12720.977                                                  -12720.977
              1      -6383.2452      0.33038049   2.0557008e-09      -23.025851       -23.025851      -12720.439                                                  -12720.439
              1      -6383.5278      0.32379002   2.1170652e-09      -23.025851       -23.025851      -12721.004                                                  -12721.004
              1       -6383.897      0.32611023   2.0740783e-09      -23.025851       -23.025851      -12721.742                                                  -12721.742
              3      -6384.1229      0.33830143   1.9281684e-09      -23.025851       -23.025851      -12722.194                                                  -12722.194
              1      -6384.0957      0.33742914   1.9394085e-09      -23.025851       -23.025851       -12722.14                                                   -12722.14
              7      -6384.2151      0.29170391   2.4538987e-09      -23.025851       -23.025851      -12722.379                                                  -12722.379
              2      -6383.6106       0.2785672   2.5174461e-09      -23.025851       -23.025851      -12721.169                                                  -12721.169
              1       -6384.419      0.33942313   1.8888527e-09      -23.025851       -23.025851      -12722.786                                                  -12722.786
              2       -6384.067      0.29774706   2.2304213e-09      -23.025851       -23.025851      -12722.082                                                  -12722.082
             10      -6384.4005       0.2947174   2.3994111e-09      -23.025851       -23.025851      -12722.749                                                  -12722.749
              1      -6384.4347      0.30390694    2.176279e-09      -23.025851       -23.025851      -12722.818                                                  -12722.818
              2       -6384.106      0.34703773   1.7513488e-09      -23.025851       -23.025851       -12722.16                                                   -12722.16
              1       -6384.361      0.32213251    2.090661e-09      -23.025851       -23.025851       -12722.67                                                   -12722.67
              3       -6384.554      0.31566259   2.1481651e-09      -23.025851       -23.025851      -12723.056                                                  -12723.056
              1      -6384.1554       0.2829275   2.5101654e-09      -23.025851       -23.025851      -12722.259                                                  -12722.259
              7      -6384.7479        0.325043   2.0084807e-09      -23.025851       -23.025851      -12723.444                                                  -12723.444
              1      -6384.7107      0.32519606    2.017137e-09      -23.025851       -23.025851       -12723.37                                                   -12723.37
              1      -6384.4991      0.32494837   2.0474545e-09      -23.025851       -23.025851      -12722.947                                                  -12722.947
              1      -6383.6873      0.27763467   2.5464887e-09      -23.025851       -23.025851      -12721.323                                                  -12721.323
              2      -6383.2755      0.30649105   2.3310075e-09      -23.025851       -23.025851      -12720.499                                                  -12720.499
              1      -6383.4278      0.30599242   2.3305062e-09      -23.025851       -23.025851      -12720.804                                                  -12720.804
              2      -6383.5879      0.34146005    1.924278e-09      -23.025851       -23.025851      -12721.124                                                  -12721.124
              4      -6383.9844      0.28007681   2.5927815e-09      -23.025851       -23.025851      -12721.917                                                  -12721.917
              7      -6384.4575      0.29202853   2.4126408e-09      -23.025851       -23.025851      -12722.863                                                  -12722.863
              2      -6384.4092      0.34219261   1.8143267e-09      -23.025851       -23.025851      -12722.767                                                  -12722.767
              4      -6384.8117      0.31504297   2.1034777e-09      -23.025851       -23.025851      -12723.572                                                  -12723.572
              2      -6384.6987      0.32019293   2.0790515e-09      -23.025851       -23.025851      -12723.346                                                  -12723.346
              1      -6384.5601      0.29447703   2.3509928e-09      -23.025851       -23.025851      -12723.068                                                  -12723.068
              1      -6384.0116      0.29498187   2.2664055e-09      -23.025851       -23.025851      -12721.972                                                  -12721.972
              1      -6384.0518      0.29990368   2.1994371e-09      -23.025851       -23.025851      -12722.052                                                  -12722.052
              2      -6384.0613      0.34374796   1.8736522e-09      -23.025851       -23.025851      -12722.071                                                  -12722.071
              1      -6383.9645      0.35493253   1.7584708e-09      -23.025851       -23.025851      -12721.877                                                  -12721.877
              2      -6383.5978      0.32997363   1.8505264e-09      -23.025851       -23.025851      -12721.144                                                  -12721.144
              3      -6384.1182      0.31168225   2.0578947e-09      -23.025851       -23.025851      -12722.185                                                  -12722.185
              1      -6383.4732      0.31732309   1.9645475e-09      -23.025851       -23.025851      -12720.895                                                  -12720.895
              3      -6383.0859      0.29646501   2.1934358e-09      -23.025851       -23.025851       -12720.12                                                   -12720.12
              2      -6383.2432      0.31350711   1.9949118e-09      -23.025851       -23.025851      -12720.435                                                  -12720.435
              2      -6383.2038      0.31411888    1.986805e-09      -23.025851       -23.025851      -12720.356                                                  -12720.356
              1      -6384.5865      0.31583975   2.0483279e-09      -23.025851       -23.025851      -12723.121                                                  -12723.121
              3      -6384.7789      0.31817258   2.0537223e-09      -23.025851       -23.025851      -12723.506                                                  -12723.506
              3      -6384.7467      0.31048085   2.1326544e-09      -23.025851       -23.025851      -12723.442                                                  -12723.442
              1      -6384.7431      0.32626494   1.9789149e-09      -23.025851       -23.025851      -12723.435                                                  -12723.435
              1      -6384.6973      0.32322104   2.0436599e-09      -23.025851       -23.025851      -12723.343                                                  -12723.343
              1      -6382.2441      0.27733986   2.4502441e-09      -23.025851       -23.025851      -12718.437                                                  -12718.437
              1      -6382.3518      0.28297492   2.3600631e-09      -23.025851       -23.025851      -12718.652                                                  -12718.652
              1      -6384.4643      0.33222637   1.8853067e-09      -23.025851       -23.025851      -12722.877                                                  -12722.877
              2      -6384.6914      0.32599573    2.011135e-09      -23.025851       -23.025851      -12723.331                                                  -12723.331
              4      -6384.7974      0.31936691   2.0506837e-09      -23.025851       -23.025851      -12723.543                                                  -12723.543
              6      -6384.7804      0.32243048   2.0194857e-09      -23.025851       -23.025851      -12723.509                                                  -12723.509
              3      -6384.4597      0.32800927   2.0162994e-09      -23.025851       -23.025851      -12722.868                                                  -12722.868
              4      -6383.3616      0.35296983   1.8182844e-09      -23.025851       -23.025851      -12720.671                                                  -12720.671
              1      -6384.2102      0.34115179   1.8905024e-09      -23.025851       -23.025851      -12722.369                                                  -12722.369
              1      -6384.1564      0.35313129   1.7378839e-09      -23.025851       -23.025851      -12722.261                                                  -12722.261
              1      -6383.3813      0.33393803   2.0121135e-09      -23.025851       -23.025851      -12720.711                                                  -12720.711
              2      -6383.7442      0.28520095   2.4033933e-09      -23.025851       -23.025851      -12721.437                                                  -12721.437
              3       -6384.696      0.32736899   1.9928127e-09      -23.025851       -23.025851       -12723.34                                                   -12723.34
              1      -6384.4559      0.33059124   1.9873422e-09      -23.025851       -23.025851       -12722.86                                                   -12722.86
              5      -6384.1878      0.28495373    2.521341e-09      -23.025851       -23.025851      -12722.324                                                  -12722.324
              3      -6384.2561      0.34610879   1.7724105e-09      -23.025851       -23.025851       -12722.46                                                   -12722.46
              1       -6384.484      0.34130949   1.8404124e-09      -23.025851       -23.025851      -12722.916                                                  -12722.916
              2      -6383.7953      0.29301386   2.4726035e-09      -23.025851       -23.025851      -12721.539                                                  -12721.539
              1      -6383.1055      0.28860765   2.3074378e-09      -23.025851       -23.025851      -12720.159                                                  -12720.159
              2      -6383.6705      0.29668198   2.2199654e-09      -23.025851       -23.025851      -12721.289                                                  -12721.289
              4      -6384.4232      0.29851046   2.3559196e-09      -23.025851       -23.025851      -12722.795                                                  -12722.795
              1      -6384.0086      0.29277098   2.2996902e-09      -23.025851       -23.025851      -12721.966                                                  -12721.966
              3      -6383.6035      0.33986905   1.9400961e-09      -23.025851       -23.025851      -12721.155                                                  -12721.155
              1      -6383.5982      0.33958299   1.9433262e-09      -23.025851       -23.025851      -12721.145                                                  -12721.145
              2      -6383.5758      0.36226195   1.7127201e-09      -23.025851       -23.025851        -12721.1                                                    -12721.1
              2      -6384.0108      0.34841198   1.8270699e-09      -23.025851       -23.025851       -12721.97                                                   -12721.97
              4      -6383.9557      0.35808614   1.6865816e-09      -23.025851       -23.025851       -12721.86                                                   -12721.86
              3      -6383.7404      0.34592336   1.7337607e-09      -23.025851       -23.025851      -12721.429                                                  -12721.429
              2      -6383.3552      0.36147752   1.6186157e-09      -23.025851       -23.025851      -12720.659                                                  -12720.659
              1       -6383.801      0.36346784   1.6592487e-09      -23.025851       -23.025851       -12721.55                                                   -12721.55
              5      -6383.7822      0.35307022   1.6912438e-09      -23.025851       -23.025851      -12721.513                                                  -12721.513
              3      -6384.4675      0.34199981   1.8338717e-09      -23.025851       -23.025851      -12722.883                                                  -12722.883
              1      -6382.1693      0.33030347   2.0919144e-09      -23.025851       -23.025851      -12718.287                                                  -12718.287
              1      -6382.4588      0.32362896   2.1573391e-09      -23.025851       -23.025851      -12718.866                                                  -12718.866
              5      -6382.4277      0.34581657   1.9230535e-09      -23.025851       -23.025851      -12718.804                                                  -12718.804
              2      -6384.6389      0.31799786    2.112367e-09      -23.025851       -23.025851      -12723.226                                                  -12723.226
              1      -6384.3939      0.29122538   2.4333424e-09      -23.025851       -23.025851      -12722.736                                                  -12722.736
              1      -6384.4365      0.29941897   2.3443956e-09      -23.025851       -23.025851      -12722.821                                                  -12722.821
              9      -6384.4109      0.29948326   2.3464925e-09      -23.025851       -23.025851       -12722.77                                                   -12722.77
              4      -6384.5971      0.30400564   2.2744931e-09      -23.025851       -23.025851      -12723.143                                                  -12723.143
              4      -6384.4238      0.29492179   2.3940837e-09      -23.025851       -23.025851      -12722.796                                                  -12722.796
              3      -6384.5345       0.3375978   1.8601802e-09      -23.025851       -23.025851      -12723.017                                                  -12723.017
              2      -6384.5369       0.3374906   1.8612174e-09      -23.025851       -23.025851      -12723.022                                                  -12723.022
              3       -6384.008      0.34380416   1.7643705e-09      -23.025851       -23.025851      -12721.964                                                  -12721.964
              1      -6383.8162        0.361544    1.695632e-09      -23.025851       -23.025851      -12721.581                                                  -12721.581
              4      -6382.5958      0.30366325   2.3927445e-09      -23.025851       -23.025851       -12719.14                                                   -12719.14
              1      -6384.3209      0.28942959   2.4620533e-09      -23.025851       -23.025851       -12722.59                                                   -12722.59
              4      -6384.3029      0.28916616   2.4675305e-09      -23.025851       -23.025851      -12722.554                                                  -12722.554
              3      -6384.6329      0.29990024   2.3093378e-09      -23.025851       -23.025851      -12723.214                                                  -12723.214
              2      -6384.6081      0.33367469   1.8961708e-09      -23.025851       -23.025851      -12723.165                                                  -12723.165
              1       -6384.589      0.30729199   2.1486185e-09      -23.025851       -23.025851      -12723.126                                                  -12723.126
              1      -6383.6636      0.30294463   2.1366944e-09      -23.025851       -23.025851      -12721.275                                                  -12721.275
              1      -6383.0228      0.33087999   1.8197047e-09      -23.025851       -23.025851      -12719.994                                                  -12719.994
              1       -6384.723      0.32522363   2.0139277e-09      -23.025851       -23.025851      -12723.394                                                  -12723.394
              3      -6384.5534      0.29596118   2.3133929e-09      -23.025851       -23.025851      -12723.055                                                  -12723.055
              5      -6384.2089      0.31607754   2.1700577e-09      -23.025851       -23.025851      -12722.366                                                  -12722.366
              1      -6384.1377      0.28753131   2.4005752e-09      -23.025851       -23.025851      -12722.224                                                  -12722.224
              3      -6384.5741      0.31099085   2.1015772e-09      -23.025851       -23.025851      -12723.096                                                  -12723.096
              1      -6384.1134      0.29010238   2.3521806e-09      -23.025851       -23.025851      -12722.175                                                  -12722.175
              1      -6383.3461      0.30827478   2.3061534e-09      -23.025851       -23.025851       -12720.64                                                   -12720.64
              2      -6383.5082      0.29595182    2.452349e-09      -23.025851       -23.025851      -12720.965                                                  -12720.965
              8      -6383.1458      0.29639335   2.4642917e-09      -23.025851       -23.025851       -12720.24                                                   -12720.24
              1       -6384.167      0.30993668   2.0809843e-09      -23.025851       -23.025851      -12722.282                                                  -12722.282
              2      -6384.5089      0.30833754    2.126871e-09      -23.025851       -23.025851      -12722.966                                                  -12722.966
              2      -6384.0772      0.28550153   2.4317072e-09      -23.025851       -23.025851      -12722.103                                                  -12722.103
              1      -6384.5668      0.30100139    2.232258e-09      -23.025851       -23.025851      -12723.082                                                  -12723.082
              2      -6384.4327      0.31916522   2.1188601e-09      -23.025851       -23.025851      -12722.814                                                  -12722.814
              2      -6384.5343      0.33653397   1.9069067e-09      -23.025851       -23.025851      -12723.017                                                  -12723.017
              1      -6384.3838      0.33656165   1.8450557e-09      -23.025851       -23.025851      -12722.716                                                  -12722.716
              2      -6383.2824      0.31534577   1.9770217e-09      -23.025851       -23.025851      -12720.513                                                  -12720.513
              1      -6384.6871      0.30527454   2.2466071e-09      -23.025851       -23.025851      -12723.323                                                  -12723.323
              1      -6384.2284      0.28649045   2.4356088e-09      -23.025851       -23.025851      -12722.405                                                  -12722.405
              3      -6384.2992      0.29044525   2.4564554e-09      -23.025851       -23.025851      -12722.547                                                  -12722.547
              4      -6384.1931      0.28839892   2.3915489e-09      -23.025851       -23.025851      -12722.335                                                  -12722.335
              1      -6384.0874      0.28741072   2.3967645e-09      -23.025851       -23.025851      -12722.123                                                  -12722.123
              2      -6384.8108      0.31575682   2.0992352e-09      -23.025851       -23.025851       -12723.57                                                   -12723.57
              7      -6384.5624      0.33769164   1.8795808e-09      -23.025851       -23.025851      -12723.073                                                  -12723.073
              1      -6383.9264      0.33774679   1.9461551e-09      -23.025851       -23.025851      -12721.801                                                  -12721.801
              2      -6384.4355      0.30341366   2.1829444e-09      -23.025851       -23.025851      -12722.819                                                  -12722.819
              5      -6384.3006      0.30538695     2.14559e-09      -23.025851       -23.025851       -12722.55                                                   -12722.55
              1      -6384.3565       0.3233907   1.9525077e-09      -23.025851       -23.025851      -12722.661                                                  -12722.661
              3      -6384.6854      0.30132925   2.2523053e-09      -23.025851       -23.025851      -12723.319                                                  -12723.319
              2      -6384.0962      0.30316375   2.1592645e-09      -23.025851       -23.025851      -12722.141                                                  -12722.141
              1      -6384.2589      0.34440862   1.7817632e-09      -23.025851       -23.025851      -12722.466                                                  -12722.466
              1      -6384.8068      0.31259301   2.1277158e-09      -23.025851       -23.025851      -12723.562                                                  -12723.562
              5      -6383.8527      0.31059444   2.0550813e-09      -23.025851       -23.025851      -12721.654                                                  -12721.654
              1      -6383.0493       0.3120636   2.0028165e-09      -23.025851       -23.025851      -12720.047                                                  -12720.047
              2      -6382.3275      0.33722079    1.744311e-09      -23.025851       -23.025851      -12718.603                                                  -12718.603
              1      -6383.3897      0.35091632   1.6829186e-09      -23.025851       -23.025851      -12720.728                                                  -12720.728
              3      -6382.9047      0.33619184   1.7713288e-09      -23.025851       -23.025851      -12719.758                                                  -12719.758
              1      -6382.6978      0.33783014   1.7512522e-09      -23.025851       -23.025851      -12719.344                                                  -12719.344
              1      -6382.0415      0.34632766    1.667068e-09      -23.025851       -23.025851      -12718.031                                                  -12718.031
              1       -6384.428      0.33444496   1.9461334e-09      -23.025851       -23.025851      -12722.804                                                  -12722.804
              3      -6383.9633      0.35350327   1.7034571e-09      -23.025851       -23.025851      -12721.875                                                  -12721.875
              2      -6384.3155      0.33073129   1.9975924e-09      -23.025851       -23.025851      -12722.579                                                  -12722.579
              1      -6384.8106      0.31429077   2.1098061e-09      -23.025851       -23.025851      -12723.569                                                  -12723.569
              2      -6383.4507      0.32330309   1.9046849e-09      -23.025851       -23.025851       -12720.85                                                   -12720.85
              1      -6384.2272      0.33147012   1.8718376e-09      -23.025851       -23.025851      -12722.403                                                  -12722.403
              4      -6384.7092      0.31368845   2.0875643e-09      -23.025851       -23.025851      -12723.367                                                  -12723.367
              1      -6384.5109      0.32750737   2.0171512e-09      -23.025851       -23.025851       -12722.97                                                   -12722.97
              1      -6384.4896      0.32767487   2.0173216e-09      -23.025851       -23.025851      -12722.928                                                  -12722.928
              3      -6384.4332      0.29593339   2.3823473e-09      -23.025851       -23.025851      -12722.815                                                  -12722.815
              1      -6384.4707      0.29167806   2.4091607e-09      -23.025851       -23.025851       -12722.89                                                   -12722.89
              5      -6384.7125      0.30344799    2.257363e-09      -23.025851       -23.025851      -12723.373                                                  -12723.373
              1      -6384.6312      0.29740665   2.3154049e-09      -23.025851       -23.025851      -12723.211                                                  -12723.211
              4      -6384.0512      0.30906244   2.0839145e-09      -23.025851       -23.025851      -12722.051                                                  -12722.051
              1      -6383.4962      0.33144204   1.8334682e-09      -23.025851       -23.025851      -12720.941                                                  -12720.941
              2      -6383.2367      0.33101914   1.8265219e-09      -23.025851       -23.025851      -12720.422                                                  -12720.422
              1      -6383.8866      0.35102197   1.7104391e-09      -23.025851       -23.025851      -12721.721                                                  -12721.721
              1      -6384.5237      0.33955976   1.8556509e-09      -23.025851       -23.025851      -12722.996                                                  -12722.996
              2      -6384.4547      0.31107532   2.0891386e-09      -23.025851       -23.025851      -12722.858                                                  -12722.858
              2      -6384.7569      0.31094433   2.1729687e-09      -23.025851       -23.025851      -12723.462                                                  -12723.462
              4      -6384.6664      0.32523914   1.9668876e-09      -23.025851       -23.025851      -12723.281                                                  -12723.281
              1      -6384.4335      0.34331121   1.8296851e-09      -23.025851       -23.025851      -12722.815                                                  -12722.815
              3      -6383.4011       0.3140218   2.2348619e-09      -23.025851       -23.025851      -12720.751                                                  -12720.751
              6      -6382.7442      0.32202863   2.1663087e-09      -23.025851       -23.025851      -12719.437                                                  -12719.437
              1       -6384.405      0.30530067   2.2806212e-09      -23.025851       -23.025851      -12722.758                                                  -12722.758
              1      -6384.7006      0.32941126   1.9621936e-09      -23.025851       -23.025851       -12723.35                                                   -12723.35
              2      -6384.4596      0.29858598   2.2541702e-09      -23.025851       -23.025851      -12722.867                                                  -12722.867
              2      -6384.6638      0.29900996   2.2951583e-09      -23.025851       -23.025851      -12723.276                                                  -12723.276
              3      -6384.4738      0.29704528   2.3652323e-09      -23.025851       -23.025851      -12722.896                                                  -12722.896
              3      -6384.5343      0.30251674   2.2988077e-09      -23.025851       -23.025851      -12723.017                                                  -12723.017
              1      -6384.5471      0.31703327   2.0316795e-09      -23.025851       -23.025851      -12723.043                                                  -12723.043
              1      -6384.1358      0.34570937   1.7619031e-09      -23.025851       -23.025851       -12722.22                                                   -12722.22
              1      -6384.1061       0.3044132   2.3134857e-09      -23.025851       -23.025851      -12722.161                                                  -12722.161
              3      -6382.6964      0.27474952   2.5225267e-09      -23.025851       -23.025851      -12719.341                                                  -12719.341
              2      -6383.5143      0.27975149   2.4846604e-09      -23.025851       -23.025851      -12720.977                                                  -12720.977
              1      -6383.8745      0.28439831   2.4296479e-09      -23.025851       -23.025851      -12721.697                                                  -12721.697
              2      -6384.4263      0.29341421   2.4083728e-09      -23.025851       -23.025851      -12722.801                                                  -12722.801
              2      -6384.2914      0.28637281   2.4565277e-09      -23.025851       -23.025851      -12722.531                                                  -12722.531
              1      -6384.1866      0.29159917   2.3345354e-09      -23.025851       -23.025851      -12722.321                                                  -12722.321
              2       -6384.113       0.2909307   2.3382472e-09      -23.025851       -23.025851      -12722.174                                                  -12722.174
              1      -6384.4931      0.32823022   1.9205624e-09      -23.025851       -23.025851      -12722.934                                                  -12722.934
              1      -6384.6726      0.32990446   1.9333716e-09      -23.025851       -23.025851      -12723.293                                                  -12723.293
              1      -6384.4817      0.31172565   2.0840005e-09      -23.025851       -23.025851      -12722.912                                                  -12722.912
              3      -6383.8799      0.32080275   1.9486268e-09      -23.025851       -23.025851      -12721.708                                                  -12721.708
              3      -6384.5318       0.3195313   2.0046003e-09      -23.025851       -23.025851      -12723.012                                                  -12723.012
              1      -6384.5302      0.33151164   1.9688807e-09      -23.025851       -23.025851      -12723.009                                                  -12723.009
              4      -6384.6676      0.30617237   2.2407552e-09      -23.025851       -23.025851      -12723.283                                                  -12723.283
              2      -6383.7263      0.36470588   1.6391338e-09      -23.025851       -23.025851      -12721.401                                                  -12721.401
              1      -6384.0991      0.33603177   1.9543133e-09      -23.025851       -23.025851      -12722.146                                                  -12722.146
              1      -6384.3449      0.33557634   1.9411609e-09      -23.025851       -23.025851      -12722.638                                                  -12722.638
              1      -6384.0216      0.29410504   2.2802821e-09      -23.025851       -23.025851      -12721.991                                                  -12721.991
              1      -6383.6391      0.30858784   2.0672714e-09      -23.025851       -23.025851      -12721.227                                                  -12721.227
              2      -6382.3818       0.2848535   2.3315009e-09      -23.025851       -23.025851      -12718.712                                                  -12718.712
              1      -6381.3629      0.28321517   2.3168718e-09      -23.025851       -23.025851      -12716.674                                                  -12716.674
              2       -6381.418      0.33411176   1.7441824e-09      -23.025851       -23.025851      -12716.784                                                  -12716.784
              1      -6383.2205      0.33892928   1.7613624e-09      -23.025851       -23.025851      -12720.389                                                  -12720.389
              4      -6384.3202      0.32027025   1.9800702e-09      -23.025851       -23.025851      -12722.589                                                  -12722.589
              1      -6384.2225      0.33412645   1.8499798e-09      -23.025851       -23.025851      -12722.393                                                  -12722.393
              4      -6384.5164      0.32087591   2.0922171e-09      -23.025851       -23.025851      -12722.981                                                  -12722.981
              1      -6384.1242      0.31041816   2.0726828e-09      -23.025851       -23.025851      -12722.197                                                  -12722.197
              3      -6384.5729       0.3372235   1.8828849e-09      -23.025851       -23.025851      -12723.094                                                  -12723.094
              2      -6384.6619       0.3323871   1.9218671e-09      -23.025851       -23.025851      -12723.272                                                  -12723.272
              4       -6384.645      0.31163531   2.1022519e-09      -23.025851       -23.025851      -12723.238                                                  -12723.238
              2      -6384.3586       0.3093986   2.1009288e-09      -23.025851       -23.025851      -12722.665                                                  -12722.665
              2      -6384.2787      0.30984111   2.0897321e-09      -23.025851       -23.025851      -12722.506                                                  -12722.506
              2      -6383.2509      0.28386456   2.3917898e-09      -23.025851       -23.025851       -12720.45                                                   -12720.45
              1      -6383.1415       0.2983159   2.1712616e-09      -23.025851       -23.025851      -12720.231                                                  -12720.231
              1      -6382.6944      0.34538139   1.6940674e-09      -23.025851       -23.025851      -12719.337                                                  -12719.337
              2      -6384.4588      0.33789568    1.901993e-09      -23.025851       -23.025851      -12722.866                                                  -12722.866
              2      -6384.7013      0.31605105   2.0602849e-09      -23.025851       -23.025851      -12723.351                                                  -12723.351
              2      -6384.7616      0.30817923   2.1672215e-09      -23.025851       -23.025851      -12723.471                                                  -12723.471
              1      -6384.7235       0.3025457   2.2498768e-09      -23.025851       -23.025851      -12723.395                                                  -12723.395
              2      -6384.5639      0.30596994   2.2570766e-09      -23.025851       -23.025851      -12723.076                                                  -12723.076
              1      -6383.5727      0.27717509   2.5428929e-09      -23.025851       -23.025851      -12721.094                                                  -12721.094
              4       -6383.031      0.28502923   2.3599578e-09      -23.025851       -23.025851       -12720.01                                                   -12720.01
              2      -6384.2344      0.28889216   2.3879959e-09      -23.025851       -23.025851      -12722.417                                                  -12722.417
             10      -6384.5948      0.30556373   2.2577736e-09      -23.025851       -23.025851      -12723.138                                                  -12723.138
              4      -6384.7078       0.3275334   1.9577228e-09      -23.025851       -23.025851      -12723.364                                                  -12723.364
              1      -6384.6192      0.33340591   1.9303683e-09      -23.025851       -23.025851      -12723.187                                                  -12723.187
              1      -6383.9894      0.33287289   1.9950365e-09      -23.025851       -23.025851      -12721.927                                                  -12721.927
              1      -6384.0841      0.32089171   2.1225566e-09      -23.025851       -23.025851      -12722.116                                                  -12722.116
              1      -6384.7708      0.32275369   2.0310946e-09      -23.025851       -23.025851       -12723.49                                                   -12723.49
              3      -6384.7178      0.32813815   1.9747164e-09      -23.025851       -23.025851      -12723.384                                                  -12723.384
              3      -6383.4663      0.33353785   1.8145883e-09      -23.025851       -23.025851      -12720.881                                                  -12720.881
              2      -6383.6764      0.36161326   1.6402796e-09      -23.025851       -23.025851      -12721.301                                                  -12721.301
              1      -6384.8008      0.31243227   2.1251931e-09      -23.025851       -23.025851       -12723.55                                                   -12723.55
              4      -6383.8056      0.33424237   1.9899342e-09      -23.025851       -23.025851      -12721.559                                                  -12721.559
              3      -6383.8302      0.33214873   2.0112668e-09      -23.025851       -23.025851      -12721.609                                                  -12721.609
              1        -6383.83      0.33252057   2.0072618e-09      -23.025851       -23.025851      -12721.608                                                  -12721.608
              2      -6384.3932      0.33799328   1.8361985e-09      -23.025851       -23.025851      -12722.735                                                  -12722.735
              4      -6384.6676      0.33191461   1.9348585e-09      -23.025851       -23.025851      -12723.284                                                  -12723.284
              2      -6384.1351      0.32113065   1.9595277e-09      -23.025851       -23.025851      -12722.218                                                  -12722.218
              1      -6384.6643      0.33230815   1.9270934e-09      -23.025851       -23.025851      -12723.277                                                  -12723.277
              4      -6384.6876      0.30941997   2.2024952e-09      -23.025851       -23.025851      -12723.324                                                  -12723.324
              2      -6384.2315      0.35077063   1.7603097e-09      -23.025851       -23.025851      -12722.411                                                  -12722.411
              2      -6384.6323      0.30510432   2.2576593e-09      -23.025851       -23.025851      -12723.213                                                  -12723.213
              1      -6383.4668       0.3207895   1.9295579e-09      -23.025851       -23.025851      -12720.882                                                  -12720.882
              1      -6382.0829      0.33781358   1.7324127e-09      -23.025851       -23.025851      -12718.114                                                  -12718.114
             10      -6383.8399       0.3454954   1.7423151e-09      -23.025851       -23.025851      -12721.628                                                  -12721.628
              1       -6384.745      0.31644845   2.1143664e-09      -23.025851       -23.025851      -12723.438                                                  -12723.438
              3      -6384.2855      0.28588273   2.4837473e-09      -23.025851       -23.025851      -12722.519                                                  -12722.519
              1      -6384.5353      0.30160812   2.3086203e-09      -23.025851       -23.025851      -12723.019                                                  -12723.019
              2      -6384.4655      0.29522803   2.3847131e-09      -23.025851       -23.025851      -12722.879                                                  -12722.879
              1      -6384.5832      0.30219547   2.2958387e-09      -23.025851       -23.025851      -12723.115                                                  -12723.115
              4      -6384.5765      0.30238994   2.2947291e-09      -23.025851       -23.025851      -12723.101                                                  -12723.101
              2      -6384.5743      0.29619075   2.3533138e-09      -23.025851       -23.025851      -12723.097                                                  -12723.097
              2      -6384.4946      0.31752105   2.1324325e-09      -23.025851       -23.025851      -12722.938                                                  -12722.938
              4      -6384.5767      0.31553318   2.1473591e-09      -23.025851       -23.025851      -12723.102                                                  -12723.102
              2      -6384.7601       0.3110811   2.1707372e-09      -23.025851       -23.025851      -12723.469                                                  -12723.469
              1      -6384.5077      0.33244255   1.9606389e-09      -23.025851       -23.025851      -12722.964                                                  -12722.964
              1      -6384.5871      0.30229588   2.2942013e-09      -23.025851       -23.025851      -12723.123                                                  -12723.123
              3      -6384.2262      0.29891602    2.226215e-09      -23.025851       -23.025851      -12722.401                                                  -12722.401
              1      -6384.7783      0.30894543   2.1624611e-09      -23.025851       -23.025851      -12723.505                                                  -12723.505
              1      -6383.9282      0.27910027   2.5521221e-09      -23.025851       -23.025851      -12721.805                                                  -12721.805
              1      -6383.5381      0.27754175   2.5313886e-09      -23.025851       -23.025851      -12721.025                                                  -12721.025
              2      -6384.3142      0.28854982   2.4085607e-09      -23.025851       -23.025851      -12722.577                                                  -12722.577
              3      -6383.7386      0.27852212   2.5333176e-09      -23.025851       -23.025851      -12721.426                                                  -12721.426
              3      -6383.7055       0.3458477   1.8732198e-09      -23.025851       -23.025851      -12721.359                                                  -12721.359
              1      -6383.4027      0.33315426   2.0196039e-09      -23.025851       -23.025851      -12720.754                                                  -12720.754
              1      -6383.9445      0.34084279   1.9122194e-09      -23.025851       -23.025851      -12721.837                                                  -12721.837
              1      -6383.4393      0.35062469   1.8379678e-09      -23.025851       -23.025851      -12720.827                                                  -12720.827
              1      -6383.5715      0.34372565   1.9016665e-09      -23.025851       -23.025851      -12721.091                                                  -12721.091
              7      -6383.2732      0.35954143   1.6248969e-09      -23.025851       -23.025851      -12720.495                                                  -12720.495
              1       -6383.766      0.35630757   1.6724199e-09      -23.025851       -23.025851       -12721.48                                                   -12721.48
              2        -6384.14      0.34418967   1.7717053e-09      -23.025851       -23.025851      -12722.228                                                  -12722.228
              6      -6384.1525      0.35319344   1.7475281e-09      -23.025851       -23.025851      -12722.253                                                  -12722.253
              2      -6384.0801      0.35151669   1.7856504e-09      -23.025851       -23.025851      -12722.108                                                  -12722.108
              4       -6384.299      0.33460566    1.955814e-09      -23.025851       -23.025851      -12722.546                                                  -12722.546
              2      -6383.2955      0.33011227   2.0566798e-09      -23.025851       -23.025851      -12720.539                                                  -12720.539
              2      -6383.0847      0.30109905   2.4065295e-09      -23.025851       -23.025851      -12720.118                                                  -12720.118
              1      -6383.0903      0.30093484   2.4083684e-09      -23.025851       -23.025851      -12720.129                                                  -12720.129
              2      -6382.9721      0.28945398   2.5637647e-09      -23.025851       -23.025851      -12719.892                                                  -12719.892
              1      -6383.3063      0.27322662   2.6018019e-09      -23.025851       -23.025851      -12720.561                                                  -12720.561
              1      -6384.6212      0.29703811   2.3176874e-09      -23.025851       -23.025851      -12723.191                                                  -12723.191
              3      -6384.2102      0.28427743    2.488367e-09      -23.025851       -23.025851      -12722.369                                                  -12722.369
              4      -6384.1708      0.28351873   2.4962245e-09      -23.025851       -23.025851       -12722.29                                                   -12722.29
              4      -6384.7672      0.32431894   2.0070527e-09      -23.025851       -23.025851      -12723.483                                                  -12723.483
              1      -6383.7117      0.36098118   1.6461678e-09      -23.025851       -23.025851      -12721.372                                                  -12721.372
              3       -6383.791      0.35547385   1.6786831e-09      -23.025851       -23.025851       -12721.53                                                   -12721.53
              5      -6383.4701      0.35891531   1.6389503e-09      -23.025851       -23.025851      -12720.888                                                  -12720.888
              2      -6383.6602      0.34260139   1.7528916e-09      -23.025851       -23.025851      -12721.269                                                  -12721.269
              1      -6383.6563      0.31241083   2.0249548e-09      -23.025851       -23.025851      -12721.261                                                  -12721.261
              2      -6383.4552      0.31400854   1.9984646e-09      -23.025851       -23.025851      -12720.859                                                  -12720.859
              1      -6383.9445      0.31629667   1.9977571e-09      -23.025851       -23.025851      -12721.837                                                  -12721.837
              1      -6381.6672      0.30719391   2.0101774e-09      -23.025851       -23.025851      -12717.283                                                  -12717.283
              2      -6380.6031      0.32404305     1.81125e-09      -23.025851       -23.025851      -12715.154                                                  -12715.154
              1      -6380.6285      0.34133895   1.6681292e-09      -23.025851       -23.025851      -12715.205                                                  -12715.205
              2      -6382.1716      0.29682548   2.1522556e-09      -23.025851       -23.025851      -12718.292                                                  -12718.292
              4      -6382.5177      0.29096156    2.245668e-09      -23.025851       -23.025851      -12718.984                                                  -12718.984
              4      -6382.3484       0.2881633   2.2795645e-09      -23.025851       -23.025851      -12718.645                                                  -12718.645
              1       -6384.093      0.31131515   2.0605169e-09      -23.025851       -23.025851      -12722.134                                                  -12722.134
              1      -6384.6377      0.29769085   2.3146091e-09      -23.025851       -23.025851      -12723.224                                                  -12723.224
              1      -6384.6662      0.30174327   2.2393046e-09      -23.025851       -23.025851      -12723.281                                                  -12723.281
              4      -6384.5247      0.33598207   1.9157328e-09      -23.025851       -23.025851      -12722.998                                                  -12722.998
              1      -6384.7182      0.30951694   2.1962765e-09      -23.025851       -23.025851      -12723.385                                                  -12723.385
              5      -6384.5848      0.31527976   2.0541934e-09      -23.025851       -23.025851      -12723.118                                                  -12723.118
              3      -6383.5522      0.30151506   2.1491649e-09      -23.025851       -23.025851      -12721.053                                                  -12721.053
              1      -6384.1492      0.28321977   2.4974159e-09      -23.025851       -23.025851      -12722.247                                                  -12722.247
              1      -6383.5428       0.2759442   2.5666813e-09      -23.025851       -23.025851      -12721.034                                                  -12721.034
              1       -6381.042       0.2667211   2.5945738e-09      -23.025851       -23.025851      -12716.032                                                  -12716.032
              1      -6383.8373      0.29494131   2.2548679e-09      -23.025851       -23.025851      -12721.623                                                  -12721.623
              1      -6384.6806      0.31447852   2.0744657e-09      -23.025851       -23.025851       -12723.31                                                   -12723.31
              1       -6384.775      0.31139192    2.128319e-09      -23.025851       -23.025851      -12723.498                                                  -12723.498
              1      -6384.7746      0.32290037   2.0268271e-09      -23.025851       -23.025851      -12723.497                                                  -12723.497
              1      -6384.7145      0.31873168   2.0934902e-09      -23.025851       -23.025851      -12723.377                                                  -12723.377
              1      -6384.0662      0.34703856   1.8375812e-09      -23.025851       -23.025851      -12722.081                                                  -12722.081
              2      -6382.4009      0.33559891   2.0283985e-09      -23.025851       -23.025851       -12718.75                                                   -12718.75
              1      -6384.0494      0.29089638   2.4791235e-09      -23.025851       -23.025851      -12722.047                                                  -12722.047
              3      -6384.0329      0.28508496   2.5453647e-09      -23.025851       -23.025851      -12722.014                                                  -12722.014
              1      -6384.5917      0.29737948   2.3401416e-09      -23.025851       -23.025851      -12723.132                                                  -12723.132
              4      -6384.4881      0.34111733   1.8414009e-09      -23.025851       -23.025851      -12722.924                                                  -12722.924
              4       -6384.484      0.34114691   1.8381529e-09      -23.025851       -23.025851      -12722.916                                                  -12722.916
              3      -6384.4296      0.32331422   2.0719949e-09      -23.025851       -23.025851      -12722.808                                                  -12722.808
              7      -6384.2436      0.31961161   2.1273532e-09      -23.025851       -23.025851      -12722.436                                                  -12722.436
              1      -6383.7239      0.33966219   1.9365246e-09      -23.025851       -23.025851      -12721.396                                                  -12721.396
              2      -6382.9161      0.33583042   2.0093856e-09      -23.025851       -23.025851      -12719.781                                                  -12719.781
              1      -6384.3001      0.32752835   2.0344101e-09      -23.025851       -23.025851      -12722.548                                                  -12722.548
              1      -6384.4023       0.3270453   2.0320849e-09      -23.025851       -23.025851      -12722.753                                                  -12722.753
              5      -6383.9671      0.35709066   1.6901837e-09      -23.025851       -23.025851      -12721.883                                                  -12721.883
              1      -6384.0202      0.35064394   1.8017645e-09      -23.025851       -23.025851      -12721.989                                                  -12721.989
              2      -6384.1011      0.34687057   1.8364872e-09      -23.025851       -23.025851      -12722.151                                                  -12722.151
              2      -6383.9816      0.34747257   1.8393948e-09      -23.025851       -23.025851      -12721.912                                                  -12721.912
              1      -6384.3244      0.31810115   2.1391268e-09      -23.025851       -23.025851      -12722.597                                                  -12722.597
              1      -6384.4596      0.31909427   2.1174842e-09      -23.025851       -23.025851      -12722.867                                                  -12722.867
              2      -6383.8609       0.3572092   1.7431018e-09      -23.025851       -23.025851       -12721.67                                                   -12721.67
              1      -6383.6799      0.34528576   1.8803372e-09      -23.025851       -23.025851      -12721.308                                                  -12721.308
              4      -6383.5764      0.35140367   1.8233496e-09      -23.025851       -23.025851      -12721.101                                                  -12721.101
              2      -6383.8919      0.34223237   1.7679592e-09      -23.025851       -23.025851      -12721.732                                                  -12721.732
              1      -6383.7728      0.34601036   1.7349687e-09      -23.025851       -23.025851      -12721.494                                                  -12721.494
              2      -6384.6024      0.33571193   1.8973091e-09      -23.025851       -23.025851      -12723.153                                                  -12723.153
              1      -6384.5547      0.31958183    2.103345e-09      -23.025851       -23.025851      -12723.058                                                  -12723.058
              3      -6384.5119      0.29519796   2.3180621e-09      -23.025851       -23.025851      -12722.972                                                  -12722.972
              6      -6384.7822      0.30779229   2.1849442e-09      -23.025851       -23.025851      -12723.513                                                  -12723.513
              1      -6384.6374      0.30257825   2.2202241e-09      -23.025851       -23.025851      -12723.223                                                  -12723.223
              1      -6384.4824      0.29795762    2.354582e-09      -23.025851       -23.025851      -12722.913                                                  -12722.913
              5      -6384.0632      0.28141023   2.5230964e-09      -23.025851       -23.025851      -12722.075                                                  -12722.075
              3      -6383.2074      0.33512391   2.0063223e-09      -23.025851       -23.025851      -12720.363                                                  -12720.363
              1      -6383.3424      0.36354785   1.7151792e-09      -23.025851       -23.025851      -12720.633                                                  -12720.633
              2      -6384.6609      0.33038277   1.9275021e-09      -23.025851       -23.025851       -12723.27                                                   -12723.27
              1      -6383.7727      0.35924571   1.7287125e-09      -23.025851       -23.025851      -12721.494                                                  -12721.494
              1      -6382.5652      0.34256216   1.9514271e-09      -23.025851       -23.025851      -12719.079                                                  -12719.079
              2      -6384.7037      0.31919479   2.0898554e-09      -23.025851       -23.025851      -12723.356                                                  -12723.356
              6      -6384.6718      0.33035055   1.9589033e-09      -23.025851       -23.025851      -12723.292                                                  -12723.292
              2      -6384.2914       0.3334999   1.8600722e-09      -23.025851       -23.025851      -12722.531                                                  -12722.531
              3       -6384.286      0.32092997   1.9711701e-09      -23.025851       -23.025851       -12722.52                                                   -12722.52
              2      -6384.3904      0.32051364   1.9828122e-09      -23.025851       -23.025851      -12722.729                                                  -12722.729
              3      -6384.5334      0.32171032   2.0811162e-09      -23.025851       -23.025851      -12723.015                                                  -12723.015
              2      -6384.7138      0.30705848   2.1706689e-09      -23.025851       -23.025851      -12723.376                                                  -12723.376
              1      -6384.4226      0.34238981   1.8498094e-09      -23.025851       -23.025851      -12722.794                                                  -12722.794
              1      -6384.3222       0.3393558    1.900583e-09      -23.025851       -23.025851      -12722.593                                                  -12722.593
              3      -6384.2034      0.34576676    1.839229e-09      -23.025851       -23.025851      -12722.355                                                  -12722.355
              1      -6383.9688      0.34037608   1.9157251e-09      -23.025851       -23.025851      -12721.886                                                  -12721.886
              3       -6383.929      0.35056151   1.7162699e-09      -23.025851       -23.025851      -12721.806                                                  -12721.806
              1      -6384.2597      0.34452821    1.847515e-09      -23.025851       -23.025851      -12722.468                                                  -12722.468
              2       -6384.533      0.33588287   1.9155759e-09      -23.025851       -23.025851      -12723.014                                                  -12723.014
              2      -6384.3816      0.29621543    2.281379e-09      -23.025851       -23.025851      -12722.712                                                  -12722.712
              1      -6384.5433      0.30776857    2.137444e-09      -23.025851       -23.025851      -12723.035                                                  -12723.035
              2       -6384.717      0.32084565    2.068414e-09      -23.025851       -23.025851      -12723.382                                                  -12723.382
              3      -6384.4401      0.31129226   2.0853707e-09      -23.025851       -23.025851      -12722.828                                                  -12722.828
              3      -6384.2197       0.2981792   2.2361685e-09      -23.025851       -23.025851      -12722.388                                                  -12722.388
              1      -6384.3711      0.29958268   2.3494167e-09      -23.025851       -23.025851      -12722.691                                                  -12722.691
              7        -6384.31      0.30177969   2.3296067e-09      -23.025851       -23.025851      -12722.568                                                  -12722.568
              3      -6384.7889      0.31575619   2.0815923e-09      -23.025851       -23.025851      -12723.526                                                  -12723.526
              1      -6384.7997      0.31625777   2.0804562e-09      -23.025851       -23.025851      -12723.548                                                  -12723.548
              2      -6384.7992      0.31154612    2.136137e-09      -23.025851       -23.025851      -12723.547                                                  -12723.547
              1       -6384.464         0.33005   1.9927394e-09      -23.025851       -23.025851      -12722.876                                                  -12722.876
              2       -6384.048      0.33376686   1.8415482e-09      -23.025851       -23.025851      -12722.044                                                  -12722.044
              1      -6383.7297      0.34715078   1.7249098e-09      -23.025851       -23.025851      -12721.408                                                  -12721.408
              1      -6383.8101      0.32030855   2.1436039e-09      -23.025851       -23.025851      -12721.568                                                  -12721.568
              1      -6384.6208      0.29731146   2.3088593e-09      -23.025851       -23.025851       -12723.19                                                   -12723.19
              4      -6384.7161      0.31375517   2.0879092e-09      -23.025851       -23.025851       -12723.38                                                   -12723.38
              2      -6383.9938      0.29078676   2.3298857e-09      -23.025851       -23.025851      -12721.936                                                  -12721.936
              1      -6384.6036      0.33234215   1.9029809e-09      -23.025851       -23.025851      -12723.156                                                  -12723.156
              3      -6384.2904      0.33632548   1.8382997e-09      -23.025851       -23.025851      -12722.529                                                  -12722.529
              1      -6382.8952      0.34848257   1.6791046e-09      -23.025851       -23.025851      -12719.739                                                  -12719.739
              2      -6384.2752      0.31011822   2.0862337e-09      -23.025851       -23.025851      -12722.499                                                  -12722.499
              2      -6384.5743       0.3372169   1.8792255e-09      -23.025851       -23.025851      -12723.097                                                  -12723.097
              3      -6384.2093      0.34770105   1.7586532e-09      -23.025851       -23.025851      -12722.367                                                  -12722.367
              2      -6383.2285      0.35112552   1.8423521e-09      -23.025851       -23.025851      -12720.405                                                  -12720.405
              1      -6383.4823      0.34980478   1.8441475e-09      -23.025851       -23.025851      -12720.913                                                  -12720.913
              1        -6383.79       0.3258886   2.0818244e-09      -23.025851       -23.025851      -12721.528                                                  -12721.528
              5      -6384.5279      0.33451539   1.8763434e-09      -23.025851       -23.025851      -12723.004                                                  -12723.004
              2      -6384.1245      0.31812559   1.9890057e-09      -23.025851       -23.025851      -12722.197                                                  -12722.197
              1      -6384.0677       0.3049475   2.1347408e-09      -23.025851       -23.025851      -12722.084                                                  -12722.084
              2       -6382.915        0.302813   2.1044749e-09      -23.025851       -23.025851      -12719.778                                                  -12719.778
              1      -6384.6818      0.32470658   1.9739009e-09      -23.025851       -23.025851      -12723.312                                                  -12723.312
              1      -6384.7288      0.32486789   1.9821393e-09      -23.025851       -23.025851      -12723.406                                                  -12723.406
              1      -6384.5634      0.29908594   2.2612838e-09      -23.025851       -23.025851      -12723.075                                                  -12723.075
              3      -6384.3349      0.29445405    2.304009e-09      -23.025851       -23.025851      -12722.618                                                  -12722.618
              1      -6384.2763      0.29232601   2.3323004e-09      -23.025851       -23.025851      -12722.501                                                  -12722.501
              2      -6382.7892      0.27209065   2.5819453e-09      -23.025851       -23.025851      -12719.527                                                  -12719.527
              4       -6384.221      0.29071109   2.4640053e-09      -23.025851       -23.025851       -12722.39                                                   -12722.39
              2      -6384.5849      0.29536017   2.3442251e-09      -23.025851       -23.025851      -12723.118                                                  -12723.118
              1      -6384.7162      0.32554898   2.0114163e-09      -23.025851       -23.025851      -12723.381                                                  -12723.381
              1       -6383.864      0.32809814   2.0537755e-09      -23.025851       -23.025851      -12721.676                                                  -12721.676
              7      -6383.8623      0.33890888   1.7907285e-09      -23.025851       -23.025851      -12721.673                                                  -12721.673
              1      -6382.6684      0.31539967   2.2459582e-09      -23.025851       -23.025851      -12719.285                                                  -12719.285
              3      -6384.3877      0.32489228    2.057489e-09      -23.025851       -23.025851      -12722.724                                                  -12722.724
              1       -6384.731      0.31022242   2.1862536e-09      -23.025851       -23.025851       -12723.41                                                   -12723.41
              2       -6384.791      0.30908106   2.1686506e-09      -23.025851       -23.025851       -12723.53                                                   -12723.53
              1      -6382.6502      0.32382654   2.1490175e-09      -23.025851       -23.025851      -12719.249                                                  -12719.249
              1      -6383.1967      0.29040871   2.5401085e-09      -23.025851       -23.025851      -12720.342                                                  -12720.342
              3      -6382.8321      0.33298961   2.0423815e-09      -23.025851       -23.025851      -12719.612                                                  -12719.612
              2      -6383.9429      0.33927528   1.9289445e-09      -23.025851       -23.025851      -12721.834                                                  -12721.834
              2      -6381.5299      0.30747233   2.3781945e-09      -23.025851       -23.025851      -12717.008                                                  -12717.008
              1      -6384.2735      0.29681256   2.3903824e-09      -23.025851       -23.025851      -12722.495                                                  -12722.495
              9      -6384.4011      0.29539913   2.2968215e-09      -23.025851       -23.025851       -12722.75                                                   -12722.75
              2      -6384.0627      0.29415123   2.2828113e-09      -23.025851       -23.025851      -12722.074                                                  -12722.074
              3      -6384.7941      0.31108405   2.1395407e-09      -23.025851       -23.025851      -12723.536                                                  -12723.536
              1      -6384.7536      0.32215987   2.0103738e-09      -23.025851       -23.025851      -12723.456                                                  -12723.456
              1      -6384.3297      0.33016671   2.0028065e-09      -23.025851       -23.025851      -12722.608                                                  -12722.608
              2      -6384.1057      0.32620115    2.061686e-09      -23.025851       -23.025851       -12722.16                                                   -12722.16
              1      -6384.5234      0.33327472   1.9489269e-09      -23.025851       -23.025851      -12722.995                                                  -12722.995
              5      -6383.9296      0.35660627   1.7426299e-09      -23.025851       -23.025851      -12721.807                                                  -12721.807
              2      -6383.7915      0.36361472   1.6665957e-09      -23.025851       -23.025851      -12721.531                                                  -12721.531
              4      -6383.2839      0.35066417   1.6797915e-09      -23.025851       -23.025851      -12720.516                                                  -12720.516
              1      -6383.6418      0.35732142   1.6582415e-09      -23.025851       -23.025851      -12721.232                                                  -12721.232
              1      -6384.5433       0.3308253   1.9753368e-09      -23.025851       -23.025851      -12723.035                                                  -12723.035
              3      -6383.9842      0.28992135   2.4962509e-09      -23.025851       -23.025851      -12721.917                                                  -12721.917
              1      -6384.1067      0.31195462   2.0541323e-09      -23.025851       -23.025851      -12722.162                                                  -12722.162
              2      -6382.6001      0.29101377   2.2483506e-09      -23.025851       -23.025851      -12719.149                                                  -12719.149
              1      -6383.2574      0.32015848   1.9271582e-09      -23.025851       -23.025851      -12720.463                                                  -12720.463
              2      -6384.7528      0.32415468   1.9946969e-09      -23.025851       -23.025851      -12723.454                                                  -12723.454
              1       -6384.426      0.33457601   1.8636429e-09      -23.025851       -23.025851        -12722.8                                                    -12722.8
              3      -6384.5822      0.31298169    2.079419e-09      -23.025851       -23.025851      -12723.113                                                  -12723.113
              1      -6384.6605      0.31176718   2.1027245e-09      -23.025851       -23.025851      -12723.269                                                  -12723.269
              3      -6384.5924       0.3339069    1.891322e-09      -23.025851       -23.025851      -12723.133                                                  -12723.133
              2      -6384.8065      0.31266376   2.1363281e-09      -23.025851       -23.025851      -12723.561                                                  -12723.561
              2      -6383.5077      0.34458016   1.8958626e-09      -23.025851       -23.025851      -12720.964                                                  -12720.964
              1       -6384.603      0.29740994   2.3365043e-09      -23.025851       -23.025851      -12723.154                                                  -12723.154
              3      -6383.7962      0.27805129   2.5527421e-09      -23.025851       -23.025851      -12721.541                                                  -12721.541
              4      -6383.2613      0.27528887   2.5524873e-09      -23.025851       -23.025851      -12720.471                                                  -12720.471
              1      -6384.7513      0.31088984   2.1285317e-09      -23.025851       -23.025851      -12723.451                                                  -12723.451
              2       -6384.779      0.30842336   2.1707513e-09      -23.025851       -23.025851      -12723.506                                                  -12723.506
              3       -6384.112      0.30963227   2.2511859e-09      -23.025851       -23.025851      -12722.172                                                  -12722.172
              1      -6384.0631      0.33627111   1.9539795e-09      -23.025851       -23.025851      -12722.074                                                  -12722.074
              1      -6383.9417      0.32322864   2.1039561e-09      -23.025851       -23.025851      -12721.832                                                  -12721.832
              3       -6384.702      0.31280004    2.096613e-09      -23.025851       -23.025851      -12723.352                                                  -12723.352
              2      -6384.2552      0.29419344   2.2994605e-09      -23.025851       -23.025851      -12722.459                                                  -12722.459
              2      -6384.2638      0.29427257   2.2990985e-09      -23.025851       -23.025851      -12722.476                                                  -12722.476
              2       -6384.191      0.28388038   2.4929748e-09      -23.025851       -23.025851       -12722.33                                                   -12722.33
              1      -6384.1768      0.28369601   2.4930025e-09      -23.025851       -23.025851      -12722.302                                                  -12722.302
              1       -6384.684      0.30310918   2.2684011e-09      -23.025851       -23.025851      -12723.316                                                  -12723.316
              1      -6384.3637      0.33702589   1.9230567e-09      -23.025851       -23.025851      -12722.676                                                  -12722.676
              1        -6383.73      0.33513924   1.9840436e-09      -23.025851       -23.025851      -12721.408                                                  -12721.408
              1      -6383.7853      0.33358354   1.9980208e-09      -23.025851       -23.025851      -12721.519                                                  -12721.519
              1      -6384.0859      0.34935975   1.7364733e-09      -23.025851       -23.025851       -12722.12                                                   -12722.12
              1       -6384.145      0.31491912   2.1874095e-09      -23.025851       -23.025851      -12722.238                                                  -12722.238
              4       -6384.695      0.30292781    2.267106e-09      -23.025851       -23.025851      -12723.338                                                  -12723.338
              1      -6384.2939      0.29984109   2.3535523e-09      -23.025851       -23.025851      -12722.536                                                  -12722.536
              1      -6384.6297      0.29745252   2.3115637e-09      -23.025851       -23.025851      -12723.208                                                  -12723.208
              4      -6384.7853      0.31854567   2.0799231e-09      -23.025851       -23.025851      -12723.519                                                  -12723.519
              2      -6384.0703      0.34337511   1.8770119e-09      -23.025851       -23.025851      -12722.089                                                  -12722.089
              1      -6384.0905      0.32316236   2.0965511e-09      -23.025851       -23.025851      -12722.129                                                  -12722.129
              1      -6383.5625      0.33376814    2.006322e-09      -23.025851       -23.025851      -12721.073                                                  -12721.073
              3      -6382.6183       0.3257751   2.1281782e-09      -23.025851       -23.025851      -12719.185                                                  -12719.185
              1      -6383.1784      0.32432691   2.1249826e-09      -23.025851       -23.025851      -12720.305                                                  -12720.305
              1      -6383.5902      0.34639464   1.8734571e-09      -23.025851       -23.025851      -12721.129                                                  -12721.129
              1      -6383.8371      0.34269127   1.8988949e-09      -23.025851       -23.025851      -12721.622                                                  -12721.622
              4      -6383.8158      0.36085726   1.6584037e-09      -23.025851       -23.025851       -12721.58                                                   -12721.58
              2       -6383.886      0.35403138   1.7761348e-09      -23.025851       -23.025851       -12721.72                                                   -12721.72
              1      -6384.0264      0.30766193   2.2797014e-09      -23.025851       -23.025851      -12722.001                                                  -12722.001
              4       -6384.702      0.30141264   2.2591087e-09      -23.025851       -23.025851      -12723.352                                                  -12723.352
              2      -6384.5401       0.3346789   1.8771165e-09      -23.025851       -23.025851      -12723.028                                                  -12723.028
              2      -6384.6751      0.31164527    2.106165e-09      -23.025851       -23.025851      -12723.299                                                  -12723.299
              1      -6384.0336      0.32166401   2.1166548e-09      -23.025851       -23.025851      -12722.015                                                  -12722.015
              2      -6384.0623      0.30825746   2.2704777e-09      -23.025851       -23.025851      -12722.073                                                  -12722.073
              1      -6384.2692       0.3081354   2.2583389e-09      -23.025851       -23.025851      -12722.487                                                  -12722.487
              1      -6384.4591      0.30662363   2.2605143e-09      -23.025851       -23.025851      -12722.866                                                  -12722.866
              1      -6384.5237      0.32880664   2.0009584e-09      -23.025851       -23.025851      -12722.996                                                  -12722.996
              3      -6384.4715      0.30700683   2.1397801e-09      -23.025851       -23.025851      -12722.891                                                  -12722.891
              3      -6382.5147       0.3136847   1.9662056e-09      -23.025851       -23.025851      -12718.978                                                  -12718.978
              3      -6383.5706      0.28320544   2.4249931e-09      -23.025851       -23.025851      -12721.089                                                  -12721.089
              2      -6382.9545       0.2879864   2.3093832e-09      -23.025851       -23.025851      -12719.857                                                  -12719.857
              3      -6383.9398      0.30280661   2.1539072e-09      -23.025851       -23.025851      -12721.828                                                  -12721.828
              1       -6384.621      0.32673074   2.0135457e-09      -23.025851       -23.025851       -12723.19                                                   -12723.19
              2      -6384.5512      0.32003509   2.0985216e-09      -23.025851       -23.025851      -12723.051                                                  -12723.051
              6      -6384.6411      0.33061044   1.9215126e-09      -23.025851       -23.025851       -12723.23                                                   -12723.23
              2      -6384.6485       0.3294031   1.9312281e-09      -23.025851       -23.025851      -12723.245                                                  -12723.245
              1      -6384.5754      0.32429301    1.963506e-09      -23.025851       -23.025851      -12723.099                                                  -12723.099
              5      -6384.6823      0.30637679   2.1739749e-09      -23.025851       -23.025851      -12723.313                                                  -12723.313
              1      -6384.6547      0.32286136   1.9861725e-09      -23.025851       -23.025851      -12723.258                                                  -12723.258
              2      -6384.6061      0.31264904   2.1770524e-09      -23.025851       -23.025851      -12723.161                                                  -12723.161
              2      -6384.7257      0.32800688   1.9712653e-09      -23.025851       -23.025851        -12723.4                                                    -12723.4
              5      -6384.6627      0.33192133   1.9213458e-09      -23.025851       -23.025851      -12723.274                                                  -12723.274
              2      -6384.6248      0.33450117   1.9088054e-09      -23.025851       -23.025851      -12723.198                                                  -12723.198
              2      -6384.5499      0.32936098   1.9916396e-09      -23.025851       -23.025851      -12723.048                                                  -12723.048
              1      -6384.1047      0.28955287   2.3606693e-09      -23.025851       -23.025851      -12722.158                                                  -12722.158
              2      -6384.7595      0.32310561   2.0308404e-09      -23.025851       -23.025851      -12723.467                                                  -12723.467
              1      -6384.3857      0.32128065   1.9749392e-09      -23.025851       -23.025851       -12722.72                                                   -12722.72
              8      -6383.6225      0.34032388    1.767904e-09      -23.025851       -23.025851      -12721.193                                                  -12721.193
              1      -6384.8014      0.31489795   2.0958841e-09      -23.025851       -23.025851      -12723.551                                                  -12723.551
              1      -6383.8995      0.35229817    1.704183e-09      -23.025851       -23.025851      -12721.747                                                  -12721.747
              1      -6384.1256      0.35194209     1.72966e-09      -23.025851       -23.025851        -12722.2                                                    -12722.2
              1      -6384.3238      0.34358983   1.8508748e-09      -23.025851       -23.025851      -12722.596                                                  -12722.596
              4      -6384.7434      0.31376906   2.0925998e-09      -23.025851       -23.025851      -12723.435                                                  -12723.435
              6      -6383.8199      0.29642121   2.2325404e-09      -23.025851       -23.025851      -12721.588                                                  -12721.588
              8      -6384.5646      0.33753211   1.8717418e-09      -23.025851       -23.025851      -12723.078                                                  -12723.078
              1      -6384.4407      0.34150515   1.8583978e-09      -23.025851       -23.025851       -12722.83                                                   -12722.83
              1      -6384.3866      0.33051765   1.9943453e-09      -23.025851       -23.025851      -12722.722                                                  -12722.722
              3       -6384.458      0.31077365   2.0929519e-09      -23.025851       -23.025851      -12722.864                                                  -12722.864
              1      -6384.7637      0.31070578   2.1338791e-09      -23.025851       -23.025851      -12723.476                                                  -12723.476
              3       -6383.766      0.28527594   2.4038846e-09      -23.025851       -23.025851       -12721.48                                                   -12721.48
              4      -6383.8202      0.27896939   2.5346922e-09      -23.025851       -23.025851      -12721.589                                                  -12721.589
              1      -6383.5622      0.29340827   2.4817801e-09      -23.025851       -23.025851      -12721.073                                                  -12721.073
              1      -6383.6355      0.28557223    2.576232e-09      -23.025851       -23.025851      -12721.219                                                  -12721.219
              1      -6384.1126      0.28202482   2.5221543e-09      -23.025851       -23.025851      -12722.173                                                  -12722.173
              1       -6384.403      0.33904762   1.8953964e-09      -23.025851       -23.025851      -12722.754                                                  -12722.754
              1      -6384.5239      0.33806015   1.8882416e-09      -23.025851       -23.025851      -12722.996                                                  -12722.996
              3      -6383.9724      0.35518925   1.6969781e-09      -23.025851       -23.025851      -12721.893                                                  -12721.893
              1      -6383.5201      0.35030348   1.8372944e-09      -23.025851       -23.025851      -12720.988                                                  -12720.988
              3      -6383.6526      0.33219989   2.0191591e-09      -23.025851       -23.025851      -12721.253                                                  -12721.253
              1      -6384.6517      0.31075528   2.1928312e-09      -23.025851       -23.025851      -12723.252                                                  -12723.252
              4      -6384.3754      0.33249692   1.8748503e-09      -23.025851       -23.025851      -12722.699                                                  -12722.699
              1      -6384.3377      0.33383252   1.8611762e-09      -23.025851       -23.025851      -12722.624                                                  -12722.624
              1      -6384.8098      0.31498755   2.1005662e-09      -23.025851       -23.025851      -12723.568                                                  -12723.568
              2       -6384.758      0.31176323   2.1192961e-09      -23.025851       -23.025851      -12723.464                                                  -12723.464
              6      -6384.1931      0.30188894   2.3375101e-09      -23.025851       -23.025851      -12722.335                                                  -12722.335
              3      -6384.4739      0.30153505   2.3167155e-09      -23.025851       -23.025851      -12722.896                                                  -12722.896
              1      -6384.4055       0.3444928    1.817503e-09      -23.025851       -23.025851      -12722.759                                                  -12722.759
              2      -6384.2449      0.34733168    1.815456e-09      -23.025851       -23.025851      -12722.438                                                  -12722.438
              4      -6383.4806      0.29821468   2.1887959e-09      -23.025851       -23.025851      -12720.909                                                  -12720.909
              4      -6384.4853      0.31354426   2.0637299e-09      -23.025851       -23.025851      -12722.919                                                  -12722.919
              3      -6384.6028      0.33221258   1.9036575e-09      -23.025851       -23.025851      -12723.154                                                  -12723.154
              3      -6383.8118      0.34895006   1.8351336e-09      -23.025851       -23.025851      -12721.572                                                  -12721.572
              1      -6384.1735      0.29152267   2.4602751e-09      -23.025851       -23.025851      -12722.295                                                  -12722.295
              2      -6384.1593      0.28662627   2.4209394e-09      -23.025851       -23.025851      -12722.267                                                  -12722.267
              1      -6384.3139      0.28668628   2.4741838e-09      -23.025851       -23.025851      -12722.576                                                  -12722.576
              3      -6383.8093       0.2773484   2.5732856e-09      -23.025851       -23.025851      -12721.567                                                  -12721.567
              4      -6383.4742      0.28840611   2.5509473e-09      -23.025851       -23.025851      -12720.897                                                  -12720.897
              5      -6383.4837      0.30242555    2.372045e-09      -23.025851       -23.025851      -12720.916                                                  -12720.916
              4      -6383.7279      0.28318063   2.4384307e-09      -23.025851       -23.025851      -12721.404                                                  -12721.404
              1      -6384.8039      0.31500132   2.0960733e-09      -23.025851       -23.025851      -12723.556                                                  -12723.556
              1      -6381.8396      0.29383431   2.1802721e-09      -23.025851       -23.025851      -12717.628                                                  -12717.628
              2      -6381.6487      0.31384184   1.9377371e-09      -23.025851       -23.025851      -12717.246                                                  -12717.246
              2      -6381.6471      0.33165339   1.7706934e-09      -23.025851       -23.025851      -12717.243                                                  -12717.243
              1      -6384.7788      0.30733791   2.1959711e-09      -23.025851       -23.025851      -12723.506                                                  -12723.506
              4      -6384.8052       0.3117313    2.139043e-09      -23.025851       -23.025851      -12723.559                                                  -12723.559
              1      -6384.3969      0.30912757   2.1072412e-09      -23.025851       -23.025851      -12722.742                                                  -12722.742
              2      -6384.4122      0.31706909   2.0195421e-09      -23.025851       -23.025851      -12722.773                                                  -12722.773
              4      -6384.3468      0.34315804   1.8530185e-09      -23.025851       -23.025851      -12722.642                                                  -12722.642
              1      -6384.6487      0.30990554   2.1234666e-09      -23.025851       -23.025851      -12723.246                                                  -12723.246
              1      -6384.6424      0.31012912   2.1199156e-09      -23.025851       -23.025851      -12723.233                                                  -12723.233
              1      -6384.5505      0.33820817   1.8757908e-09      -23.025851       -23.025851      -12723.049                                                  -12723.049
              1      -6384.3108      0.33746212   1.9230056e-09      -23.025851       -23.025851       -12722.57                                                   -12722.57
              5      -6384.3588      0.33220821   1.9777014e-09      -23.025851       -23.025851      -12722.666                                                  -12722.666
              1      -6384.1351      0.30885418   2.2589093e-09      -23.025851       -23.025851      -12722.218                                                  -12722.218
              1      -6384.2862      0.29347527   2.3143445e-09      -23.025851       -23.025851      -12722.521                                                  -12722.521
              1      -6384.6702      0.30736081   2.2276042e-09      -23.025851       -23.025851      -12723.289                                                  -12723.289
              1      -6384.3526      0.29008638   2.4506931e-09      -23.025851       -23.025851      -12722.653                                                  -12722.653
              1      -6384.1719      0.28309109   2.5163053e-09      -23.025851       -23.025851      -12722.292                                                  -12722.292
              1      -6384.3545       0.2903043   2.3803924e-09      -23.025851       -23.025851      -12722.657                                                  -12722.657
              3      -6384.6881      0.31689753   2.1185599e-09      -23.025851       -23.025851      -12723.325                                                  -12723.325
              1      -6384.5656      0.32176617   2.0773053e-09      -23.025851       -23.025851      -12723.079                                                  -12723.079
              4      -6384.7582      0.31312175   2.1490504e-09      -23.025851       -23.025851      -12723.465                                                  -12723.465
              3      -6384.4906       0.3299062      1.9064e-09      -23.025851       -23.025851      -12722.929                                                  -12722.929
              1       -6384.024      0.34316296    1.769813e-09      -23.025851       -23.025851      -12721.996                                                  -12721.996
              1      -6384.4508      0.33529466   1.9339044e-09      -23.025851       -23.025851       -12722.85                                                   -12722.85
              5      -6384.6504       0.2991232   2.2818512e-09      -23.025851       -23.025851      -12723.249                                                  -12723.249
              2      -6384.7346      0.30373794   2.2292777e-09      -23.025851       -23.025851      -12723.418                                                  -12723.418
              5      -6384.7766      0.32324095   2.0142309e-09      -23.025851       -23.025851      -12723.501                                                  -12723.501
              1      -6383.4235      0.32217068   1.9143456e-09      -23.025851       -23.025851      -12720.795                                                  -12720.795
              1      -6384.1248      0.35281353   1.7272416e-09      -23.025851       -23.025851      -12722.198                                                  -12722.198
              2      -6383.5285      0.30973953   2.2803956e-09      -23.025851       -23.025851      -12721.005                                                  -12721.005
              3      -6384.0906      0.29693677   2.4041653e-09      -23.025851       -23.025851      -12722.129                                                  -12722.129
              2      -6384.1892      0.35216264   1.7492781e-09      -23.025851       -23.025851      -12722.327                                                  -12722.327
              5      -6384.2986      0.34773488   1.7745423e-09      -23.025851       -23.025851      -12722.545                                                  -12722.545
              1       -6384.714      0.32706642   1.9625145e-09      -23.025851       -23.025851      -12723.376                                                  -12723.376
              3       -6384.467       0.3326024   1.8826929e-09      -23.025851       -23.025851      -12722.882                                                  -12722.882
              2      -6383.5234      0.34876742   1.7034132e-09      -23.025851       -23.025851      -12720.995                                                  -12720.995
              2      -6384.2262      0.34754301   1.7616286e-09      -23.025851       -23.025851      -12722.401                                                  -12722.401
              2      -6384.0411      0.30128309   2.3553196e-09      -23.025851       -23.025851       -12722.03                                                   -12722.03
              2       -6384.241      0.28774869   2.4113546e-09      -23.025851       -23.025851       -12722.43                                                   -12722.43
              1      -6384.0304      0.28520959   2.4314325e-09      -23.025851       -23.025851      -12722.009                                                  -12722.009
              2       -6384.321      0.28712069   2.4735533e-09      -23.025851       -23.025851       -12722.59                                                   -12722.59
              1      -6383.4105      0.34966056   1.8489446e-09      -23.025851       -23.025851      -12720.769                                                  -12720.769
              1       -6383.111      0.34892256   1.8688682e-09      -23.025851       -23.025851       -12720.17                                                   -12720.17
              1      -6382.6578      0.34903498   1.8839777e-09      -23.025851       -23.025851      -12719.264                                                  -12719.264
              2      -6382.4738      0.33999423   1.9804528e-09      -23.025851       -23.025851      -12718.896                                                  -12718.896
              2      -6382.6081      0.32823792   2.1012178e-09      -23.025851       -23.025851      -12719.165                                                  -12719.165
              3      -6384.0949      0.32281159   2.1002462e-09      -23.025851       -23.025851      -12722.138                                                  -12722.138
              1      -6384.5872      0.33568482   1.9058237e-09      -23.025851       -23.025851      -12723.123                                                  -12723.123
              1      -6383.9729      0.35769029   1.7217672e-09      -23.025851       -23.025851      -12721.894                                                  -12721.894
              2      -6383.7417      0.36359726    1.642088e-09      -23.025851       -23.025851      -12721.432                                                  -12721.432
              1      -6384.3005      0.34679333   1.8131579e-09      -23.025851       -23.025851      -12722.549                                                  -12722.549
              7      -6384.0125      0.34923037   1.7305798e-09      -23.025851       -23.025851      -12721.973                                                  -12721.973
              2      -6384.7331      0.32185126   2.0082606e-09      -23.025851       -23.025851      -12723.415                                                  -12723.415
              4        -6383.75      0.29594729    2.234947e-09      -23.025851       -23.025851      -12721.448                                                  -12721.448
              4      -6384.4575      0.29191057   2.4133011e-09      -23.025851       -23.025851      -12722.863                                                  -12722.863
              5      -6384.4758      0.29372299   2.3962779e-09      -23.025851       -23.025851        -12722.9                                                    -12722.9
              2      -6384.5222      0.29372078   2.3834043e-09      -23.025851       -23.025851      -12722.993                                                  -12722.993
              1      -6384.6645       0.2990301   2.2973837e-09      -23.025851       -23.025851      -12723.277                                                  -12723.277
              3      -6384.4904      0.30982153   2.2209618e-09      -23.025851       -23.025851      -12722.929                                                  -12722.929
              2      -6384.5308      0.31098112   2.2038588e-09      -23.025851       -23.025851       -12723.01                                                   -12723.01
              1      -6384.7336      0.30490987    2.238246e-09      -23.025851       -23.025851      -12723.415                                                  -12723.415
              1      -6384.6906      0.30705062   2.1663166e-09      -23.025851       -23.025851      -12723.329                                                  -12723.329
              1      -6384.7726      0.31993494   2.0352184e-09      -23.025851       -23.025851      -12723.493                                                  -12723.493
              1      -6384.1859      0.28339924    2.517212e-09      -23.025851       -23.025851       -12722.32                                                   -12722.32
              2      -6384.1702      0.28303153   2.5196837e-09      -23.025851       -23.025851      -12722.289                                                  -12722.289
              1       -6384.676      0.30056612   2.2632475e-09      -23.025851       -23.025851        -12723.3                                                    -12723.3
              5      -6384.5647      0.32326546   1.9717939e-09      -23.025851       -23.025851      -12723.078                                                  -12723.078
              1       -6384.709      0.32702409   1.9940611e-09      -23.025851       -23.025851      -12723.366                                                  -12723.366
              2      -6384.4717       0.3405089   1.8341271e-09      -23.025851       -23.025851      -12722.892                                                  -12722.892
              2      -6384.5498      0.33827746   1.8655607e-09      -23.025851       -23.025851      -12723.048                                                  -12723.048
              1      -6384.4817      0.31285736    2.186937e-09      -23.025851       -23.025851      -12722.912                                                  -12722.912
              3      -6384.6959      0.30840309   2.2121882e-09      -23.025851       -23.025851       -12723.34                                                   -12723.34
              2      -6384.7341      0.30388911   2.2450315e-09      -23.025851       -23.025851      -12723.417                                                  -12723.417
              1      -6384.2528       0.3019814   2.1861666e-09      -23.025851       -23.025851      -12722.454                                                  -12722.454
              1      -6384.4481      0.31303085   2.0662385e-09      -23.025851       -23.025851      -12722.844                                                  -12722.844
              5      -6383.8819      0.36035714   1.7004433e-09      -23.025851       -23.025851      -12721.712                                                  -12721.712
              3      -6384.3301      0.33759284   1.9197948e-09      -23.025851       -23.025851      -12722.609                                                  -12722.609
              4      -6383.9532      0.35886717   1.7070631e-09      -23.025851       -23.025851      -12721.855                                                  -12721.855
              8      -6383.9797       0.3581639   1.7118043e-09      -23.025851       -23.025851      -12721.908                                                  -12721.908
              1      -6384.4421      0.33603991   1.9261911e-09      -23.025851       -23.025851      -12722.833                                                  -12722.833
              3      -6382.9866      0.34684028   1.6939203e-09      -23.025851       -23.025851      -12719.921                                                  -12719.921
              2      -6381.5567       0.3464152   1.6532182e-09      -23.025851       -23.025851      -12717.062                                                  -12717.062
              5      -6384.2714      0.33166212   1.8733953e-09      -23.025851       -23.025851      -12722.491                                                  -12722.491
              6       -6384.652      0.32921029   1.9332704e-09      -23.025851       -23.025851      -12723.252                                                  -12723.252
              3      -6384.2252      0.33777684   1.8223875e-09      -23.025851       -23.025851      -12722.399                                                  -12722.399
              1      -6384.2115      0.32300339   2.0910346e-09      -23.025851       -23.025851      -12722.371                                                  -12722.371
              1      -6384.3445      0.31863706   2.1315807e-09      -23.025851       -23.025851      -12722.637                                                  -12722.637
              5      -6384.3042       0.3194707    2.124919e-09      -23.025851       -23.025851      -12722.557                                                  -12722.557
              1      -6383.9297      0.31472245   2.2018935e-09      -23.025851       -23.025851      -12721.808                                                  -12721.808
              5       -6384.331      0.31319617   2.1950202e-09      -23.025851       -23.025851       -12722.61                                                   -12722.61
              4      -6384.5006      0.33962106   1.8711452e-09      -23.025851       -23.025851      -12722.949                                                  -12722.949
              1      -6384.2292      0.33969861   1.9050178e-09      -23.025851       -23.025851      -12722.407                                                  -12722.407
              3      -6383.8269      0.32414071   2.0995242e-09      -23.025851       -23.025851      -12721.602                                                  -12721.602
              2      -6383.9205      0.32275358   2.1103973e-09      -23.025851       -23.025851      -12721.789                                                  -12721.789
              2      -6384.0639      0.31234831    2.222138e-09      -23.025851       -23.025851      -12722.076                                                  -12722.076
              2      -6383.8451      0.34286701   1.7607813e-09      -23.025851       -23.025851      -12721.638                                                  -12721.638
              2      -6383.4132      0.36347995   1.6119194e-09      -23.025851       -23.025851      -12720.775                                                  -12720.775
              1      -6384.2484       0.3454882   1.8374863e-09      -23.025851       -23.025851      -12722.445                                                  -12722.445
              4      -6382.3075      0.33112279    1.794018e-09      -23.025851       -23.025851      -12718.563                                                  -12718.563
              5      -6384.5152      0.32382924   1.9616485e-09      -23.025851       -23.025851      -12722.979                                                  -12722.979
              1      -6384.6062      0.30593731   2.1683949e-09      -23.025851       -23.025851      -12723.161                                                  -12723.161
              2      -6384.5243      0.29307483   2.3803697e-09      -23.025851       -23.025851      -12722.997                                                  -12722.997
              2      -6384.3988      0.28982535   2.4409038e-09      -23.025851       -23.025851      -12722.746                                                  -12722.746
              1      -6383.7585        0.358662   1.6604032e-09      -23.025851       -23.025851      -12721.465                                                  -12721.465
              4      -6383.6939      0.36425952   1.6783183e-09      -23.025851       -23.025851      -12721.336                                                  -12721.336
              8       -6383.032      0.36240386   1.7418983e-09      -23.025851       -23.025851      -12720.012                                                  -12720.012
              2       -6382.587      0.36205166   1.7627064e-09      -23.025851       -23.025851      -12719.122                                                  -12719.122
              5      -6384.2337      0.34287138   1.7883634e-09      -23.025851       -23.025851      -12722.416                                                  -12722.416
              2      -6384.3529      0.33212819    1.875909e-09      -23.025851       -23.025851      -12722.654                                                  -12722.654
              1      -6384.3533      0.33475002   1.8554817e-09      -23.025851       -23.025851      -12722.655                                                  -12722.655
              1      -6384.3808      0.30153208   2.3262074e-09      -23.025851       -23.025851       -12722.71                                                   -12722.71
              3      -6384.7087      0.30154842   2.2653447e-09      -23.025851       -23.025851      -12723.366                                                  -12723.366
              1      -6384.6163      0.31983739   2.0102927e-09      -23.025851       -23.025851      -12723.181                                                  -12723.181
              3      -6384.4907      0.31915489   2.0046395e-09      -23.025851       -23.025851       -12722.93                                                   -12722.93
              2      -6383.2319      0.35524017   1.6483688e-09      -23.025851       -23.025851      -12720.412                                                  -12720.412
              1      -6384.3108      0.33638975   1.8395325e-09      -23.025851       -23.025851       -12722.57                                                   -12722.57
              1      -6384.5431      0.33071593    1.976639e-09      -23.025851       -23.025851      -12723.035                                                  -12723.035
              1      -6382.7672      0.27453076   2.5312436e-09      -23.025851       -23.025851      -12719.483                                                  -12719.483
              1      -6383.2883      0.30566803   2.0855024e-09      -23.025851       -23.025851      -12720.525                                                  -12720.525
              4      -6383.8479       0.3580458   1.6716483e-09      -23.025851       -23.025851      -12721.644                                                  -12721.644
              1      -6383.9339      0.35811853   1.6825941e-09      -23.025851       -23.025851      -12721.816                                                  -12721.816
              1      -6383.8309      0.34312913   1.8946541e-09      -23.025851       -23.025851       -12721.61                                                   -12721.61
              1      -6384.0107      0.33938127   1.9237845e-09      -23.025851       -23.025851       -12721.97                                                   -12721.97
              2      -6383.9697      0.35309184   1.7790718e-09      -23.025851       -23.025851      -12721.888                                                  -12721.888
              1      -6383.7457      0.30817438   2.2888755e-09      -23.025851       -23.025851       -12721.44                                                   -12721.44
              1      -6384.7035      0.30204658    2.270564e-09      -23.025851       -23.025851      -12723.355                                                  -12723.355
              1      -6384.4706      0.31995837   2.1067085e-09      -23.025851       -23.025851      -12722.889                                                  -12722.889
              1      -6382.8486      0.30529336   2.3628988e-09      -23.025851       -23.025851      -12719.645                                                  -12719.645
              4      -6383.6402      0.27723619   2.5494656e-09      -23.025851       -23.025851      -12721.229                                                  -12721.229
              1       -6382.577      0.27081264   2.5938993e-09      -23.025851       -23.025851      -12719.102                                                  -12719.102
              1      -6384.1521      0.29641696   2.2561758e-09      -23.025851       -23.025851      -12722.252                                                  -12722.252
              4      -6384.3329      0.30702361   2.2665766e-09      -23.025851       -23.025851      -12722.614                                                  -12722.614
              3      -6384.5971      0.32694574   2.0141163e-09      -23.025851       -23.025851      -12723.142                                                  -12723.142
              3      -6384.7403      0.32566323   2.0026498e-09      -23.025851       -23.025851      -12723.429                                                  -12723.429
              5      -6384.6713      0.32959722   1.9348412e-09      -23.025851       -23.025851      -12723.291                                                  -12723.291
              1      -6384.2695      0.32267854   2.0909233e-09      -23.025851       -23.025851      -12722.487                                                  -12722.487
              2      -6383.8279      0.36135129   1.6963079e-09      -23.025851       -23.025851      -12721.604                                                  -12721.604
              4      -6383.7299      0.35563717     1.67333e-09      -23.025851       -23.025851      -12721.408                                                  -12721.408
              1      -6384.0042      0.35390287   1.7059657e-09      -23.025851       -23.025851      -12721.957                                                  -12721.957
              3      -6384.5566      0.30728811   2.1449355e-09      -23.025851       -23.025851      -12723.061                                                  -12723.061
              3       -6383.079      0.30500452   2.0845587e-09      -23.025851       -23.025851      -12720.106                                                  -12720.106
              2      -6383.7686      0.33412061   1.8235796e-09      -23.025851       -23.025851      -12721.485                                                  -12721.485
              1      -6383.1905      0.34090347   1.7450741e-09      -23.025851       -23.025851      -12720.329                                                  -12720.329
              1      -6383.6289      0.35398743   1.6762022e-09      -23.025851       -23.025851      -12721.206                                                  -12721.206
              2      -6383.8022      0.35229673   1.6971282e-09      -23.025851       -23.025851      -12721.553                                                  -12721.553
              6      -6382.3996      0.35132051   1.6430232e-09      -23.025851       -23.025851      -12718.748                                                  -12718.748
              1      -6382.7596      0.35398764   1.6374597e-09      -23.025851       -23.025851      -12719.468                                                  -12719.468
              1      -6384.4496      0.32963596    1.998789e-09      -23.025851       -23.025851      -12722.847                                                  -12722.847
              2      -6384.5106      0.29906564   2.2535301e-09      -23.025851       -23.025851       -12722.97                                                   -12722.97
              4      -6383.0843      0.33140473   2.0506041e-09      -23.025851       -23.025851      -12720.117                                                  -12720.117
              5      -6383.7984      0.32399173   2.1025693e-09      -23.025851       -23.025851      -12721.545                                                  -12721.545
              1      -6383.8805      0.28771544   2.3712658e-09      -23.025851       -23.025851      -12721.709                                                  -12721.709
              6      -6384.0563      0.29329057   2.2954798e-09      -23.025851       -23.025851      -12722.061                                                  -12722.061
              1      -6384.2067      0.30041243   2.2038031e-09      -23.025851       -23.025851      -12722.362                                                  -12722.362
              2      -6384.6232      0.31340183   2.1665598e-09      -23.025851       -23.025851      -12723.195                                                  -12723.195
              1      -6383.9006      0.27961531   2.5327322e-09      -23.025851       -23.025851      -12721.749                                                  -12721.749
              1      -6382.8434      0.27754808   2.4786777e-09      -23.025851       -23.025851      -12719.635                                                  -12719.635
              1      -6382.4972      0.27803129   2.4506562e-09      -23.025851       -23.025851      -12718.943                                                  -12718.943
              1      -6383.9502      0.29226757    2.302944e-09      -23.025851       -23.025851      -12721.849                                                  -12721.849
              2      -6383.5071      0.28665568   2.3614448e-09      -23.025851       -23.025851      -12720.962                                                  -12720.962
              1      -6383.7394      0.29779671   2.2085408e-09      -23.025851       -23.025851      -12721.427                                                  -12721.427
              1      -6384.4883       0.3074668   2.1356406e-09      -23.025851       -23.025851      -12722.925                                                  -12722.925
              5      -6384.5731      0.29497927   2.3558587e-09      -23.025851       -23.025851      -12723.094                                                  -12723.094
              1      -6384.3918      0.28874659   2.4391312e-09      -23.025851       -23.025851      -12722.732                                                  -12722.732
              3      -6383.9078      0.34539618   1.7471242e-09      -23.025851       -23.025851      -12721.764                                                  -12721.764
              2       -6383.878      0.32148209   2.1269105e-09      -23.025851       -23.025851      -12721.704                                                  -12721.704
              3      -6383.1547      0.29383894   2.4971328e-09      -23.025851       -23.025851      -12720.258                                                  -12720.258
              1      -6383.2949      0.29192184   2.5152814e-09      -23.025851       -23.025851      -12720.538                                                  -12720.538
              6       -6384.097      0.29907157   2.3781007e-09      -23.025851       -23.025851      -12722.142                                                  -12722.142
              1       -6384.102      0.29467154   2.4302634e-09      -23.025851       -23.025851      -12722.152                                                  -12722.152
              1      -6384.0577      0.28627833   2.4143137e-09      -23.025851       -23.025851      -12722.064                                                  -12722.064
              2      -6384.3934      0.29275225   2.3408747e-09      -23.025851       -23.025851      -12722.735                                                  -12722.735
              2      -6384.4801      0.30938158    2.111433e-09      -23.025851       -23.025851      -12722.909                                                  -12722.909
              2      -6384.7804      0.32248518   2.0193068e-09      -23.025851       -23.025851      -12723.509                                                  -12723.509
              2      -6384.7053      0.32374002    2.036046e-09      -23.025851       -23.025851      -12723.359                                                  -12723.359
              3      -6384.7151      0.32528798   2.0149868e-09      -23.025851       -23.025851      -12723.379                                                  -12723.379
              2      -6384.7342      0.32417958   2.0244137e-09      -23.025851       -23.025851      -12723.417                                                  -12723.417
              1       -6383.798      0.32528225   2.0881775e-09      -23.025851       -23.025851      -12721.544                                                  -12721.544
              3      -6383.8525      0.32035894   2.1409417e-09      -23.025851       -23.025851      -12721.653                                                  -12721.653
              4      -6383.6388      0.33659508   1.9728615e-09      -23.025851       -23.025851      -12721.226                                                  -12721.226
              1      -6384.5352      0.32676726   1.9373315e-09      -23.025851       -23.025851      -12723.019                                                  -12723.019
              2      -6383.6982      0.34368045   1.7470374e-09      -23.025851       -23.025851      -12721.345                                                  -12721.345
              1      -6384.5607      0.33514833   1.8778676e-09      -23.025851       -23.025851       -12723.07                                                   -12723.07
              1       -6384.548      0.33746315   1.8905631e-09      -23.025851       -23.025851      -12723.044                                                  -12723.044
              2      -6384.6209      0.33034476   1.9700955e-09      -23.025851       -23.025851       -12723.19                                                   -12723.19
              2      -6384.7287      0.32759005   1.9666117e-09      -23.025851       -23.025851      -12723.406                                                  -12723.406
              1      -6384.7242      0.32443445   2.0236363e-09      -23.025851       -23.025851      -12723.397                                                  -12723.397
              1      -6384.5931      0.30738563   2.1479183e-09      -23.025851       -23.025851      -12723.135                                                  -12723.135
              1      -6383.4627      0.32968369   1.8472045e-09      -23.025851       -23.025851      -12720.874                                                  -12720.874
              6      -6384.4893      0.29193117   2.3989409e-09      -23.025851       -23.025851      -12722.927                                                  -12722.927
              2      -6384.4823      0.29166774   2.4018487e-09      -23.025851       -23.025851      -12722.913                                                  -12722.913
              1      -6384.2831      0.30194856   2.1890511e-09      -23.025851       -23.025851      -12722.514                                                  -12722.514
              7      -6384.6247      0.32811715   1.9369792e-09      -23.025851       -23.025851      -12723.198                                                  -12723.198
              6      -6384.5485       0.3301936   1.9820961e-09      -23.025851       -23.025851      -12723.045                                                  -12723.045
              3      -6384.3179      0.34419952   1.7902598e-09      -23.025851       -23.025851      -12722.584                                                  -12722.584
              2      -6384.5988      0.30212306   2.2204977e-09      -23.025851       -23.025851      -12723.146                                                  -12723.146
              1      -6384.7523       0.3208419   2.0613613e-09      -23.025851       -23.025851      -12723.453                                                  -12723.453
              2      -6384.6208      0.32072106   2.0021424e-09      -23.025851       -23.025851       -12723.19                                                   -12723.19
              1      -6384.7988      0.31054949   2.1604616e-09      -23.025851       -23.025851      -12723.546                                                  -12723.546
              4      -6384.6196      0.30070721   2.2456965e-09      -23.025851       -23.025851      -12723.187                                                  -12723.187
              2      -6384.3016        0.345678   1.8279474e-09      -23.025851       -23.025851      -12722.551                                                  -12722.551
              2      -6384.3576      0.34405464    1.839825e-09      -23.025851       -23.025851      -12722.663                                                  -12722.663
              3      -6384.1343      0.32598582   2.0623806e-09      -23.025851       -23.025851      -12722.217                                                  -12722.217
              1      -6384.7455      0.31541891   2.1259732e-09      -23.025851       -23.025851      -12723.439                                                  -12723.439
              1      -6384.5984      0.33376801   1.8934015e-09      -23.025851       -23.025851      -12723.145                                                  -12723.145
              8      -6384.4228      0.30101461   2.2146163e-09      -23.025851       -23.025851      -12722.794                                                  -12722.794
              1      -6384.6548      0.30007735   2.3018289e-09      -23.025851       -23.025851      -12723.258                                                  -12723.258
              2      -6384.3177      0.28755059   2.4328776e-09      -23.025851       -23.025851      -12722.584                                                  -12722.584
              1      -6384.2218      0.28811042   2.4011151e-09      -23.025851       -23.025851      -12722.392                                                  -12722.392
              2      -6384.6852      0.30026231   2.2859164e-09      -23.025851       -23.025851      -12723.319                                                  -12723.319
              1      -6384.7041      0.30187275   2.2710924e-09      -23.025851       -23.025851      -12723.357                                                  -12723.357
              2      -6384.6265      0.29930301   2.3159309e-09      -23.025851       -23.025851      -12723.201                                                  -12723.201
              1      -6384.6348      0.30142983   2.2372981e-09      -23.025851       -23.025851      -12723.218                                                  -12723.218
              2      -6383.8775      0.28827935   2.5246327e-09      -23.025851       -23.025851      -12721.703                                                  -12721.703
              3      -6384.6871      0.30251049   2.2322324e-09      -23.025851       -23.025851      -12723.323                                                  -12723.323
              1      -6384.7519      0.30782015   2.1693384e-09      -23.025851       -23.025851      -12723.452                                                  -12723.452
              1      -6384.7682      0.32042095   2.0623367e-09      -23.025851       -23.025851      -12723.485                                                  -12723.485
              3      -6383.6364      0.29085257   2.5098367e-09      -23.025851       -23.025851      -12721.221                                                  -12721.221
              1      -6383.9897       0.2882066   2.5157743e-09      -23.025851       -23.025851      -12721.928                                                  -12721.928
              3      -6383.9758      0.29474037   2.4390264e-09      -23.025851       -23.025851        -12721.9                                                    -12721.9
              1      -6384.6201      0.29693392   2.3203005e-09      -23.025851       -23.025851      -12723.189                                                  -12723.189
              4      -6384.7062      0.30175969   2.2701985e-09      -23.025851       -23.025851      -12723.361                                                  -12723.361
              2      -6384.6832      0.30731506   2.1615172e-09      -23.025851       -23.025851      -12723.315                                                  -12723.315
              1      -6383.8994      0.30456609   2.3242366e-09      -23.025851       -23.025851      -12721.747                                                  -12721.747
              1      -6384.7709      0.31052781   2.1381686e-09      -23.025851       -23.025851       -12723.49                                                   -12723.49
              3      -6384.7069      0.32907835   1.9501063e-09      -23.025851       -23.025851      -12723.362                                                  -12723.362
             10      -6384.5649      0.31643495   2.0397441e-09      -23.025851       -23.025851      -12723.078                                                  -12723.078
              2      -6384.0435      0.29497473   2.2689184e-09      -23.025851       -23.025851      -12722.035                                                  -12722.035
              1      -6384.6299      0.30981507    2.122136e-09      -23.025851       -23.025851      -12723.208                                                  -12723.208
              3      -6384.3306      0.30078001   2.3394379e-09      -23.025851       -23.025851       -12722.61                                                   -12722.61
              1      -6384.7681      0.31753494   2.0968266e-09      -23.025851       -23.025851      -12723.485                                                  -12723.485
              1      -6383.5364      0.35356563   1.8036971e-09      -23.025851       -23.025851      -12721.021                                                  -12721.021
              1      -6382.4258      0.31313779   2.2810395e-09      -23.025851       -23.025851        -12718.8                                                    -12718.8
              4       -6381.711      0.28087774   2.3670579e-09      -23.025851       -23.025851       -12717.37                                                   -12717.37
              1      -6383.9263      0.32137699    1.945416e-09      -23.025851       -23.025851      -12721.801                                                  -12721.801
              2      -6384.5664      0.32861307   1.9252774e-09      -23.025851       -23.025851      -12723.081                                                  -12723.081
              3      -6384.6826      0.30057479   2.2661925e-09      -23.025851       -23.025851      -12723.314                                                  -12723.314
              4      -6383.1222      0.34176983   1.7359292e-09      -23.025851       -23.025851      -12720.193                                                  -12720.193
              1      -6383.2787      0.33982149   1.7567972e-09      -23.025851       -23.025851      -12720.506                                                  -12720.506
              3      -6383.0324      0.34016538   1.7447028e-09      -23.025851       -23.025851      -12720.013                                                  -12720.013
              1      -6384.1678      0.33246014   1.8596806e-09      -23.025851       -23.025851      -12722.284                                                  -12722.284
              1      -6384.3147      0.34170177   1.8744023e-09      -23.025851       -23.025851      -12722.578                                                  -12722.578
              8      -6384.2816      0.32790084   2.0315437e-09      -23.025851       -23.025851      -12722.512                                                  -12722.512
              1      -6384.4958      0.32139423   2.0881755e-09      -23.025851       -23.025851       -12722.94                                                   -12722.94
              2      -6384.2398      0.33711811   1.9326505e-09      -23.025851       -23.025851      -12722.428                                                  -12722.428
              3      -6383.7987      0.29526349   2.2477134e-09      -23.025851       -23.025851      -12721.546                                                  -12721.546
              2      -6384.7456      0.31499771   2.0792508e-09      -23.025851       -23.025851       -12723.44                                                   -12723.44
              1      -6384.7192      0.31958917   2.0268706e-09      -23.025851       -23.025851      -12723.387                                                  -12723.387
              2      -6384.6303      0.29812992   2.2944757e-09      -23.025851       -23.025851      -12723.209                                                  -12723.209
              1      -6383.7267      0.30102081   2.3771642e-09      -23.025851       -23.025851      -12721.402                                                  -12721.402
              1      -6383.9895      0.28762413   2.5224636e-09      -23.025851       -23.025851      -12721.927                                                  -12721.927
              1      -6384.5056       0.3192722   2.0047765e-09      -23.025851       -23.025851      -12722.959                                                  -12722.959
              2      -6384.0117      0.35111352   1.7201104e-09      -23.025851       -23.025851      -12721.972                                                  -12721.972
              1      -6384.5377      0.33886806   1.8685714e-09      -23.025851       -23.025851      -12723.024                                                  -12723.024
              3      -6384.6963      0.31319804   2.1592748e-09      -23.025851       -23.025851      -12723.341                                                  -12723.341
              3      -6383.6918      0.27844258   2.5291648e-09      -23.025851       -23.025851      -12721.332                                                  -12721.332
              1      -6384.2266      0.28775275   2.4088891e-09      -23.025851       -23.025851      -12722.401                                                  -12722.401
              2      -6384.5256      0.29940134   2.3334825e-09      -23.025851       -23.025851      -12722.999                                                  -12722.999
              2       -6384.544      0.31201298   2.1908001e-09      -23.025851       -23.025851      -12723.036                                                  -12723.036
              1      -6384.1785      0.28417966   2.4794395e-09      -23.025851       -23.025851      -12722.305                                                  -12722.305
              4      -6384.4059      0.28925383   2.4225335e-09      -23.025851       -23.025851       -12722.76                                                   -12722.76
              3      -6384.7877       0.3091941    2.179255e-09      -23.025851       -23.025851      -12723.524                                                  -12723.524
              1      -6384.6594      0.33148279   1.9462887e-09      -23.025851       -23.025851      -12723.267                                                  -12723.267
              1      -6384.6865      0.32701979   1.9993721e-09      -23.025851       -23.025851      -12723.321                                                  -12723.321
              2      -6384.6895      0.31944254    2.023617e-09      -23.025851       -23.025851      -12723.327                                                  -12723.327
              2      -6384.3138      0.34058202   1.8874171e-09      -23.025851       -23.025851      -12722.576                                                  -12722.576
              3      -6384.4103      0.32916862   2.0075241e-09      -23.025851       -23.025851      -12722.769                                                  -12722.769
              1      -6384.8115       0.3146133   2.1110325e-09      -23.025851       -23.025851      -12723.571                                                  -12723.571
              3      -6384.7943      0.31914639   2.0505513e-09      -23.025851       -23.025851      -12723.537                                                  -12723.537
              3      -6384.6877      0.31793851   2.0385069e-09      -23.025851       -23.025851      -12723.324                                                  -12723.324
              4       -6384.475      0.31678047   2.0277626e-09      -23.025851       -23.025851      -12722.898                                                  -12722.898
              1      -6384.5016      0.30008253   2.3293904e-09      -23.025851       -23.025851      -12722.952                                                  -12722.952
              3      -6384.2955      0.29134227   2.4480229e-09      -23.025851       -23.025851      -12722.539                                                  -12722.539
              1      -6384.5875      0.32631489    2.022624e-09      -23.025851       -23.025851      -12723.123                                                  -12723.123
              1      -6384.7106      0.30434157   2.2503087e-09      -23.025851       -23.025851      -12723.369                                                  -12723.369
              3      -6384.2832       0.3067923   2.1266931e-09      -23.025851       -23.025851      -12722.515                                                  -12722.515
              2      -6384.0163      0.30465945    2.135104e-09      -23.025851       -23.025851      -12721.981                                                  -12721.981
              1      -6384.6911      0.31511338   2.1384539e-09      -23.025851       -23.025851       -12723.33                                                   -12723.33
              5      -6384.3642      0.28796009   2.4501102e-09      -23.025851       -23.025851      -12722.677                                                  -12722.677
              1      -6384.5844      0.29583232   2.3267252e-09      -23.025851       -23.025851      -12723.117                                                  -12723.117
              1      -6384.4076      0.31823255   2.1314856e-09      -23.025851       -23.025851      -12722.763                                                  -12722.763
              3      -6384.4792      0.31889392   2.1181052e-09      -23.025851       -23.025851      -12722.907                                                  -12722.907
              4      -6383.5553      0.30340269   2.3564737e-09      -23.025851       -23.025851      -12721.059                                                  -12721.059
              1      -6383.9111      0.32063929    2.134789e-09      -23.025851       -23.025851      -12721.771                                                  -12721.771
              2      -6384.0828       0.2814954   2.5276767e-09      -23.025851       -23.025851      -12722.114                                                  -12722.114
              3      -6384.1073      0.28165245   2.5376898e-09      -23.025851       -23.025851      -12722.163                                                  -12722.163
              2      -6384.5668      0.32096095   2.0863864e-09      -23.025851       -23.025851      -12723.082                                                  -12723.082
              2      -6384.2969      0.32687663   2.0419163e-09      -23.025851       -23.025851      -12722.542                                                  -12722.542
              1      -6383.5357      0.30869719   2.2926351e-09      -23.025851       -23.025851       -12721.02                                                   -12721.02
              2       -6383.353      0.27458491   2.5761637e-09      -23.025851       -23.025851      -12720.654                                                  -12720.654
              4      -6384.1567      0.32711666   2.0484442e-09      -23.025851       -23.025851      -12722.262                                                  -12722.262
              3      -6384.3935      0.34006735   1.8844234e-09      -23.025851       -23.025851      -12722.735                                                  -12722.735
              2      -6384.1326      0.33712773   1.9402391e-09      -23.025851       -23.025851      -12722.214                                                  -12722.214
              3      -6384.3695       0.3045845   2.1614826e-09      -23.025851       -23.025851      -12722.687                                                  -12722.687
              1      -6384.4385      0.33974781    1.831244e-09      -23.025851       -23.025851      -12722.825                                                  -12722.825
              2      -6384.2344      0.32971417   2.0146609e-09      -23.025851       -23.025851      -12722.417                                                  -12722.417
              1      -6383.7463      0.30669374   2.3067155e-09      -23.025851       -23.025851      -12721.441                                                  -12721.441
              3      -6383.0579      0.34624069   1.7008531e-09      -23.025851       -23.025851      -12720.064                                                  -12720.064
              2      -6384.3293      0.34716801   1.7983291e-09      -23.025851       -23.025851      -12722.607                                                  -12722.607
              1       -6384.469      0.29652167   2.2878533e-09      -23.025851       -23.025851      -12722.886                                                  -12722.886
              1      -6384.2008      0.32849154   1.8954273e-09      -23.025851       -23.025851       -12722.35                                                   -12722.35
              2      -6384.4819       0.3405051   1.8369239e-09      -23.025851       -23.025851      -12722.912                                                  -12722.912
              3      -6384.6704      0.30055612   2.2612559e-09      -23.025851       -23.025851      -12723.289                                                  -12723.289
              3      -6384.6311      0.31464279   2.1515407e-09      -23.025851       -23.025851      -12723.211                                                  -12723.211
              1      -6384.6777      0.31576176   2.1329506e-09      -23.025851       -23.025851      -12723.304                                                  -12723.304
              6      -6383.1958      0.31469399   1.9803879e-09      -23.025851       -23.025851       -12720.34                                                   -12720.34
              4       -6384.484      0.32899997   1.9132133e-09      -23.025851       -23.025851      -12722.916                                                  -12722.916
              1      -6384.1665      0.33653475   1.8273828e-09      -23.025851       -23.025851      -12722.281                                                  -12722.281
              2      -6384.1617      0.34570506   1.8440463e-09      -23.025851       -23.025851      -12722.272                                                  -12722.272
              1      -6384.1079      0.31226707   2.2205078e-09      -23.025851       -23.025851      -12722.164                                                  -12722.164
              2      -6383.8005      0.32359979   2.1068646e-09      -23.025851       -23.025851      -12721.549                                                  -12721.549
              5      -6384.7426      0.32669405   1.9797422e-09      -23.025851       -23.025851      -12723.433                                                  -12723.433
              4      -6384.4792      0.30629861   2.1494772e-09      -23.025851       -23.025851      -12722.907                                                  -12722.907
              3      -6384.6858      0.31962526   2.0212664e-09      -23.025851       -23.025851       -12723.32                                                   -12723.32
              1      -6383.9055      0.29665874   2.2346737e-09      -23.025851       -23.025851      -12721.759                                                  -12721.759
              5      -6383.2143      0.30440884    2.097408e-09      -23.025851       -23.025851      -12720.377                                                  -12720.377
              2      -6384.1252      0.31314981   2.0419555e-09      -23.025851       -23.025851      -12722.199                                                  -12722.199
              4      -6384.6233       0.3071411   2.2367025e-09      -23.025851       -23.025851      -12723.195                                                  -12723.195
              1        -6384.38      0.31373794    2.185127e-09      -23.025851       -23.025851      -12722.708                                                  -12722.708
              1       -6383.559      0.28405909   2.6006186e-09      -23.025851       -23.025851      -12721.066                                                  -12721.066
              2       -6383.779       0.2913119   2.4948225e-09      -23.025851       -23.025851      -12721.506                                                  -12721.506
              2      -6383.9368      0.29392159    2.451804e-09      -23.025851       -23.025851      -12721.822                                                  -12721.822
              1      -6384.3258      0.28695488   2.4685146e-09      -23.025851       -23.025851        -12722.6                                                    -12722.6
              1      -6384.3994      0.28929178   2.4409834e-09      -23.025851       -23.025851      -12722.747                                                  -12722.747
              6      -6384.2417      0.28751879   2.4921568e-09      -23.025851       -23.025851      -12722.432                                                  -12722.432
              1      -6384.5192      0.30052167   2.3224267e-09      -23.025851       -23.025851      -12722.987                                                  -12722.987
              1      -6384.4202      0.30297859   2.3059159e-09      -23.025851       -23.025851      -12722.789                                                  -12722.789
              1      -6383.7989       0.3051276   2.3229652e-09      -23.025851       -23.025851      -12721.546                                                  -12721.546
              1      -6383.9847      0.28187588   2.5819996e-09      -23.025851       -23.025851      -12721.918                                                  -12721.918
              4      -6383.9937      0.28245041   2.5756975e-09      -23.025851       -23.025851      -12721.936                                                  -12721.936
              2      -6383.7846      0.28625829   2.5564237e-09      -23.025851       -23.025851      -12721.517                                                  -12721.517
              1      -6383.9172      0.28311904   2.4588333e-09      -23.025851       -23.025851      -12721.783                                                  -12721.783
              2      -6384.8053      0.31567625   2.1053543e-09      -23.025851       -23.025851      -12723.559                                                  -12723.559
              1      -6384.5765      0.33624991   1.9004538e-09      -23.025851       -23.025851      -12723.101                                                  -12723.101
              2      -6384.4846      0.30549527   2.2709536e-09      -23.025851       -23.025851      -12722.918                                                  -12722.918
              3      -6384.4625      0.30495693   2.2792679e-09      -23.025851       -23.025851      -12722.873                                                  -12722.873
              1      -6384.6192      0.31099301   2.1942698e-09      -23.025851       -23.025851      -12723.187                                                  -12723.187
              1      -6383.8541      0.30463137   2.3259847e-09      -23.025851       -23.025851      -12721.656                                                  -12721.656
              1      -6384.2465      0.28785329   2.4885576e-09      -23.025851       -23.025851      -12722.441                                                  -12722.441
              1      -6384.0738      0.28151377   2.5235047e-09      -23.025851       -23.025851      -12722.096                                                  -12722.096
              4      -6384.7756      0.32180678   2.0205885e-09      -23.025851       -23.025851        -12723.5                                                    -12723.5
              5      -6384.1558      0.34538372   1.8481861e-09      -23.025851       -23.025851       -12722.26                                                   -12722.26
              1      -6384.7858      0.30965365   2.1766158e-09      -23.025851       -23.025851       -12723.52                                                   -12723.52
              1      -6383.9007      0.32534445   1.9064454e-09      -23.025851       -23.025851       -12721.75                                                   -12721.75
              2      -6384.3883      0.31405602   2.0500221e-09      -23.025851       -23.025851      -12722.725                                                  -12722.725
              5      -6384.0375      0.29235804    2.308475e-09      -23.025851       -23.025851      -12722.023                                                  -12722.023
              1      -6384.0102      0.29555953   2.2577712e-09      -23.025851       -23.025851      -12721.969                                                  -12721.969
              1      -6384.7428      0.31327788   2.0981115e-09      -23.025851       -23.025851      -12723.434                                                  -12723.434
              2      -6384.7083      0.30361805   2.2573241e-09      -23.025851       -23.025851      -12723.365                                                  -12723.365
              3      -6384.6415      0.29965956   2.2684429e-09      -23.025851       -23.025851      -12723.231                                                  -12723.231
              2      -6384.6575      0.32548604   2.0230603e-09      -23.025851       -23.025851      -12723.263                                                  -12723.263
              1      -6384.6563      0.32553242   2.0226934e-09      -23.025851       -23.025851      -12723.261                                                  -12723.261
              1      -6384.2681      0.31215693   2.2114806e-09      -23.025851       -23.025851      -12722.484                                                  -12722.484
              2      -6384.3601       0.3223869   2.0878536e-09      -23.025851       -23.025851      -12722.669                                                  -12722.669
              1       -6384.135      0.29580525   2.4141616e-09      -23.025851       -23.025851      -12722.218                                                  -12722.218
              4      -6383.7704      0.28089319   2.4868226e-09      -23.025851       -23.025851      -12721.489                                                  -12721.489
              2      -6384.7496       0.3156384   2.0730317e-09      -23.025851       -23.025851      -12723.447                                                  -12723.447
              1      -6383.6889       0.2947394   2.2485259e-09      -23.025851       -23.025851      -12721.326                                                  -12721.326
              1      -6384.1632      0.28971353   2.4813261e-09      -23.025851       -23.025851      -12722.275                                                  -12722.275
              1       -6384.148      0.28550033   2.5249941e-09      -23.025851       -23.025851      -12722.244                                                  -12722.244
              3      -6384.0129      0.28650674    2.532607e-09      -23.025851       -23.025851      -12721.974                                                  -12721.974
              5      -6383.0543      0.27579559    2.525902e-09      -23.025851       -23.025851      -12720.057                                                  -12720.057
              1      -6382.9725      0.27860242   2.4671794e-09      -23.025851       -23.025851      -12719.893                                                  -12719.893
              1      -6384.7539      0.32233385   2.0425729e-09      -23.025851       -23.025851      -12723.456                                                  -12723.456
              2      -6384.7598      0.31246453   2.1112678e-09      -23.025851       -23.025851      -12723.468                                                  -12723.468
              1      -6384.7641      0.31792352   2.0932674e-09      -23.025851       -23.025851      -12723.476                                                  -12723.476
              2      -6384.7615      0.31626761   2.1130095e-09      -23.025851       -23.025851      -12723.471                                                  -12723.471
              1      -6384.6074      0.29633854   2.3347564e-09      -23.025851       -23.025851      -12723.163                                                  -12723.163
              1      -6384.5484      0.29447114   2.3436696e-09      -23.025851       -23.025851      -12723.045                                                  -12723.045
              1        -6384.73      0.30331712   2.2352088e-09      -23.025851       -23.025851      -12723.408                                                  -12723.408
              1      -6384.5356      0.30126498   2.2240416e-09      -23.025851       -23.025851      -12723.019                                                  -12723.019
              5       -6384.686      0.31216097   2.1016419e-09      -23.025851       -23.025851       -12723.32                                                   -12723.32
              3      -6384.7947       0.3117927   2.1303345e-09      -23.025851       -23.025851      -12723.538                                                  -12723.538
              3       -6384.795      0.31172473   2.1313674e-09      -23.025851       -23.025851      -12723.538                                                  -12723.538
              4      -6384.3665      0.32418776   1.9458013e-09      -23.025851       -23.025851      -12722.681                                                  -12722.681
              2      -6384.4164      0.29310173   2.3383534e-09      -23.025851       -23.025851      -12722.781                                                  -12722.781
              1      -6384.4437      0.29712686    2.274698e-09      -23.025851       -23.025851      -12722.836                                                  -12722.836
              3      -6384.0469      0.34930112   1.8143042e-09      -23.025851       -23.025851      -12722.042                                                  -12722.042
              2      -6384.0043      0.32775697   2.0501887e-09      -23.025851       -23.025851      -12721.957                                                  -12721.957
              3      -6384.7885      0.32167312   2.0310183e-09      -23.025851       -23.025851      -12723.525                                                  -12723.525
              1      -6384.0153      0.32253345   1.9390186e-09      -23.025851       -23.025851      -12721.979                                                  -12721.979
              5       -6383.523      0.32546489   1.8875707e-09      -23.025851       -23.025851      -12720.994                                                  -12720.994
              3      -6384.3828      0.31609448   2.0275579e-09      -23.025851       -23.025851      -12722.714                                                  -12722.714
              1      -6384.7652      0.32259806   2.0104793e-09      -23.025851       -23.025851      -12723.479                                                  -12723.479
              4      -6384.7952      0.31922066   2.0504083e-09      -23.025851       -23.025851      -12723.539                                                  -12723.539
              2      -6384.5474      0.32740242   1.9331547e-09      -23.025851       -23.025851      -12723.043                                                  -12723.043
              2      -6384.2019      0.33587789   1.8349066e-09      -23.025851       -23.025851      -12722.352                                                  -12722.352
              1      -6383.3488      0.36390937   1.7112008e-09      -23.025851       -23.025851      -12720.646                                                  -12720.646
              5       -6383.332      0.34207317   1.7420145e-09      -23.025851       -23.025851      -12720.612                                                  -12720.612
             10      -6384.7193      0.32298464   2.0425117e-09      -23.025851       -23.025851      -12723.387                                                  -12723.387
              3      -6384.3612      0.29937803   2.3527099e-09      -23.025851       -23.025851      -12722.671                                                  -12722.671
              1      -6384.3948      0.28883664    2.432594e-09      -23.025851       -23.025851      -12722.738                                                  -12722.738
              7      -6384.4028      0.32397563   1.9505818e-09      -23.025851       -23.025851      -12722.754                                                  -12722.754
              5      -6384.7479       0.3178905   2.0490883e-09      -23.025851       -23.025851      -12723.444                                                  -12723.444
              1      -6384.7846      0.31764202   2.0909954e-09      -23.025851       -23.025851      -12723.518                                                  -12723.518
              1      -6384.7064      0.30907204   2.1426351e-09      -23.025851       -23.025851      -12723.361                                                  -12723.361
              2      -6383.7004      0.33512543   1.8121127e-09      -23.025851       -23.025851      -12721.349                                                  -12721.349
              3      -6382.9321      0.33569153   2.0102926e-09      -23.025851       -23.025851      -12719.812                                                  -12719.812
              3      -6382.2113      0.34960808   1.8922672e-09      -23.025851       -23.025851      -12718.371                                                  -12718.371
              1      -6384.4348        0.328586   2.0119855e-09      -23.025851       -23.025851      -12722.818                                                  -12722.818
              2      -6381.0958      0.35083503    1.909565e-09      -23.025851       -23.025851       -12716.14                                                   -12716.14
              5      -6381.5118      0.35015044   1.9060098e-09      -23.025851       -23.025851      -12716.972                                                  -12716.972
              8      -6384.5533      0.33349238   1.9421379e-09      -23.025851       -23.025851      -12723.055                                                  -12723.055
              1      -6384.4086      0.32957624   2.0030823e-09      -23.025851       -23.025851      -12722.765                                                  -12722.765
              1      -6384.4967      0.33274136   1.9584373e-09      -23.025851       -23.025851      -12722.942                                                  -12722.942
              1      -6383.6638      0.35489656   1.7829094e-09      -23.025851       -23.025851      -12721.276                                                  -12721.276
              6      -6383.9117      0.35941226   1.7085248e-09      -23.025851       -23.025851      -12721.772                                                  -12721.772
              4        -6383.71       0.3636629   1.6371694e-09      -23.025851       -23.025851      -12721.368                                                  -12721.368
              1      -6383.7565      0.33288229   2.0069464e-09      -23.025851       -23.025851      -12721.461                                                  -12721.461
              6      -6384.7791      0.31686093   2.0669844e-09      -23.025851       -23.025851      -12723.507                                                  -12723.507
              3      -6384.7775      0.32316569   2.0180742e-09      -23.025851       -23.025851      -12723.503                                                  -12723.503
              5      -6384.7784      0.32145188   2.0244388e-09      -23.025851       -23.025851      -12723.505                                                  -12723.505
              2      -6384.5185      0.32813489   1.9239195e-09      -23.025851       -23.025851      -12722.985                                                  -12722.985
              4      -6384.6381      0.33053454   1.9214062e-09      -23.025851       -23.025851      -12723.225                                                  -12723.225
              1      -6384.0501      0.34755892   1.7434742e-09      -23.025851       -23.025851      -12722.048                                                  -12722.048
              2      -6384.8092      0.31517171   2.0980053e-09      -23.025851       -23.025851      -12723.567                                                  -12723.567
              2      -6384.7044      0.32968387   1.9500436e-09      -23.025851       -23.025851      -12723.357                                                  -12723.357
              3      -6384.6955      0.33028573   1.9437592e-09      -23.025851       -23.025851      -12723.339                                                  -12723.339
              1      -6384.6961      0.33026897   1.9457137e-09      -23.025851       -23.025851       -12723.34                                                   -12723.34
              4      -6384.5792      0.29670734    2.348444e-09      -23.025851       -23.025851      -12723.107                                                  -12723.107
              1      -6384.1875       0.2947394   2.2844336e-09      -23.025851       -23.025851      -12722.323                                                  -12722.323
              3      -6383.8597      0.34282834   1.7618951e-09      -23.025851       -23.025851      -12721.668                                                  -12721.668
              2       -6384.757      0.31085591    2.173861e-09      -23.025851       -23.025851      -12723.462                                                  -12723.462
              1      -6384.5127      0.31583507   2.1500853e-09      -23.025851       -23.025851      -12722.974                                                  -12722.974
              1      -6384.3696      0.29918552   2.3540797e-09      -23.025851       -23.025851      -12722.688                                                  -12722.688
              1      -6384.7187      0.30219809   2.2572608e-09      -23.025851       -23.025851      -12723.386                                                  -12723.386
              1      -6384.6685      0.32648934   2.0092615e-09      -23.025851       -23.025851      -12723.285                                                  -12723.285
              3      -6384.5035      0.34019962   1.8598777e-09      -23.025851       -23.025851      -12722.955                                                  -12722.955
              1      -6384.1709      0.35178695   1.7386764e-09      -23.025851       -23.025851       -12722.29                                                   -12722.29
              1      -6384.4907      0.32916414   2.0002436e-09      -23.025851       -23.025851       -12722.93                                                   -12722.93
              2      -6384.7073       0.3219263   2.0027174e-09      -23.025851       -23.025851      -12723.363                                                  -12723.363
              2      -6384.7703      0.31129186   2.1282464e-09      -23.025851       -23.025851      -12723.489                                                  -12723.489
              1      -6383.6066      0.34420419   1.7387136e-09      -23.025851       -23.025851      -12721.162                                                  -12721.162
              1      -6381.2052      0.36012833   1.8200703e-09      -23.025851       -23.025851      -12716.359                                                  -12716.359
              1      -6381.1556      0.29568254   2.5448168e-09      -23.025851       -23.025851      -12716.259                                                  -12716.259
              4       -6381.061       0.3307899   2.1156455e-09      -23.025851       -23.025851       -12716.07                                                   -12716.07
              2      -6382.4648      0.32842108    2.103696e-09      -23.025851       -23.025851      -12718.878                                                  -12718.878
              1      -6382.3455      0.32785576   2.1135606e-09      -23.025851       -23.025851      -12718.639                                                  -12718.639
              1      -6383.8621      0.30354551   2.3387364e-09      -23.025851       -23.025851      -12721.673                                                  -12721.673
              4      -6384.0503      0.32772659   2.0479639e-09      -23.025851       -23.025851      -12722.049                                                  -12722.049
              2      -6384.5612      0.33501525   1.8787229e-09      -23.025851       -23.025851      -12723.071                                                  -12723.071
              2       -6384.805      0.31861421   2.0657434e-09      -23.025851       -23.025851      -12723.558                                                  -12723.558
              2      -6384.5117      0.29422273   2.3367957e-09      -23.025851       -23.025851      -12722.972                                                  -12722.972
              2      -6384.7903      0.32121942   2.0413137e-09      -23.025851       -23.025851      -12723.529                                                  -12723.529
              1      -6383.3953      0.32203737   2.1423295e-09      -23.025851       -23.025851      -12720.739                                                  -12720.739
              1      -6384.0267      0.29506324   2.4314407e-09      -23.025851       -23.025851      -12722.002                                                  -12722.002
              5       -6382.248      0.31507428   2.2633882e-09      -23.025851       -23.025851      -12718.444                                                  -12718.444
              6      -6382.4395      0.29664785   2.4896684e-09      -23.025851       -23.025851      -12718.827                                                  -12718.827
