#        weight    minuslogpost         Omega_m   minuslogprior minuslogprior__0            chi2 chi2__functions_and_classes.SO_x_DESI_Likelihood_w_emulator
              3       28168.213      0.31594896      -3.2807608       -3.2807608       56342.988                                                   56342.988
              3       28169.093      0.31585443      -3.2807195       -3.2807195       56344.747                                                   56344.747
              2       28151.548      0.31770295       -3.274322        -3.274322       56309.645                                                   56309.645
              2        28099.05      0.32327648      -3.1631063       -3.1631063       56204.425                                                   56204.425
              2       28092.736      0.32395054      -3.1402974       -3.1402974       56191.752                                                   56191.752
              1       28082.003      0.32510472      -3.0965533       -3.0965533       56170.198                                                   56170.198
              1       28082.001      0.32510491      -3.0965458       -3.0965458       56170.195                                                   56170.195
              1       28058.289       0.3276673      -2.9782644       -2.9782644       56122.534                                                   56122.534
              1        28044.07      0.32921123      -2.8929073       -2.8929073       56093.925                                                   56093.925
              2       28027.967      0.33097403      -2.7824965       -2.7824965       56061.499                                                   56061.499
              3       28012.416      0.33268224      -2.6623285       -2.6623285       56030.156                                                   56030.156
              2       28004.315      0.33357869      -2.5940766       -2.5940766       56013.817                                                   56013.817
              1        27992.73      0.33486405      -2.4899832       -2.4899832       55990.441                                                   55990.441
              3       27971.243      0.33726156      -2.2762019       -2.2762019       55947.038                                                   55947.038
              2       27960.815      0.33843361       -2.162396        -2.162396       55925.955                                                   55925.955
              1       27958.634      0.33867877       -2.137819        -2.137819       55921.544                                                   55921.544
              3       27940.261        0.340757       -1.918746        -1.918746        55884.36                                                    55884.36
              2       27926.941      0.34227243      -1.7468981       -1.7468981       55857.375                                                   55857.375
              5       27917.942      0.34330413      -1.6240655       -1.6240655       55839.131                                                   55839.131
              1       27907.531      0.34450052      -1.4757008       -1.4757008       55818.014                                                   55818.014
              1       27906.315      0.34464194       -1.457743        -1.457743       55815.545                                                   55815.545
              1        27894.42      0.34601712      -1.2784834       -1.2784834       55791.396                                                   55791.396
              2       27892.035      0.34629367      -1.2414195       -1.2414195       55786.554                                                   55786.554
              5       27884.968      0.34711465      -1.1293849       -1.1293849       55772.194                                                   55772.194
              1       27881.888      0.34747226      -1.0796483       -1.0796483       55765.935                                                   55765.935
              3       27866.859      0.34923476     -0.82621273      -0.82621273       55735.371                                                   55735.371
              2       27857.809      0.35029952     -0.66641784      -0.66641784        55716.95                                                    55716.95
              2       27842.114      0.35215547     -0.37583822      -0.37583822        55684.98                                                    55684.98
              2       27823.679      0.35435883    -0.010988597     -0.010988597        55647.38                                                    55647.38
              1       27821.984      0.35456264     0.023849586      0.023849586        55643.92                                                    55643.92
              1       27820.503      0.35474082     0.054459058      0.054459058       55640.897                                                   55640.897
              3        27815.54      0.35534349      0.15903355       0.15903355       55630.761                                                   55630.761
              3       27809.196      0.35610526      0.29352729       0.29352729       55617.805                                                   55617.805
              4       27809.803      0.35603188       0.2804589        0.2804589       55619.045                                                   55619.045
              2       27807.981      0.35625318      0.31994177       0.31994177       55615.323                                                   55615.323
              3       27802.355      0.35693842      0.44357624       0.44357624       55603.823                                                   55603.823
              1       27793.201      0.35805231      0.64900449       0.64900449       55585.104                                                   55585.104
              2       27783.795      0.35920431      0.86726007       0.86726007       55565.856                                                   55565.856
              2       27776.747       0.3600711       1.0353701        1.0353701       55551.423                                                   55551.423
              2       27773.166      0.36051429       1.1226155        1.1226155       55544.088                                                   55544.088
              1       27762.816      0.36179449       1.3795339        1.3795339       55522.873                                                   55522.873
              1        27756.41      0.36259402        1.543683         1.543683       55509.732                                                   55509.732
              1       27743.701       0.3641885       1.8795265        1.8795265       55483.642                                                   55483.642
              2       27691.962      0.37080414       3.3936637        3.3936637       55377.137                                                   55377.137
              1       27673.455      0.37322774       3.9970417        3.9970417       55338.916                                                   55338.916
              1       27656.469      0.37547887       4.5808694        4.5808694       55303.775                                                   55303.775
              1       27646.038      0.37687788       4.9550462        4.9550462       55282.165                                                   55282.165
              1       27608.063      0.38206312       6.4177571        6.4177571        55203.29                                                    55203.29
              1       27583.285       0.3855308       7.4626385        7.4626385       55151.644                                                   55151.644
              5       27564.491       0.3882125       8.3073329        8.3073329       55112.368                                                   55112.368
              1       27493.227      0.39883841        11.96857         11.96857       54962.517                                                   54962.517
              7       27474.106      0.40182399       13.087583        13.087583       54922.036                                                   54922.036
              4       27450.575      0.40559958        14.55942         14.55942       54872.032                                                   54872.032
              6       27441.009      0.40715953       15.186031        15.186031       54851.645                                                   54851.645
              2       27428.436      0.40924109       16.039012        16.039012       54824.794                                                   54824.794
              2       27424.207      0.40995271       16.335038        16.335038       54815.744                                                   54815.744
              7       27392.187      0.41545608        18.70037         18.70037       54746.974                                                   54746.974
              2       27387.224      0.41633216       19.089329        19.089329       54736.269                                                   54736.269
              3       27362.813      0.42074165       21.098817        21.098817       54683.429                                                   54683.429
              2       27350.969      0.42294669       22.136111        22.136111       54657.667                                                   54657.667
              3       27342.615      0.42452413       22.891427        22.891427       54639.448                                                   54639.448
              1       27321.501       0.4286277       24.908118        24.908118       54593.185                                                   54593.185
              1       27320.598      0.42880838       24.998634        24.998634         54591.2                                                     54591.2
              2       27313.606      0.43020709       25.704252        25.704252       54575.803                                                   54575.803
              1       27303.858      0.43218979       26.719385        26.719385       54554.278                                                   54554.278
              2       27296.664      0.43368016       27.493943        27.493943       54538.341                                                   54538.341
              2        27291.71      0.43472117       28.040827        28.040827       54527.338                                                   54527.338
              4        27232.09      0.44828182       35.604743        35.604743        54392.97                                                    54392.97
              1        27211.29      0.45359767       38.792832        38.792832       54344.995                                                   54344.995
              1         27201.1      0.45635477       40.495817        40.495817       54321.209                                                   54321.209
              1       27186.783      0.46041381        43.06445         43.06445       54287.437                                                   54287.437
              1       27174.169      0.46421164       45.534102        45.534102       54257.271                                                   54257.271
              1       27174.824      0.46400027       45.394967        45.394967       54258.859                                                   54258.859
              1       27175.561      0.46377329       45.245776        45.245776       54260.631                                                   54260.631
              1        27174.57      0.46408246       45.449046        45.449046       54258.242                                                   54258.242
              4       27163.285      0.46767964       47.845265        47.845265       54230.879                                                   54230.879
              1       27153.433      0.47101756       50.120221        50.120221       54206.626                                                   54206.626
              1       27146.943      0.47333661       51.729918        51.729918       54190.427                                                   54190.427
              2       27145.207        0.473973       52.175829        52.175829       54186.062                                                   54186.062
              1       27133.757      0.47839594       55.324658        55.324658       54156.864                                                   54156.864
              1        27128.21      0.48069927       56.998902        56.998902       54142.421                                                   54142.421
              9       27123.356      0.48282226       58.562936        58.562936       54129.586                                                   54129.586
              1       27081.612      0.51139727       81.563884        81.563884       54000.096                                                   54000.096
              4       27077.772      0.52001902       89.216477        89.216477       53977.111                                                   53977.111
              3       27077.467      0.52531467       94.080639        94.080639       53966.772                                                   53966.772
              1       27077.986      0.51911597       88.399452        88.399452       53979.173                                                   53979.173
              1       27077.783      0.52764963       96.264934        96.264934       53963.035                                                   53963.035
              1        27079.19      0.51574887       85.385033        85.385033        53987.61                                                    53987.61
             10       27078.123      0.51859637       87.930987        87.930987       53980.385                                                   53980.385
              1       27077.419       0.5224569       91.440235        91.440235       53971.957                                                   53971.957
              1       27077.598      0.52114835       90.243337        90.243337       53974.709                                                   53974.709
              1       27077.518      0.52601577       94.733951        94.733951       53965.568                                                   53965.568
              3       27077.409      0.52496772        93.75814         93.75814       53967.302                                                   53967.302
              3       27079.995      0.53354429       101.88705        101.88705       53956.217                                                   53956.217
              6       27077.402      0.52516891       93.945081        93.945081       53966.913                                                   53966.913
              4       27077.463      0.52202969       91.048645        91.048645       53972.829                                                   53972.829
              1       27078.425      0.52996321       98.453137        98.453137       53959.944                                                   53959.944
              4         27077.4      0.52456033       93.380148        93.380148       53968.039                                                   53968.039
              1       27078.463      0.53008624       98.570165        98.570165       53959.786                                                   53959.786
              4       27078.505      0.51739306       86.850709        86.850709       53983.308                                                   53983.308
              8       27078.107      0.51864809       87.977564        87.977564       53980.259                                                   53980.259
              1        27082.16      0.51063146       80.900137        80.900137       54002.519                                                   54002.519
              3       27077.507      0.52159521        90.65121         90.65121       53973.712                                                   53973.712
              3       27077.953       0.5192316       88.503866        88.503866       53978.899                                                   53978.899
              1       27078.607       0.5304175         98.8856          98.8856       53959.444                                                   53959.444
              3       27079.221      0.53199032       100.38994        100.38994       53957.663                                                   53957.663
              5       27079.667      0.51469318       84.450298        84.450298       53990.434                                                   53990.434
              1       27078.565      0.51715608        86.63872         86.63872       53983.854                                                   53983.854
              2       27078.375      0.51777183       87.190062        87.190062        53982.37                                                    53982.37
              1       27077.372      0.52349902       92.398883        92.398883       53969.947                                                   53969.947
              1       27077.371      0.52378768        92.66528         92.66528       53969.411                                                   53969.411
              1       27077.407      0.52326297       92.181316        92.181316       53970.451                                                   53970.451
              1       27077.436      0.52526488       94.034324        94.034324       53966.803                                                   53966.803
              1       27078.328      0.52974381       98.244602        98.244602       53960.167                                                   53960.167
              6       27077.843       0.5197065       88.933319        88.933319       53977.819                                                   53977.819
              2       27077.386      0.52447883       93.304613        93.304613       53968.163                                                   53968.163
              2       27077.375      0.52343775       92.342387        92.342387       53970.065                                                   53970.065
              1       27077.528      0.52594441       94.667357        94.667357       53965.721                                                   53965.721
              1       27077.556      0.52639067       95.084194        95.084194       53964.943                                                   53964.943
              1       27077.909      0.52805816       96.649594        96.649594        53962.52                                                    53962.52
              3       27080.144      0.53375922       102.09496        102.09496       53956.098                                                   53956.098
              7       27077.719      0.52029337       89.465418        89.465418       53976.506                                                   53976.506
              2       27078.306      0.52951478       98.027148        98.027148       53960.558                                                   53960.558
              6       27078.804      0.53100573        99.44693         99.44693       53958.714                                                   53958.714
              4        27079.24      0.53196804       100.36855        100.36855       53957.744                                                   53957.744
              5       27078.716      0.51685406       86.368909        86.368909       53984.694                                                   53984.694
              3        27078.02      0.51896856       88.266424        88.266424       53979.507                                                   53979.507
             13       27077.637      0.52687888       95.541239        95.541239       53964.191                                                   53964.191
              1       27077.651      0.52063651       89.777237        89.777237       53975.748                                                   53975.748
              1       27078.277      0.51808259       87.468955        87.468955       53981.616                                                   53981.616
              8       27078.334      0.52969266        98.19602         98.19602       53960.276                                                   53960.276
              5       27077.393      0.52463913       93.453207        93.453207       53967.879                                                   53967.879
              7       27079.739       0.5330557       101.41518        101.41518       53956.647                                                   53956.647
              2       27080.081      0.53370231       102.03989        102.03989       53956.082                                                   53956.082
             15        27077.91      0.52805764       96.649105        96.649105       53962.522                                                   53962.522
              2       27077.704      0.52711605       95.763652        95.763652       53963.881                                                   53963.881
              6       27077.405      0.52416157       93.010875        93.010875       53968.789                                                   53968.789
              8       27077.501      0.52163035        90.68332         90.68332       53973.636                                                   53973.636
              1       27077.396      0.52284301       91.794859        91.794859       53971.201                                                   53971.201
              1       27078.716      0.51685614       86.370763        86.370763        53984.69                                                    53984.69
              1       27078.747      0.51674129       86.268264        86.268264       53984.958                                                   53984.958
              2       27077.446      0.52539667       94.156937        94.156937       53966.577                                                   53966.577
              3       27077.743      0.52020811       89.388012        89.388012        53976.71                                                    53976.71
              4       27078.148      0.52909826       97.632273        97.632273       53961.032                                                   53961.032
              1       27077.986      0.51911435       88.397991        88.397991       53979.177                                                   53979.177
              6       27081.183      0.51205708       82.137852        82.137852       53998.091                                                   53998.091
              6        27078.02      0.51896961       88.267375        88.267375       53979.505                                                   53979.505
              1       27078.416       0.5299411       98.432112        98.432112       53959.968                                                   53959.968
              2       27077.561      0.52641381       95.105839        95.105839        53964.91                                                    53964.91
              2        27078.61      0.51710692       86.594776        86.594776        53984.03                                                    53984.03
              9       27077.453      0.52547048       94.225638        94.225638       53966.455                                                   53966.455
              5       27077.445      0.52194581       90.971847        90.971847       53972.946                                                   53972.946
             28       27077.392      0.52458731       93.405155        93.405155       53967.973                                                   53967.973
              4       27077.686       0.5271701       95.814372        95.814372       53963.743                                                   53963.743
              1       27078.352      0.52979464       98.292892        98.292892       53960.118                                                   53960.118
              6       27077.405      0.52412996       92.981632        92.981632       53968.847                                                   53968.847
              1       27078.609      0.51711024       86.597738        86.597738       53984.022                                                   53984.022
              1       27078.237      0.52938738       97.906285        97.906285       53960.661                                                   53960.661
              1       27077.376      0.52340806       92.315023        92.315023       53970.121                                                   53970.121
             13       27077.392      0.52462771       93.442615        93.442615       53967.898                                                   53967.898
              5       27077.377       0.5235388        92.43557         92.43557       53969.884                                                   53969.884
              2       27077.566      0.52122114       90.309718        90.309718       53974.512                                                   53974.512
              1       27077.533      0.52620077       94.906711        94.906711       53965.252                                                   53965.252
              5        27077.42      0.52260051       91.572057        91.572057       53971.696                                                   53971.696
              3        27077.67      0.52706011       95.711166        95.711166       53963.917                                                   53963.917
              9       27077.844      0.51970223       88.929452        88.929452       53977.829                                                   53977.829
              2       27077.384      0.52424144       93.084786        93.084786       53968.598                                                   53968.598
              3       27077.373      0.52335847       92.269307        92.269307       53970.207                                                   53970.207
              9       27077.552      0.52145255         90.5209          90.5209       53974.062                                                   53974.062
             17       27077.496       0.5256575       94.399828        94.399828       53966.193                                                   53966.193
              1        27077.37      0.52377759       92.655961        92.655961       53969.429                                                   53969.429
              2       27077.739      0.52018233       89.364621        89.364621       53976.748                                                   53976.748
              6       27077.887      0.51951244       88.757704        88.757704       53978.259                                                   53978.259
              1        27077.71      0.52032734       89.496256        89.496256       53976.427                                                   53976.427
             12       27078.112      0.52898092       97.521171        97.521171       53961.181                                                   53961.181
             11       27077.881      0.51967113       88.901301        88.901301        53977.96                                                    53977.96
              8       27077.473      0.52191758        90.94601         90.94601       53973.055                                                   53973.055
              6       27079.246      0.53204473       100.44217        100.44217       53957.607                                                   53957.607
             12       27077.888      0.51950701       88.752798        88.752798       53978.271                                                   53978.271
             28       27077.693      0.52056825       89.715169        89.715169       53975.955                                                   53975.955
              9       27078.796       0.5166239       86.163562        86.163562       53985.265                                                   53985.265
              1       27078.937      0.51627054       85.848768        85.848768       53986.176                                                   53986.176
              1       27078.841      0.51651023       86.062237        86.062237       53985.558                                                   53985.558
              4       27077.423      0.52475258       93.558437        93.558437       53967.729                                                   53967.729
              7       27077.492      0.52171062       90.756698        90.756698       53973.471                                                   53973.471
              9       27077.373       0.5234756       92.377285        92.377285       53969.991                                                   53969.991
              5       27077.398      0.52279556        91.75124         91.75124       53971.294                                                   53971.294
              1       27078.086      0.51877035       88.087711        88.087711       53979.997                                                   53979.997
             11       27077.645      0.52067227       89.809759        89.809759       53975.671                                                   53975.671
              4       27078.338      0.52977245       98.271811        98.271811       53960.133                                                   53960.133
              1       27077.909      0.52830385        96.88129         96.88129       53962.055                                                   53962.055
              3       27077.811      0.52779303        96.39987         96.39987       53962.822                                                   53962.822
              5       27078.846      0.53103872       99.478463        99.478463       53958.734                                                   53958.734
              7       27077.504      0.52161736       90.671457        90.671457       53973.665                                                   53973.665
             17       27077.407      0.52490142       93.696577        93.696577        53967.42                                                    53967.42
              3       27077.585      0.52671767       95.390208        95.390208       53964.389                                                   53964.389
             16       27077.798      0.51990498       89.113101        89.113101        53977.37                                                    53977.37
              4       27077.484      0.52178846       90.827879        90.827879       53973.313                                                   53973.313
              5       27077.645       0.5207396       89.871018        89.871018       53975.548                                                   53975.548
              3        27078.52      0.53015884       98.639252        98.639252       53959.761                                                   53959.761
              8        27078.51      0.53022365       98.700953        98.700953       53959.618                                                   53959.618
              8       27078.759      0.53088563       99.332196        99.332196       53958.853                                                   53958.853
              4       27077.764       0.5200489       89.243576        89.243576       53977.041                                                   53977.041
              9       27077.718      0.52028958       89.461976        89.461976       53976.511                                                   53976.511
              4       27077.887      0.51951261       88.757858        88.757858       53978.259                                                   53978.259
             15       27078.266      0.51812078       87.503257        87.503257       53981.526                                                   53981.526
              5       27077.654      0.52692263       95.582244        95.582244       53964.144                                                   53964.144
              2       27079.829      0.53315696       101.51289        101.51289       53956.633                                                   53956.633
              2       27079.981      0.53350872       101.85266        101.85266       53956.256                                                   53956.256
              1       27080.118      0.51382131       83.682061        83.682061       53992.873                                                   53992.873
              1       27077.891      0.52811147       96.699848        96.699848       53962.381                                                   53962.381
              4       27077.997      0.52856189       97.124918        97.124918       53961.744                                                   53961.744
             12       27077.406      0.52489804       93.693436        93.693436       53967.425                                                   53967.425
              3       27079.587      0.53275429       101.12461        101.12461       53956.925                                                   53956.925
              1       27077.563      0.52621508        94.92008         94.92008       53965.285                                                   53965.285
              9       27080.466      0.53437037       102.68727        102.68727       53955.557                                                   53955.557
              1       27080.554      0.53452799       102.84031        102.84031       53955.427                                                   53955.427
              2       27080.937       0.5351499       103.44519        103.44519       53954.984                                                   53954.984
              2       27078.325      0.51793059       87.332488        87.332488       53981.986                                                   53981.986
             11       27078.416      0.52993897        98.43008         98.43008       53959.972                                                   53959.972
              1       27077.656      0.52060127        89.74519         89.74519       53975.823                                                   53975.823
              4       27077.437      0.52530601        94.07258         94.07258       53966.729                                                   53966.729
              5       27078.304      0.52960889       98.116471        98.116471       53960.374                                                   53960.374
              4       27077.536      0.52138441        90.45869         90.45869       53974.154                                                   53974.154
              2       27078.902      0.53128372       99.712743        99.712743       53958.378                                                   53958.378
              1       27077.599      0.52679619       95.463753        95.463753        53964.27                                                    53964.27
              7       27077.403       0.5248355       93.635381        93.635381       53967.535                                                   53967.535
              1       27077.385       0.5231562       92.082995        92.082995       53970.604                                                   53970.604
              1       27077.585      0.52103078       90.136172        90.136172       53974.898                                                   53974.898
              1       27077.398      0.52386057       92.732606        92.732606       53969.332                                                   53969.332
              1       27078.245      0.52941471       97.932205        97.932205       53960.625                                                   53960.625
              1       27077.548      0.52633198       95.029327        95.029327       53965.038                                                   53965.038
              3       27077.408      0.52493434       93.727143        93.727143       53967.362                                                   53967.362
              7       27077.973      0.51915754       88.436984        88.436984       53979.072                                                   53979.072
              1        27078.24      0.52939775       97.916123        97.916123       53960.648                                                   53960.648
              6       27078.029      0.51894748       88.247407        88.247407       53979.563                                                   53979.563
             27       27077.495      0.52562938       94.373629        94.373629       53966.243                                                   53966.243
              4       27077.695      0.52722598       95.866818        95.866818       53963.657                                                   53963.657
              3       27077.892      0.52824649       96.827177        96.827177       53962.129                                                   53962.129
              6       27077.387      0.52450289       93.326912        93.326912       53968.121                                                   53968.121
              3       27077.853       0.5279291       96.527997        96.527997        53962.65                                                    53962.65
             13       27078.268      0.51811496       87.498028        87.498028        53981.54                                                    53981.54
              4        27077.48      0.52180824       90.845966        90.845966       53973.268                                                   53973.268
             21       27077.409      0.52494337       93.735529        93.735529       53967.346                                                   53967.346
              1       27077.746      0.52014415       89.329974        89.329974       53976.831                                                   53976.831
             11       27077.407      0.52491633       93.710422        93.710422       53967.393                                                   53967.393
              8       27077.964      0.51918581       88.462511        88.462511       53979.002                                                   53979.002
              3       27077.398      0.52385298       92.725588        92.725588       53969.345                                                   53969.345
             13       27077.826      0.52785354       96.456839        96.456839       53962.738                                                   53962.738
              5       27077.425      0.52474856         93.5547          93.5547        53967.74                                                    53967.74
              2       27077.885      0.52808652       96.676325        96.676325       53962.417                                                   53962.417
              6       27077.961      0.51924181       88.513085        88.513085       53978.896                                                   53978.896
              1       27077.892       0.5194874       88.735058        88.735058       53978.313                                                   53978.313
             12       27077.438      0.52221974       91.222745        91.222745        53972.43                                                    53972.43
              4       27077.985       0.5283568       96.931254        96.931254       53962.107                                                   53962.107
             16       27077.743      0.52015737       89.341968        89.341968       53976.802                                                   53976.802
              3       27078.817      0.51664033       86.178212        86.178212       53985.279                                                   53985.279
              2       27078.527      0.53026239       98.737833        98.737833       53959.579                                                   53959.579
              1       27077.551       0.5214431       90.512269        90.512269       53974.078                                                   53974.078
              5       27077.446      0.52193497        90.96193         90.96193       53972.968                                                   53972.968
              1       27077.579       0.5266712       95.346684        95.346684       53964.464                                                   53964.464
              4       27079.904      0.51427433       84.080809        84.080809       53991.646                                                   53991.646
              2         27079.6      0.51481524       84.558124        84.558124       53990.084                                                   53990.084
             10       27077.465      0.52201437       91.034612        91.034612        53972.86                                                    53972.86
              9       27078.152       0.5291103       97.643677        97.643677       53961.018                                                   53961.018
              1       27078.296      0.52957741        98.08659         98.08659       53960.418                                                   53960.418
              6       27077.714       0.5273103       95.945996        95.945996       53963.537                                                   53963.537
              3       27077.827      0.52772249       96.333484        96.333484       53962.986                                                   53962.986
             38       27077.796      0.51991155       89.119052        89.119052       53977.355                                                   53977.355
              2       27079.353      0.51533037        85.01389         85.01389       53988.677                                                   53988.677
              4       27077.393      0.52290082        91.84801         91.84801        53971.09                                                    53971.09
              2       27077.468      0.52534774       94.111403        94.111403       53966.713                                                   53966.713
              2       27077.345      0.52364041       92.529326        92.529326       53969.632                                                   53969.632
              2       27078.304      0.52950979       98.022415        98.022415       53960.563                                                   53960.563
             16       27078.371      0.52988044       98.374439        98.374439       53959.992                                                   53959.992
             15       27077.994       0.5285427       97.106789        97.106789       53961.774                                                   53961.774
              5       27077.908      0.52830186       96.879414        96.879414       53962.057                                                   53962.057
              5       27077.452      0.52545756       94.213607        94.213607       53966.476                                                   53966.476
             15       27077.404      0.52484845       93.647404        93.647404       53967.513                                                   53967.513
              7        27077.38       0.5243245       93.161673        93.161673       53968.437                                                   53968.437
             11       27077.415      0.52249868       91.478577        91.478577       53971.873                                                   53971.873
              5       27077.653      0.52069776       89.832954        89.832954        53975.64                                                    53975.64
              4        27077.37      0.52388172       92.752147        92.752147       53969.235                                                   53969.235
              4       27078.167      0.52916253       97.693157        97.693157       53960.948                                                   53960.948
              5       27078.314      0.51795872       87.357733        87.357733       53981.913                                                   53981.913
              1       27077.779      0.52745766       96.084442        96.084442       53963.389                                                   53963.389
              1       27078.567       0.5171513       86.634449        86.634449       53983.866                                                   53983.866
              4       27078.372      0.51781259       87.226617        87.226617       53982.291                                                   53982.291
             10        27078.11      0.52897527       97.515825        97.515825       53961.188                                                   53961.188
              2       27077.464       0.5220203       91.040041        91.040041       53972.848                                                   53972.848
              4       27078.145      0.52908676       97.621382        97.621382       53961.047                                                   53961.047
             10       27077.546      0.52131242       90.392989        90.392989       53974.305                                                   53974.305
              9       27077.509      0.52164992       90.701213        90.701213       53973.616                                                   53973.616
              4       27078.035      0.51892056       88.223134        88.223134       53979.624                                                   53979.624
             14       27077.478      0.52182204       90.858589        90.858589       53973.239                                                   53973.239
              9       27077.412      0.52258432        91.55719         91.55719       53971.709                                                   53971.709
              4       27079.385      0.53234308       100.72885        100.72885       53957.313                                                   53957.313
              2       27077.602      0.52117274       90.265571        90.265571       53974.673                                                   53974.673
              2        27077.84      0.51976631       88.987476        88.987476       53977.706                                                   53977.706
              2       27078.223      0.51825377       87.622765        87.622765       53981.201                                                   53981.201
              2       27078.565      0.53034108       98.812784        98.812784       53959.504                                                   53959.504
              3       27080.321      0.51345793       83.362869        83.362869       53993.916                                                   53993.916
              2       27078.122      0.52901264       97.551197        97.551197       53961.141                                                   53961.141
             14       27077.369       0.5237328       92.614606        92.614606       53969.509                                                   53969.509
              1       27077.522      0.52613342       94.843799        94.843799       53965.356                                                   53965.356
              1       27077.546      0.52130982       90.390621        90.390621       53974.312                                                   53974.312
              6        27077.48      0.52180724       90.845056        90.845056       53973.269                                                   53973.269
              1       27077.651      0.52070719       89.841535        89.841535        53975.62                                                    53975.62
              9       27077.902      0.51943594       88.688524        88.688524       53978.427                                                   53978.427
             14       27078.504      0.53010944       98.592234        98.592234       53959.824                                                   53959.824
              5       27079.696      0.53296968       101.33222        101.33222       53956.728                                                   53956.728
              3       27081.593      0.51142427       81.587332        81.587332       54000.012                                                   54000.012
              3       27078.435      0.51759854       87.034725        87.034725       53982.801                                                   53982.801
              5       27078.092      0.51870576       88.029509        88.029509       53980.126                                                   53980.126
              2       27078.096      0.52888519        97.43058         97.43058       53961.332                                                   53961.332
              1       27077.369      0.52393693       92.803161        92.803161       53969.132                                                   53969.132
              3       27077.397      0.52309108       92.023043        92.023043       53970.747                                                   53970.747
              4       27077.412      0.52257356       91.547309        91.547309        53971.73                                                    53971.73
              9        27077.37      0.52375815       92.638013        92.638013       53969.465                                                   53969.465
              8       27077.369      0.52367104       92.557586        92.557586       53969.623                                                   53969.623
              4       27077.566      0.52121784       90.306708        90.306708       53974.519                                                   53974.519
              1       27078.765       0.5308995       99.345441        99.345441       53958.839                                                   53958.839
              1       27077.584      0.52103884        90.14351         90.14351       53974.881                                                   53974.881
              3        27078.62      0.51708183       86.572351        86.572351       53984.096                                                   53984.096
              2       27077.843      0.52794172       96.539884        96.539884       53962.607                                                   53962.607
              2       27077.447      0.52543206       94.189876        94.189876       53966.515                                                   53966.515
              8       27077.438      0.52221894       91.222012        91.222012       53972.432                                                   53972.432
              1       27077.749      0.52026996       89.444157        89.444157       53976.609                                                   53976.609
              2        27077.46       0.5223354       91.328781        91.328781       53972.263                                                   53972.263
              8       27077.383      0.52424009        93.08353         93.08353         53968.6                                                     53968.6
              3       27077.394      0.52469885       93.508593        93.508593        53967.77                                                    53967.77
              1       27077.395      0.52284839       91.799804        91.799804       53971.191                                                   53971.191
             11       27077.445      0.52539582       94.156142        94.156142       53966.577                                                   53966.577
              2       27077.655      0.52067642       89.813534        89.813534       53975.684                                                   53975.684
              9        27077.66      0.52045224       89.609718        89.609718       53976.101                                                   53976.101
              1       27079.095      0.53171161       100.12257        100.12257       53957.944                                                   53957.944
              2       27079.434      0.53243867       100.82079        100.82079       53957.226                                                   53957.226
              2        27077.37      0.52387153       92.742729        92.742729       53969.254                                                   53969.254
             14       27077.451      0.52501055        93.79792         93.79792       53967.306                                                   53967.306
              3       27078.489      0.51744496       86.897173        86.897173       53983.184                                                   53983.184
              1       27078.565      0.51715865       86.641021        86.641021       53983.847                                                   53983.847
              5       27078.021      0.51907386       88.361442        88.361442        53979.32                                                    53979.32
              5       27077.368       0.5239262       92.793246        92.793246        53969.15                                                    53969.15
              2       27077.512      0.52597054       94.691739        94.691739       53965.641                                                   53965.641
             11       27077.588      0.52100668       90.114209        90.114209       53974.948                                                   53974.948
              2       27077.374      0.52334119       92.253384        92.253384       53970.242                                                   53970.242
              2       27078.019      0.51907979       88.366789        88.366789       53979.305                                                   53979.305
              1        27077.46      0.52212728       91.138024        91.138024       53972.643                                                   53972.643
              2        27078.05      0.51880619       88.120009        88.120009        53979.86                                                    53979.86
              9       27077.995      0.52855472       97.118141        97.118141       53961.754                                                   53961.754
              2       27077.717      0.52029025       89.462577        89.462577       53976.509                                                   53976.509
              1       27078.149      0.51850955       87.852825        87.852825       53980.592                                                   53980.592
              3       27077.391      0.52460006       93.416979        93.416979       53967.948                                                   53967.948
             13       27077.595      0.52098092       90.090736        90.090736       53975.008                                                   53975.008
              2       27077.372      0.52349337       92.393679        92.393679       53969.957                                                   53969.957
              6       27077.634      0.52074551       89.876393        89.876393       53975.514                                                   53975.514
              1       27077.654      0.52068225       89.818838        89.818838        53975.67                                                    53975.67
              1       27077.552      0.52144621       90.515114        90.515114       53974.074                                                   53974.074
              1       27079.311       0.5154799        85.14641         85.14641        53988.33                                                    53988.33
              6       27077.692      0.52057672       89.722864        89.722864       53975.938                                                   53975.938
              6       27077.568      0.52625475       94.957141        94.957141       53965.222                                                   53965.222
              1       27078.933      0.53131661       99.744217        99.744217       53958.378                                                   53958.378
              2       27077.422      0.52293849       91.882649        91.882649        53971.08                                                    53971.08
              2       27078.562      0.53033622       98.808157        98.808157       53959.508                                                   53959.508
              1       27077.826      0.52773372       96.344056        96.344056       53962.964                                                   53962.964
              1       27077.513      0.52604839         94.7644          94.7644       53965.496                                                   53965.496
              4        27077.47      0.52536393       94.126465        94.126465       53966.686                                                   53966.686
              2       27077.846      0.52795051       96.548164        96.548164       53962.596                                                   53962.596
              5        27077.37      0.52380234       92.678818        92.678818       53969.383                                                   53969.383
              1       27077.405      0.52412794        92.97977         92.97977       53968.851                                                   53968.851
              3       27077.369      0.52391714       92.784871        92.784871       53969.168                                                   53969.168
              5        27077.67      0.52706549       95.716211        95.716211       53963.908                                                   53963.908
              1       27077.604      0.52115447       90.248917        90.248917        53974.71                                                    53974.71
              2       27077.908      0.52830144       96.879014        96.879014       53962.058                                                   53962.058
              2       27079.168      0.51579142       85.422813        85.422813       53987.491                                                   53987.491
              1       27079.314      0.51543561       85.107146        85.107146       53988.415                                                   53988.415
              3       27077.478      0.52575669       94.492275        94.492275       53965.972                                                   53965.972
              1       27077.376      0.52350811       92.407267        92.407267       53969.938                                                   53969.938
              4       27077.404      0.52518639       93.961339        93.961339       53966.886                                                   53966.886
              2       27078.118      0.52900242       97.541524        97.541524       53961.153                                                   53961.153
              6        27077.37      0.52389022       92.759996        92.759996        53969.22                                                    53969.22
              1       27077.491       0.5258447       94.574344        94.574344       53965.834                                                   53965.834
             12       27077.459      0.52206321       91.079332        91.079332        53972.76                                                    53972.76
              8       27080.093      0.51386653       83.721821        83.721821       53992.742                                                   53992.742
              3       27079.602       0.5148116       84.554903        84.554903       53990.095                                                   53990.095
              1       27078.271      0.51810642       87.490359        87.490359       53981.561                                                   53981.561
              1       27077.476      0.52574171       94.478312        94.478312       53965.996                                                   53965.996
              2       27078.615      0.51709384        86.58308         86.58308       53984.063                                                   53984.063
              1       27079.043      0.51601917       85.625162        85.625162       53986.835                                                   53986.835
              1       27078.433      0.51760545        87.04092         87.04092       53982.784                                                   53982.784
              2       27077.344      0.52365825       92.545789        92.545789       53969.596                                                   53969.596
              1       27077.393      0.52464091       93.454853        93.454853       53967.876                                                   53967.876
              8       27077.657      0.52699997        95.65476         95.65476       53964.004                                                   53964.004
              2        27077.99      0.52853231       97.096969        97.096969       53961.786                                                   53961.786
              2       27077.655      0.52068161       89.818256        89.818256       53975.673                                                   53975.673
              1       27077.381      0.52435008       93.185361        93.185361       53968.391                                                   53968.391
              1       27079.465      0.51509453       84.805084        84.805084       53989.319                                                   53989.319
              5        27078.52      0.53015718       98.637675        98.637675       53959.764                                                   53959.764
              2       27077.984      0.51912231       88.405172        88.405172       53979.158                                                   53979.158
              2       27078.773      0.53091773       99.362855        99.362855        53958.82                                                    53958.82
              2       27078.336      0.52976649       98.266152        98.266152        53960.14                                                    53960.14
              2       27077.658      0.52695291       95.610636        95.610636       53964.095                                                   53964.095
              7       27077.511      0.52604183       94.758283        94.758283       53965.506                                                   53965.506
              4       27077.373      0.52335653       92.267528        92.267528        53970.21                                                    53970.21
              4       27078.565       0.5303765       98.846527        98.846527       53959.437                                                   53959.437
              2       27078.031      0.51893425       88.235476        88.235476        53979.59                                                    53979.59
              6       27077.474      0.52186798       90.900622        90.900622       53973.148                                                   53973.148
              1       27078.134      0.51855503       87.893766        87.893766        53980.48                                                    53980.48
              1       27077.655      0.52067809       89.815056        89.815056        53975.68                                                    53975.68
              2       27077.405      0.52415935       93.008821        93.008821       53968.792                                                   53968.792
              4       27077.452      0.52545658       94.212697        94.212697       53966.479                                                   53966.479
              6       27077.504      0.52169119       90.738935        90.738935       53973.531                                                   53973.531
              4       27077.645      0.52073945       89.870887        89.870887       53975.548                                                   53975.548
              6       27077.586      0.52657031       95.252249        95.252249       53964.667                                                   53964.667
              1        27077.86      0.52799307       96.588256        96.588256       53962.543                                                   53962.543
              1       27077.547      0.52632111       95.019162        95.019162       53965.056                                                   53965.056
              2       27077.453      0.52217789       91.184397        91.184397       53972.538                                                   53972.538
              1       27078.168      0.52916002       97.690773        97.690773       53960.954                                                   53960.954
              2        27077.75       0.5202658        89.44038         89.44038       53976.619                                                   53976.619
              3       27077.648      0.52065882       89.797524        89.797524         53975.7                                                     53975.7
              2       27077.554      0.52638476       95.078672        95.078672       53964.951                                                   53964.951
              1       27077.655      0.52693448       95.593352        95.593352       53964.124                                                   53964.124
              2       27078.235      0.52935033       97.871152        97.871152       53960.728                                                   53960.728
              1       27077.536      0.52138004       90.454706        90.454706       53974.163                                                   53974.163
              2       27077.761      0.52006155       89.255049        89.255049       53977.012                                                   53977.012
              1       27078.084      0.51875246       88.071593        88.071593       53980.025                                                   53980.025
              4       27077.552      0.52124062       90.327484        90.327484       53974.449                                                   53974.449
              2       27077.606      0.52652844       95.213064        95.213064       53964.785                                                   53964.785
              4       27077.879      0.52818408       96.768304        96.768304       53962.221                                                   53962.221
              1       27077.713      0.52716338       95.808066        95.808066        53963.81                                                    53963.81
              2       27077.872      0.51956919       88.809042        88.809042       53978.126                                                   53978.126
              2       27077.901       0.5194385       88.690842        88.690842       53978.421                                                   53978.421
              5       27077.635      0.52074983       89.880327        89.880327       53975.509                                                   53975.509
              1       27078.621      0.53052121       98.984459        98.984459       53959.274                                                   53959.274
              1       27077.491      0.52580522       94.537523        94.537523       53965.906                                                   53965.906
              2       27077.491      0.52581324       94.545001        94.545001       53965.892                                                   53965.892
              3       27079.009       0.5160996       85.696681        85.696681       53986.625                                                   53986.625
              3       27078.426      0.52996658        98.45634         98.45634        53959.94                                                    53959.94
              2       27077.679      0.52036351       89.529105        89.529105       53976.299                                                   53976.299
              3       27080.173      0.51372873       83.600681        83.600681       53993.144                                                   53993.144
              1       27080.464      0.51320762       83.143333        83.143333       53994.642                                                   53994.642
              1       27079.645      0.51473569       84.487848        84.487848       53990.315                                                   53990.315
              1       27079.332      0.51545828       85.127245        85.127245        53988.41                                                    53988.41
              1       27077.664      0.52702994       95.682865        95.682865       53963.962                                                   53963.962
              1       27077.399       0.5247744       93.578677        93.578677        53967.64                                                    53967.64
              2       27077.587      0.52101624        90.12292         90.12292       53974.929                                                   53974.929
              3       27077.381      0.52355143       92.447227        92.447227       53969.868                                                   53969.868
              3       27077.409      0.52320824       92.130911        92.130911       53970.556                                                   53970.556
              2       27077.544      0.52135557       90.432371        90.432371       53974.224                                                   53974.224
              2       27077.367      0.52389393       92.763427        92.763427       53969.208                                                   53969.208
              7       27077.393      0.52467627       93.487645        93.487645       53967.811                                                   53967.811
              3       27077.967      0.52842821        96.99867         96.99867       53961.937                                                   53961.937
              1       27077.402      0.52481117       93.612797        93.612797       53967.578                                                   53967.578
              1        27077.91      0.52805504        96.64666         96.64666       53962.527                                                   53962.527
              1       27077.712      0.52031953       89.489164        89.489164       53976.446                                                   53976.446
              2       27077.552      0.52143906       90.508579        90.508579       53974.086                                                   53974.086
              2       27077.841       0.5197698        88.99064         88.99064       53977.701                                                   53977.701
              1        27077.55      0.52126381        90.34864         90.34864       53974.403                                                   53974.403
              1        27077.65       0.5207226       89.855547        89.855547       53975.588                                                   53975.588
              2       27077.437      0.52529522       94.062539        94.062539        53966.75                                                    53966.75
              1       27077.698      0.52053045       89.680798        89.680798       53976.035                                                   53976.035
              8       27077.428      0.52237365       91.363868        91.363868       53972.128                                                   53972.128
              1       27077.771      0.52746522       96.091544        96.091544       53963.359                                                   53963.359
              1       27078.626      0.53046199       98.927996        98.927996       53959.396                                                   53959.396
              1       27078.045      0.52872839       97.282271        97.282271       53961.525                                                   53961.525
              2       27077.903       0.5194337       88.686503        88.686503       53978.433                                                   53978.433
              2       27078.623      0.53045177       98.918261        98.918261       53959.409                                                   53959.409
              1       27079.451      0.53247983       100.86038        100.86038        53957.18                                                    53957.18
              1       27077.765      0.52024633       89.422707        89.422707       53976.684                                                   53976.684
              1       27077.381      0.52438078        93.21379         93.21379       53968.335                                                   53968.335
              2       27077.462      0.52548194       94.236311        94.236311       53966.452                                                   53966.452
              1       27077.423      0.52472705       93.534749        93.534749       53967.776                                                   53967.776
              1       27077.442      0.52219846       91.203246        91.203246       53972.477                                                   53972.477
              1       27077.665      0.52703939       95.691731        95.691731       53963.947                                                   53963.947
              1        27077.53      0.52140577       90.478187        90.478187       53974.103                                                   53974.103
              1       27077.421      0.52295753       91.900163        91.900163       53971.042                                                   53971.042
              1       27077.509      0.52164801       90.699463        90.699463        53973.62                                                    53973.62
              1       27077.369      0.52373516       92.616782        92.616782       53969.504                                                   53969.504
              5       27077.395      0.52286528       91.815328        91.815328       53971.159                                                   53971.159
              1       27078.653      0.53061064       99.069736        99.069736       53959.166                                                   53959.166
              1       27078.745      0.53085705       99.304907        99.304907       53958.881                                                   53958.881
              1        27079.47      0.53251151       100.89086        100.89086       53957.158                                                   53957.158
              1       27079.644      0.53291758       101.28199        101.28199       53956.723                                                   53956.723
              2        27078.05      0.52864912       97.207339        97.207339       53961.686                                                   53961.686
              1       27077.462       0.5220451       91.062752        91.062752       53972.798                                                   53972.798
              1       27077.444      0.52265498       91.622084        91.622084       53971.645                                                   53971.645
              4       27077.389      0.52299112       91.931061        91.931061       53970.916                                                   53970.916
              1       27077.983      0.52835174       96.926484        96.926484       53962.114                                                   53962.114
              7       27077.397      0.52512617       93.905359        93.905359       53966.982                                                   53966.982
              1       27077.965      0.52842164       96.992462        96.992462       53961.946                                                   53961.946
              2       27078.618      0.53051331       98.976918        98.976918       53959.282                                                   53959.282
              4       27080.537      0.53449798       102.81116        102.81116       53955.451                                                   53955.451
              1       27078.564      0.53036957        98.83993         98.83993       53959.447                                                   53959.447
              1       27077.412      0.52498905       93.777951        93.777951       53967.268                                                   53967.268
              2       27077.391      0.52356176        92.45675         92.45675       53969.868                                                   53969.868
              1       27077.419      0.52260611         91.5772          91.5772       53971.684                                                   53971.684
              3       27077.552      0.52145818       90.526045        90.526045       53974.052                                                   53974.052
              1       27078.476       0.5174857       86.933652        86.933652       53983.085                                                   53983.085
              1       27078.114      0.52898655       97.526503        97.526503       53961.175                                                   53961.175
              3       27078.128      0.52902932        97.56699         97.56699       53961.122                                                   53961.122
              1       27077.971      0.52844516       97.014672        97.014672       53961.912                                                   53961.912
              1       27078.333      0.52975688       98.257023        98.257023       53960.152                                                   53960.152
              1        27078.04      0.52861212       97.172371        97.172371       53961.735                                                   53961.735
              1       27077.604      0.52650789       95.193833        95.193833       53964.821                                                   53964.821
              1       27077.376      0.52332826        92.24147         92.24147       53970.268                                                   53970.268
              2       27079.672      0.51467957       84.438285        84.438285       53990.467                                                   53990.467
              1       27077.744      0.52020069       89.381278        89.381278       53976.725                                                   53976.725
              1       27077.509      0.52157777        90.63528         90.63528       53973.748                                                   53973.748
              1       27077.518      0.52149475       90.559443        90.559443       53973.916                                                   53973.916
              3       27077.414      0.52250283       91.482385        91.482385       53971.864                                                   53971.864
              1       27077.368      0.52370112       92.585354        92.585354       53969.565                                                   53969.565
              2       27077.381      0.52320668        92.12947         92.12947       53970.503                                                   53970.503
              1       27077.914      0.51938242       88.640144        88.640144       53978.549                                                   53978.549
              1       27077.376      0.52337991       92.289075        92.289075       53970.174                                                   53970.174
              1       27077.399      0.52282398       91.777368        91.777368       53971.244                                                   53971.244
              1        27077.71      0.52728282        95.92019         95.92019        53963.58                                                    53963.58
              2       27078.856      0.53106209       99.500797        99.500797       53958.709                                                   53958.709
              5       27079.756       0.5330959       101.45397        101.45397       53956.604                                                   53956.604
              1       27077.673      0.52709744       95.746185        95.746185       53963.854                                                   53963.854
              2       27077.687      0.52718386       95.827287        95.827287       53963.719                                                   53963.719
              1        27077.45      0.52211308       91.125016        91.125016        53972.65                                                    53972.65
              3       27077.408      0.52493043       93.723506        93.723506        53967.37                                                    53967.37
              3       27078.619      0.53044047       98.907489        98.907489       53959.422                                                   53959.422
              1       27078.173      0.52918401       97.713505        97.713505       53960.919                                                   53960.919
              1       27077.586      0.52657671       95.258232        95.258232       53964.656                                                   53964.656
              2       27077.814      0.51996282       89.165525        89.165525       53977.297                                                   53977.297
              1       27078.009      0.51899901       88.293893        88.293893        53979.43                                                    53979.43
              1       27078.024      0.51905425       88.343739        88.343739        53979.36                                                    53979.36
              2        27078.54      0.51732367       86.788612        86.788612       53983.503                                                   53983.503
              1        27077.58      0.52647519       95.163243        95.163243       53964.834                                                   53964.834
              3        27079.83      0.53323565       101.58885        101.58885       53956.483                                                   53956.483
              1       27079.856      0.53328315       101.63472        101.63472       53956.442                                                   53956.442
              2       27077.824      0.52784648        96.45019         96.45019       53962.748                                                   53962.748
              1       27077.749      0.52749448       96.119049        96.119049       53963.261                                                   53963.261
              1        27077.71      0.52728356       95.920888        95.920888       53963.577                                                   53963.577
              1       27079.242      0.53197105       100.37144        100.37144       53957.741                                                   53957.741
              5       27077.424      0.52473861       93.545468        93.545468       53967.756                                                   53967.756
              1       27077.372      0.52349683       92.396865        92.396865       53969.951                                                   53969.951
              3       27077.565      0.52622594       94.930224        94.930224       53965.269                                                   53965.269
              1       27077.398      0.52512627       93.905445        93.905445       53966.985                                                   53966.985
              1       27077.376      0.52339615       92.304037        92.304037       53970.144                                                   53970.144
              2       27077.645      0.52074084       89.872148        89.872148       53975.545                                                   53975.545
              4       27078.223      0.51826068       87.628977        87.628977       53981.189                                                   53981.189
              2       27078.218      0.51827307       87.640114        87.640114       53981.156                                                   53981.156
              1       27077.404      0.52416363       93.012782        93.012782       53968.782                                                   53968.782
              4       27077.466      0.52551975       94.271512        94.271512       53966.388                                                   53966.388
              2       27077.494       0.5258709       94.598778        94.598778        53965.79                                                    53965.79
              1       27077.433      0.52229317        91.29006         91.29006       53972.285                                                   53972.285
              1       27077.465      0.52551317       94.265389        94.265389       53966.398                                                   53966.398
              2       27077.402      0.52278912       91.745325        91.745325       53971.313                                                   53971.313
              6       27077.598      0.52114178       90.237343        90.237343        53974.72                                                    53974.72
              1       27077.383      0.52407701       92.932661        92.932661         53968.9                                                     53968.9
              6       27077.654      0.52048181       89.636587        89.636587       53976.035                                                   53976.035
              2       27077.849      0.52795793       96.555157        96.555157       53962.588                                                   53962.588
              1       27077.582      0.52649087       95.177916        95.177916       53964.809                                                   53964.809
              1       27077.577      0.52644956       95.139274        95.139274       53964.875                                                   53964.875
              4       27077.375      0.52342995       92.335202        92.335202       53970.079                                                   53970.079
              2        27077.42       0.5225984       91.570122        91.570122         53971.7                                                     53971.7
              1       27077.602      0.52117368       90.266436        90.266436        53974.67                                                    53974.67
              1       27077.603      0.52089948       90.016561        90.016561       53975.174                                                   53975.174
              4       27077.517      0.52598918       94.709138        94.709138       53965.615                                                   53965.615
              2       27077.381      0.52431343       93.151422        93.151422       53968.459                                                   53968.459
              1       27077.524       0.5259092       94.634502        94.634502       53965.779                                                   53965.779
              1       27078.185       0.5183702       87.727455        87.727455       53980.914                                                   53980.914
              3       27077.967      0.51917517       88.452903        88.452903       53979.027                                                   53979.027
              2        27077.39      0.52303267       91.969289        91.969289        53970.84                                                    53970.84
              1       27077.414      0.52445703       93.284415        93.284415       53968.259                                                   53968.259
              1       27077.642      0.52087483       89.994111        89.994111       53975.296                                                   53975.296
              1       27078.022      0.51896102       88.259626        88.259626       53979.524                                                   53979.524
              1        27077.84      0.51977644       88.996649        88.996649       53977.686                                                   53977.686
              1        27077.55      0.52125323       90.338982        90.338982       53974.422                                                   53974.422
              1       27078.385      0.51786228       87.271191        87.271191       53982.227                                                   53982.227
              1       27077.811      0.51982948       89.044695        89.044695       53977.532                                                   53977.532
              1        27078.42      0.51764211       87.073768        87.073768       53982.693                                                   53982.693
              3       27077.841      0.51976872       88.989658        88.989658       53977.703                                                   53977.703
              1       27077.542      0.52136961       90.445182        90.445182       53974.194                                                   53974.194
              1       27077.659      0.52684638       95.510779        95.510779       53964.297                                                   53964.297
              2         27077.4      0.52279364       91.749475        91.749475         53971.3                                                     53971.3
              1       27077.446      0.52192603       90.953741        90.953741       53972.984                                                   53972.984
              1        27078.19      0.51846753       87.815011        87.815011        53980.75                                                    53980.75
              2       27078.088      0.51876501       88.082901        88.082901       53980.011                                                   53980.011
              2       27077.951      0.51935801       88.618079        88.618079       53978.666                                                   53978.666
              1       27077.645      0.52073399       89.865912        89.865912       53975.559                                                   53975.559
              1       27077.409      0.52496969       93.759968        93.759968       53967.298                                                   53967.298
              1       27078.041      0.52871571       97.270289        97.270289       53961.542                                                   53961.542
              1       27078.609      0.51710879       86.596446        86.596446       53984.025                                                   53984.025
              2         27077.9      0.52802077       96.614361        96.614361       53962.572                                                   53962.572
              1       27078.032      0.52867486       97.231673        97.231673       53961.601                                                   53961.601
              1       27077.368      0.52370152       92.585727        92.585727       53969.565                                                   53969.565
              1       27077.376      0.52354296       92.439409        92.439409       53969.874                                                   53969.874
              1       27077.663      0.52058393       89.729425        89.729425       53975.866                                                   53975.866
              2       27077.537      0.52137932       90.454041        90.454041       53974.167                                                   53974.167
              2       27077.463      0.52559252       94.339291        94.339291       53966.247                                                   53966.247
              1       27077.827      0.52772174       96.332776        96.332776       53962.988                                                   53962.988
              2       27077.658       0.5268414       95.506113        95.506113       53964.305                                                   53964.305
              1       27077.472      0.52569046       94.430546        94.430546       53966.082                                                   53966.082
              1       27077.828      0.52786469       96.467338        96.467338       53962.721                                                   53962.721
              1       27077.889      0.51962193       88.856767        88.856767       53978.064                                                   53978.064
              1       27077.845      0.51974034       88.963961        88.963961       53977.762                                                   53977.762
              1       27078.549      0.51728037        86.74987         86.74987       53983.599                                                   53983.599
              1       27077.775      0.52000169       89.200766        89.200766       53977.149                                                   53977.149
              1       27077.383      0.52408657         92.9415          92.9415       53968.883                                                   53968.883
              4       27078.041      0.52871192       97.266698        97.266698       53961.548                                                   53961.548
              1       27078.107      0.51864995       87.979239        87.979239       53980.256                                                   53980.256
              2       27077.373      0.52399197       92.854035        92.854035       53969.038                                                   53969.038
              1       27077.407      0.52490332       93.698339        93.698339       53967.417                                                   53967.417
              1       27077.761      0.52006209       89.255535        89.255535       53977.011                                                   53977.011
              1       27077.442      0.52219556       91.200588        91.200588       53972.483                                                   53972.483
              6       27077.408      0.52520969       93.983001        93.983001       53966.849                                                   53966.849
              1       27077.483      0.52179531       90.834145        90.834145       53973.298                                                   53973.298
              2       27077.662      0.52044309       89.601406        89.601406       53976.121                                                   53976.121
              1       27077.471      0.52568768       94.427954        94.427954       53966.086                                                   53966.086
              1       27077.412      0.52441845       93.248675        93.248675       53968.327                                                   53968.327
              2       27077.573      0.52109675        90.19629         90.19629       53974.754                                                   53974.754
              2       27077.396        0.525124        93.90334         93.90334       53966.986                                                   53966.986
              1       27077.434       0.5222859       91.283395        91.283395       53972.301                                                   53972.301
              3       27078.556       0.5171823       86.662159        86.662159       53983.788                                                   53983.788
              4       27079.527      0.51498221       84.705718        84.705718       53989.642                                                   53989.642
              1       27078.557      0.51725802        86.72988         86.72988       53983.654                                                   53983.654
              1       27077.445      0.52261931       91.589319        91.589319       53971.712                                                   53971.712
              1       27077.376      0.52340802       92.314985        92.314985       53970.121                                                   53970.121
              1       27077.654      0.52061832       89.760694        89.760694       53975.786                                                   53975.786
              1       27077.598      0.52113116       90.227666        90.227666       53974.741                                                   53974.741
              1       27077.656       0.5206022       89.746032        89.746032        53975.82                                                    53975.82
              1        27078.27      0.51810765       87.491463        87.491463       53981.558                                                   53981.558
              4       27077.387       0.5231483       92.075722        92.075722       53970.622                                                   53970.622
              2       27077.596      0.52662629       95.304643        95.304643       53964.584                                                   53964.584
              1       27077.661      0.52044828       89.606117        89.606117        53976.11                                                    53976.11
              1       27077.463      0.52548649       94.240544        94.240544       53966.445                                                   53966.445
              1       27077.673      0.52708738       95.736747        95.736747       53963.872                                                   53963.872
              4       27077.605      0.52115535       90.249717        90.249717        53974.71                                                    53974.71
              1         27077.4      0.52456499       93.384469        93.384469       53968.031                                                   53968.031
              4       27078.385      0.51785563       87.265219        87.265219        53982.24                                                    53982.24
              1       27079.904      0.51421837       84.031508        84.031508       53991.746                                                   53991.746
              3       27077.935      0.51931447       88.578729        88.578729       53978.712                                                   53978.712
              2       27077.399      0.52384429       92.717564        92.717564       53969.363                                                   53969.363
              1       27077.912      0.51939335       88.650026        88.650026       53978.524                                                   53978.524
              6        27077.38      0.52426639       93.107874        93.107874       53968.545                                                   53968.545
              1       27077.755      0.52753218       96.154486        96.154486         53963.2                                                     53963.2
              1         27077.9       0.5282703       96.849633        96.849633       53962.101                                                   53962.101
              1       27077.375      0.52331741       92.231477        92.231477       53970.286                                                   53970.286
              1       27077.727      0.52738055       96.011985        96.011985       53963.429                                                   53963.429
              4       27077.902      0.51943731       88.689769        88.689769       53978.424                                                   53978.424
              1       27077.899      0.51945152        88.70261         88.70261       53978.393                                                   53978.393
              2       27077.966      0.51917787       88.455338        88.455338       53979.021                                                   53979.021
              1       27077.657      0.52046449       89.620849        89.620849       53976.073                                                   53976.073
              3       27077.551      0.52634874       95.044994        95.044994       53965.011                                                   53965.011
              3       27077.346       0.5236511       92.539184        92.539184       53969.614                                                   53969.614
              1       27077.504      0.52161667       90.670825        90.670825       53973.667                                                   53973.667
              2       27077.362       0.5235855       92.478651        92.478651       53969.766                                                   53969.766
              2       27077.594      0.52661469       95.293786        95.293786         53964.6                                                     53964.6
              4       27077.425      0.52476179       93.566977        93.566977       53967.717                                                   53967.717
              2       27077.457      0.52236493       91.355867        91.355867       53972.203                                                   53972.203
              1       27077.403      0.52274578       91.705491        91.705491       53971.395                                                   53971.395
              1       27077.893      0.51948722       88.734895        88.734895       53978.317                                                   53978.317
              1        27079.26      0.51552532       85.186689        85.186689       53988.147                                                   53988.147
              1       27078.388      0.51773444       87.156532        87.156532       53982.464                                                   53982.464
              3        27078.94      0.51626145       85.840677        85.840677       53986.199                                                   53986.199
              3       27077.445      0.52264335       91.611402        91.611402       53971.667                                                   53971.667
              1       27077.645      0.52073683       89.868497        89.868497       53975.552                                                   53975.552
              2       27077.473      0.52190742       90.936716        90.936716       53973.072                                                   53973.072
              1       27077.822       0.5199247       89.130977        89.130977       53977.383                                                   53977.383
              2       27078.219      0.51829959       87.663957        87.663957        53981.11                                                    53981.11
              2        27077.57      0.52119431       90.285246        90.285246       53974.569                                                   53974.569
              2       27077.773      0.52742324       96.052088        96.052088       53963.441                                                   53963.441
              1       27077.422      0.52293083       91.875608        91.875608       53971.093                                                   53971.093
              2       27077.473      0.52190363       90.933247        90.933247        53973.08                                                    53973.08
              1       27078.182      0.51838408       87.739935        87.739935       53980.884                                                   53980.884
              2       27079.169      0.51579103       85.422469        85.422469       53987.493                                                   53987.493
              2       27077.668      0.52041181       89.572987        89.572987        53976.19                                                    53976.19
              1       27077.412      0.52256335       91.537943        91.537943       53971.748                                                   53971.748
              1       27077.528      0.52594997       94.672542        94.672542       53965.711                                                   53965.711
              1        27077.67      0.52706043       95.711467        95.711467       53963.916                                                   53963.916
              3       27078.071      0.52883126       97.379556        97.379556       53961.384                                                   53961.384
              1       27077.447      0.52541669       94.175569        94.175569       53966.543                                                   53966.543
              2       27077.552      0.52124488       90.331371        90.331371       53974.441                                                   53974.441
              3        27077.45      0.52210199        91.11486         91.11486       53972.671                                                   53972.671
              1       27077.544       0.5213612       90.437505        90.437505       53974.213                                                   53974.213
              1       27077.477      0.52184277       90.877562        90.877562       53973.198                                                   53973.198
              3       27078.305      0.51798764       87.383691        87.383691       53981.844                                                   53981.844
              1       27077.604      0.52116338       90.257043        90.257043       53974.693                                                   53974.693
              1       27077.404      0.52484148       93.640935        93.640935       53967.525                                                   53967.525
              1       27078.023      0.51887372       88.180895        88.180895       53979.684                                                   53979.684
              1       27079.008      0.51610383        85.70044         85.70044       53986.615                                                   53986.615
              1       27078.752      0.51672786       86.256282        86.256282       53984.991                                                   53984.991
              1       27078.937      0.51636148       85.929727        85.929727       53986.014                                                   53986.014
              2       27077.653      0.52069825       89.833396        89.833396       53975.639                                                   53975.639
              6       27077.393      0.52508163       93.863964        93.863964       53967.058                                                   53967.058
              8       27077.651      0.52063793       89.778525        89.778525       53975.746                                                   53975.746
              1       27077.629      0.52078179        89.90941         89.90941        53975.44                                                    53975.44
              1       27077.416      0.52249091       91.471447        91.471447       53971.889                                                   53971.889
              1       27079.026      0.53154346       99.961421        99.961421       53958.128                                                   53958.128
              2       27081.637       0.5362163       104.48638        104.48638       53954.302                                                   53954.302
              1       27078.943      0.53140591       99.829687        99.829687       53958.226                                                   53958.226
              1       27080.105      0.51384508       83.702954        83.702954       53992.803                                                   53992.803
              2       27079.337      0.51536409       85.043767        85.043767       53988.586                                                   53988.586
              2       27079.129      0.51582068         85.4488          85.4488       53987.361                                                   53987.361
              3       27077.686      0.52717892       95.822644        95.822644       53963.726                                                   53963.726
              2        27077.48      0.52577798       94.512121        94.512121       53965.936                                                   53965.936
              1       27077.551      0.52145746       90.525383        90.525383       53974.052                                                   53974.052
              1       27077.456      0.52214862       91.157573        91.157573       53972.597                                                   53972.597
              1       27077.454      0.52547094       94.226064        94.226064       53966.455                                                   53966.455
              1       27077.896      0.52816279       96.748232        96.748232       53962.296                                                   53962.296
              1       27077.648      0.52065643       89.795355        89.795355       53975.705                                                   53975.705
              3       27077.444       0.5226297       91.598866        91.598866       53971.691                                                   53971.691
              1       27079.723      0.53302506       101.38563        101.38563       53956.675                                                   53956.675
              1       27078.245      0.52941168       97.929333        97.929333       53960.631                                                   53960.631
              1       27078.805       0.5310078       99.448905        99.448905       53958.712                                                   53958.712
              1       27077.777      0.52743979        96.06764         96.06764       53963.419                                                   53963.419
              1       27077.476      0.52188336       90.914695        90.914695       53973.123                                                   53973.123
              4       27077.399      0.52453988       93.361192        93.361192       53968.075                                                   53968.075
              3       27077.807      0.51984801       89.061482        89.061482       53977.492                                                   53977.492
              1       27078.712      0.51683439       86.351347        86.351347       53984.722                                                   53984.722
              1       27077.392      0.52458896       93.406692        93.406692       53967.972                                                   53967.972
              1       27077.404      0.52270206       91.665327        91.665327       53971.477                                                   53971.477
              1       27077.841      0.51977304       88.993575        88.993575       53977.694                                                   53977.694
              1       27077.476      0.52188647       90.917538        90.917538       53973.116                                                   53973.116
              1        27077.95      0.51928968       88.556332        88.556332       53978.788                                                   53978.788
              1        27078.05      0.51879683        88.11158         88.11158       53979.877                                                   53979.877
              1       27079.696      0.51463095       84.395356        84.395356       53990.601                                                   53990.601
              2       27077.673      0.52038907       89.552325        89.552325       53976.242                                                   53976.242
              1        27077.77      0.52740746       96.037262        96.037262       53963.465                                                   53963.465
              2       27077.953      0.51927089       88.539356        88.539356       53978.828                                                   53978.828
              1       27077.605      0.52090259        90.01939         90.01939       53975.171                                                   53975.171
              1         27077.4      0.52478307       93.586719        93.586719       53967.627                                                   53967.627
              1       27078.153      0.52911479       97.647926        97.647926       53961.011                                                   53961.011
              4       27077.891      0.52812049       96.708346        96.708346       53962.365                                                   53962.365
              1       27077.762      0.52755673       96.177568        96.177568       53963.168                                                   53963.168
              2       27077.546      0.52629969       94.999144        94.999144       53965.093                                                   53965.093
              1       27078.047      0.52873721        97.29061         97.29061       53961.513                                                   53961.513
              1       27077.752      0.52750696       96.130779        96.130779       53963.243                                                   53963.243
              2       27077.477      0.52188157       90.913062        90.913062       53973.127                                                   53973.127
              3       27078.498      0.53018298       98.662233        98.662233       53959.671                                                   53959.671
              1       27077.439      0.52527148       94.040461        94.040461       53966.797                                                   53966.797
              1       27077.442      0.52220102        91.20559         91.20559       53972.472                                                   53972.472
              1        27077.37       0.5238822       92.752584        92.752584       53969.234                                                   53969.234
              1       27077.685      0.52033724       89.505254        89.505254       53976.359                                                   53976.359
              1       27077.438      0.52222182       91.224656        91.224656       53972.427                                                   53972.427
              1       27077.374       0.5239742       92.837605        92.837605       53969.072                                                   53969.072
              1       27077.371      0.52396024       92.824705        92.824705       53969.093                                                   53969.093
              2       27077.521      0.52611337        94.82507         94.82507       53965.391                                                   53965.391
              2       27078.062       0.5287954       97.345635        97.345635       53961.432                                                   53961.432
              1       27077.425      0.52476302       93.568118        93.568118       53967.714                                                   53967.714
              3       27077.582      0.52669513       95.369091        95.369091       53964.425                                                   53964.425
              1       27077.497      0.52563822       94.381865        94.381865        53966.23                                                    53966.23
              3       27077.388      0.52301502        91.95305         91.95305        53970.87                                                    53970.87
              1       27077.381      0.52406472       92.921291        92.921291        53968.92                                                    53968.92
              1       27077.423      0.52241905       91.405513        91.405513       53972.035                                                   53972.035
              2       27077.386      0.52314977       92.077069        92.077069       53970.617                                                   53970.617
              1       27078.672      0.53065589       99.112898        99.112898       53959.118                                                   53959.118
              1       27078.051      0.52865034        97.20849         97.20849       53961.684                                                   53961.684
              1       27077.605      0.52652031       95.205457        95.205457       53964.798                                                   53964.798
              1       27077.586      0.52102569        90.13153         90.13153       53974.909                                                   53974.909
              2        27078.22      0.51829446       87.659345        87.659345       53981.122                                                   53981.122
              1       27077.512      0.52604626       94.762413        94.762413         53965.5                                                     53965.5
              1       27077.679      0.52036311       89.528749        89.528749       53976.301                                                   53976.301
              1       27077.368      0.52390183       92.770722        92.770722       53969.195                                                   53969.195
              4       27077.427      0.52239111       91.379874        91.379874       53972.093                                                   53972.093
              1       27077.386      0.52449158       93.316435        93.316435        53968.14                                                    53968.14
              4       27077.446      0.52192716       90.954779        90.954779       53972.983                                                   53972.983
              1       27077.404      0.52270511       91.668131        91.668131       53971.472                                                   53971.472
              1       27077.512      0.52155352       90.613123        90.613123       53973.798                                                   53973.798
              1       27077.375      0.52333608       92.248678        92.248678       53970.252                                                   53970.252
              1       27077.716      0.52732179       95.956791        95.956791       53963.517                                                   53963.517
              1       27077.467      0.52534324       94.107217        94.107217        53966.72                                                    53966.72
              2       27077.526      0.52592181        94.64627         94.64627       53965.759                                                   53965.759
              1       27077.399       0.5251381       93.916444        93.916444       53966.966                                                   53966.966
              1       27077.386      0.52447865       93.304449        93.304449       53968.164                                                   53968.164
              1       27077.814      0.51981643       89.032868        89.032868       53977.563                                                   53977.563
              1       27077.443      0.52218873       91.194329        91.194329       53972.497                                                   53972.497
              1       27077.568      0.52120255       90.292759        90.292759        53974.55                                                    53974.55
              6       27077.389       0.5230304       91.967204        91.967204       53970.844                                                   53970.844
              1       27077.579      0.52646149       95.150427        95.150427       53964.857                                                   53964.857
              1       27077.492      0.52586032       94.588906        94.588906       53965.807                                                   53965.807
              3       27077.751      0.52750043       96.124642        96.124642       53963.253                                                   53963.253
              2       27077.441      0.52537495       94.136717        94.136717       53966.609                                                   53966.609
              2       27077.434      0.52266618       91.632365        91.632365       53971.603                                                   53971.603
              1       27078.607      0.53048832         98.9531          98.9531       53959.308                                                   53959.308
              2       27079.761        0.533105       101.46275        101.46275       53956.596                                                   53956.596
              2       27078.555      0.53031322       98.786243        98.786243       53959.538                                                   53959.538
              1       27077.706      0.52726739       95.905704        95.905704       53963.601                                                   53963.601
              1        27077.46      0.52558011       94.327724        94.327724       53966.265                                                   53966.265
              1       27077.759      0.52008106       89.272743        89.272743       53976.972                                                   53976.972
              1       27077.446      0.52196793       90.992092        90.992092       53972.908                                                   53972.908
              1       27077.847      0.52790401       96.504367        96.504367       53962.686                                                   53962.686
              1       27077.657      0.52700242       95.657062        95.657062           53964                                                       53964
              3       27077.661      0.52044561       89.603693        89.603693       53976.115                                                   53976.115
              1       27077.636      0.52688133       95.543538        95.543538       53964.186                                                   53964.186
              1       27077.553      0.52636718       95.062231        95.062231       53964.981                                                   53964.981
              3       27077.543      0.52135904        90.43553         90.43553       53974.216                                                   53974.216
              2        27077.55       0.5263439       95.040469        95.040469        53965.02                                                    53965.02
              1        27079.83      0.53321262       101.56662        101.56662       53956.527                                                   53956.527
              2       27078.125      0.52892539       97.468616        97.468616       53961.313                                                   53961.313
              1       27077.377      0.52350797       92.407138        92.407138       53969.939                                                   53969.939
              1       27077.392       0.5246219       93.437228        93.437228        53967.91                                                    53967.91
              2       27078.119      0.51860862       87.942017        87.942017       53980.355                                                   53980.355
              1       27077.415      0.52249698       91.477022        91.477022       53971.876                                                   53971.876
              2       27077.474      0.52571029       94.449028        94.449028        53966.05                                                    53966.05
              2       27077.371      0.52377125       92.650105        92.650105       53969.442                                                   53969.442
              1       27078.437      0.52999952        98.48767         98.48767       53959.898                                                   53959.898
              1       27077.421      0.52295469       91.897553        91.897553       53971.048                                                   53971.048
              1       27077.369      0.52373554       92.617131        92.617131       53969.503                                                   53969.503
              3       27077.405      0.52415104       93.001131        93.001131       53968.808                                                   53968.808
              2       27078.167      0.52915851       97.689344        97.689344       53960.956                                                   53960.956
              2       27077.401      0.52480019        93.60261         93.60261       53967.597                                                   53967.597
              1       27077.515      0.52177104       90.811942        90.811942       53973.406                                                   53973.406
              1       27078.411        0.529928       98.419654        98.419654       53959.983                                                   53959.983
              1       27079.107       0.5317165       100.12725        100.12725       53957.959                                                   53957.959
              2       27079.147       0.5318326       100.23859        100.23859       53957.817                                                   53957.817
              2       27077.476      0.52573692       94.473844        94.473844       53966.004                                                   53966.004
              7       27077.567      0.52121246       90.301796        90.301796       53974.531                                                   53974.531
              1       27077.711      0.52032569        89.49476         89.49476       53976.432                                                   53976.432
              1        27078.93      0.51628485       85.861499        85.861499       53986.138                                                   53986.138
              1        27078.81      0.51665554       86.191781        86.191781       53985.237                                                   53985.237
              2       27078.221      0.51826823       87.635756        87.635756        53981.17                                                    53981.17
              1       27079.161      0.51570185       85.343301        85.343301       53987.635                                                   53987.635
              1       27079.759      0.51455497       84.328294        84.328294       53990.862                                                   53990.862
              1        27078.57      0.51714554       86.629301        86.629301       53983.881                                                   53983.881
              1       27077.401      0.52276944       91.727238        91.727238       53971.348                                                   53971.348
              2       27077.356      0.52361253       92.503593        92.503593       53969.705                                                   53969.705
              1       27077.405      0.52412884       92.980598        92.980598       53968.848                                                   53968.848
              3         27077.4      0.52514788       93.925531        93.925531       53966.948                                                   53966.948
              1       27079.583      0.53272705       101.09838        101.09838       53956.969                                                   53956.969
              1       27077.552      0.52145163       90.520064        90.520064       53974.063                                                   53974.063
              1        27077.46      0.52211477       91.126566        91.126566       53972.666                                                   53972.666
              2       27077.425      0.52476139       93.566611        93.566611       53967.717                                                   53967.717
              2       27077.375      0.52333085       92.243856        92.243856       53970.263                                                   53970.263
              1       27077.421      0.52296638       91.908309        91.908309       53971.025                                                   53971.025
              1       27077.585      0.52669781       95.371607        95.371607       53964.428                                                   53964.428
              1       27077.518      0.52174972       90.792451        90.792451       53973.451                                                   53973.451
              2       27077.371      0.52379712       92.673994        92.673994       53969.394                                                   53969.394
              1       27077.692      0.52057486       89.721178        89.721178       53975.942                                                   53975.942
              4       27077.654      0.52061566       89.758271        89.758271       53975.791                                                   53975.791
              3       27077.345      0.52362731       92.517236        92.517236       53969.656                                                   53969.656
              1       27078.123      0.51859853       87.932932        87.932932        53980.38                                                    53980.38
              1       27077.376       0.5232854        92.20198         92.20198       53970.348                                                   53970.348
              5        27077.37      0.52391047       92.778707        92.778707       53969.182                                                   53969.182
              1       27078.266      0.52947839       97.992622        97.992622       53960.546                                                   53960.546
              1       27077.476      0.52572935       94.466792        94.466792       53966.019                                                   53966.019
              1        27077.38      0.52430791        93.14631         93.14631       53968.468                                                   53968.468
              1       27077.433      0.52266322       91.629651        91.629651       53971.607                                                   53971.607
              3       27077.468      0.52532982        94.09473         94.09473       53966.747                                                   53966.747
              1        27078.17      0.52917536       97.705313        97.705313        53960.93                                                    53960.93
              2       27077.703      0.52724974       95.889131        95.889131       53963.627                                                   53963.627
              1       27077.715      0.52732067        95.95573         95.95573       53963.518                                                   53963.518
              1       27078.283      0.51806235       87.450771        87.450771       53981.664                                                   53981.664
              2       27077.744      0.52019802       89.378863        89.378863       53976.731                                                   53976.731
              1       27078.924      0.51629952       85.874565        85.874565         53986.1                                                     53986.1
              1        27077.71      0.52033007        89.49874         89.49874       53976.422                                                   53976.422
              2       27077.652      0.52069958       89.834604        89.834604       53975.635                                                   53975.635
              1       27079.931      0.51416634       83.985679        83.985679        53991.89                                                    53991.89
              1       27081.415      0.51168659       81.815323        81.815323       53999.199                                                   53999.199
              1       27080.325      0.51344885       83.354895        83.354895       53993.941                                                   53993.941
              1       27077.655      0.52047875       89.633806        89.633806       53976.042                                                   53976.042
              1        27077.68      0.52035732       89.523489        89.523489       53976.313                                                   53976.313
              1       27077.552      0.52635809       95.053736        95.053736       53964.996                                                   53964.996
              1        27077.42      0.52292014        91.86578         91.86578       53971.109                                                   53971.109
              3       27077.395      0.52285216       91.803271        91.803271       53971.183                                                   53971.183
              1        27077.52      0.52610699       94.819113        94.819113       53965.401                                                   53965.401
              5       27077.426       0.5247601       93.565411        93.565411       53967.721                                                   53967.721
              1       27077.597      0.52113562       90.231731        90.231731        53974.73                                                    53974.73
              4        27077.37      0.52388392       92.754177        92.754177       53969.231                                                   53969.231
              1       27077.604      0.52650724       95.193234        95.193234       53964.821                                                   53964.821
              2       27077.516      0.52176239       90.804034        90.804034       53973.425                                                   53973.425
              2       27077.388      0.52300561       91.944395        91.944395       53970.888                                                   53970.888
              1       27077.899      0.51945152       88.702613        88.702613       53978.393                                                   53978.393
              2       27077.422      0.52293366       91.878215        91.878215       53971.088                                                   53971.088
              1       27077.476       0.5218472       90.881607        90.881607        53973.19                                                    53973.19
              1       27077.381      0.52405405       92.911425        92.911425        53968.94                                                    53968.94
              1       27077.569      0.52626207       94.963988        94.963988       53965.209                                                   53965.209
              2       27077.549      0.52126939       90.353723        90.353723        53974.39                                                    53974.39
              1       27077.479      0.52181178       90.849212        90.849212        53973.26                                                    53973.26
              1       27077.761      0.52025944       89.434612        89.434612       53976.652                                                   53976.652
              2       27077.404      0.52484166       93.641098        93.641098       53967.525                                                   53967.525
              1       27077.459      0.52232074       91.315342        91.315342       53972.288                                                   53972.288
              3       27077.692      0.52057872       89.724682        89.724682       53975.934                                                   53975.934
              2       27077.663      0.52697858       95.634707        95.634707       53964.057                                                   53964.057
              2       27078.512      0.53013388       98.615496        98.615496       53959.792                                                   53959.792
              1       27077.468       0.5253321       94.096854        94.096854       53966.742                                                   53966.742
              3       27077.581       0.5210585       90.161434        90.161434       53974.839                                                   53974.839
              1       27078.748      0.51674649       86.272911        86.272911        53984.95                                                    53984.95
              1       27078.721       0.5168424       86.358503        86.358503       53984.724                                                   53984.724
              1       27077.502      0.52162749       90.680708        90.680708       53973.642                                                   53973.642
              1       27078.467      0.53009223       98.575865        98.575865       53959.781                                                   53959.781
              1       27077.445      0.52193399       90.961027        90.961027       53972.969                                                   53972.969
              2       27078.219      0.51829649       87.661165        87.661165       53981.116                                                   53981.116
              1       27077.399      0.52454723       93.368001        93.368001       53968.062                                                   53968.062
              1       27078.483      0.51746369       86.913945        86.913945       53983.138                                                   53983.138
              1       27078.402      0.51769735       87.123276        87.123276       53982.557                                                   53982.557
              3       27078.026       0.5189527       88.252119        88.252119       53979.549                                                   53979.549
              6       27077.398      0.52451735       93.340316        93.340316       53968.115                                                   53968.115
              1       27077.555      0.52122533       90.313533        90.313533       53974.483                                                   53974.483
              2       27077.967      0.52842769       96.998174        96.998174       53961.937                                                   53961.937
              1        27078.13       0.5289373       97.479882        97.479882       53961.299                                                   53961.299
              1       27078.097      0.52888759       97.432847        97.432847       53961.328                                                   53961.328
              9       27077.496      0.52565527       94.397746        94.397746       53966.197                                                   53966.197
              2       27078.096      0.52888139        97.42698         97.42698       53961.338                                                   53961.338
              2       27077.851      0.52792105       96.520412        96.520412       53962.662                                                   53962.662
              1       27079.962      0.53341864        101.7656         101.7656       53956.393                                                   53956.393
              2       27080.037      0.53362054       101.96079        101.96079       53956.152                                                   53956.152
              2       27079.469      0.53250855       100.88802        100.88802       53957.162                                                   53957.162
              3       27077.898      0.52826332       96.843047        96.843047        53962.11                                                    53962.11
              3       27078.726      0.53072395       99.177839        99.177839       53959.097                                                   53959.097
              1       27081.635      0.53621394       104.48407        104.48407       53954.302                                                   53954.302
              1       27077.811      0.51982786       89.043226        89.043226       53977.535                                                   53977.535
              2       27077.651      0.52082234       89.946328        89.946328       53975.409                                                   53975.409
              1       27077.553      0.52143863       90.508187        90.508187       53974.089                                                   53974.089
              1        27077.48      0.52577134       94.505935        94.505935       53965.949                                                   53965.949
              1       27077.605      0.52090304       90.019799        90.019799        53975.17                                                    53975.17
              2       27077.522      0.52171394       90.759729        90.759729       53973.525                                                   53973.525
              1       27077.405      0.52518972       93.964432        93.964432        53966.88                                                    53966.88
              3       27077.463       0.5255909       94.337783        94.337783        53966.25                                                    53966.25
              2       27077.996      0.52855723       97.120518        97.120518        53961.75                                                    53961.75
              1       27078.084      0.51877499       88.091893        88.091893       53979.984                                                   53979.984
              2       27077.906      0.51942195       88.675879        88.675879        53978.46                                                    53978.46
              2       27077.552      0.52144491       90.513923        90.513923       53974.075                                                   53974.075
              2       27077.475      0.52187285        90.90508         90.90508       53973.139                                                   53973.139
              1       27077.399      0.52384097       92.714498        92.714498        53969.37                                                    53969.37
              1       27077.392        0.524586       93.403939        93.403939       53967.976                                                   53967.976
              2       27077.504      0.52168049       90.729155        90.729155       53973.549                                                   53973.549
              1       27077.808      0.51984404       89.057881        89.057881         53977.5                                                     53977.5
              2       27078.185      0.51837748       87.733999        87.733999       53980.901                                                   53980.901
              1        27079.18      0.51576796        85.40198         85.40198       53987.556                                                   53987.556
              1       27077.842      0.51971055       88.936984        88.936984       53977.811                                                   53977.811
              1       27077.821      0.51978963       89.008601        89.008601       53977.626                                                   53977.626
              1       27077.568      0.52625599       94.958301        94.958301       53965.219                                                   53965.219
              2        27077.55      0.52125272       90.338523        90.338523       53974.423                                                   53974.423
              1       27077.569      0.52119629       90.287051        90.287051       53974.564                                                   53974.564
              1       27077.809      0.52778236       96.389826        96.389826       53962.839                                                   53962.839
              1        27077.89      0.52824083       96.821837        96.821837       53962.136                                                   53962.136
              2       27077.399      0.52281935       91.773108        91.773108       53971.252                                                   53971.252
              2       27077.906      0.52806092       96.652201        96.652201       53962.507                                                   53962.507
              1       27077.444      0.52538861       94.149436        94.149436       53966.589                                                   53966.589
              1       27077.528      0.52594856       94.671228        94.671228       53965.714                                                   53965.714
              3       27078.738      0.53081417       99.263958        99.263958       53958.949                                                   53958.949
              2       27078.139      0.51854404       87.883877        87.883877        53980.51                                                    53980.51
              5       27077.766      0.52757976       96.199225        96.199225       53963.133                                                   53963.133
              2       27077.825      0.52771582       96.327207        96.327207       53962.995                                                   53962.995
              1       27077.388      0.52305507       91.989904        91.989904       53970.797                                                   53970.797
              1        27077.59      0.52675249       95.422816        95.422816       53964.334                                                   53964.334
              2       27077.404      0.52484854       93.647483        93.647483       53967.513                                                   53967.513
              2       27077.552      0.52123398       90.321425        90.321425       53974.462                                                   53974.462
              2       27077.427       0.5223777       91.367577        91.367577       53972.119                                                   53972.119
              1       27077.464       0.5255757        94.32362         94.32362        53966.28                                                    53966.28
              1       27077.524       0.5261508       94.860028        94.860028       53965.328                                                   53965.328
              3       27077.971      0.52840555       96.977268        96.977268       53961.988                                                   53961.988
              2       27077.946      0.52833211        96.90796         96.90796       53962.075                                                   53962.075
              2       27077.396      0.52310971       92.040192        92.040192       53970.713                                                   53970.713
              1       27077.869      0.51957947        88.81835         88.81835       53978.102                                                   53978.102
              2       27077.397      0.52310168       92.032806        92.032806       53970.728                                                   53970.728
              1       27077.442      0.52198241       91.005349        91.005349       53972.873                                                   53972.873
              1         27077.4      0.52381442       92.689973        92.689973       53969.419                                                   53969.419
              1        27077.82       0.5278371       96.441359        96.441359       53962.757                                                   53962.757
              1       27077.525      0.52615701       94.865835        94.865835       53965.319                                                   53965.319
              1       27077.496      0.52563565       94.379467        94.379467       53966.234                                                   53966.234
              1       27078.396        0.529841       98.336949        98.336949       53960.117                                                   53960.117
              2       27077.383       0.5242253       93.069848        93.069848       53968.627                                                   53968.627
              1       27077.407      0.52490666        93.70144         93.70144        53967.41                                                    53967.41
              2       27077.607      0.52653386       95.218134        95.218134       53964.778                                                   53964.778
              1       27077.369       0.5239107        92.77892         92.77892       53969.181                                                   53969.181
              1       27077.373      0.52398976       92.851992        92.851992       53969.043                                                   53969.043
              2       27077.895      0.51946994       88.719269        88.719269       53978.351                                                   53978.351
              1       27077.743      0.52020695       89.386963        89.386963       53976.713                                                   53976.713
              2       27077.423      0.52292374       91.869086        91.869086       53971.107                                                   53971.107
              3       27077.409      0.52321813       92.140022        92.140022       53970.539                                                   53970.539
              1       27077.415      0.52250383       91.483304        91.483304       53971.863                                                   53971.863
              2       27077.524      0.52590555       94.631096        94.631096       53965.786                                                   53965.786
              1        27077.91      0.52805875       96.650152        96.650152        53962.52                                                    53962.52
              2       27077.667      0.52704916       95.700894        95.700894       53963.933                                                   53963.933
              1       27077.373      0.52401885       92.878886        92.878886       53968.989                                                   53968.989
              1       27078.018      0.51889275       88.198053        88.198053        53979.64                                                    53979.64
              2       27077.588      0.52673461       95.406068        95.406068       53964.363                                                   53964.363
              1       27077.987      0.51909277       88.378512        88.378512       53979.216                                                   53979.216
              2       27077.551      0.52126191       90.346905        90.346905       53974.407                                                   53974.407
              1       27077.527      0.52616507       94.873356        94.873356       53965.307                                                   53965.307
              7        27077.37       0.5238757       92.746578        92.746578       53969.247                                                   53969.247
              2        27077.89        0.519497        88.74374         88.74374       53978.292                                                   53978.292
              2       27078.215      0.51831399       87.676901        87.676901       53981.076                                                   53981.076
              1       27077.963      0.51919512       88.470918        88.470918       53978.985                                                   53978.985
              2       27077.436      0.52526503       94.034461        94.034461       53966.802                                                   53966.802
              1       27077.369      0.52369354       92.578363        92.578363       53969.581                                                   53969.581
              1       27077.373       0.5239956       92.857387        92.857387       53969.031                                                   53969.031
              1       27077.362      0.52358144       92.474912        92.474912       53969.775                                                   53969.775
              3       27077.414      0.52442787       93.257408        93.257408       53968.314                                                   53968.314
              1       27077.399      0.52280988       91.764399        91.764399        53971.27                                                    53971.27
              2       27078.051      0.52875653       97.308884        97.308884       53961.485                                                   53961.485
              1       27077.585       0.5267185       95.390978        95.390978       53964.389                                                   53964.389
              2       27077.659      0.52695703       95.614496        95.614496       53964.089                                                   53964.089
              1        27077.84      0.52787572       96.477721        96.477721       53962.725                                                   53962.725
              1       27077.362      0.52359284        92.48543         92.48543       53969.753                                                   53969.753
              1       27078.434      0.52999716        98.48542         98.48542       53959.898                                                   53959.898
              1       27077.466      0.52553012       94.281172        94.281172        53966.37                                                    53966.37
              1       27077.654      0.52069273       89.828379        89.828379       53975.651                                                   53975.651
              1       27077.407      0.52521357       93.986605        93.986605       53966.841                                                   53966.841
              1       27077.467      0.52532418        94.08948         94.08948       53966.756                                                   53966.756
              2       27077.457      0.52213971       91.149409        91.149409       53972.614                                                   53972.614
              1       27077.507      0.52166977       90.719359        90.719359       53973.574                                                   53973.574
              3       27077.858      0.52798582       96.581433        96.581433       53962.553                                                   53962.553
              1       27077.401      0.52480211        93.60439         93.60439       53967.594                                                   53967.594
              1       27077.688      0.52719121       95.834182        95.834182       53963.707                                                   53963.707
