#        weight    minuslogpost         Omega_m             A_s   minuslogprior minuslogprior__0            chi2 chi2__functions_and_classes.SO_x_DESI_Likelihood_w_emulator
              1      -2101.0418      0.31296915   2.0558658e-09      -23.025851       -23.025851      -4156.0319                                                  -4156.0319
              1      -2101.0803      0.32104838   2.0224722e-09      -23.025851       -23.025851      -4156.1089                                                  -4156.1089
              1      -2101.0206      0.32694574   2.0398723e-09      -23.025851       -23.025851      -4155.9896                                                  -4155.9896
              1      -2100.9656      0.32536578   2.0934215e-09      -23.025851       -23.025851      -4155.8794                                                  -4155.8794
              1      -2100.2871      0.32938677   2.2312976e-09      -23.025851       -23.025851      -4154.5226                                                  -4154.5226
              1      -2100.6381      0.32209331   2.2525681e-09      -23.025851       -23.025851      -4155.2245                                                  -4155.2245
              1      -2100.3597       0.3206038   2.3387786e-09      -23.025851       -23.025851      -4154.6676                                                  -4154.6676
              1      -2100.7793      0.31392382   2.3272373e-09      -23.025851       -23.025851       -4155.507                                                   -4155.507
              1      -2101.0796      0.30527019   2.2436405e-09      -23.025851       -23.025851      -4156.1074                                                  -4156.1074
              1      -2101.0794      0.30746057   2.2209664e-09      -23.025851       -23.025851       -4156.107                                                   -4156.107
              1      -2101.0773      0.30558768   2.2179084e-09      -23.025851       -23.025851      -4156.1029                                                  -4156.1029
              1       -2100.956      0.30819663   2.0581242e-09      -23.025851       -23.025851      -4155.8603                                                  -4155.8603
              1      -2100.9058      0.30949984    2.014191e-09      -23.025851       -23.025851        -4155.76                                                    -4155.76
              1       -2100.954      0.31104634   2.0187785e-09      -23.025851       -23.025851      -4155.8564                                                  -4155.8564
              1      -2100.9301      0.30689338   2.0616925e-09      -23.025851       -23.025851      -4155.8085                                                  -4155.8085
              1      -2100.0849       0.2956166   1.9525628e-09      -23.025851       -23.025851      -4154.1181                                                  -4154.1181
              1       -2099.652      0.29054078   1.9301336e-09      -23.025851       -23.025851      -4153.2522                                                  -4153.2522
              2       -2099.641      0.29079488   1.9243831e-09      -23.025851       -23.025851      -4153.2304                                                  -4153.2304
              1      -2099.0721      0.28888634   1.8441594e-09      -23.025851       -23.025851      -4152.0926                                                  -4152.0926
              1      -2099.6679      0.29939055   1.8155042e-09      -23.025851       -23.025851      -4153.2842                                                  -4153.2842
              2      -2099.8147      0.29997329   1.8368659e-09      -23.025851       -23.025851      -4153.5778                                                  -4153.5778
              1      -2099.7224      0.30170345   1.7970543e-09      -23.025851       -23.025851      -4153.3931                                                  -4153.3931
              2      -2099.8864      0.30151781   1.8317636e-09      -23.025851       -23.025851       -4153.721                                                   -4153.721
              1      -2099.7285       0.3038189   1.7723741e-09      -23.025851       -23.025851      -4153.4053                                                  -4153.4053
              1      -2099.9703      0.30680222   1.7839332e-09      -23.025851       -23.025851       -4153.889                                                   -4153.889
              1      -2099.7618      0.30642172   1.7476413e-09      -23.025851       -23.025851       -4153.472                                                   -4153.472
              1      -2100.4604      0.32079809   1.7325683e-09      -23.025851       -23.025851      -4154.8691                                                  -4154.8691
              1      -2100.9282      0.32883707    1.794057e-09      -23.025851       -23.025851      -4155.8048                                                  -4155.8048
              1      -2100.9489      0.32385755   1.8591587e-09      -23.025851       -23.025851      -4155.8462                                                  -4155.8462
              1      -2100.8646      0.32812904   1.7745483e-09      -23.025851       -23.025851      -4155.6775                                                  -4155.6775
              1      -2101.0747      0.33821759   1.8254795e-09      -23.025851       -23.025851      -4156.0978                                                  -4156.0978
              1      -2101.0745      0.33850928    1.828148e-09      -23.025851       -23.025851      -4156.0973                                                  -4156.0973
              1      -2101.0777      0.33111174   1.9090097e-09      -23.025851       -23.025851      -4156.1038                                                  -4156.1038
              1      -2101.0214      0.32454256   1.8954727e-09      -23.025851       -23.025851      -4155.9912                                                  -4155.9912
              2      -2100.9776      0.32531175   1.8581462e-09      -23.025851       -23.025851      -4155.9035                                                  -4155.9035
              1      -2101.0298      0.33034098   1.8375087e-09      -23.025851       -23.025851       -4156.008                                                   -4156.008
              1      -2101.0752      0.33537776   1.8479265e-09      -23.025851       -23.025851      -4156.0986                                                  -4156.0986
              1      -2101.0214      0.33293463   1.9660464e-09      -23.025851       -23.025851      -4155.9912                                                  -4155.9912
              1      -2101.0721      0.32224532   1.9783282e-09      -23.025851       -23.025851      -4156.0924                                                  -4156.0924
              1      -2101.0016      0.32153483   1.9164915e-09      -23.025851       -23.025851      -4155.9514                                                  -4155.9514
              1      -2101.0682      0.32107371   1.9853375e-09      -23.025851       -23.025851      -4156.0847                                                  -4156.0847
              1      -2101.0624      0.32038811   1.9848783e-09      -23.025851       -23.025851      -4156.0731                                                  -4156.0731
              1      -2100.9306      0.31537191   1.9509047e-09      -23.025851       -23.025851      -4155.8094                                                  -4155.8094
              1      -2100.9068      0.31969055     1.88714e-09      -23.025851       -23.025851      -4155.7618                                                  -4155.7618
              1      -2101.0541      0.32461395   1.9242803e-09      -23.025851       -23.025851      -4156.0565                                                  -4156.0565
              1      -2101.0576      0.32178477   1.9617845e-09      -23.025851       -23.025851      -4156.0636                                                  -4156.0636
              1      -2100.9516      0.31717423   1.9394476e-09      -23.025851       -23.025851      -4155.8514                                                  -4155.8514
              1      -2100.8196      0.32358941   1.8070324e-09      -23.025851       -23.025851      -4155.5875                                                  -4155.5875
              1      -2101.0497      0.33244883   1.9479056e-09      -23.025851       -23.025851      -4156.0476                                                  -4156.0476
              1      -2101.0761      0.32565219   1.9906491e-09      -23.025851       -23.025851      -4156.1005                                                  -4156.1005
              1      -2101.0772      0.32594475   1.9492957e-09      -23.025851       -23.025851      -4156.1027                                                  -4156.1027
              1      -2101.0365      0.33294145   1.9542456e-09      -23.025851       -23.025851      -4156.0213                                                  -4156.0213
              2       -2100.828      0.34012568   1.9697454e-09      -23.025851       -23.025851      -4155.6042                                                  -4155.6042
              3      -2100.6955       0.3432235   1.9726254e-09      -23.025851       -23.025851      -4155.3392                                                  -4155.3392
              1      -2100.7855      0.33970257   1.9878951e-09      -23.025851       -23.025851      -4155.5194                                                  -4155.5194
              1      -2100.9332      0.33503195   1.9895395e-09      -23.025851       -23.025851      -4155.8147                                                  -4155.8147
              1      -2100.9809      0.33495349    1.967253e-09      -23.025851       -23.025851      -4155.9102                                                  -4155.9102
              3      -2100.7729      0.34462385   1.9358381e-09      -23.025851       -23.025851      -4155.4942                                                  -4155.4942
              1      -2100.7927       0.3396204   1.9866794e-09      -23.025851       -23.025851      -4155.5337                                                  -4155.5337
              2      -2100.9468      0.34355323   1.8863694e-09      -23.025851       -23.025851      -4155.8419                                                  -4155.8419
              1      -2101.0172      0.34339326   1.8496894e-09      -23.025851       -23.025851      -4155.9828                                                  -4155.9828
              1      -2100.9622      0.34639956   1.8483782e-09      -23.025851       -23.025851      -4155.8726                                                  -4155.8726
              2      -2100.9742      0.34682808   1.8378311e-09      -23.025851       -23.025851      -4155.8968                                                  -4155.8968
              1      -2100.4046      0.36156473   1.8400392e-09      -23.025851       -23.025851      -4154.7576                                                  -4154.7576
              1      -2100.1736      0.36150743   1.8782793e-09      -23.025851       -23.025851      -4154.2955                                                  -4154.2955
              2      -2100.1662      0.36165102   1.8779389e-09      -23.025851       -23.025851      -4154.2808                                                  -4154.2808
              1       -2100.166      0.36164662   1.8780107e-09      -23.025851       -23.025851      -4154.2804                                                  -4154.2804
              1       -2100.827      0.35333405   1.8270035e-09      -23.025851       -23.025851      -4155.6022                                                  -4155.6022
              1      -2101.0636      0.33465532   1.9047672e-09      -23.025851       -23.025851      -4156.0754                                                  -4156.0754
              1      -2101.0765      0.33335158   1.8734516e-09      -23.025851       -23.025851      -4156.1013                                                  -4156.1013
              2      -2101.0746      0.33248816   1.8722554e-09      -23.025851       -23.025851      -4156.0974                                                  -4156.0974
              1      -2100.8211      0.34855136   1.8787339e-09      -23.025851       -23.025851      -4155.5906                                                  -4155.5906
              1      -2100.6759      0.34838343   1.9203699e-09      -23.025851       -23.025851      -4155.3001                                                  -4155.3001
              1      -2101.0405      0.34132677   1.8543202e-09      -23.025851       -23.025851      -4156.0292                                                  -4156.0292
              1      -2101.0393      0.34484712   1.8167092e-09      -23.025851       -23.025851      -4156.0269                                                  -4156.0269
              1      -2100.7122      0.36032986   1.7887622e-09      -23.025851       -23.025851      -4155.3728                                                  -4155.3728
              2      -2100.4636      0.36113855   1.8335642e-09      -23.025851       -23.025851      -4154.8755                                                  -4154.8755
              2      -2100.8065      0.35197027   1.8472751e-09      -23.025851       -23.025851      -4155.5612                                                  -4155.5612
              1      -2100.9963      0.34190483   1.8792646e-09      -23.025851       -23.025851      -4155.9409                                                  -4155.9409
              1      -2101.0602      0.34462435    1.795554e-09      -23.025851       -23.025851      -4156.0687                                                  -4156.0687
              1      -2100.9263      0.35097279   1.8161783e-09      -23.025851       -23.025851       -4155.801                                                   -4155.801
              2       -2100.931      0.35695268   1.7541463e-09      -23.025851       -23.025851      -4155.8104                                                  -4155.8104
              5      -2101.0456      0.35614685   1.6112133e-09      -23.025851       -23.025851      -4156.0395                                                  -4156.0395
              1      -2101.0534      0.35815505   1.6062467e-09      -23.025851       -23.025851      -4156.0551                                                  -4156.0551
              1      -2100.9496      0.33963966   1.6943972e-09      -23.025851       -23.025851      -4155.8475                                                  -4155.8475
              1      -2100.9069      0.33833442   1.6878934e-09      -23.025851       -23.025851       -4155.762                                                   -4155.762
              2      -2100.7829      0.33218257   1.7032567e-09      -23.025851       -23.025851      -4155.5142                                                  -4155.5142
              1      -2100.6852      0.32348913   1.7638544e-09      -23.025851       -23.025851      -4155.3186                                                  -4155.3186
              2      -2100.5735      0.32099959   1.7594579e-09      -23.025851       -23.025851      -4155.0954                                                  -4155.0954
              1      -2100.5418      0.32434092   1.7150314e-09      -23.025851       -23.025851      -4155.0319                                                  -4155.0319
              1      -2100.5337      0.32465289   1.7096554e-09      -23.025851       -23.025851      -4155.0157                                                  -4155.0157
              1      -2100.5718      0.32567426   1.7087785e-09      -23.025851       -23.025851      -4155.0918                                                  -4155.0918
              1        -2100.76      0.33787809   1.6402244e-09      -23.025851       -23.025851      -4155.4683                                                  -4155.4683
              2      -2100.8149      0.36409054   1.7255659e-09      -23.025851       -23.025851      -4155.5781                                                  -4155.5781
              2      -2100.8621      0.36187925   1.7318012e-09      -23.025851       -23.025851      -4155.6725                                                  -4155.6725
              1      -2100.9449      0.35642948   1.7534392e-09      -23.025851       -23.025851       -4155.838                                                   -4155.838
              2      -2101.0424       0.3422568   1.7282594e-09      -23.025851       -23.025851       -4156.033                                                   -4156.033
              1       -2101.041      0.35726214   1.6865846e-09      -23.025851       -23.025851      -4156.0302                                                  -4156.0302
              1      -2100.9637      0.35867433    1.723068e-09      -23.025851       -23.025851      -4155.8756                                                  -4155.8756
              2      -2100.9762      0.35865472   1.7171159e-09      -23.025851       -23.025851      -4155.9007                                                  -4155.9007
              1      -2100.8946      0.32961353   1.7709603e-09      -23.025851       -23.025851      -4155.7375                                                  -4155.7375
              1      -2100.8402       0.3299315   1.7462598e-09      -23.025851       -23.025851      -4155.6287                                                  -4155.6287
              1      -2101.0603      0.34432351   1.7301841e-09      -23.025851       -23.025851      -4156.0689                                                  -4156.0689
              2      -2101.0733      0.34111811   1.7981325e-09      -23.025851       -23.025851      -4156.0948                                                  -4156.0948
              1      -2100.9064       0.3395568   1.6759339e-09      -23.025851       -23.025851       -4155.761                                                   -4155.761
              1      -2101.0545      0.34662398   1.7815087e-09      -23.025851       -23.025851      -4156.0573                                                  -4156.0573
              1      -2101.0588      0.34586765   1.7839352e-09      -23.025851       -23.025851      -4156.0658                                                  -4156.0658
              1       -2100.912      0.32152655   1.8680607e-09      -23.025851       -23.025851      -4155.7723                                                  -4155.7723
              1      -2100.8829      0.32097906   1.8615908e-09      -23.025851       -23.025851      -4155.7142                                                  -4155.7142
              1      -2101.0694      0.33272624   1.8571932e-09      -23.025851       -23.025851      -4156.0872                                                  -4156.0872
              2      -2101.0742      0.32841497   1.9132225e-09      -23.025851       -23.025851      -4156.0967                                                  -4156.0967
              1      -2101.0237      0.34295676   1.7060322e-09      -23.025851       -23.025851      -4155.9956                                                  -4155.9956
              1      -2101.0389      0.35226893   1.7389304e-09      -23.025851       -23.025851      -4156.0261                                                  -4156.0261
              2      -2101.0193      0.32520895   1.8862631e-09      -23.025851       -23.025851      -4155.9869                                                  -4155.9869
              1       -2101.046      0.33277108   1.8259619e-09      -23.025851       -23.025851      -4156.0403                                                  -4156.0403
              1      -2101.0633      0.34254286   1.8138062e-09      -23.025851       -23.025851       -4156.075                                                   -4156.075
              1       -2101.011      0.33870293   1.9060398e-09      -23.025851       -23.025851      -4155.9703                                                  -4155.9703
              1      -2101.0068      0.34401342   1.8497386e-09      -23.025851       -23.025851       -4155.962                                                   -4155.962
              1      -2100.9068      0.34845603   1.8502392e-09      -23.025851       -23.025851      -4155.7619                                                  -4155.7619
              1      -2101.0271      0.33588687   1.9271157e-09      -23.025851       -23.025851      -4156.0025                                                  -4156.0025
              1      -2100.9938      0.32303882   1.8938446e-09      -23.025851       -23.025851      -4155.9359                                                  -4155.9359
              1      -2100.9006      0.31902779   1.8921966e-09      -23.025851       -23.025851      -4155.7495                                                  -4155.7495
              1      -2100.9499      0.34028776   1.6882301e-09      -23.025851       -23.025851       -4155.848                                                   -4155.848
              2      -2100.5396       0.3267448   1.6893636e-09      -23.025851       -23.025851      -4155.0275                                                  -4155.0275
              1      -2100.9677      0.36294758   1.6805711e-09      -23.025851       -23.025851      -4155.8837                                                  -4155.8837
              1        -2100.95       0.3600074   1.7165182e-09      -23.025851       -23.025851      -4155.8484                                                  -4155.8484
              1      -2100.9892      0.33427219   1.7685684e-09      -23.025851       -23.025851      -4155.9267                                                  -4155.9267
              2      -2100.9055      0.33445477   1.7255873e-09      -23.025851       -23.025851      -4155.7593                                                  -4155.7593
              1      -2101.0593      0.35681577    1.627696e-09      -23.025851       -23.025851       -4156.067                                                   -4156.067
              1      -2101.0351      0.36399587   1.6273081e-09      -23.025851       -23.025851      -4156.0185                                                  -4156.0185
              2      -2101.0112      0.35184163   1.7645694e-09      -23.025851       -23.025851      -4155.9707                                                  -4155.9707
              1      -2100.9572      0.35383709   1.7737013e-09      -23.025851       -23.025851      -4155.8626                                                  -4155.8626
              3      -2101.0139      0.35970503   1.6850632e-09      -23.025851       -23.025851       -4155.976                                                   -4155.976
              1      -2101.0077      0.35447325   1.7403261e-09      -23.025851       -23.025851      -4155.9636                                                  -4155.9636
              1      -2100.7478      0.32388204   1.7791216e-09      -23.025851       -23.025851      -4155.4439                                                  -4155.4439
              1      -2100.4693      0.32924574    1.646877e-09      -23.025851       -23.025851       -4154.887                                                   -4154.887
              1      -2100.7372       0.3352244   1.6587178e-09      -23.025851       -23.025851      -4155.4226                                                  -4155.4226
              2      -2100.7094      0.33256469   1.6765772e-09      -23.025851       -23.025851       -4155.367                                                   -4155.367
              1      -2101.0435      0.35396032   1.6264911e-09      -23.025851       -23.025851      -4156.0352                                                  -4156.0352
              1      -2101.0595      0.35747181   1.6235933e-09      -23.025851       -23.025851      -4156.0672                                                  -4156.0672
              1      -2101.0589      0.35173916   1.7201248e-09      -23.025851       -23.025851       -4156.066                                                   -4156.066
              1      -2101.0692       0.3450974   1.7430606e-09      -23.025851       -23.025851      -4156.0867                                                  -4156.0867
              1      -2100.8294      0.33812945   1.6605147e-09      -23.025851       -23.025851      -4155.6072                                                  -4155.6072
              2      -2100.6581      0.32197819   1.7724074e-09      -23.025851       -23.025851      -4155.2645                                                  -4155.2645
              1      -2100.6626       0.3219188   1.7744104e-09      -23.025851       -23.025851      -4155.2735                                                  -4155.2735
              1       -2098.656      0.28466637   1.8305762e-09      -23.025851       -23.025851      -4151.2604                                                  -4151.2604
              1      -2098.8895      0.28402982   1.8792675e-09      -23.025851       -23.025851      -4151.7273                                                  -4151.7273
              1       -2098.833      0.28322812   1.8807507e-09      -23.025851       -23.025851      -4151.6143                                                  -4151.6143
              1      -2098.9443      0.28414231   1.8873101e-09      -23.025851       -23.025851      -4151.8368                                                  -4151.8368
              1      -2098.6493      0.27913847   1.9079909e-09      -23.025851       -23.025851      -4151.2469                                                  -4151.2469
              1      -2100.5496      0.30384027   1.9603655e-09      -23.025851       -23.025851      -4155.0475                                                  -4155.0475
              1      -2100.2863      0.29393553   2.0253624e-09      -23.025851       -23.025851      -4154.5209                                                  -4154.5209
              1      -2100.9763      0.30949552   2.0526145e-09      -23.025851       -23.025851       -4155.901                                                   -4155.901
              1      -2100.5184      0.28574239    2.218622e-09      -23.025851       -23.025851       -4154.985                                                   -4154.985
              1      -2100.3464      0.28318111    2.208291e-09      -23.025851       -23.025851      -4154.6411                                                  -4154.6411
              1      -2100.7899      0.29726188   2.1354649e-09      -23.025851       -23.025851      -4155.5281                                                  -4155.5281
              1      -2101.0292       0.3082482   2.1085179e-09      -23.025851       -23.025851      -4156.0068                                                  -4156.0068
              1      -2101.0431      0.31075777   2.2384555e-09      -23.025851       -23.025851      -4156.0346                                                  -4156.0346
              1      -2101.0593      0.30927553   2.2412604e-09      -23.025851       -23.025851      -4156.0668                                                  -4156.0668
              1      -2101.0456      0.31096739   2.0866302e-09      -23.025851       -23.025851      -4156.0396                                                  -4156.0396
              2      -2100.7507      0.33844345   2.0127791e-09      -23.025851       -23.025851      -4155.4497                                                  -4155.4497
              1      -2100.5124      0.33153529   2.1571264e-09      -23.025851       -23.025851      -4154.9732                                                  -4154.9732
              2      -2100.9237      0.32051627   2.1778572e-09      -23.025851       -23.025851      -4155.7956                                                  -4155.7956
              1      -2099.4935      0.26662514   2.2836215e-09      -23.025851       -23.025851      -4152.9354                                                  -4152.9354
              1      -2100.0851      0.28646054   2.0861898e-09      -23.025851       -23.025851      -4154.1185                                                  -4154.1185
              1      -2101.0804       0.3141434   2.1248067e-09      -23.025851       -23.025851      -4156.1091                                                  -4156.1091
              2      -2101.0689      0.33708086   1.8667948e-09      -23.025851       -23.025851       -4156.086                                                   -4156.086
              1      -2100.0283      0.30135692   1.8635482e-09      -23.025851       -23.025851      -4154.0048                                                  -4154.0048
              2      -2100.0325      0.31072719   1.7504736e-09      -23.025851       -23.025851      -4154.0133                                                  -4154.0133
              2      -2100.1823      0.30659711   1.8316875e-09      -23.025851       -23.025851      -4154.3128                                                  -4154.3128
              2      -2100.9005      0.34265227   1.6444769e-09      -23.025851       -23.025851      -4155.7493                                                  -4155.7493
              2      -2101.0323      0.35528342   1.6050732e-09      -23.025851       -23.025851       -4156.013                                                   -4156.013
              5      -2101.0668      0.34890007   1.7330873e-09      -23.025851       -23.025851      -4156.0819                                                  -4156.0819
              4      -2100.6328      0.32745885   1.7066111e-09      -23.025851       -23.025851      -4155.2139                                                  -4155.2139
              2      -2100.5936      0.30956727    1.899384e-09      -23.025851       -23.025851      -4155.1355                                                  -4155.1355
              2       -2100.511      0.30310259   1.9590356e-09      -23.025851       -23.025851      -4154.9703                                                  -4154.9703
              1      -2100.9657      0.30212485   2.1499811e-09      -23.025851       -23.025851      -4155.8796                                                  -4155.8796
              2      -2100.5652       0.2877405   2.2014036e-09      -23.025851       -23.025851      -4155.0787                                                  -4155.0787
              1      -2101.0669      0.31025102   2.1242028e-09      -23.025851       -23.025851      -4156.0821                                                  -4156.0821
              1      -2101.0675      0.31031161   2.1243457e-09      -23.025851       -23.025851      -4156.0832                                                  -4156.0832
              1      -2101.0666        0.310042   2.1267648e-09      -23.025851       -23.025851      -4156.0816                                                  -4156.0816
              3      -2101.0558      0.30216739   2.2267108e-09      -23.025851       -23.025851      -4156.0599                                                  -4156.0599
              1      -2101.0272      0.30202182   2.3842296e-09      -23.025851       -23.025851      -4156.0027                                                  -4156.0027
              1      -2101.0601      0.28496788   2.5430364e-09      -23.025851       -23.025851      -4156.0684                                                  -4156.0684
              1      -2101.0225      0.28218911   2.5375165e-09      -23.025851       -23.025851      -4155.9932                                                  -4155.9932
              2      -2100.5401      0.30381446   2.5578918e-09      -23.025851       -23.025851      -4155.0285                                                  -4155.0285
              4      -2100.5753      0.30394184   2.5462157e-09      -23.025851       -23.025851      -4155.0989                                                  -4155.0989
              1      -2100.9954      0.29173857    2.580488e-09      -23.025851       -23.025851      -4155.9391                                                  -4155.9391
              2      -2101.0064      0.29217104     2.56408e-09      -23.025851       -23.025851      -4155.9611                                                  -4155.9611
              1      -2101.0436      0.29145519    2.538518e-09      -23.025851       -23.025851      -4156.0355                                                  -4156.0355
              1      -2100.1708       0.3164708   2.4375556e-09      -23.025851       -23.025851        -4154.29                                                    -4154.29
              1      -2100.0223       0.3166959   2.4611013e-09      -23.025851       -23.025851      -4153.9929                                                  -4153.9929
              2      -2100.0528      0.31685222   2.4533398e-09      -23.025851       -23.025851      -4154.0538                                                  -4154.0538
              1      -2099.0923      0.32406582   2.4822889e-09      -23.025851       -23.025851      -4152.1328                                                  -4152.1328
              1      -2099.8627      0.31030943   2.5903613e-09      -23.025851       -23.025851      -4153.6737                                                  -4153.6737
              2      -2100.9688      0.29785157   2.4948517e-09      -23.025851       -23.025851      -4155.8859                                                  -4155.8859
              3      -2101.0354      0.28826133   2.6034028e-09      -23.025851       -23.025851      -4156.0191                                                  -4156.0191
              7      -2101.0497      0.28782294   2.5913678e-09      -23.025851       -23.025851      -4156.0476                                                  -4156.0476
              1      -2101.0679      0.29837309   2.3087125e-09      -23.025851       -23.025851      -4156.0842                                                  -4156.0842
              1      -2100.5143      0.32475471    2.246526e-09      -23.025851       -23.025851       -4154.977                                                   -4154.977
              1      -2101.0711      0.31528731   2.0633986e-09      -23.025851       -23.025851      -4156.0905                                                  -4156.0905
              1      -2100.7605      0.34919028   1.8896904e-09      -23.025851       -23.025851      -4155.4692                                                  -4155.4692
              1      -2100.5036      0.35032259    1.937586e-09      -23.025851       -23.025851      -4154.9555                                                  -4154.9555
              1      -2100.9419      0.33241247   2.0170085e-09      -23.025851       -23.025851      -4155.8322                                                  -4155.8322
              5      -2101.0752      0.33581579   1.8445556e-09      -23.025851       -23.025851      -4156.0987                                                  -4156.0987
              2      -2100.9328      0.34671435   1.8582141e-09      -23.025851       -23.025851      -4155.8139                                                  -4155.8139
              1       -2100.964      0.34480355   1.8646583e-09      -23.025851       -23.025851      -4155.8763                                                  -4155.8763
              1      -2101.0782      0.31614185   2.0704184e-09      -23.025851       -23.025851      -4156.1048                                                  -4156.1048
              1      -2100.6668      0.30355226   2.0006605e-09      -23.025851       -23.025851      -4155.2818                                                  -4155.2818
              1      -2100.2263      0.28591895   2.1306773e-09      -23.025851       -23.025851      -4154.4009                                                  -4154.4009
              1      -2100.2097      0.28570736   2.1296101e-09      -23.025851       -23.025851      -4154.3677                                                  -4154.3677
              2      -2100.7313      0.29487972   2.1483197e-09      -23.025851       -23.025851      -4155.4109                                                  -4155.4109
              4      -2100.6115       0.2856058   2.2524303e-09      -23.025851       -23.025851      -4155.1713                                                  -4155.1713
              3      -2100.5197      0.28255232   2.2726788e-09      -23.025851       -23.025851      -4154.9877                                                  -4154.9877
              2      -2099.8826      0.28423458   2.0726561e-09      -23.025851       -23.025851      -4153.7135                                                  -4153.7135
              3      -2100.9244      0.30874001   2.0336008e-09      -23.025851       -23.025851       -4155.797                                                   -4155.797
              4      -2100.8357      0.29348756    2.213446e-09      -23.025851       -23.025851      -4155.6198                                                  -4155.6198
              1      -2100.7575      0.28587972   2.3042472e-09      -23.025851       -23.025851      -4155.4633                                                  -4155.4633
              1      -2100.6481      0.28337137   2.3038641e-09      -23.025851       -23.025851      -4155.2446                                                  -4155.2446
              2       -2101.077      0.29878913   2.3384094e-09      -23.025851       -23.025851      -4156.1023                                                  -4156.1023
              2      -2101.0749      0.29633021    2.394275e-09      -23.025851       -23.025851      -4156.0981                                                  -4156.0981
              1      -2100.9287      0.31355162   2.2730454e-09      -23.025851       -23.025851      -4155.8057                                                  -4155.8057
              1      -2100.8197      0.31576714   2.2861909e-09      -23.025851       -23.025851      -4155.5877                                                  -4155.5877
              2      -2099.7102      0.36123365   1.9435409e-09      -23.025851       -23.025851      -4153.3687                                                  -4153.3687
              2      -2100.1231      0.36183557   1.8825067e-09      -23.025851       -23.025851      -4154.1945                                                  -4154.1945
              1      -2100.6463      0.31742049   1.8204302e-09      -23.025851       -23.025851       -4155.241                                                   -4155.241
              2      -2100.6605      0.32030769   1.7917018e-09      -23.025851       -23.025851      -4155.2693                                                  -4155.2693
              1      -2100.8275      0.33100075   1.7305765e-09      -23.025851       -23.025851      -4155.6032                                                  -4155.6032
              2       -2100.416      0.32544564    1.672854e-09      -23.025851       -23.025851      -4154.7803                                                  -4154.7803
              1      -2100.8464      0.34649748    1.892657e-09      -23.025851       -23.025851      -4155.6411                                                  -4155.6411
              1      -2101.0646      0.31160427   2.1017114e-09      -23.025851       -23.025851      -4156.0774                                                  -4156.0774
              1       -2100.082      0.28243504   2.1491075e-09      -23.025851       -23.025851      -4154.1123                                                  -4154.1123
              1      -2099.9289      0.29224848   1.9644531e-09      -23.025851       -23.025851      -4153.8062                                                  -4153.8062
              1      -2100.5498      0.30893377   1.8946891e-09      -23.025851       -23.025851      -4155.0479                                                  -4155.0479
              1       -2100.712      0.30954617   1.9368373e-09      -23.025851       -23.025851      -4155.3723                                                  -4155.3723
              3      -2100.4482      0.29312081   2.0816154e-09      -23.025851       -23.025851      -4154.8448                                                  -4154.8448
              1       -2100.356      0.29583857   2.0164282e-09      -23.025851       -23.025851      -4154.6604                                                  -4154.6604
              1       -2100.793      0.29939734    2.105186e-09      -23.025851       -23.025851      -4155.5343                                                  -4155.5343
              1      -2100.3677      0.28584221   2.1709817e-09      -23.025851       -23.025851      -4154.6836                                                  -4154.6836
              1      -2099.8007      0.27436383   2.2158425e-09      -23.025851       -23.025851      -4153.5497                                                  -4153.5497
              1      -2099.3657       0.2738883   2.1266678e-09      -23.025851       -23.025851      -4152.6798                                                  -4152.6798
              1      -2099.3409       0.2757887   2.0900133e-09      -23.025851       -23.025851      -4152.6301                                                  -4152.6301
              1      -2101.0524      0.31790116   2.1295362e-09      -23.025851       -23.025851      -4156.0532                                                  -4156.0532
              1      -2101.0118       0.3208025   2.1254397e-09      -23.025851       -23.025851      -4155.9719                                                  -4155.9719
              2      -2100.5906      0.30526787   2.5199068e-09      -23.025851       -23.025851      -4155.1295                                                  -4155.1295
              1      -2100.8707      0.29071251   2.2751926e-09      -23.025851       -23.025851      -4155.6898                                                  -4155.6898
              3      -2100.6958      0.27479781   2.4809913e-09      -23.025851       -23.025851      -4155.3399                                                  -4155.3399
              1       -2100.391      0.28651543   2.1668945e-09      -23.025851       -23.025851      -4154.7302                                                  -4154.7302
              1      -2100.0546      0.27807089   2.2147353e-09      -23.025851       -23.025851      -4154.0575                                                  -4154.0575
              4      -2099.6409      0.27887524   2.1034378e-09      -23.025851       -23.025851      -4153.2301                                                  -4153.2301
              2       -2099.494      0.27872898   2.0743313e-09      -23.025851       -23.025851      -4152.9364                                                  -4152.9364
              1       -2098.327      0.27623854   1.8958763e-09      -23.025851       -23.025851      -4150.6023                                                  -4150.6023
              3      -2097.2761        0.273903   1.7635203e-09      -23.025851       -23.025851      -4148.5005                                                  -4148.5005
              3      -2097.2187      0.27550444   1.7328041e-09      -23.025851       -23.025851      -4148.3857                                                  -4148.3857
              2      -2101.0241       0.3014053    2.396656e-09      -23.025851       -23.025851      -4155.9966                                                  -4155.9966
              3      -2098.2184      0.33229454   2.4545071e-09      -23.025851       -23.025851      -4150.3851                                                  -4150.3851
              5      -2098.5329      0.32843597   2.4794825e-09      -23.025851       -23.025851      -4151.0142                                                  -4151.0142
              2      -2100.3572      0.35248431   1.9419323e-09      -23.025851       -23.025851      -4154.6627                                                  -4154.6627
              1      -2101.0454      0.31210513   2.0711067e-09      -23.025851       -23.025851      -4156.0392                                                  -4156.0392
              2      -2100.9906      0.31402172   2.0019749e-09      -23.025851       -23.025851      -4155.9294                                                  -4155.9294
              1      -2101.0733      0.29368548   2.4136203e-09      -23.025851       -23.025851      -4156.0949                                                  -4156.0949
              1      -2100.3247      0.28479431   2.1755817e-09      -23.025851       -23.025851      -4154.5976                                                  -4154.5976
              1      -2100.7527      0.31062008   1.9371959e-09      -23.025851       -23.025851      -4155.4536                                                  -4155.4536
              2      -2100.7431      0.30994974   1.9423432e-09      -23.025851       -23.025851      -4155.4344                                                  -4155.4344
              2      -2100.7529      0.30859893   1.9631223e-09      -23.025851       -23.025851      -4155.4541                                                  -4155.4541
              1      -2100.9686      0.32246023   1.8856792e-09      -23.025851       -23.025851      -4155.8856                                                  -4155.8856
              1       -2101.061      0.32182252   1.9656213e-09      -23.025851       -23.025851      -4156.0704                                                  -4156.0704
              1      -2101.0632      0.33356723   1.8379555e-09      -23.025851       -23.025851      -4156.0747                                                  -4156.0747
              1      -2100.9849       0.3390256   1.9179962e-09      -23.025851       -23.025851      -4155.9181                                                  -4155.9181
              7      -2100.9921       0.3514901   1.6090004e-09      -23.025851       -23.025851      -4155.9325                                                  -4155.9325
              2       -2101.037      0.35172111   1.6388684e-09      -23.025851       -23.025851      -4156.0224                                                  -4156.0224
              1      -2100.7197      0.34856449   1.9073416e-09      -23.025851       -23.025851      -4155.3877                                                  -4155.3877
              6      -2099.8803      0.31064004   1.7213862e-09      -23.025851       -23.025851      -4153.7089                                                  -4153.7089
              2      -2100.6543      0.29060343   2.1862544e-09      -23.025851       -23.025851       -4155.257                                                   -4155.257
              4      -2100.9942       0.3145683   1.9973178e-09      -23.025851       -23.025851      -4155.9367                                                  -4155.9367
              1       -2101.063       0.3106675   2.1123375e-09      -23.025851       -23.025851      -4156.0744                                                  -4156.0744
              1      -2100.7869      0.29657067   2.1446516e-09      -23.025851       -23.025851      -4155.5222                                                  -4155.5222
              2      -2100.9268       0.2863602   2.3812236e-09      -23.025851       -23.025851      -4155.8019                                                  -4155.8019
              5      -2100.1555      0.31796359    2.417815e-09      -23.025851       -23.025851      -4154.2592                                                  -4154.2592
              1      -2100.4328      0.30953366    2.490951e-09      -23.025851       -23.025851       -4154.814                                                   -4154.814
              1      -2100.4581      0.31082726    2.464375e-09      -23.025851       -23.025851      -4154.8646                                                  -4154.8646
              3      -2099.3089      0.32322515   2.4679592e-09      -23.025851       -23.025851       -4152.566                                                   -4152.566
              3      -2099.3296      0.35373054   2.0686119e-09      -23.025851       -23.025851      -4152.6075                                                  -4152.6075
              2      -2099.5952      0.33411938   2.2766347e-09      -23.025851       -23.025851      -4153.1386                                                  -4153.1386
              2      -2099.3268       0.3337786   2.3153827e-09      -23.025851       -23.025851      -4152.6019                                                  -4152.6019
              1      -2098.7568      0.33248381   2.3978817e-09      -23.025851       -23.025851      -4151.4618                                                  -4151.4618
              1      -2100.5781       0.3297968   2.1643513e-09      -23.025851       -23.025851      -4155.1045                                                  -4155.1045
              1      -2100.4951      0.33330059   2.1384454e-09      -23.025851       -23.025851      -4154.9385                                                  -4154.9385
              1      -2100.5062      0.33158149   2.1579012e-09      -23.025851       -23.025851      -4154.9607                                                  -4154.9607
              1      -2100.6929      0.32979431   2.1351028e-09      -23.025851       -23.025851      -4155.3341                                                  -4155.3341
              1      -2100.6233      0.32101954   2.2714947e-09      -23.025851       -23.025851      -4155.1948                                                  -4155.1948
              3      -2100.9789      0.30007603   2.1891976e-09      -23.025851       -23.025851      -4155.9061                                                  -4155.9061
              1      -2101.0285      0.30145522   2.3919103e-09      -23.025851       -23.025851      -4156.0054                                                  -4156.0054
              2      -2101.0639      0.28834663   2.4836316e-09      -23.025851       -23.025851      -4156.0761                                                  -4156.0761
              1      -2101.0558      0.30394478   2.1995413e-09      -23.025851       -23.025851      -4156.0599                                                  -4156.0599
              1      -2101.0566      0.35412473   1.6986296e-09      -23.025851       -23.025851      -4156.0615                                                  -4156.0615
              2      -2100.6244      0.35990298   1.8133374e-09      -23.025851       -23.025851      -4155.1972                                                  -4155.1972
              3      -2100.4702      0.36055741   1.8380727e-09      -23.025851       -23.025851      -4154.8888                                                  -4154.8888
              7      -2100.3128      0.36254526   1.8459831e-09      -23.025851       -23.025851      -4154.5739                                                  -4154.5739
              2      -2100.7069      0.34307255   1.9713688e-09      -23.025851       -23.025851       -4155.362                                                   -4155.362
              1      -2100.8594      0.34026051   1.9575827e-09      -23.025851       -23.025851      -4155.6672                                                  -4155.6672
              1      -2100.8372      0.30505749   2.4421642e-09      -23.025851       -23.025851      -4155.6226                                                  -4155.6226
              1      -2101.0754      0.29589774   2.3834277e-09      -23.025851       -23.025851       -4156.099                                                   -4156.099
              1      -2101.0408      0.29774828   2.4384826e-09      -23.025851       -23.025851      -4156.0298                                                  -4156.0298
              2       -2101.041      0.28083991   2.5905846e-09      -23.025851       -23.025851      -4156.0303                                                  -4156.0303
              4       -2100.718      0.27296342    2.527092e-09      -23.025851       -23.025851      -4155.3842                                                  -4155.3842
              1      -2101.0645      0.30126673   2.3513698e-09      -23.025851       -23.025851      -4156.0774                                                  -4156.0774
              1      -2100.9899      0.29442809   2.5382461e-09      -23.025851       -23.025851      -4155.9281                                                  -4155.9281
              1       -2100.555      0.26663564   2.5902375e-09      -23.025851       -23.025851      -4155.0583                                                  -4155.0583
              1      -2100.7613      0.28896152     2.25399e-09      -23.025851       -23.025851      -4155.4709                                                  -4155.4709
              4      -2101.0193      0.30595205   2.3304969e-09      -23.025851       -23.025851       -4155.987                                                   -4155.987
              1      -2101.0745      0.29434227   2.4145359e-09      -23.025851       -23.025851      -4156.0974                                                  -4156.0974
              1      -2100.7435      0.28288147    2.350543e-09      -23.025851       -23.025851      -4155.4353                                                  -4155.4353
              2        -2100.81      0.29574819   2.1668463e-09      -23.025851       -23.025851      -4155.5684                                                  -4155.5684
              1      -2100.5081      0.33347865   2.1333476e-09      -23.025851       -23.025851      -4154.9646                                                  -4154.9646
              1      -2100.6293      0.32082021    2.272663e-09      -23.025851       -23.025851      -4155.2069                                                  -4155.2069
              1      -2100.9982      0.31581663   2.2023803e-09      -23.025851       -23.025851      -4155.9447                                                  -4155.9447
              1       -2100.744      0.29999017     2.07751e-09      -23.025851       -23.025851      -4155.4362                                                  -4155.4362
              1      -2100.7508      0.31508005   1.8813291e-09      -23.025851       -23.025851      -4155.4499                                                  -4155.4499
              3      -2100.7501      0.31496951   1.8824258e-09      -23.025851       -23.025851      -4155.4485                                                  -4155.4485
              2      -2100.5308      0.32342976   1.7218925e-09      -23.025851       -23.025851        -4155.01                                                    -4155.01
              1      -2099.7972      0.31927223   1.6129433e-09      -23.025851       -23.025851      -4153.5427                                                  -4153.5427
              4       -2100.286       0.3208695   1.6915082e-09      -23.025851       -23.025851      -4154.5202                                                  -4154.5202
              2      -2100.2387      0.31799427   1.7122009e-09      -23.025851       -23.025851      -4154.4258                                                  -4154.4258
              1      -2100.2284      0.31893079   1.6998521e-09      -23.025851       -23.025851      -4154.4051                                                  -4154.4051
              1      -2100.9488      0.33132813   1.7774505e-09      -23.025851       -23.025851      -4155.8459                                                  -4155.8459
              1      -2100.6712      0.32704856   1.7217493e-09      -23.025851       -23.025851      -4155.2907                                                  -4155.2907
              3      -2100.6432      0.33670323   1.6180027e-09      -23.025851       -23.025851      -4155.2348                                                  -4155.2348
              2      -2100.4666      0.32755051   1.6632234e-09      -23.025851       -23.025851      -4154.8816                                                  -4154.8816
              1      -2100.9752      0.33613388   1.7418425e-09      -23.025851       -23.025851      -4155.8988                                                  -4155.8988
              2       -2100.998      0.31703385   1.9686757e-09      -23.025851       -23.025851      -4155.9442                                                  -4155.9442
              1       -2100.618      0.32378359   1.7413124e-09      -23.025851       -23.025851      -4155.1843                                                  -4155.1843
              1      -2101.0478      0.30919686   2.1135047e-09      -23.025851       -23.025851      -4156.0439                                                  -4156.0439
              1      -2100.9114      0.30162135   2.1266049e-09      -23.025851       -23.025851      -4155.7711                                                  -4155.7711
              2      -2100.9094       0.3015735   2.1262706e-09      -23.025851       -23.025851       -4155.767                                                   -4155.767
              1      -2100.8005      0.29649203   2.1514483e-09      -23.025851       -23.025851      -4155.5493                                                  -4155.5493
              1      -2100.1927      0.29955634   1.9242345e-09      -23.025851       -23.025851      -4154.3336                                                  -4154.3336
              1      -2100.9723      0.32345251   1.8762618e-09      -23.025851       -23.025851      -4155.8928                                                  -4155.8928
              2      -2101.0454      0.31991734   1.9709528e-09      -23.025851       -23.025851      -4156.0392                                                  -4156.0392
              1      -2100.6504      0.33635132   2.0645315e-09      -23.025851       -23.025851      -4155.2491                                                  -4155.2491
              1      -2100.6501      0.32574034   2.1997055e-09      -23.025851       -23.025851      -4155.2484                                                  -4155.2484
              1      -2101.0032      0.30884352   2.0794439e-09      -23.025851       -23.025851      -4155.9546                                                  -4155.9546
              1      -2101.0039      0.31350317   2.0177151e-09      -23.025851       -23.025851      -4155.9562                                                  -4155.9562
              2      -2101.0375      0.32303674   2.0763423e-09      -23.025851       -23.025851      -4156.0232                                                  -4156.0232
              1      -2100.5218       0.3541793   1.8929275e-09      -23.025851       -23.025851       -4154.992                                                   -4154.992
              1      -2100.3225      0.35070282   1.9673766e-09      -23.025851       -23.025851      -4154.5932                                                  -4154.5932
              2      -2100.6712      0.34392146   1.9708526e-09      -23.025851       -23.025851      -4155.2906                                                  -4155.2906
              3      -2100.0443      0.36322001   1.8798479e-09      -23.025851       -23.025851      -4154.0368                                                  -4154.0368
              3      -2100.8298      0.36245793   1.7365102e-09      -23.025851       -23.025851      -4155.6079                                                  -4155.6079
              1      -2100.3933      0.36437384   1.8145362e-09      -23.025851       -23.025851      -4154.7348                                                  -4154.7348
              2      -2100.6336      0.34634669   1.9528545e-09      -23.025851       -23.025851      -4155.2156                                                  -4155.2156
              1       -2101.053      0.30869214   2.1266265e-09      -23.025851       -23.025851      -4156.0543                                                  -4156.0543
              5      -2100.8484      0.31141345   1.9636526e-09      -23.025851       -23.025851      -4155.6452                                                  -4155.6452
              1      -2100.7564      0.32092349   1.8148814e-09      -23.025851       -23.025851       -4155.461                                                   -4155.461
              1      -2101.0718      0.33684301   1.8625823e-09      -23.025851       -23.025851       -4156.092                                                   -4156.092
              1      -2100.1545      0.33878721   2.1342645e-09      -23.025851       -23.025851      -4154.2574                                                  -4154.2574
              2      -2100.9491      0.30804726   2.3441776e-09      -23.025851       -23.025851      -4155.8465                                                  -4155.8465
              4       -2100.535      0.27079926   2.4963314e-09      -23.025851       -23.025851      -4155.0183                                                  -4155.0183
              3      -2099.6747      0.28169034    2.065989e-09      -23.025851       -23.025851      -4153.2976                                                  -4153.2976
              3       -2100.846      0.27464789    2.556901e-09      -23.025851       -23.025851      -4155.6403                                                  -4155.6403
              3      -2100.3463      0.27420206   2.3663259e-09      -23.025851       -23.025851       -4154.641                                                   -4154.641
              1      -2101.0789      0.31438924   2.0961196e-09      -23.025851       -23.025851      -4156.1061                                                  -4156.1061
              1      -2101.0384       0.3149058   2.1844566e-09      -23.025851       -23.025851      -4156.0251                                                  -4156.0251
              3      -2100.9492      0.30729455   2.3555652e-09      -23.025851       -23.025851      -4155.8468                                                  -4155.8468
              3      -2101.0635      0.30315259   2.3246862e-09      -23.025851       -23.025851      -4156.0754                                                  -4156.0754
              2      -2101.0433       0.3028391   2.3558325e-09      -23.025851       -23.025851      -4156.0348                                                  -4156.0348
              1      -2101.0446       0.2957905   2.3148498e-09      -23.025851       -23.025851      -4156.0374                                                  -4156.0374
              3       -2101.065      0.31220759   2.0941598e-09      -23.025851       -23.025851      -4156.0784                                                  -4156.0784
              2      -2100.9757      0.32023484   2.1554912e-09      -23.025851       -23.025851      -4155.8996                                                  -4155.8996
              3      -2101.0629       0.3292393   1.9710493e-09      -23.025851       -23.025851      -4156.0742                                                  -4156.0742
              1      -2101.0576      0.30119058   2.2444934e-09      -23.025851       -23.025851      -4156.0635                                                  -4156.0635
              1      -2101.0727      0.30083659   2.2794324e-09      -23.025851       -23.025851      -4156.0937                                                  -4156.0937
              1      -2100.1993      0.26714373   2.4578146e-09      -23.025851       -23.025851      -4154.3468                                                  -4154.3468
              8      -2100.3714      0.26795197   2.4962664e-09      -23.025851       -23.025851       -4154.691                                                   -4154.691
              1      -2100.5772      0.30460393   2.5346675e-09      -23.025851       -23.025851      -4155.1026                                                  -4155.1026
              3      -2100.5691      0.30302063   2.5634233e-09      -23.025851       -23.025851      -4155.0865                                                  -4155.0865
              1      -2101.0533      0.29500823    2.466824e-09      -23.025851       -23.025851      -4156.0549                                                  -4156.0549
              1      -2100.8385      0.33386479   2.0400848e-09      -23.025851       -23.025851      -4155.6254                                                  -4155.6254
              3      -2101.0723      0.32855379   1.9635015e-09      -23.025851       -23.025851      -4156.0929                                                  -4156.0929
              5      -2101.0547      0.28493844   2.5305762e-09      -23.025851       -23.025851      -4156.0577                                                  -4156.0577
              1      -2100.9972      0.28352743   2.4854442e-09      -23.025851       -23.025851      -4155.9427                                                  -4155.9427
              1      -2101.0292      0.31032027   2.2575391e-09      -23.025851       -23.025851      -4156.0068                                                  -4156.0068
              1      -2101.0082      0.31066201   2.2690361e-09      -23.025851       -23.025851      -4155.9646                                                  -4155.9646
              1       -2101.075      0.29725352    2.381825e-09      -23.025851       -23.025851      -4156.0983                                                  -4156.0983
              1      -2101.0742      0.29919295   2.3590645e-09      -23.025851       -23.025851      -4156.0966                                                  -4156.0966
              2      -2100.9339      0.30439411   2.4087477e-09      -23.025851       -23.025851      -4155.8162                                                  -4155.8162
              1      -2100.7833      0.29469539   2.1717689e-09      -23.025851       -23.025851       -4155.515                                                   -4155.515
              4      -2100.7244      0.30894814   2.4209683e-09      -23.025851       -23.025851      -4155.3971                                                  -4155.3971
              4      -2100.4999      0.32034328    2.311573e-09      -23.025851       -23.025851      -4154.9481                                                  -4154.9481
              1      -2100.4665      0.32269413   2.2859794e-09      -23.025851       -23.025851      -4154.8813                                                  -4154.8813
              3      -2097.8111      0.33552742    2.445517e-09      -23.025851       -23.025851      -4149.5706                                                  -4149.5706
              1      -2099.7387      0.32168822   2.4313778e-09      -23.025851       -23.025851      -4153.4257                                                  -4153.4257
              2      -2100.1563      0.33636912   2.1641161e-09      -23.025851       -23.025851      -4154.2608                                                  -4154.2608
              1      -2100.7448      0.30606064   1.9937563e-09      -23.025851       -23.025851      -4155.4379                                                  -4155.4379
              4      -2101.0552      0.29995242   2.2607791e-09      -23.025851       -23.025851      -4156.0587                                                  -4156.0587
              1      -2099.9437      0.27170048    2.298951e-09      -23.025851       -23.025851      -4153.8357                                                  -4153.8357
              5      -2099.7818      0.27774748   2.1536877e-09      -23.025851       -23.025851       -4153.512                                                   -4153.512
              3      -2100.2696       0.2800977   2.2382352e-09      -23.025851       -23.025851      -4154.4875                                                  -4154.4875
              1      -2100.4582      0.26875079   2.5099027e-09      -23.025851       -23.025851      -4154.8647                                                  -4154.8647
              6      -2101.0803      0.30889513   2.1874802e-09      -23.025851       -23.025851       -4156.109                                                   -4156.109
              1      -2101.0244      0.31734465   1.9841126e-09      -23.025851       -23.025851      -4155.9972                                                  -4155.9972
              1      -2100.9696      0.33668082   1.9529904e-09      -23.025851       -23.025851      -4155.8874                                                  -4155.8874
              1      -2101.0746      0.32686499   1.9793795e-09      -23.025851       -23.025851      -4156.0974                                                  -4156.0974
              1      -2101.0489      0.33199595   1.8370426e-09      -23.025851       -23.025851       -4156.046                                                   -4156.046
             10       -2100.392       0.3259008   2.2575996e-09      -23.025851       -23.025851      -4154.7324                                                  -4154.7324
              1      -2101.0735      0.30092675   2.3364293e-09      -23.025851       -23.025851      -4156.0952                                                  -4156.0952
              2      -2100.7971      0.31493649   1.8995576e-09      -23.025851       -23.025851      -4155.5426                                                  -4155.5426
              1      -2100.9985      0.33836104    1.733159e-09      -23.025851       -23.025851      -4155.9453                                                  -4155.9453
              3      -2100.8961      0.33125283   1.7543885e-09      -23.025851       -23.025851      -4155.7405                                                  -4155.7405
              1      -2100.7633      0.28583496   2.3075071e-09      -23.025851       -23.025851      -4155.4749                                                  -4155.4749
              4      -2100.7321      0.30372458   2.5021605e-09      -23.025851       -23.025851      -4155.4126                                                  -4155.4126
              1      -2100.7304      0.27794754   2.4353562e-09      -23.025851       -23.025851      -4155.4091                                                  -4155.4091
              3      -2100.8026      0.31222463   1.9351908e-09      -23.025851       -23.025851      -4155.5536                                                  -4155.5536
              2      -2100.8761      0.30514807   2.0592276e-09      -23.025851       -23.025851      -4155.7005                                                  -4155.7005
              2      -2100.0884      0.27566416   2.2655186e-09      -23.025851       -23.025851      -4154.1251                                                  -4154.1251
              3      -2101.0653      0.35340292   1.6730974e-09      -23.025851       -23.025851       -4156.079                                                   -4156.079
              5      -2101.0623      0.35026667   1.7294966e-09      -23.025851       -23.025851       -4156.073                                                   -4156.073
              2      -2101.0727      0.31462406   2.0754584e-09      -23.025851       -23.025851      -4156.0937                                                  -4156.0937
              4      -2100.9426      0.32512296   2.1079922e-09      -23.025851       -23.025851      -4155.8334                                                  -4155.8334
              2      -2101.0771      0.32159564   2.0403281e-09      -23.025851       -23.025851      -4156.1025                                                  -4156.1025
              2      -2100.9689      0.31801715   1.9387509e-09      -23.025851       -23.025851      -4155.8862                                                  -4155.8862
              3      -2101.0184       0.3354716   1.7751534e-09      -23.025851       -23.025851       -4155.985                                                   -4155.985
              3      -2100.4219       0.3289666   1.6386199e-09      -23.025851       -23.025851       -4154.792                                                   -4154.792
              2       -2100.906      0.31244627   1.9758816e-09      -23.025851       -23.025851      -4155.7602                                                  -4155.7602
              3       -2100.966      0.33398286   1.9865585e-09      -23.025851       -23.025851      -4155.8803                                                  -4155.8803
              2      -2101.0761        0.335367   1.8566379e-09      -23.025851       -23.025851      -4156.1005                                                  -4156.1005
              2      -2100.9748      0.30598211   2.1001738e-09      -23.025851       -23.025851       -4155.898                                                   -4155.898
              1      -2100.9297      0.34655761   1.8612151e-09      -23.025851       -23.025851      -4155.8077                                                  -4155.8077
              2      -2100.7649      0.35456667   1.8324809e-09      -23.025851       -23.025851       -4155.478                                                   -4155.478
              4      -2100.8825      0.35178026   1.8245759e-09      -23.025851       -23.025851      -4155.7133                                                  -4155.7133
              4       -2100.969      0.34557754   1.8538652e-09      -23.025851       -23.025851      -4155.8863                                                  -4155.8863
              1       -2100.906      0.33280675   1.7425518e-09      -23.025851       -23.025851      -4155.7603                                                  -4155.7603
              5      -2100.8689      0.34327668   1.6265369e-09      -23.025851       -23.025851      -4155.6862                                                  -4155.6862
              1       -2101.005      0.34844994   1.6432807e-09      -23.025851       -23.025851      -4155.9583                                                  -4155.9583
              1        -2101.04      0.34310161   1.7181844e-09      -23.025851       -23.025851      -4156.0284                                                  -4156.0284
              6      -2100.6176       0.2993677   2.0426216e-09      -23.025851       -23.025851      -4155.1835                                                  -4155.1835
              1      -2100.9184      0.29348591   2.2553635e-09      -23.025851       -23.025851      -4155.7851                                                  -4155.7851
              1      -2100.5714      0.28219654   2.2965058e-09      -23.025851       -23.025851      -4155.0911                                                  -4155.0911
              1      -2100.7639      0.28036836   2.4049991e-09      -23.025851       -23.025851       -4155.476                                                   -4155.476
              2      -2100.6889      0.27804359    2.415955e-09      -23.025851       -23.025851       -4155.326                                                   -4155.326
              6      -2101.0782      0.32882426   1.9256736e-09      -23.025851       -23.025851      -4156.1048                                                  -4156.1048
              1      -2101.0682      0.30220313   2.2465409e-09      -23.025851       -23.025851      -4156.0847                                                  -4156.0847
              4      -2100.8595       0.2989961   2.5324548e-09      -23.025851       -23.025851      -4155.6672                                                  -4155.6672
              1       -2100.982      0.34308627   1.8742179e-09      -23.025851       -23.025851      -4155.9122                                                  -4155.9122
              1      -2100.7717      0.34907776   1.8877555e-09      -23.025851       -23.025851      -4155.4917                                                  -4155.4917
              2      -2101.0559      0.35432363   1.6977267e-09      -23.025851       -23.025851      -4156.0601                                                  -4156.0601
              1      -2100.8016      0.33618182   2.0243209e-09      -23.025851       -23.025851      -4155.5515                                                  -4155.5515
              3       -2100.854      0.33473849   2.0241741e-09      -23.025851       -23.025851      -4155.6562                                                  -4155.6562
              1      -2100.6263       0.3304655   2.1439708e-09      -23.025851       -23.025851      -4155.2009                                                  -4155.2009
              3      -2100.9218      0.32121516   2.1692638e-09      -23.025851       -23.025851      -4155.7919                                                  -4155.7919
              4      -2100.9814      0.32265887   1.8906951e-09      -23.025851       -23.025851      -4155.9111                                                  -4155.9111
              1      -2100.8674      0.31727105    1.898814e-09      -23.025851       -23.025851      -4155.6831                                                  -4155.6831
              4      -2100.6629      0.32381595   1.7536988e-09      -23.025851       -23.025851      -4155.2741                                                  -4155.2741
              2       -2100.864      0.35794256   1.7690889e-09      -23.025851       -23.025851      -4155.6763                                                  -4155.6763
              1       -2100.794      0.28759396     2.29094e-09      -23.025851       -23.025851      -4155.5362                                                  -4155.5362
              5      -2100.8256      0.32273387   2.1869378e-09      -23.025851       -23.025851      -4155.5995                                                  -4155.5995
              1       -2100.274      0.33357775   2.1788933e-09      -23.025851       -23.025851      -4154.4962                                                  -4154.4962
              2      -2100.7802      0.36379899    1.738011e-09      -23.025851       -23.025851      -4155.5087                                                  -4155.5087
              3      -2101.0117      0.31581735   1.9935707e-09      -23.025851       -23.025851      -4155.9717                                                  -4155.9717
              5      -2100.7431      0.32689616   1.7451006e-09      -23.025851       -23.025851      -4155.4345                                                  -4155.4345
              2      -2101.0459      0.33574249    1.795221e-09      -23.025851       -23.025851        -4156.04                                                    -4156.04
              3      -2100.9865      0.30534397   2.3634898e-09      -23.025851       -23.025851      -4155.9213                                                  -4155.9213
              1      -2101.0258      0.29848271    2.250925e-09      -23.025851       -23.025851      -4155.9999                                                  -4155.9999
              2      -2101.0486       0.3005789   2.3846698e-09      -23.025851       -23.025851      -4156.0456                                                  -4156.0456
              2      -2101.0187      0.29071315   2.3738299e-09      -23.025851       -23.025851      -4155.9858                                                  -4155.9858
              2      -2101.0408      0.29227815   2.5282126e-09      -23.025851       -23.025851      -4156.0299                                                  -4156.0299
              6      -2101.0039      0.29209091   2.5675898e-09      -23.025851       -23.025851      -4155.9561                                                  -4155.9561
              1      -2100.9274      0.31661398   1.9339499e-09      -23.025851       -23.025851      -4155.8031                                                  -4155.8031
              7       -2101.001      0.34215814   1.8736718e-09      -23.025851       -23.025851      -4155.9503                                                  -4155.9503
              2      -2101.0689       0.3445909   1.7458696e-09      -23.025851       -23.025851       -4156.086                                                   -4156.086
              1      -2101.0697      0.33821802   1.8515094e-09      -23.025851       -23.025851      -4156.0876                                                  -4156.0876
              2      -2099.2703      0.29412273   1.8098166e-09      -23.025851       -23.025851      -4152.4889                                                  -4152.4889
              4      -2100.6397      0.31791391    2.311288e-09      -23.025851       -23.025851      -4155.2278                                                  -4155.2278
              1      -2100.5232      0.31236032   2.4245699e-09      -23.025851       -23.025851      -4154.9947                                                  -4154.9947
              1      -2100.1778      0.30939993   2.5479669e-09      -23.025851       -23.025851      -4154.3039                                                  -4154.3039
              1      -2100.7185      0.29874954   2.5908307e-09      -23.025851       -23.025851      -4155.3852                                                  -4155.3852
              5      -2099.8298      0.33099945   2.2856211e-09      -23.025851       -23.025851      -4153.6078                                                  -4153.6078
              3      -2098.7571      0.32981604   2.4357946e-09      -23.025851       -23.025851      -4151.4624                                                  -4151.4624
              1      -2101.0684      0.31510821   2.1460115e-09      -23.025851       -23.025851      -4156.0851                                                  -4156.0851
              3      -2100.8748       0.3633379   1.7139008e-09      -23.025851       -23.025851       -4155.698                                                   -4155.698
              3      -2101.0459      0.34288511   1.7258884e-09      -23.025851       -23.025851      -4156.0402                                                  -4156.0402
              1      -2100.3789      0.34326524   2.0410573e-09      -23.025851       -23.025851       -4154.706                                                   -4154.706
              2       -2101.008      0.32919929   1.8338777e-09      -23.025851       -23.025851      -4155.9643                                                  -4155.9643
              1      -2101.0679      0.30934867   2.2270397e-09      -23.025851       -23.025851      -4156.0841                                                  -4156.0841
              4      -2100.9432      0.29525195   2.2414803e-09      -23.025851       -23.025851      -4155.8346                                                  -4155.8346
              2       -2100.502      0.33281123   2.1431185e-09      -23.025851       -23.025851      -4154.9523                                                  -4154.9523
              1       -2101.009      0.31353495   2.2271355e-09      -23.025851       -23.025851      -4155.9663                                                  -4155.9663
              3      -2100.4694      0.29786408   2.0190261e-09      -23.025851       -23.025851      -4154.8872                                                  -4154.8872
              1      -2101.0618      0.32575146   2.0160402e-09      -23.025851       -23.025851      -4156.0719                                                  -4156.0719
              1      -2100.3842      0.31339693   2.4412344e-09      -23.025851       -23.025851      -4154.7166                                                  -4154.7166
              1      -2101.0312      0.28038907   2.5853599e-09      -23.025851       -23.025851      -4156.0108                                                  -4156.0108
              1      -2100.0538      0.28098545   2.1656696e-09      -23.025851       -23.025851      -4154.0559                                                  -4154.0559
              2      -2100.4141      0.29217558   2.0859003e-09      -23.025851       -23.025851      -4154.7764                                                  -4154.7764
              1      -2100.7667      0.29375477   2.1794899e-09      -23.025851       -23.025851      -4155.4816                                                  -4155.4816
              1      -2100.6649      0.29434516   2.1320726e-09      -23.025851       -23.025851      -4155.2781                                                  -4155.2781
              2      -2101.0754      0.33379048   1.8886248e-09      -23.025851       -23.025851       -4156.099                                                   -4156.099
              1      -2100.9873      0.29630978   2.2537931e-09      -23.025851       -23.025851      -4155.9229                                                  -4155.9229
              1      -2100.2334      0.28468097   2.1522699e-09      -23.025851       -23.025851      -4154.4152                                                  -4154.4152
              1      -2100.2488      0.28575987   2.1391812e-09      -23.025851       -23.025851       -4154.446                                                   -4154.446
              1      -2101.0338      0.32765282   1.8701858e-09      -23.025851       -23.025851      -4156.0159                                                  -4156.0159
              1      -2099.2536       0.3214991   2.5011554e-09      -23.025851       -23.025851      -4152.4555                                                  -4152.4555
              1       -2100.187      0.30678902   2.5894537e-09      -23.025851       -23.025851      -4154.3223                                                  -4154.3223
              1      -2100.9567      0.31095293    2.296614e-09      -23.025851       -23.025851      -4155.8617                                                  -4155.8617
              1      -2100.2822      0.27870618   2.2658109e-09      -23.025851       -23.025851      -4154.5127                                                  -4154.5127
              2      -2100.2163      0.29503615   1.9919406e-09      -23.025851       -23.025851      -4154.3809                                                  -4154.3809
              3       -2100.317        0.299047   1.9615832e-09      -23.025851       -23.025851      -4154.5822                                                  -4154.5822
              2      -2101.0713      0.30206488   2.2556902e-09      -23.025851       -23.025851      -4156.0909                                                  -4156.0909
              2      -2101.0714      0.30117984   2.2702206e-09      -23.025851       -23.025851      -4156.0911                                                  -4156.0911
              2      -2101.0401      0.31978636   1.9673906e-09      -23.025851       -23.025851      -4156.0285                                                  -4156.0285
              2      -2101.0613      0.30855687   2.2488226e-09      -23.025851       -23.025851      -4156.0708                                                  -4156.0708
              1      -2100.6629      0.29457807   2.1278573e-09      -23.025851       -23.025851      -4155.2741                                                  -4155.2741
              2      -2100.7301      0.30627016   1.9857391e-09      -23.025851       -23.025851      -4155.4085                                                  -4155.4085
              2      -2100.9648      0.32945084   1.8055895e-09      -23.025851       -23.025851       -4155.878                                                   -4155.878
              1      -2101.0603      0.31840154   2.0065396e-09      -23.025851       -23.025851      -4156.0688                                                  -4156.0688
              1      -2101.0581      0.35461977   1.6907272e-09      -23.025851       -23.025851      -4156.0645                                                  -4156.0645
              4      -2100.7194      0.35737164   1.8161339e-09      -23.025851       -23.025851      -4155.3872                                                  -4155.3872
              2      -2101.0509      0.29264776   2.3774017e-09      -23.025851       -23.025851        -4156.05                                                    -4156.05
              1      -2101.0745      0.30090974   2.2839782e-09      -23.025851       -23.025851      -4156.0974                                                  -4156.0974
              3      -2100.9502      0.29519033    2.246789e-09      -23.025851       -23.025851      -4155.8487                                                  -4155.8487
              2      -2101.0738      0.31384975   2.1527892e-09      -23.025851       -23.025851      -4156.0958                                                  -4156.0958
              2      -2100.6875      0.27917923   2.3942372e-09      -23.025851       -23.025851      -4155.3234                                                  -4155.3234
              1      -2099.9235      0.29748553   1.8916189e-09      -23.025851       -23.025851      -4153.7953                                                  -4153.7953
              4      -2100.6134       0.2821337   2.3125715e-09      -23.025851       -23.025851      -4155.1752                                                  -4155.1752
              1      -2099.5738      0.28688326   1.9665219e-09      -23.025851       -23.025851      -4153.0959                                                  -4153.0959
              3      -2100.0689      0.30040998   1.8846808e-09      -23.025851       -23.025851      -4154.0861                                                  -4154.0861
              2      -2100.5595      0.28135346   2.3070159e-09      -23.025851       -23.025851      -4155.0674                                                  -4155.0674
              1      -2100.6019      0.28437754   2.2697755e-09      -23.025851       -23.025851      -4155.1521                                                  -4155.1521
              1      -2101.0512      0.29423247   2.3501296e-09      -23.025851       -23.025851      -4156.0507                                                  -4156.0507
              5      -2101.0632      0.34341814   1.7430389e-09      -23.025851       -23.025851      -4156.0746                                                  -4156.0746
              3      -2100.5118      0.36482976    1.788674e-09      -23.025851       -23.025851       -4154.972                                                   -4154.972
              2       -2100.539      0.36219331   1.8087686e-09      -23.025851       -23.025851      -4155.0262                                                  -4155.0262
              1      -2099.8654      0.32208781   2.4060027e-09      -23.025851       -23.025851       -4153.679                                                   -4153.679
              1      -2100.5781      0.31419574   2.3825745e-09      -23.025851       -23.025851      -4155.1044                                                  -4155.1044
              2      -2101.0522        0.358003   1.6054191e-09      -23.025851       -23.025851      -4156.0527                                                  -4156.0527
              2      -2101.0622      0.31026105   2.1167436e-09      -23.025851       -23.025851      -4156.0727                                                  -4156.0727
              1      -2101.0339      0.30420496   2.1710252e-09      -23.025851       -23.025851      -4156.0162                                                  -4156.0162
              2      -2100.8036      0.30171513   2.0761451e-09      -23.025851       -23.025851      -4155.5556                                                  -4155.5556
              4      -2101.0435      0.32955665   1.9888618e-09      -23.025851       -23.025851      -4156.0353                                                  -4156.0353
              2      -2101.0497      0.32750047   2.0081847e-09      -23.025851       -23.025851      -4156.0478                                                  -4156.0478
              2      -2101.0808      0.31278718   2.1357105e-09      -23.025851       -23.025851      -4156.1099                                                  -4156.1099
              1      -2100.6814      0.28037605   2.3698489e-09      -23.025851       -23.025851       -4155.311                                                   -4155.311
              2      -2101.0381      0.28522347   2.4972812e-09      -23.025851       -23.025851      -4156.0245                                                  -4156.0245
              3       -2099.753       0.3261752   2.3639171e-09      -23.025851       -23.025851      -4153.4542                                                  -4153.4542
              1      -2100.8097      0.29911191   2.5512161e-09      -23.025851       -23.025851      -4155.5677                                                  -4155.5677
              1      -2100.6643      0.28339191   2.3095824e-09      -23.025851       -23.025851      -4155.2769                                                  -4155.2769
              2      -2100.9852      0.32880913   1.8238416e-09      -23.025851       -23.025851      -4155.9187                                                  -4155.9187
              2      -2100.9786      0.34763357   1.8270717e-09      -23.025851       -23.025851      -4155.9055                                                  -4155.9055
              4      -2101.0117      0.34084718   1.8814979e-09      -23.025851       -23.025851      -4155.9717                                                  -4155.9717
              2       -2101.078      0.32276072   1.9883817e-09      -23.025851       -23.025851      -4156.1044                                                  -4156.1044
              3      -2100.3216       0.2839785    2.188078e-09      -23.025851       -23.025851      -4154.5915                                                  -4154.5915
              3      -2100.7902      0.28687407   2.3014727e-09      -23.025851       -23.025851      -4155.5286                                                  -4155.5286
              2      -2101.0329      0.30114131   2.2162853e-09      -23.025851       -23.025851      -4156.0141                                                  -4156.0141
              2      -2101.0747      0.31385783   2.1503906e-09      -23.025851       -23.025851      -4156.0978                                                  -4156.0978
              4      -2101.0722      0.32029814   2.0695577e-09      -23.025851       -23.025851      -4156.0927                                                  -4156.0927
              3      -2100.7152      0.32385197   2.2070419e-09      -23.025851       -23.025851      -4155.3788                                                  -4155.3788
              3      -2100.4781      0.27301783   2.4321267e-09      -23.025851       -23.025851      -4154.9045                                                  -4154.9045
              2      -2101.0234      0.30385722   2.1664948e-09      -23.025851       -23.025851      -4155.9951                                                  -4155.9951
              2       -2100.892      0.28177589     2.44393e-09      -23.025851       -23.025851      -4155.7322                                                  -4155.7322
              1      -2101.0194      0.30433285   2.1560691e-09      -23.025851       -23.025851      -4155.9871                                                  -4155.9871
              2      -2100.8146      0.32623399   2.1442706e-09      -23.025851       -23.025851      -4155.5775                                                  -4155.5775
              1      -2101.0548      0.32582967   1.9111774e-09      -23.025851       -23.025851      -4156.0579                                                  -4156.0579
              6      -2101.0674      0.34712545   1.7523539e-09      -23.025851       -23.025851      -4156.0831                                                  -4156.0831
              1      -2100.9337       0.3583744    1.739199e-09      -23.025851       -23.025851      -4155.8157                                                  -4155.8157
              4      -2100.9626      0.34263702   1.8890043e-09      -23.025851       -23.025851      -4155.8735                                                  -4155.8735
              4      -2101.0151      0.32267349   1.9124932e-09      -23.025851       -23.025851      -4155.9786                                                  -4155.9786
              4      -2098.1036      0.29181505   1.6528554e-09      -23.025851       -23.025851      -4150.1556                                                  -4150.1556
              1      -2098.5334      0.29253627   1.7084443e-09      -23.025851       -23.025851       -4151.015                                                   -4151.015
              2      -2098.1932      0.28145944    1.799461e-09      -23.025851       -23.025851      -4150.3347                                                  -4150.3347
              4      -2098.2771      0.28410939   1.7768518e-09      -23.025851       -23.025851      -4150.5025                                                  -4150.5025
              5      -2100.7893      0.32268091   1.8063328e-09      -23.025851       -23.025851      -4155.5268                                                  -4155.5268
              2      -2101.0716      0.33064829   1.8832684e-09      -23.025851       -23.025851      -4156.0915                                                  -4156.0915
              1      -2101.0593      0.30339697   2.2127798e-09      -23.025851       -23.025851      -4156.0669                                                  -4156.0669
              1      -2099.7737      0.28411507   2.0500346e-09      -23.025851       -23.025851      -4153.4957                                                  -4153.4957
              5      -2099.4921       0.2762732   2.1137554e-09      -23.025851       -23.025851      -4152.9325                                                  -4152.9325
              3      -2098.7748      0.29380846   1.7305772e-09      -23.025851       -23.025851      -4151.4978                                                  -4151.4978
              2      -2099.9745      0.29800801   1.8955852e-09      -23.025851       -23.025851      -4153.8972                                                  -4153.8972
              1      -2100.8204      0.34119111   1.6285993e-09      -23.025851       -23.025851       -4155.589                                                   -4155.589
              2      -2100.5406      0.33456055   2.1125755e-09      -23.025851       -23.025851      -4155.0296                                                  -4155.0296
              1      -2101.0416      0.29463518   2.4881115e-09      -23.025851       -23.025851      -4156.0315                                                  -4156.0315
              1      -2101.0155       0.2845871   2.4828077e-09      -23.025851       -23.025851      -4155.9792                                                  -4155.9792
              1      -2100.9132      0.31964511   1.8906244e-09      -23.025851       -23.025851      -4155.7747                                                  -4155.7747
              2      -2100.8982      0.36192224   1.7190245e-09      -23.025851       -23.025851      -4155.7448                                                  -4155.7448
              4      -2100.7702      0.35649297    1.811607e-09      -23.025851       -23.025851      -4155.4886                                                  -4155.4886
              2      -2100.7627      0.31230316   1.9195741e-09      -23.025851       -23.025851      -4155.4738                                                  -4155.4738
              3      -2101.0281      0.32909282    2.007574e-09      -23.025851       -23.025851      -4156.0045                                                  -4156.0045
              1      -2100.2848      0.32834563   2.2456854e-09      -23.025851       -23.025851      -4154.5179                                                  -4154.5179
              5      -2101.0725      0.29522182    2.421815e-09      -23.025851       -23.025851      -4156.0934                                                  -4156.0934
              2       -2101.032      0.30648493   2.1359898e-09      -23.025851       -23.025851      -4156.0123                                                  -4156.0123
              3        -2100.88      0.33823775   1.9734431e-09      -23.025851       -23.025851      -4155.7083                                                  -4155.7083
              2      -2100.8912       0.3071411    2.038909e-09      -23.025851       -23.025851      -4155.7307                                                  -4155.7307
              3      -2100.5931      0.36177079   1.8017449e-09      -23.025851       -23.025851      -4155.1344                                                  -4155.1344
              7      -2100.4005      0.32134861    2.319448e-09      -23.025851       -23.025851      -4154.7493                                                  -4154.7493
              2      -2100.9608      0.30293756   2.4169754e-09      -23.025851       -23.025851        -4155.87                                                    -4155.87
              2      -2100.9671      0.31320694   2.2580789e-09      -23.025851       -23.025851      -4155.8824                                                  -4155.8824
              2      -2100.3565      0.30823347    1.852449e-09      -23.025851       -23.025851      -4154.6614                                                  -4154.6614
              1      -2100.4756      0.30312663   1.9487948e-09      -23.025851       -23.025851      -4154.8995                                                  -4154.8995
              1      -2100.3144      0.29973846   1.9515601e-09      -23.025851       -23.025851      -4154.5771                                                  -4154.5771
              2      -2100.7834       0.2955312   2.1589243e-09      -23.025851       -23.025851       -4155.515                                                   -4155.515
              1      -2101.0756      0.33301211    1.897814e-09      -23.025851       -23.025851      -4156.0995                                                  -4156.0995
              2      -2100.7802      0.33216879   2.0798553e-09      -23.025851       -23.025851      -4155.5086                                                  -4155.5086
              7      -2100.7235      0.32357972   2.2082846e-09      -23.025851       -23.025851      -4155.3952                                                  -4155.3952
              4      -2100.7222      0.31251064   1.9030082e-09      -23.025851       -23.025851      -4155.3926                                                  -4155.3926
              1      -2100.6304      0.32333326    1.749661e-09      -23.025851       -23.025851      -4155.2092                                                  -4155.2092
              1      -2100.9287      0.33055035   1.7760247e-09      -23.025851       -23.025851      -4155.8057                                                  -4155.8057
              5      -2101.0478      0.35625189   1.6890824e-09      -23.025851       -23.025851       -4156.044                                                   -4156.044
              1      -2101.0634      0.34590375    1.775828e-09      -23.025851       -23.025851      -4156.0751                                                  -4156.0751
              1      -2101.0684      0.32485812   1.9409524e-09      -23.025851       -23.025851      -4156.0851                                                  -4156.0851
              1      -2100.9072      0.32409807   1.8365577e-09      -23.025851       -23.025851      -4155.7628                                                  -4155.7628
              1      -2100.7041      0.29278886   2.1701432e-09      -23.025851       -23.025851      -4155.3564                                                  -4155.3564
              3      -2100.1466      0.28736935   2.0875015e-09      -23.025851       -23.025851      -4154.2415                                                  -4154.2415
              2      -2100.9318      0.28382767   2.4303108e-09      -23.025851       -23.025851      -4155.8119                                                  -4155.8119
              3      -2100.9724      0.31775131   2.1911112e-09      -23.025851       -23.025851      -4155.8931                                                  -4155.8931
              2      -2100.2977      0.30600479   1.8658559e-09      -23.025851       -23.025851      -4154.5437                                                  -4154.5437
              1      -2100.0475      0.31840754   2.4305906e-09      -23.025851       -23.025851      -4154.0433                                                  -4154.0433
              1      -2101.0784      0.32741955   1.9395608e-09      -23.025851       -23.025851       -4156.105                                                   -4156.105
              6      -2101.0391      0.34054063   1.8643285e-09      -23.025851       -23.025851      -4156.0264                                                  -4156.0264
              6      -2100.9494      0.30149165   2.1494808e-09      -23.025851       -23.025851      -4155.8472                                                  -4155.8472
              1       -2100.901      0.29502915   2.2211965e-09      -23.025851       -23.025851      -4155.7504                                                  -4155.7504
              4        -2100.62      0.33594735   1.6190092e-09      -23.025851       -23.025851      -4155.1882                                                  -4155.1882
              4      -2100.9631       0.3309305   1.7888794e-09      -23.025851       -23.025851      -4155.8745                                                  -4155.8745
              2       -2100.974      0.32902436   1.8151558e-09      -23.025851       -23.025851      -4155.8964                                                  -4155.8964
              1      -2101.0124      0.33055819   1.8222082e-09      -23.025851       -23.025851      -4155.9731                                                  -4155.9731
              1      -2101.0477      0.30944052    2.109977e-09      -23.025851       -23.025851      -4156.0436                                                  -4156.0436
              1      -2100.5638      0.30984175   1.8873268e-09      -23.025851       -23.025851      -4155.0759                                                  -4155.0759
              1      -2100.7502      0.32220424   1.7984461e-09      -23.025851       -23.025851      -4155.4488                                                  -4155.4488
              3      -2100.4741      0.28582751   2.2031249e-09      -23.025851       -23.025851      -4154.8964                                                  -4154.8964
              1      -2100.6888      0.29325735   2.1572784e-09      -23.025851       -23.025851      -4155.3259                                                  -4155.3259
              2       -2100.646       0.3219189   2.2528725e-09      -23.025851       -23.025851      -4155.2403                                                  -4155.2403
              1      -2101.0229      0.29711205   2.2701232e-09      -23.025851       -23.025851      -4155.9941                                                  -4155.9941
              2       -2100.831      0.31871708   1.8670625e-09      -23.025851       -23.025851      -4155.6104                                                  -4155.6104
              2      -2101.0344      0.32157458   2.0980527e-09      -23.025851       -23.025851       -4156.017                                                   -4156.017
              1      -2101.0703      0.31795804   2.0274262e-09      -23.025851       -23.025851      -4156.0888                                                  -4156.0888
              1      -2100.4099      0.32410792    2.278562e-09      -23.025851       -23.025851      -4154.7681                                                  -4154.7681
              3      -2100.9105      0.29987003   2.4939549e-09      -23.025851       -23.025851      -4155.7692                                                  -4155.7692
              3      -2100.7892      0.34152746   1.9658448e-09      -23.025851       -23.025851      -4155.5267                                                  -4155.5267
              4      -2100.5472      0.33967783   2.0489676e-09      -23.025851       -23.025851      -4155.0426                                                  -4155.0426
              2      -2100.2643      0.32061338   2.3578793e-09      -23.025851       -23.025851      -4154.4769                                                  -4154.4769
              1      -2100.7826      0.30043799   2.5391144e-09      -23.025851       -23.025851      -4155.5135                                                  -4155.5135
              2      -2100.5817      0.32956775   2.1664648e-09      -23.025851       -23.025851      -4155.1117                                                  -4155.1117
              2       -2100.946      0.31929225   2.1838665e-09      -23.025851       -23.025851      -4155.8402                                                  -4155.8402
              1      -2100.9571      0.29812123   2.4975705e-09      -23.025851       -23.025851      -4155.8625                                                  -4155.8625
              4      -2100.7949      0.27941434   2.4372468e-09      -23.025851       -23.025851       -4155.538                                                   -4155.538
              1      -2100.6434      0.26922847   2.5714925e-09      -23.025851       -23.025851      -4155.2351                                                  -4155.2351
              1      -2100.3851      0.30751654   1.8684547e-09      -23.025851       -23.025851      -4154.7184                                                  -4154.7184
              5      -2100.7771      0.35142332   1.8614624e-09      -23.025851       -23.025851      -4155.5026                                                  -4155.5026
             10      -2100.5723      0.31851201     1.78687e-09      -23.025851       -23.025851      -4155.0929                                                  -4155.0929
              3      -2100.5064      0.31577802   1.8004776e-09      -23.025851       -23.025851      -4154.9611                                                  -4154.9611
              7      -2100.9583      0.34644417   1.6353996e-09      -23.025851       -23.025851      -4155.8649                                                  -4155.8649
              2      -2100.9567      0.29967784   2.1809991e-09      -23.025851       -23.025851      -4155.8618                                                  -4155.8618
              5      -2100.9521      0.29827357   2.1995883e-09      -23.025851       -23.025851      -4155.8525                                                  -4155.8525
              2      -2101.0642      0.32061114   2.0788048e-09      -23.025851       -23.025851      -4156.0768                                                  -4156.0768
              1      -2101.0072      0.29194819   2.5672706e-09      -23.025851       -23.025851      -4155.9627                                                  -4155.9627
              2      -2100.9703      0.31140537   2.2823795e-09      -23.025851       -23.025851      -4155.8889                                                  -4155.8889
              1      -2101.0064      0.31231239   2.2464488e-09      -23.025851       -23.025851       -4155.961                                                   -4155.961
              3      -2098.7794      0.36443419   2.0071967e-09      -23.025851       -23.025851       -4151.507                                                   -4151.507
              1      -2098.7353      0.36110766   2.0467777e-09      -23.025851       -23.025851      -4151.4188                                                  -4151.4188
              3      -2099.6625      0.31453871   1.6388235e-09      -23.025851       -23.025851      -4153.2733                                                  -4153.2733
              3      -2099.0748      0.30140539   1.6872874e-09      -23.025851       -23.025851       -4152.098                                                   -4152.098
              2      -2099.6432      0.31280475   1.6540951e-09      -23.025851       -23.025851      -4153.2346                                                  -4153.2346
              1       -2101.043      0.29489291    2.482235e-09      -23.025851       -23.025851      -4156.0343                                                  -4156.0343
              1      -2100.9557      0.29737838    2.510813e-09      -23.025851       -23.025851      -4155.8597                                                  -4155.8597
              1       -2101.009      0.29101642   2.5818586e-09      -23.025851       -23.025851      -4155.9664                                                  -4155.9664
              1      -2101.0345      0.28125875   2.5717844e-09      -23.025851       -23.025851      -4156.0172                                                  -4156.0172
              7      -2101.0359      0.31085131    2.078654e-09      -23.025851       -23.025851      -4156.0201                                                  -4156.0201
              3      -2100.9551      0.31100531   2.0199122e-09      -23.025851       -23.025851      -4155.8586                                                  -4155.8586
              2       -2100.919      0.31004386   2.0134722e-09      -23.025851       -23.025851      -4155.7863                                                  -4155.7863
              3      -2100.9522      0.32439304    1.854737e-09      -23.025851       -23.025851      -4155.8528                                                  -4155.8528
              1      -2100.8307      0.31958393   1.8567883e-09      -23.025851       -23.025851      -4155.6097                                                  -4155.6097
              2      -2100.4589      0.33260917    1.611555e-09      -23.025851       -23.025851      -4154.8662                                                  -4154.8662
              3      -2101.0798      0.31269982   2.1481248e-09      -23.025851       -23.025851       -4156.108                                                   -4156.108
              4      -2100.9094      0.35342154   1.7978795e-09      -23.025851       -23.025851      -4155.7672                                                  -4155.7672
              4      -2100.8755      0.34175962   1.6429712e-09      -23.025851       -23.025851      -4155.6993                                                  -4155.6993
              1      -2100.9887      0.33837404   1.7271701e-09      -23.025851       -23.025851      -4155.9256                                                  -4155.9256
              1       -2100.783      0.32699051     1.75715e-09      -23.025851       -23.025851      -4155.5143                                                  -4155.5143
              2      -2101.0167      0.32125559   1.9304206e-09      -23.025851       -23.025851      -4155.9818                                                  -4155.9818
              2      -2100.0526      0.29332642   1.9770964e-09      -23.025851       -23.025851      -4154.0535                                                  -4154.0535
              1      -2100.8844      0.28182319   2.4386672e-09      -23.025851       -23.025851      -4155.7171                                                  -4155.7171
              1      -2100.6271      0.27356002      2.4769e-09      -23.025851       -23.025851      -4155.2025                                                  -4155.2025
              1      -2100.7686      0.28726298   2.2854518e-09      -23.025851       -23.025851      -4155.4854                                                  -4155.4854
              3      -2099.6786      0.32239692    2.429748e-09      -23.025851       -23.025851      -4153.3055                                                  -4153.3055
              1      -2100.9282      0.27505304   2.5999955e-09      -23.025851       -23.025851      -4155.8048                                                  -4155.8048
              1      -2100.4767       0.2909868   2.1222661e-09      -23.025851       -23.025851      -4154.9017                                                  -4154.9017
              2      -2101.0691      0.32250831   1.9695862e-09      -23.025851       -23.025851      -4156.0864                                                  -4156.0864
              3        -2101.07       0.2953951    2.428135e-09      -23.025851       -23.025851      -4156.0883                                                  -4156.0883
              1      -2100.7091      0.28314854   2.3315348e-09      -23.025851       -23.025851      -4155.3665                                                  -4155.3665
              2      -2100.3615       0.2845451   2.1902255e-09      -23.025851       -23.025851      -4154.6714                                                  -4154.6714
              1      -2101.0537      0.36044469   1.6381443e-09      -23.025851       -23.025851      -4156.0556                                                  -4156.0556
              2      -2100.7875      0.36095415    1.763055e-09      -23.025851       -23.025851      -4155.5234                                                  -4155.5234
              1      -2100.7158      0.36146751   1.7768762e-09      -23.025851       -23.025851      -4155.3799                                                  -4155.3799
              4      -2100.1545      0.27109661   2.3674543e-09      -23.025851       -23.025851      -4154.2574                                                  -4154.2574
              4      -2100.7315      0.27804293   2.4339974e-09      -23.025851       -23.025851      -4155.4113                                                  -4155.4113
              2      -2101.0423      0.32927216   1.8598975e-09      -23.025851       -23.025851      -4156.0329                                                  -4156.0329
              1      -2101.0789      0.32698287   1.9488389e-09      -23.025851       -23.025851      -4156.1062                                                  -4156.1062
              7      -2100.5021      0.29267111   2.1043883e-09      -23.025851       -23.025851      -4154.9525                                                  -4154.9525
              2      -2100.5275      0.27811598   2.3536907e-09      -23.025851       -23.025851      -4155.0032                                                  -4155.0032
              1      -2100.7883      0.30732818   1.9930129e-09      -23.025851       -23.025851       -4155.525                                                   -4155.525
              2      -2100.8639      0.32588496   2.1312649e-09      -23.025851       -23.025851       -4155.676                                                   -4155.676
              4      -2100.2046      0.32997126   2.2386882e-09      -23.025851       -23.025851      -4154.3574                                                  -4154.3574
              1      -2100.6681      0.32797158   1.7112348e-09      -23.025851       -23.025851      -4155.2846                                                  -4155.2846
              4      -2100.9237      0.31414688    1.962861e-09      -23.025851       -23.025851      -4155.7957                                                  -4155.7957
              1      -2101.0038      0.31859044   1.9534197e-09      -23.025851       -23.025851      -4155.9559                                                  -4155.9559
              6      -2101.0788      0.30586717   2.2459021e-09      -23.025851       -23.025851      -4156.1058                                                  -4156.1058
              1      -2100.6098      0.33808709   2.0535483e-09      -23.025851       -23.025851      -4155.1679                                                  -4155.1679
              2       -2099.893      0.30192867   1.8279462e-09      -23.025851       -23.025851      -4153.7343                                                  -4153.7343
              1      -2100.1244      0.27017459   2.3764672e-09      -23.025851       -23.025851      -4154.1971                                                  -4154.1971
              3        -2099.81      0.26591608   2.3740864e-09      -23.025851       -23.025851      -4153.5683                                                  -4153.5683
              1      -2100.5478      0.30336961   1.9661386e-09      -23.025851       -23.025851      -4155.0439                                                  -4155.0439
              1      -2101.0537      0.31699281   2.1404082e-09      -23.025851       -23.025851      -4156.0556                                                  -4156.0556
              1      -2100.5257      0.32659464   2.2189475e-09      -23.025851       -23.025851      -4154.9997                                                  -4154.9997
              4      -2100.6029      0.31679721   2.3373759e-09      -23.025851       -23.025851      -4155.1541                                                  -4155.1541
              1      -2101.0404      0.30279723   2.3594813e-09      -23.025851       -23.025851      -4156.0292                                                  -4156.0292
              1      -2101.0487      0.30266079   2.3524241e-09      -23.025851       -23.025851      -4156.0457                                                  -4156.0457
              1      -2100.7603      0.32722067   2.1488747e-09      -23.025851       -23.025851       -4155.469                                                   -4155.469
              1      -2100.9628      0.30031842   2.4579729e-09      -23.025851       -23.025851      -4155.8738                                                  -4155.8738
              1      -2100.4403      0.28145121    2.265868e-09      -23.025851       -23.025851      -4154.8289                                                  -4154.8289
              1      -2099.7493       0.2787873   2.1290071e-09      -23.025851       -23.025851      -4153.4468                                                  -4153.4468
              1      -2100.3202      0.29932474   1.9586334e-09      -23.025851       -23.025851      -4154.5888                                                  -4154.5888
              1      -2100.3231      0.28742271    2.133197e-09      -23.025851       -23.025851      -4154.5944                                                  -4154.5944
              1      -2099.8708      0.28140629   2.1145035e-09      -23.025851       -23.025851      -4153.6899                                                  -4153.6899
              5       -2100.926      0.29632796   2.5455546e-09      -23.025851       -23.025851      -4155.8003                                                  -4155.8003
              1      -2100.8879      0.31479146   1.9379417e-09      -23.025851       -23.025851       -4155.724                                                   -4155.724
              6      -2101.0517      0.34326612   1.8215685e-09      -23.025851       -23.025851      -4156.0517                                                  -4156.0517
              2      -2100.2097      0.31787694   2.4088749e-09      -23.025851       -23.025851      -4154.3677                                                  -4154.3677
              3      -2101.0807       0.3124881   2.1432805e-09      -23.025851       -23.025851      -4156.1096                                                  -4156.1096
              1      -2100.7475      0.31871476   2.2683459e-09      -23.025851       -23.025851      -4155.4434                                                  -4155.4434
              1      -2100.8711      0.29475671   2.2102444e-09      -23.025851       -23.025851      -4155.6906                                                  -4155.6906
              2      -2100.8617      0.30251748   2.0896088e-09      -23.025851       -23.025851      -4155.6716                                                  -4155.6716
              2      -2101.0184      0.30508522   2.1442864e-09      -23.025851       -23.025851      -4155.9851                                                  -4155.9851
              1      -2101.0738      0.32911122   1.9046582e-09      -23.025851       -23.025851      -4156.0958                                                  -4156.0958
              2      -2101.0772      0.32783135   1.9290661e-09      -23.025851       -23.025851      -4156.1026                                                  -4156.1026
              3      -2100.9905      0.31458442   1.9946955e-09      -23.025851       -23.025851      -4155.9293                                                  -4155.9293
              1      -2099.9983      0.28442814   2.0967266e-09      -23.025851       -23.025851      -4153.9448                                                  -4153.9448
              1      -2100.9697      0.29291733   2.2966716e-09      -23.025851       -23.025851      -4155.8877                                                  -4155.8877
              6      -2100.7937      0.28086607   2.4095483e-09      -23.025851       -23.025851      -4155.5357                                                  -4155.5357
              1       -2100.963      0.29394823   2.2751054e-09      -23.025851       -23.025851      -4155.8744                                                  -4155.8744
              2      -2101.0751       0.3110039    2.188746e-09      -23.025851       -23.025851      -4156.0985                                                  -4156.0985
              1      -2100.9942      0.31480153   2.2191958e-09      -23.025851       -23.025851      -4155.9366                                                  -4155.9366
              1      -2101.0296      0.30422404   2.3480563e-09      -23.025851       -23.025851      -4156.0075                                                  -4156.0075
              1       -2101.068      0.29150955   2.4927046e-09      -23.025851       -23.025851      -4156.0842                                                  -4156.0842
              3      -2101.0004      0.28625051   2.4372046e-09      -23.025851       -23.025851      -4155.9492                                                  -4155.9492
              1      -2101.0795      0.31072055   2.1506057e-09      -23.025851       -23.025851      -4156.1073                                                  -4156.1073
              1      -2101.0804       0.3115635   2.1585282e-09      -23.025851       -23.025851      -4156.1091                                                  -4156.1091
              1      -2101.0709      0.29024108   2.4735335e-09      -23.025851       -23.025851        -4156.09                                                    -4156.09
              3      -2100.9898      0.28476635   2.4554881e-09      -23.025851       -23.025851      -4155.9279                                                  -4155.9279
              4      -2101.0129       0.2824011   2.5226028e-09      -23.025851       -23.025851      -4155.9741                                                  -4155.9741
              1      -2100.7289      0.32260972   1.7870199e-09      -23.025851       -23.025851       -4155.406                                                   -4155.406
              1      -2101.0053      0.33318175   1.7897842e-09      -23.025851       -23.025851      -4155.9589                                                  -4155.9589
              5      -2099.9325      0.27281417   2.2758393e-09      -23.025851       -23.025851      -4153.8132                                                  -4153.8132
              3      -2100.2307      0.27819952   2.2599439e-09      -23.025851       -23.025851      -4154.4096                                                  -4154.4096
              6      -2100.1619      0.27616706   2.2765385e-09      -23.025851       -23.025851      -4154.2721                                                  -4154.2721
              1      -2100.4906      0.29127345   2.1220059e-09      -23.025851       -23.025851      -4154.9294                                                  -4154.9294
              4      -2101.0644      0.30035874   2.2687995e-09      -23.025851       -23.025851      -4156.0771                                                  -4156.0771
              4      -2100.8221      0.30927375   2.3819681e-09      -23.025851       -23.025851      -4155.5925                                                  -4155.5925
              1      -2100.9238      0.31093757    2.313685e-09      -23.025851       -23.025851      -4155.7959                                                  -4155.7959
              1        -2100.94      0.31124979   2.3010397e-09      -23.025851       -23.025851      -4155.8282                                                  -4155.8282
              2       -2100.413      0.32756395    2.230709e-09      -23.025851       -23.025851      -4154.7743                                                  -4154.7743
              2      -2101.0303        0.306238   2.3168933e-09      -23.025851       -23.025851      -4156.0089                                                  -4156.0089
              2      -2101.0657      0.35309135   1.6785672e-09      -23.025851       -23.025851      -4156.0797                                                  -4156.0797
              1      -2100.9556      0.32292061   1.8733108e-09      -23.025851       -23.025851      -4155.8595                                                  -4155.8595
              1      -2100.6962      0.34030695   2.0059062e-09      -23.025851       -23.025851      -4155.3406                                                  -4155.3406
              3      -2100.9403      0.29415381   2.5750884e-09      -23.025851       -23.025851      -4155.8289                                                  -4155.8289
              2      -2100.7217      0.30453942     2.49227e-09      -23.025851       -23.025851      -4155.3918                                                  -4155.3918
              4      -2100.4278      0.30867059   2.5059858e-09      -23.025851       -23.025851      -4154.8039                                                  -4154.8039
              4      -2100.0474      0.31700958   2.4518799e-09      -23.025851       -23.025851      -4154.0431                                                  -4154.0431
              3      -2101.0619       0.3059154   2.2863603e-09      -23.025851       -23.025851      -4156.0721                                                  -4156.0721
              2      -2101.0738      0.29624051   2.4020341e-09      -23.025851       -23.025851      -4156.0959                                                  -4156.0959
              1       -2100.899      0.31333732    1.961239e-09      -23.025851       -23.025851      -4155.7462                                                  -4155.7462
              4      -2100.5785      0.35992614   1.8229436e-09      -23.025851       -23.025851      -4155.1053                                                  -4155.1053
              2      -2100.8286      0.35318976   1.8279965e-09      -23.025851       -23.025851      -4155.6054                                                  -4155.6054
              2      -2101.0652      0.29771846   2.3139858e-09      -23.025851       -23.025851      -4156.0787                                                  -4156.0787
              1       -2100.924      0.34082845    1.671364e-09      -23.025851       -23.025851      -4155.7964                                                  -4155.7964
              1      -2100.8934      0.36059918   1.7333256e-09      -23.025851       -23.025851       -4155.735                                                   -4155.735
              1      -2100.0196       0.3160394   2.4717095e-09      -23.025851       -23.025851      -4153.9874                                                  -4153.9874
              3       -2100.981      0.30020541   2.4483292e-09      -23.025851       -23.025851      -4155.9102                                                  -4155.9102
              1      -2101.0376      0.29642215   2.2963292e-09      -23.025851       -23.025851      -4156.0235                                                  -4156.0235
              5      -2101.0803      0.30929467   2.1879394e-09      -23.025851       -23.025851      -4156.1089                                                  -4156.1089
              2      -2101.0803      0.31532837    2.109327e-09      -23.025851       -23.025851       -4156.109                                                   -4156.109
              7      -2101.0685      0.29462487   2.4439036e-09      -23.025851       -23.025851      -4156.0854                                                  -4156.0854
              1      -2100.9913      0.28533123   2.4461414e-09      -23.025851       -23.025851      -4155.9308                                                  -4155.9308
              3      -2101.0573      0.28898525   2.4556249e-09      -23.025851       -23.025851      -4156.0629                                                  -4156.0629
             11       -2101.048      0.28742594   2.4692746e-09      -23.025851       -23.025851      -4156.0444                                                  -4156.0444
              2      -2100.9301      0.30755112   2.3616773e-09      -23.025851       -23.025851      -4155.8085                                                  -4155.8085
              6      -2100.6493      0.33134578    2.126864e-09      -23.025851       -23.025851       -4155.247                                                   -4155.247
              1      -2100.1906      0.33581774   2.1652229e-09      -23.025851       -23.025851      -4154.3294                                                  -4154.3294
              1      -2100.6493      0.29947912   2.6006195e-09      -23.025851       -23.025851      -4155.2469                                                  -4155.2469
              2       -2101.022      0.30181717   2.1958144e-09      -23.025851       -23.025851      -4155.9924                                                  -4155.9924
              1       -2100.207      0.31964432   2.3830911e-09      -23.025851       -23.025851      -4154.3622                                                  -4154.3622
              5      -2100.2972      0.31478414   2.4384473e-09      -23.025851       -23.025851      -4154.5427                                                  -4154.5427
              2      -2101.0471      0.34551889    1.801927e-09      -23.025851       -23.025851      -4156.0426                                                  -4156.0426
              4      -2101.0197      0.32799322   1.8553075e-09      -23.025851       -23.025851      -4155.9878                                                  -4155.9878
              1      -2101.0508       0.3025397   2.2144882e-09      -23.025851       -23.025851      -4156.0499                                                  -4156.0499
              2      -2100.9693      0.29898097   2.1995808e-09      -23.025851       -23.025851      -4155.8869                                                  -4155.8869
              1      -2101.0517      0.32991138    1.976397e-09      -23.025851       -23.025851      -4156.0517                                                  -4156.0517
              3       -2099.925      0.28447124   2.0787774e-09      -23.025851       -23.025851      -4153.7984                                                  -4153.7984
              3      -2099.9439      0.29870612   1.8798229e-09      -23.025851       -23.025851      -4153.8361                                                  -4153.8361
              1      -2100.2342       0.3173231   1.7185607e-09      -23.025851       -23.025851      -4154.4168                                                  -4154.4168
              3      -2101.0181      0.32677683   2.0437998e-09      -23.025851       -23.025851      -4155.9846                                                  -4155.9846
              3      -2101.0798      0.31835559   2.0492226e-09      -23.025851       -23.025851      -4156.1078                                                  -4156.1078
              2      -2100.7653      0.35352329   1.8429979e-09      -23.025851       -23.025851      -4155.4789                                                  -4155.4789
              4      -2101.0585      0.31912512   1.9952568e-09      -23.025851       -23.025851      -4156.0653                                                  -4156.0653
              1      -2100.8063      0.29498445   2.1769713e-09      -23.025851       -23.025851      -4155.5609                                                  -4155.5609
              3      -2100.2589      0.29098033   2.0616077e-09      -23.025851       -23.025851      -4154.4661                                                  -4154.4661
              1      -2100.4696      0.27732146   2.3484938e-09      -23.025851       -23.025851      -4154.8875                                                  -4154.8875
              1      -2101.0784      0.31098927      2.1784e-09      -23.025851       -23.025851      -4156.1051                                                  -4156.1051
              2      -2100.7543        0.304683   2.4789461e-09      -23.025851       -23.025851      -4155.4569                                                  -4155.4569
              1      -2101.0354      0.29027999   2.3992838e-09      -23.025851       -23.025851       -4156.019                                                   -4156.019
              3      -2101.0423      0.28247989    2.558615e-09      -23.025851       -23.025851       -4156.033                                                   -4156.033
              1      -2100.9097      0.31235836   1.9788307e-09      -23.025851       -23.025851      -4155.7677                                                  -4155.7677
              1      -2100.8941      0.30672197    2.046019e-09      -23.025851       -23.025851      -4155.7366                                                  -4155.7366
              1      -2100.7632      0.30431948     2.02407e-09      -23.025851       -23.025851      -4155.4748                                                  -4155.4748
              2      -2101.0516      0.30476784   2.1818259e-09      -23.025851       -23.025851      -4156.0515                                                  -4156.0515
              3      -2100.9109      0.30900802   2.0232502e-09      -23.025851       -23.025851      -4155.7701                                                  -4155.7701
              1      -2100.9804      0.30956271   2.3034939e-09      -23.025851       -23.025851      -4155.9091                                                  -4155.9091
              1       -2100.717      0.27530901   2.4802239e-09      -23.025851       -23.025851      -4155.3824                                                  -4155.3824
              1      -2100.1367      0.28126196   2.1824358e-09      -23.025851       -23.025851      -4154.2216                                                  -4154.2216
              1       -2100.267       0.2882569   2.1049978e-09      -23.025851       -23.025851      -4154.4824                                                  -4154.4824
              5      -2100.1251      0.31604625   2.4526127e-09      -23.025851       -23.025851      -4154.1985                                                  -4154.1985
              1      -2100.9032      0.30498698   2.4146446e-09      -23.025851       -23.025851      -4155.7548                                                  -4155.7548
             12        -2101.06        0.360005   1.6110088e-09      -23.025851       -23.025851      -4156.0682                                                  -4156.0682
              3      -2101.0308      0.33035109   1.9900818e-09      -23.025851       -23.025851      -4156.0099                                                  -4156.0099
              1      -2101.0309      0.32632594   1.8826628e-09      -23.025851       -23.025851      -4156.0102                                                  -4156.0102
              9       -2101.047       0.3389535   1.7644784e-09      -23.025851       -23.025851      -4156.0424                                                  -4156.0424
              6      -2100.7565      0.32985093   2.1161405e-09      -23.025851       -23.025851      -4155.4613                                                  -4155.4613
              1      -2100.9299      0.30268895   2.4379988e-09      -23.025851       -23.025851      -4155.8082                                                  -4155.8082
              1      -2101.0661      0.29489535   2.3649577e-09      -23.025851       -23.025851      -4156.0806                                                  -4156.0806
              2      -2101.0382      0.29518312   2.4830142e-09      -23.025851       -23.025851      -4156.0247                                                  -4156.0247
              1      -2100.6869      0.33431885   1.6528495e-09      -23.025851       -23.025851      -4155.3222                                                  -4155.3222
              3      -2101.0564      0.35690304   1.6207982e-09      -23.025851       -23.025851      -4156.0611                                                  -4156.0611
              1      -2101.0073      0.27884468   2.5885933e-09      -23.025851       -23.025851      -4155.9629                                                  -4155.9629
              1      -2100.9982      0.27851725   2.5860701e-09      -23.025851       -23.025851      -4155.9448                                                  -4155.9448
              1      -2099.9949      0.28337022   2.1126743e-09      -23.025851       -23.025851      -4153.9382                                                  -4153.9382
              5      -2100.9606       0.3239771    1.863852e-09      -23.025851       -23.025851      -4155.8694                                                  -4155.8694
              3      -2100.5007      0.31478017   1.8105546e-09      -23.025851       -23.025851      -4154.9496                                                  -4154.9496
              4      -2100.6697      0.31804157   1.8202438e-09      -23.025851       -23.025851      -4155.2876                                                  -4155.2876
              1      -2101.0664      0.33482325   1.8982546e-09      -23.025851       -23.025851      -4156.0811                                                  -4156.0811
              1      -2100.9577      0.33463772   1.9829001e-09      -23.025851       -23.025851      -4155.8637                                                  -4155.8637
              1      -2100.6999      0.28254156   2.3385783e-09      -23.025851       -23.025851      -4155.3481                                                  -4155.3481
              5      -2100.8854      0.28060942   2.4621228e-09      -23.025851       -23.025851       -4155.719                                                   -4155.719
              1      -2100.5359      0.26687269   2.5777847e-09      -23.025851       -23.025851      -4155.0201                                                  -4155.0201
              5      -2101.0239      0.30334475   2.3665724e-09      -23.025851       -23.025851      -4155.9961                                                  -4155.9961
              2      -2100.9557      0.29761483   2.5068873e-09      -23.025851       -23.025851      -4155.8597                                                  -4155.8597
              1      -2100.9587      0.29720721   2.5119311e-09      -23.025851       -23.025851      -4155.8657                                                  -4155.8657
              4      -2100.8072      0.31955952   2.2368331e-09      -23.025851       -23.025851      -4155.5628                                                  -4155.5628
              1      -2100.9909      0.30311477   2.3952751e-09      -23.025851       -23.025851        -4155.93                                                    -4155.93
              3      -2101.0398      0.29790071   2.2745276e-09      -23.025851       -23.025851      -4156.0278                                                  -4156.0278
              2       -2101.041      0.29787004   2.2764545e-09      -23.025851       -23.025851      -4156.0304                                                  -4156.0304
              2      -2100.3622      0.31098779   1.8204466e-09      -23.025851       -23.025851      -4154.6728                                                  -4154.6728
              7      -2099.0206      0.28198137   1.9321717e-09      -23.025851       -23.025851      -4151.9896                                                  -4151.9896
              1      -2099.7712      0.28959971   1.9680949e-09      -23.025851       -23.025851      -4153.4907                                                  -4153.4907
              4      -2099.7355      0.28476064   2.0318563e-09      -23.025851       -23.025851      -4153.4194                                                  -4153.4194
              1      -2100.4518      0.31566573   1.7877521e-09      -23.025851       -23.025851      -4154.8518                                                  -4154.8518
              2      -2101.0318      0.31977999   2.1238991e-09      -23.025851       -23.025851      -4156.0119                                                  -4156.0119
              1      -2101.0749      0.30012319   2.2986496e-09      -23.025851       -23.025851       -4156.098                                                   -4156.098
              1      -2101.0593       0.3125084   2.0818331e-09      -23.025851       -23.025851      -4156.0668                                                  -4156.0668
              1       -2100.528       0.3362193    2.094916e-09      -23.025851       -23.025851      -4155.0042                                                  -4155.0042
              1      -2100.8573      0.29427443   2.2110865e-09      -23.025851       -23.025851      -4155.6629                                                  -4155.6629
              2      -2100.7134      0.29978424   2.0692432e-09      -23.025851       -23.025851      -4155.3751                                                  -4155.3751
              1      -2101.0694      0.32973462   1.8885205e-09      -23.025851       -23.025851      -4156.0871                                                  -4156.0871
              3      -2100.7645      0.30427856   2.0250962e-09      -23.025851       -23.025851      -4155.4774                                                  -4155.4774
              1      -2100.3687       0.3150423   1.7746063e-09      -23.025851       -23.025851      -4154.6857                                                  -4154.6857
              3      -2100.8625      0.30621668   2.0383356e-09      -23.025851       -23.025851      -4155.6732                                                  -4155.6732
              1      -2100.8247      0.30743354   2.0059291e-09      -23.025851       -23.025851      -4155.5977                                                  -4155.5977
              1      -2099.9023      0.28750251   2.0273953e-09      -23.025851       -23.025851      -4153.7528                                                  -4153.7528
              1      -2099.2979      0.30368335   1.6974326e-09      -23.025851       -23.025851      -4152.5441                                                  -4152.5441
              1       -2098.071      0.27618399   1.8544877e-09      -23.025851       -23.025851      -4150.0903                                                  -4150.0903
              1      -2097.2743      0.27841795   1.7017161e-09      -23.025851       -23.025851      -4148.4969                                                  -4148.4969
              2      -2097.0199      0.28270048    1.611259e-09      -23.025851       -23.025851      -4147.9881                                                  -4147.9881
              2       -2098.229      0.28749954   1.7250104e-09      -23.025851       -23.025851      -4150.4063                                                  -4150.4063
              3      -2098.0972      0.28602698   1.7238915e-09      -23.025851       -23.025851      -4150.1428                                                  -4150.1428
              1      -2098.9437      0.29826451   1.7032817e-09      -23.025851       -23.025851      -4151.8356                                                  -4151.8356
              1      -2100.3451      0.32101436   1.7031077e-09      -23.025851       -23.025851      -4154.6386                                                  -4154.6386
              2       -2100.679      0.30727788   1.9551147e-09      -23.025851       -23.025851      -4155.3062                                                  -4155.3062
              1      -2100.8835      0.30603098    2.050472e-09      -23.025851       -23.025851      -4155.7152                                                  -4155.7152
              7      -2100.5258      0.28309327   2.2654593e-09      -23.025851       -23.025851      -4154.9999                                                  -4154.9999
              1      -2100.2437       0.2782566   2.2626367e-09      -23.025851       -23.025851      -4154.4358                                                  -4154.4358
              2      -2100.8064      0.31792938   1.8670283e-09      -23.025851       -23.025851       -4155.561                                                   -4155.561
              3      -2100.5785      0.28947758   2.1780089e-09      -23.025851       -23.025851      -4155.1053                                                  -4155.1053
              1      -2100.9081       0.3258594   1.8173308e-09      -23.025851       -23.025851      -4155.7644                                                  -4155.7644
              3      -2101.0714      0.32088832   1.9932741e-09      -23.025851       -23.025851       -4156.091                                                   -4156.091
              1      -2101.0671       0.3296195   1.8856646e-09      -23.025851       -23.025851      -4156.0824                                                  -4156.0824
              3      -2101.0671      0.30900733   2.1421202e-09      -23.025851       -23.025851      -4156.0825                                                  -4156.0825
              1      -2100.9418      0.28076122   2.4949907e-09      -23.025851       -23.025851       -4155.832                                                   -4155.832
              3      -2101.0654      0.29426077   2.3746444e-09      -23.025851       -23.025851      -4156.0791                                                  -4156.0791
              1      -2100.4894      0.27169132   2.4619947e-09      -23.025851       -23.025851      -4154.9272                                                  -4154.9272
              1        -2101.07      0.29515444   2.3703829e-09      -23.025851       -23.025851      -4156.0882                                                  -4156.0882
              1      -2101.0725      0.29265845   2.4563261e-09      -23.025851       -23.025851      -4156.0933                                                  -4156.0933
              6      -2101.0106      0.31103956      2.2618e-09      -23.025851       -23.025851      -4155.9695                                                  -4155.9695
              2      -2101.0001      0.35159873    1.612821e-09      -23.025851       -23.025851      -4155.9484                                                  -4155.9484
              3      -2101.0047      0.33413237    1.779562e-09      -23.025851       -23.025851      -4155.9577                                                  -4155.9577
              5      -2100.8375      0.33497239   2.0270615e-09      -23.025851       -23.025851      -4155.6233                                                  -4155.6233
              2      -2100.7797      0.31246055   2.3488765e-09      -23.025851       -23.025851      -4155.5077                                                  -4155.5077
              1      -2100.8308      0.29504459   2.1867656e-09      -23.025851       -23.025851      -4155.6098                                                  -4155.6098
              1      -2100.8822      0.30313975   2.0902509e-09      -23.025851       -23.025851      -4155.7126                                                  -4155.7126
              1      -2101.0387      0.30044433    2.397918e-09      -23.025851       -23.025851      -4156.0256                                                  -4156.0256
              6      -2100.9748      0.28088246   2.5174047e-09      -23.025851       -23.025851      -4155.8978                                                  -4155.8978
              3      -2100.8922       0.3160695   1.9241437e-09      -23.025851       -23.025851      -4155.7327                                                  -4155.7327
              3      -2100.8561      0.31424443   1.9311376e-09      -23.025851       -23.025851      -4155.6606                                                  -4155.6606
              1      -2101.0711       0.3301815   1.9458258e-09      -23.025851       -23.025851      -4156.0905                                                  -4156.0905
              1      -2099.9448       0.3346509   2.2199662e-09      -23.025851       -23.025851      -4153.8378                                                  -4153.8378
              3       -2100.938       0.2974247   2.5203263e-09      -23.025851       -23.025851      -4155.8243                                                  -4155.8243
              6      -2101.0428      0.29584297   2.4669638e-09      -23.025851       -23.025851      -4156.0338                                                  -4156.0338
              1      -2100.8718      0.30130257   2.1117581e-09      -23.025851       -23.025851      -4155.6919                                                  -4155.6919
              1      -2100.9516      0.34415857   1.8775315e-09      -23.025851       -23.025851      -4155.8515                                                  -4155.8515
              2      -2101.0459      0.32726208   2.0149642e-09      -23.025851       -23.025851      -4156.0401                                                  -4156.0401
              1      -2101.0433      0.32279838   2.0741809e-09      -23.025851       -23.025851      -4156.0348                                                  -4156.0348
              1      -2101.0752      0.32047665    2.060461e-09      -23.025851       -23.025851      -4156.0987                                                  -4156.0987
              1      -2100.9477      0.33745412   1.9546544e-09      -23.025851       -23.025851      -4155.8437                                                  -4155.8437
              1      -2100.9451      0.33744444   1.9559611e-09      -23.025851       -23.025851      -4155.8386                                                  -4155.8386
              3      -2100.1521      0.36022053   1.8945076e-09      -23.025851       -23.025851      -4154.2526                                                  -4154.2526
              5      -2100.0246      0.36288945   1.8859568e-09      -23.025851       -23.025851      -4153.9975                                                  -4153.9975
              1      -2099.9116       0.3177514   2.4636714e-09      -23.025851       -23.025851      -4153.7714                                                  -4153.7714
              2      -2100.5319      0.31218325   2.4251571e-09      -23.025851       -23.025851      -4155.0121                                                  -4155.0121
              2      -2100.3403      0.32900325   2.2261577e-09      -23.025851       -23.025851      -4154.6289                                                  -4154.6289
              1      -2100.5959      0.31453073    2.372882e-09      -23.025851       -23.025851      -4155.1401                                                  -4155.1401
              2      -2101.0747      0.31641649   2.0563945e-09      -23.025851       -23.025851      -4156.0977                                                  -4156.0977
              1      -2100.8294      0.32717882    1.771467e-09      -23.025851       -23.025851      -4155.6072                                                  -4155.6072
              1      -2100.9917      0.33666329   1.7458525e-09      -23.025851       -23.025851      -4155.9317                                                  -4155.9317
              2      -2100.7042      0.32555328   1.7472848e-09      -23.025851       -23.025851      -4155.3567                                                  -4155.3567
              1      -2100.0013      0.30000671   1.8751481e-09      -23.025851       -23.025851      -4153.9509                                                  -4153.9509
              1      -2098.8551      0.30524362   1.6096472e-09      -23.025851       -23.025851      -4151.6585                                                  -4151.6585
              1      -2098.8558      0.30529092   1.6092408e-09      -23.025851       -23.025851        -4151.66                                                    -4151.66
              1      -2100.7776       0.3128975   1.9174777e-09      -23.025851       -23.025851      -4155.5036                                                  -4155.5036
              3      -2101.0624      0.35751722   1.6424391e-09      -23.025851       -23.025851      -4156.0731                                                  -4156.0731
              1      -2101.0665      0.34713285   1.7549289e-09      -23.025851       -23.025851      -4156.0813                                                  -4156.0813
              1      -2100.9692      0.33343189   1.9914977e-09      -23.025851       -23.025851      -4155.8868                                                  -4155.8868
              5      -2100.5047      0.30281399   1.9611214e-09      -23.025851       -23.025851      -4154.9577                                                  -4154.9577
              1      -2100.9168      0.33588561   1.9865227e-09      -23.025851       -23.025851      -4155.7819                                                  -4155.7819
              1      -2100.6302      0.31380621   2.3744914e-09      -23.025851       -23.025851      -4155.2086                                                  -4155.2086
              1      -2100.9967      0.30046924   2.1958488e-09      -23.025851       -23.025851      -4155.9417                                                  -4155.9417
              5      -2101.0574       0.3389398    1.776377e-09      -23.025851       -23.025851      -4156.0631                                                  -4156.0631
              1      -2101.0626      0.35717632   1.6467972e-09      -23.025851       -23.025851      -4156.0734                                                  -4156.0734
              1      -2099.9878      0.35803998    1.940757e-09      -23.025851       -23.025851      -4153.9239                                                  -4153.9239
              1      -2100.1634      0.34401189   2.0699417e-09      -23.025851       -23.025851      -4154.2752                                                  -4154.2752
              1      -2100.6431      0.34165201   2.0036813e-09      -23.025851       -23.025851      -4155.2345                                                  -4155.2345
              2      -2101.0336      0.34589687   1.8103079e-09      -23.025851       -23.025851      -4156.0155                                                  -4156.0155
              2      -2101.0508      0.34514341     1.71031e-09      -23.025851       -23.025851      -4156.0498                                                  -4156.0498
              1      -2100.6653      0.35049267   1.9002971e-09      -23.025851       -23.025851      -4155.2789                                                  -4155.2789
              1      -2101.0744      0.29536814   2.3853123e-09      -23.025851       -23.025851       -4156.097                                                   -4156.097
              4      -2100.9105      0.31859005   2.2101795e-09      -23.025851       -23.025851      -4155.7692                                                  -4155.7692
              4      -2100.8348      0.32905709   1.7534461e-09      -23.025851       -23.025851      -4155.6179                                                  -4155.6179
              2      -2100.7973      0.33262081   1.7035976e-09      -23.025851       -23.025851       -4155.543                                                   -4155.543
              1      -2100.9427      0.33400424   1.7468413e-09      -23.025851       -23.025851      -4155.8337                                                  -4155.8337
              3      -2100.5454      0.29240078   2.1218508e-09      -23.025851       -23.025851      -4155.0392                                                  -4155.0392
              4       -2100.398      0.28870895   2.1342912e-09      -23.025851       -23.025851      -4154.7444                                                  -4154.7444
              6      -2098.8478      0.29234015   1.7608377e-09      -23.025851       -23.025851       -4151.644                                                   -4151.644
              4      -2098.5579      0.29014265   1.7422194e-09      -23.025851       -23.025851      -4151.0641                                                  -4151.0641
              2      -2100.7596      0.29734668   2.1221333e-09      -23.025851       -23.025851      -4155.4675                                                  -4155.4675
              1      -2101.0701       0.2898573   2.4772101e-09      -23.025851       -23.025851      -4156.0886                                                  -4156.0886
              4      -2100.7686      0.27243397   2.5617809e-09      -23.025851       -23.025851      -4155.4855                                                  -4155.4855
              1      -2100.8829      0.31434032   1.9413768e-09      -23.025851       -23.025851      -4155.7141                                                  -4155.7141
              3      -2099.9331      0.28383131   2.0906456e-09      -23.025851       -23.025851      -4153.8145                                                  -4153.8145
              3      -2100.9953      0.34197003   1.6964402e-09      -23.025851       -23.025851      -4155.9389                                                  -4155.9389
              1      -2101.0587      0.33535068   1.8136083e-09      -23.025851       -23.025851      -4156.0657                                                  -4156.0657
              1      -2100.9036      0.32655501   1.8076549e-09      -23.025851       -23.025851      -4155.7554                                                  -4155.7554
              2      -2101.0252       0.3267696   1.8730943e-09      -23.025851       -23.025851      -4155.9987                                                  -4155.9987
              1      -2100.8697      0.32290828   2.1683212e-09      -23.025851       -23.025851      -4155.6876                                                  -4155.6876
              3      -2101.0507      0.30994193    2.242171e-09      -23.025851       -23.025851      -4156.0497                                                  -4156.0497
              1      -2100.9898      0.29840757   2.2225029e-09      -23.025851       -23.025851      -4155.9278                                                  -4155.9278
              1      -2100.9892      0.29891538   2.2141737e-09      -23.025851       -23.025851      -4155.9266                                                  -4155.9266
              1      -2101.0533      0.30192341   2.2271128e-09      -23.025851       -23.025851      -4156.0549                                                  -4156.0549
              5      -2101.0388      0.29354863   2.3459242e-09      -23.025851       -23.025851      -4156.0259                                                  -4156.0259
              1      -2101.0323      0.31187114   2.2326327e-09      -23.025851       -23.025851      -4156.0129                                                  -4156.0129
              1      -2100.4475      0.30960172   2.4863842e-09      -23.025851       -23.025851      -4154.8434                                                  -4154.8434
              1       -2100.506      0.30805346   2.4968973e-09      -23.025851       -23.025851      -4154.9603                                                  -4154.9603
              1      -2100.7935      0.30907035   1.9720839e-09      -23.025851       -23.025851      -4155.5353                                                  -4155.5353
              2      -2100.9993      0.33488197   1.7684474e-09      -23.025851       -23.025851      -4155.9469                                                  -4155.9469
              2      -2098.9055      0.29759832   1.7051641e-09      -23.025851       -23.025851      -4151.7592                                                  -4151.7592
              5      -2100.2826      0.30097687   1.9270008e-09      -23.025851       -23.025851      -4154.5134                                                  -4154.5134
              1      -2099.9785      0.29423135   1.9476379e-09      -23.025851       -23.025851      -4153.9052                                                  -4153.9052
              1      -2101.0332       0.3459952   1.6855897e-09      -23.025851       -23.025851      -4156.0146                                                  -4156.0146
              1      -2101.0668      0.34383733   1.7923426e-09      -23.025851       -23.025851      -4156.0818                                                  -4156.0818
              8      -2101.0597      0.36098141   1.6106993e-09      -23.025851       -23.025851      -4156.0677                                                  -4156.0677
              2      -2100.9359      0.32738007   2.0822315e-09      -23.025851       -23.025851      -4155.8201                                                  -4155.8201
              2      -2100.4202       0.3361858   2.1179835e-09      -23.025851       -23.025851      -4154.7888                                                  -4154.7888
              1      -2100.5626      0.32875309   2.1816845e-09      -23.025851       -23.025851      -4155.0735                                                  -4155.0735
              1      -2101.0608      0.32508123   2.0257796e-09      -23.025851       -23.025851        -4156.07                                                    -4156.07
              1      -2101.0428      0.30072897    2.233015e-09      -23.025851       -23.025851      -4156.0339                                                  -4156.0339
              1      -2100.2491      0.29537266   1.9953475e-09      -23.025851       -23.025851      -4154.4465                                                  -4154.4465
              1      -2100.2994      0.30873946    1.832509e-09      -23.025851       -23.025851      -4154.5472                                                  -4154.5472
              2      -2101.0536      0.32820143    1.995364e-09      -23.025851       -23.025851      -4156.0555                                                  -4156.0555
              6      -2100.8549      0.30188785   2.0955522e-09      -23.025851       -23.025851      -4155.6582                                                  -4155.6582
              5      -2101.0698      0.31793816   2.1053265e-09      -23.025851       -23.025851      -4156.0879                                                  -4156.0879
              1        -2101.01      0.31139921   2.0498217e-09      -23.025851       -23.025851      -4155.9683                                                  -4155.9683
              1      -2101.0146      0.31508195   2.0051079e-09      -23.025851       -23.025851      -4155.9776                                                  -4155.9776
              1      -2101.0526      0.31598456   2.0277536e-09      -23.025851       -23.025851      -4156.0534                                                  -4156.0534
              5      -2100.3669      0.26917331   2.4701273e-09      -23.025851       -23.025851      -4154.6821                                                  -4154.6821
              6      -2100.9325      0.34568832   1.8693802e-09      -23.025851       -23.025851      -4155.8133                                                  -4155.8133
              5      -2101.0165      0.30175274    2.192007e-09      -23.025851       -23.025851      -4155.9813                                                  -4155.9813
              1      -2101.0361      0.31943154   2.1249253e-09      -23.025851       -23.025851      -4156.0205                                                  -4156.0205
              1      -2100.9001      0.33248377   2.0341243e-09      -23.025851       -23.025851      -4155.7484                                                  -4155.7484
              3      -2100.8213        0.332487   2.0627404e-09      -23.025851       -23.025851      -4155.5908                                                  -4155.5908
              3      -2100.9663      0.33589313   1.7394831e-09      -23.025851       -23.025851      -4155.8809                                                  -4155.8809
              2      -2100.9714       0.3367364   1.7337264e-09      -23.025851       -23.025851       -4155.891                                                   -4155.891
              2      -2101.0722      0.34298315   1.7765087e-09      -23.025851       -23.025851      -4156.0927                                                  -4156.0927
              4      -2100.5812      0.31591158   1.8191748e-09      -23.025851       -23.025851      -4155.1106                                                  -4155.1106
              7      -2100.8792      0.36424431   1.7039777e-09      -23.025851       -23.025851      -4155.7067                                                  -4155.7067
              1      -2099.6971      0.32160689   2.4387874e-09      -23.025851       -23.025851      -4153.3424                                                  -4153.3424
              3      -2100.8264      0.28196296   2.4052358e-09      -23.025851       -23.025851      -4155.6011                                                  -4155.6011
              1      -2101.0305      0.29558173   2.3025099e-09      -23.025851       -23.025851      -4156.0093                                                  -4156.0093
              1      -2101.0746      0.29631896   2.3966786e-09      -23.025851       -23.025851      -4156.0974                                                  -4156.0974
              1      -2100.6862      0.31241536   2.3794203e-09      -23.025851       -23.025851      -4155.3207                                                  -4155.3207
              1       -2100.561      0.30491454   2.5338819e-09      -23.025851       -23.025851      -4155.0704                                                  -4155.0704
              1       -2100.081      0.27927264   2.2011929e-09      -23.025851       -23.025851      -4154.1103                                                  -4154.1103
              6      -2100.2127      0.28566747   2.1310293e-09      -23.025851       -23.025851      -4154.3737                                                  -4154.3737
              2      -2100.8552      0.33566571   2.0126431e-09      -23.025851       -23.025851      -4155.6588                                                  -4155.6588
              2      -2100.0639      0.34666732   2.0547215e-09      -23.025851       -23.025851      -4154.0761                                                  -4154.0761
              2      -2099.9952      0.33573434   2.1982363e-09      -23.025851       -23.025851      -4153.9386                                                  -4153.9386
              1      -2100.9917      0.30447185   2.1329387e-09      -23.025851       -23.025851      -4155.9318                                                  -4155.9318
              2      -2101.0763      0.30201372   2.3107627e-09      -23.025851       -23.025851      -4156.1009                                                  -4156.1009
              2      -2101.0751      0.29628756   2.3933709e-09      -23.025851       -23.025851      -4156.0985                                                  -4156.0985
              2      -2100.9261      0.30026706     2.15437e-09      -23.025851       -23.025851      -4155.8006                                                  -4155.8006
              3       -2101.055      0.32414896   1.9307718e-09      -23.025851       -23.025851      -4156.0584                                                  -4156.0584
              1      -2100.8263      0.34150002   1.9546002e-09      -23.025851       -23.025851      -4155.6008                                                  -4155.6008
              6      -2101.0703      0.33431822   1.8968142e-09      -23.025851       -23.025851       -4156.089                                                   -4156.089
              1      -2101.0153      0.33656199   1.9277878e-09      -23.025851       -23.025851      -4155.9788                                                  -4155.9788
              3      -2100.9923      0.28119602   2.5263486e-09      -23.025851       -23.025851       -4155.933                                                   -4155.933
              6      -2101.0575      0.28566337   2.5218985e-09      -23.025851       -23.025851      -4156.0633                                                  -4156.0633
              4      -2101.0451      0.28276495   2.5571889e-09      -23.025851       -23.025851      -4156.0385                                                  -4156.0385
              3      -2101.0655      0.28506264   2.5628455e-09      -23.025851       -23.025851      -4156.0794                                                  -4156.0794
              2      -2101.0687      0.28973199   2.5156724e-09      -23.025851       -23.025851      -4156.0858                                                  -4156.0858
              1      -2101.0474      0.30889305   2.1173173e-09      -23.025851       -23.025851      -4156.0431                                                  -4156.0431
              1      -2100.9931      0.31405927   2.2303549e-09      -23.025851       -23.025851      -4155.9345                                                  -4155.9345
              3      -2101.0742      0.29496493   2.4161186e-09      -23.025851       -23.025851      -4156.0967                                                  -4156.0967
              3      -2100.7255      0.30708317   2.4500271e-09      -23.025851       -23.025851      -4155.3992                                                  -4155.3992
              5      -2100.9522      0.29971807   2.4740508e-09      -23.025851       -23.025851      -4155.8527                                                  -4155.8527
              3      -2098.5659      0.35676183   2.1102676e-09      -23.025851       -23.025851        -4151.08                                                    -4151.08
              5      -2094.5578      0.36038905   2.3367959e-09      -23.025851       -23.025851      -4143.0639                                                  -4143.0639
              1      -2098.3533      0.33324174    2.428078e-09      -23.025851       -23.025851       -4150.655                                                   -4150.655
              2       -2098.754      0.33584683   2.3517249e-09      -23.025851       -23.025851      -4151.4562                                                  -4151.4562
              4      -2098.2028      0.34011647   2.3477365e-09      -23.025851       -23.025851       -4150.354                                                   -4150.354
              2       -2098.314      0.33944526   2.3464478e-09      -23.025851       -23.025851      -4150.5763                                                  -4150.5763
              1      -2098.2463      0.33647093   2.3931603e-09      -23.025851       -23.025851      -4150.4409                                                  -4150.4409
              1      -2100.7867      0.30363232   2.4845218e-09      -23.025851       -23.025851      -4155.5218                                                  -4155.5218
              2      -2100.9942      0.31252781   2.2515147e-09      -23.025851       -23.025851      -4155.9366                                                  -4155.9366
              4      -2100.5365      0.36445164    1.787494e-09      -23.025851       -23.025851      -4155.0213                                                  -4155.0213
              2       -2100.548      0.33187119   2.1447998e-09      -23.025851       -23.025851      -4155.0442                                                  -4155.0442
              1      -2100.5838      0.29419787   2.1069972e-09      -23.025851       -23.025851       -4155.116                                                   -4155.116
              2      -2098.8166      0.28225263   1.8918372e-09      -23.025851       -23.025851      -4151.5816                                                  -4151.5816
              2      -2101.0019      0.32040421   1.9301941e-09      -23.025851       -23.025851      -4155.9522                                                  -4155.9522
              2      -2101.0656      0.34162111   1.7635523e-09      -23.025851       -23.025851      -4156.0794                                                  -4156.0794
              2      -2100.6946      0.32685233   1.7306741e-09      -23.025851       -23.025851      -4155.3375                                                  -4155.3375
              2      -2100.9702      0.32334724   1.8762954e-09      -23.025851       -23.025851      -4155.8887                                                  -4155.8887
              2      -2100.9379      0.32602993   1.8292561e-09      -23.025851       -23.025851      -4155.8242                                                  -4155.8242
              1      -2100.9307      0.35241092   1.7996624e-09      -23.025851       -23.025851      -4155.8096                                                  -4155.8096
              1      -2100.5897      0.34248539   2.0066181e-09      -23.025851       -23.025851      -4155.1277                                                  -4155.1277
              2      -2100.9636      0.30211982   2.4283823e-09      -23.025851       -23.025851      -4155.8755                                                  -4155.8755
              3      -2100.5778      0.31216483    2.413619e-09      -23.025851       -23.025851      -4155.1039                                                  -4155.1039
              5      -2101.0011      0.28642253   2.4344981e-09      -23.025851       -23.025851      -4155.9504                                                  -4155.9504
              1      -2100.0483       0.2658473   2.4397389e-09      -23.025851       -23.025851       -4154.045                                                   -4154.045
              1      -2100.0427       0.2761969   2.2440798e-09      -23.025851       -23.025851      -4154.0336                                                  -4154.0336
              1      -2101.0661      0.33742505   1.8040463e-09      -23.025851       -23.025851      -4156.0805                                                  -4156.0805
              1      -2101.0675      0.33786739   1.8603387e-09      -23.025851       -23.025851      -4156.0832                                                  -4156.0832
              2      -2101.0715       0.3380827   1.8483846e-09      -23.025851       -23.025851      -4156.0913                                                  -4156.0913
              1      -2100.9588      0.32133622   2.1497942e-09      -23.025851       -23.025851      -4155.8659                                                  -4155.8659
              3      -2100.7346      0.29529296   2.1432732e-09      -23.025851       -23.025851      -4155.4176                                                  -4155.4176
              4      -2100.7738      0.28248786   2.3708741e-09      -23.025851       -23.025851      -4155.4958                                                  -4155.4958
              1      -2100.7084       0.2837278   2.3211582e-09      -23.025851       -23.025851      -4155.3651                                                  -4155.3651
              1      -2100.9812      0.31884082   2.1711726e-09      -23.025851       -23.025851      -4155.9107                                                  -4155.9107
              1      -2101.0738      0.30921627    2.152697e-09      -23.025851       -23.025851      -4156.0959                                                  -4156.0959
              4      -2100.9546      0.33563381   1.7361807e-09      -23.025851       -23.025851      -4155.8576                                                  -4155.8576
              3      -2100.9011      0.33608664   1.7074772e-09      -23.025851       -23.025851      -4155.7505                                                  -4155.7505
              2      -2100.2271      0.32503116   1.6359212e-09      -23.025851       -23.025851      -4154.4025                                                  -4154.4025
              4      -2100.5745      0.30235856   1.9877015e-09      -23.025851       -23.025851      -4155.0973                                                  -4155.0973
              1        -2100.68      0.34174001   1.9935117e-09      -23.025851       -23.025851      -4155.3083                                                  -4155.3083
              1      -2100.0928      0.31671433   2.4482781e-09      -23.025851       -23.025851      -4154.1338                                                  -4154.1338
              1      -2100.9812      0.28247994   2.4916687e-09      -23.025851       -23.025851      -4155.9107                                                  -4155.9107
              2      -2100.8718      0.29823275    2.157082e-09      -23.025851       -23.025851      -4155.6919                                                  -4155.6919
              1      -2100.9308      0.31246296   1.9879101e-09      -23.025851       -23.025851      -4155.8099                                                  -4155.8099
              1      -2101.0281      0.29831607    2.442215e-09      -23.025851       -23.025851      -4156.0045                                                  -4156.0045
              2      -2101.0688      0.29356679   2.4590364e-09      -23.025851       -23.025851       -4156.086                                                   -4156.086
              1      -2101.0543      0.29665645   2.4389778e-09      -23.025851       -23.025851      -4156.0568                                                  -4156.0568
              1      -2100.8841      0.28163302   2.4420754e-09      -23.025851       -23.025851      -4155.7165                                                  -4155.7165
              1      -2100.6555      0.30930439   1.9215307e-09      -23.025851       -23.025851      -4155.2593                                                  -4155.2593
              2      -2100.5285      0.27837166   2.3493562e-09      -23.025851       -23.025851      -4155.0053                                                  -4155.0053
              1      -2100.3234      0.27896169   2.2734273e-09      -23.025851       -23.025851      -4154.5951                                                  -4154.5951
              1      -2101.0509      0.31227752   2.0747432e-09      -23.025851       -23.025851      -4156.0502                                                  -4156.0502
              1      -2100.5727      0.34151161   2.0217189e-09      -23.025851       -23.025851      -4155.0938                                                  -4155.0938
              1      -2100.2687      0.33588847   2.1505413e-09      -23.025851       -23.025851      -4154.4857                                                  -4154.4857
              1      -2101.0355      0.33490537   1.9318831e-09      -23.025851       -23.025851      -4156.0193                                                  -4156.0193
              1      -2100.8535      0.35816916   1.7703307e-09      -23.025851       -23.025851      -4155.6552                                                  -4155.6552
              1      -2100.8896      0.35502139   1.7891273e-09      -23.025851       -23.025851      -4155.7276                                                  -4155.7276
              1      -2101.0039      0.35545304   1.7329334e-09      -23.025851       -23.025851       -4155.956                                                   -4155.956
              1      -2100.9496      0.33302612   2.0060363e-09      -23.025851       -23.025851      -4155.8475                                                  -4155.8475
              1      -2100.9827      0.32068811   1.9146409e-09      -23.025851       -23.025851      -4155.9137                                                  -4155.9137
              1      -2100.9784      0.33221367   1.7836747e-09      -23.025851       -23.025851      -4155.9052                                                  -4155.9052
              1      -2100.8403      0.34509565   1.9099796e-09      -23.025851       -23.025851      -4155.6288                                                  -4155.6288
              1      -2100.8288      0.33111506   2.0771773e-09      -23.025851       -23.025851      -4155.6059                                                  -4155.6059
              1      -2100.3975       0.3066739    1.882176e-09      -23.025851       -23.025851      -4154.7433                                                  -4154.7433
              1      -2100.9012      0.31895072   1.8933972e-09      -23.025851       -23.025851      -4155.7507                                                  -4155.7507
              1      -2100.9745      0.31023239   2.0415431e-09      -23.025851       -23.025851      -4155.8974                                                  -4155.8974
              3      -2101.0503      0.31149715   2.0846405e-09      -23.025851       -23.025851       -4156.049                                                   -4156.049
              2      -2101.0788      0.30387634   2.2560741e-09      -23.025851       -23.025851       -4156.106                                                   -4156.106
              2      -2100.9286      0.28382049   2.4283781e-09      -23.025851       -23.025851      -4155.8055                                                  -4155.8055
              1      -2100.0251      0.27313445   2.2940311e-09      -23.025851       -23.025851      -4153.9985                                                  -4153.9985
              4      -2100.3157      0.27619467   2.3202709e-09      -23.025851       -23.025851      -4154.5797                                                  -4154.5797
              1       -2100.118      0.27446203    2.295007e-09      -23.025851       -23.025851      -4154.1843                                                  -4154.1843
              1      -2100.1898      0.27708564   2.2680102e-09      -23.025851       -23.025851      -4154.3279                                                  -4154.3279
              4      -2100.6474      0.31108749   1.8966617e-09      -23.025851       -23.025851      -4155.2431                                                  -4155.2431
              1      -2100.9713      0.31156402   2.0219371e-09      -23.025851       -23.025851      -4155.8908                                                  -4155.8908
              1      -2099.6573      0.26585825    2.336994e-09      -23.025851       -23.025851      -4153.2628                                                  -4153.2628
              1      -2099.4215      0.29714223   1.7982284e-09      -23.025851       -23.025851      -4152.7914                                                  -4152.7914
              8      -2100.9307      0.32652644   1.8203154e-09      -23.025851       -23.025851      -4155.8098                                                  -4155.8098
              1      -2100.9013      0.31736753   1.9124193e-09      -23.025851       -23.025851       -4155.751                                                   -4155.751
              1      -2099.5249      0.27572189   2.1299551e-09      -23.025851       -23.025851      -4152.9982                                                  -4152.9982
              3        -2098.73      0.27897215   1.9245321e-09      -23.025851       -23.025851      -4151.4084                                                  -4151.4084
              2       -2099.564       0.2888589   1.9361832e-09      -23.025851       -23.025851      -4153.0762                                                  -4153.0762
              1       -2097.154       0.2691732    1.813143e-09      -23.025851       -23.025851      -4148.2563                                                  -4148.2563
              2      -2097.2387      0.28012855    1.674236e-09      -23.025851       -23.025851      -4148.4257                                                  -4148.4257
              7      -2097.6723       0.2825116   1.7060702e-09      -23.025851       -23.025851       -4149.293                                                   -4149.293
              4      -2100.7805      0.27944611   2.4298025e-09      -23.025851       -23.025851      -4155.5094                                                  -4155.5094
              3      -2100.9595      0.30151694   2.1551777e-09      -23.025851       -23.025851      -4155.8674                                                  -4155.8674
              1      -2100.1629      0.26713943   2.4470899e-09      -23.025851       -23.025851      -4154.2742                                                  -4154.2742
              1      -2100.3942      0.31186784    1.817788e-09      -23.025851       -23.025851      -4154.7367                                                  -4154.7367
              2      -2101.0665       0.3343015   1.9043184e-09      -23.025851       -23.025851      -4156.0813                                                  -4156.0813
              2      -2100.5542      0.32897867   2.1807256e-09      -23.025851       -23.025851      -4155.0568                                                  -4155.0568
              2      -2100.5508      0.32232458    2.271507e-09      -23.025851       -23.025851      -4155.0498                                                  -4155.0498
              1      -2101.0289      0.29695326   2.2785119e-09      -23.025851       -23.025851      -4156.0062                                                  -4156.0062
              3      -2101.0521      0.29933607   2.2663467e-09      -23.025851       -23.025851      -4156.0524                                                  -4156.0524
              2      -2100.7595       0.3238258   2.1940715e-09      -23.025851       -23.025851      -4155.4673                                                  -4155.4673
              5      -2101.0658       0.3059751   2.2791999e-09      -23.025851       -23.025851      -4156.0799                                                  -4156.0799
              1       -2101.078       0.3050743   2.2610068e-09      -23.025851       -23.025851      -4156.1042                                                  -4156.1042
              1       -2101.041      0.31847272   2.1333681e-09      -23.025851       -23.025851      -4156.0302                                                  -4156.0302
              1       -2101.052      0.30971693   2.1110631e-09      -23.025851       -23.025851      -4156.0523                                                  -4156.0523
              2      -2101.0014      0.32479171   1.8785681e-09      -23.025851       -23.025851      -4155.9511                                                  -4155.9511
              1      -2100.4918      0.29183415   2.1138948e-09      -23.025851       -23.025851       -4154.932                                                   -4154.932
              5      -2100.5567      0.28731232    2.205514e-09      -23.025851       -23.025851      -4155.0618                                                  -4155.0618
              2      -2100.5731      0.28695914   2.2167542e-09      -23.025851       -23.025851      -4155.0945                                                  -4155.0945
              2      -2100.9126      0.30008222    2.149884e-09      -23.025851       -23.025851      -4155.7735                                                  -4155.7735
              1      -2100.9132      0.30501901   2.0789723e-09      -23.025851       -23.025851      -4155.7748                                                  -4155.7748
              2      -2101.0287      0.30567204   2.1446593e-09      -23.025851       -23.025851      -4156.0057                                                  -4156.0057
              2      -2100.6986      0.28978435   2.2156232e-09      -23.025851       -23.025851      -4155.3454                                                  -4155.3454
              1       -2100.772      0.29216742   2.2066022e-09      -23.025851       -23.025851      -4155.4923                                                  -4155.4923
              1      -2101.0414      0.28211714    2.564548e-09      -23.025851       -23.025851      -4156.0312                                                  -4156.0312
              4      -2101.0719      0.33583561   1.8746429e-09      -23.025851       -23.025851      -4156.0921                                                  -4156.0921
              2       -2101.044      0.35295392    1.635333e-09      -23.025851       -23.025851      -4156.0363                                                  -4156.0363
              2      -2100.7185      0.31932863   1.8207035e-09      -23.025851       -23.025851      -4155.3853                                                  -4155.3853
              1      -2100.9874      0.31397964   2.0004598e-09      -23.025851       -23.025851      -4155.9231                                                  -4155.9231
              6      -2100.9251      0.31025294   2.0137975e-09      -23.025851       -23.025851      -4155.7984                                                  -4155.7984
              1      -2101.0671      0.31892969   2.0966388e-09      -23.025851       -23.025851      -4156.0825                                                  -4156.0825
              1      -2101.0091      0.30865107   2.2979047e-09      -23.025851       -23.025851      -4155.9665                                                  -4155.9665
              3      -2100.3697      0.27773152   2.3091306e-09      -23.025851       -23.025851      -4154.6878                                                  -4154.6878
              1      -2100.0472      0.27346464   2.2939348e-09      -23.025851       -23.025851      -4154.0427                                                  -4154.0427
              1      -2100.0244      0.31185318   1.7359308e-09      -23.025851       -23.025851      -4153.9971                                                  -4153.9971
              2      -2100.9397      0.30494734   2.0940134e-09      -23.025851       -23.025851      -4155.8277                                                  -4155.8277
              1      -2100.9033      0.32332362   1.8435608e-09      -23.025851       -23.025851      -4155.7549                                                  -4155.7549
              1       -2101.015      0.32709514   1.8618925e-09      -23.025851       -23.025851      -4155.9784                                                  -4155.9784
              2      -2100.2397      0.28977208   2.0746525e-09      -23.025851       -23.025851      -4154.4277                                                  -4154.4277
              1      -2101.0789      0.32122701   2.0099766e-09      -23.025851       -23.025851      -4156.1061                                                  -4156.1061
              7      -2101.0731      0.31717848    2.109045e-09      -23.025851       -23.025851      -4156.0946                                                  -4156.0946
              2      -2100.7922      0.33052553   1.7232259e-09      -23.025851       -23.025851      -4155.5326                                                  -4155.5326
              1      -2100.8045      0.32973967     1.73554e-09      -23.025851       -23.025851      -4155.5573                                                  -4155.5573
              1      -2100.7999      0.32961492    1.735253e-09      -23.025851       -23.025851       -4155.548                                                   -4155.548
              4       -2100.004      0.29647005   1.9226346e-09      -23.025851       -23.025851      -4153.9563                                                  -4153.9563
              1      -2100.9133      0.31767201   1.9142366e-09      -23.025851       -23.025851      -4155.7748                                                  -4155.7748
              3      -2101.0337      0.30580065   2.1475174e-09      -23.025851       -23.025851      -4156.0158                                                  -4156.0158
              1       -2101.026      0.33856648    1.749921e-09      -23.025851       -23.025851      -4156.0004                                                  -4156.0004
              1      -2099.6573      0.36234705   1.9384006e-09      -23.025851       -23.025851      -4153.2628                                                  -4153.2628
              5      -2100.8764      0.29204582   2.2562058e-09      -23.025851       -23.025851      -4155.7012                                                  -4155.7012
              1      -2100.7111      0.30073874   2.0548229e-09      -23.025851       -23.025851      -4155.3704                                                  -4155.3704
              2      -2100.7795      0.30363663   2.0396744e-09      -23.025851       -23.025851      -4155.5074                                                  -4155.5074
              3      -2100.8436      0.30206151   2.0880519e-09      -23.025851       -23.025851      -4155.6355                                                  -4155.6355
              1      -2101.0587      0.33563682   1.8107046e-09      -23.025851       -23.025851      -4156.0657                                                  -4156.0657
              1      -2101.0091      0.33964611   1.7272826e-09      -23.025851       -23.025851      -4155.9664                                                  -4155.9664
              2      -2101.0562      0.35257315   1.7156886e-09      -23.025851       -23.025851      -4156.0607                                                  -4156.0607
              1      -2100.9629       0.3459322   1.8530563e-09      -23.025851       -23.025851       -4155.874                                                   -4155.874
              2      -2101.0227      0.35976552   1.6781237e-09      -23.025851       -23.025851      -4155.9937                                                  -4155.9937
              1      -2100.5966      0.33577379   2.0846848e-09      -23.025851       -23.025851      -4155.1416                                                  -4155.1416
              3      -2101.0805      0.31771494   2.0628194e-09      -23.025851       -23.025851      -4156.1093                                                  -4156.1093
              1      -2101.0456      0.32649974   2.0248463e-09      -23.025851       -23.025851      -4156.0394                                                  -4156.0394
              1      -2100.6739      0.32103486   2.2575303e-09      -23.025851       -23.025851      -4155.2961                                                  -4155.2961
              1       -2100.943      0.29599006    2.541825e-09      -23.025851       -23.025851      -4155.8344                                                  -4155.8344
              1      -2100.6598      0.27968169   2.3739207e-09      -23.025851       -23.025851      -4155.2678                                                  -4155.2678
              2      -2100.9707      0.29495063   2.2639517e-09      -23.025851       -23.025851      -4155.8896                                                  -4155.8896
              1      -2100.9629      0.29461422   2.2641746e-09      -23.025851       -23.025851      -4155.8741                                                  -4155.8741
              3      -2100.5648      0.31801999   1.7904032e-09      -23.025851       -23.025851      -4155.0779                                                  -4155.0779
              6      -2100.4554      0.30014972   1.9832997e-09      -23.025851       -23.025851      -4154.8592                                                  -4154.8592
              1      -2100.4076      0.29995326    1.972934e-09      -23.025851       -23.025851      -4154.7635                                                  -4154.7635
              2      -2100.8634      0.33957103   1.6589864e-09      -23.025851       -23.025851      -4155.6751                                                  -4155.6751
              1      -2101.0178      0.35659068   1.7125549e-09      -23.025851       -23.025851       -4155.984                                                   -4155.984
              4      -2101.0516      0.35151444   1.7331724e-09      -23.025851       -23.025851      -4156.0514                                                  -4156.0514
              3      -2101.0763      0.32671923   1.9762882e-09      -23.025851       -23.025851      -4156.1009                                                  -4156.1009
              4      -2100.8966      0.30664019   2.0483094e-09      -23.025851       -23.025851      -4155.7415                                                  -4155.7415
              6      -2100.6703      0.28748458   2.2426175e-09      -23.025851       -23.025851      -4155.2889                                                  -4155.2889
              1      -2100.5819      0.31668353   1.8104407e-09      -23.025851       -23.025851      -4155.1122                                                  -4155.1122
              3      -2100.5441      0.31594484   1.8085555e-09      -23.025851       -23.025851      -4155.0364                                                  -4155.0364
              4      -2098.7939      0.29383489   1.7332993e-09      -23.025851       -23.025851       -4151.536                                                   -4151.536
              2      -2100.4841      0.29241714   2.1027052e-09      -23.025851       -23.025851      -4154.9165                                                  -4154.9165
              5      -2101.0646      0.32167142   1.9725072e-09      -23.025851       -23.025851      -4156.0776                                                  -4156.0776
              1      -2100.8174      0.31362881   2.3181876e-09      -23.025851       -23.025851      -4155.5831                                                  -4155.5831
              4      -2101.0208      0.30391437   2.3604202e-09      -23.025851       -23.025851      -4155.9899                                                  -4155.9899
              1      -2101.0754      0.32274847   2.0301652e-09      -23.025851       -23.025851      -4156.0992                                                  -4156.0992
              1      -2101.0029       0.3190452   1.9472281e-09      -23.025851       -23.025851       -4155.954                                                   -4155.954
              1      -2101.0378      0.33228368   1.8234343e-09      -23.025851       -23.025851      -4156.0238                                                  -4156.0238
              1      -2101.0708      0.33137835   1.9316857e-09      -23.025851       -23.025851      -4156.0899                                                  -4156.0899
              1      -2100.8884      0.30270557   2.0994092e-09      -23.025851       -23.025851       -4155.725                                                   -4155.725
              6      -2099.7143      0.31494673   1.6435262e-09      -23.025851       -23.025851       -4153.377                                                   -4153.377
              4      -2099.7197      0.31491599     1.64481e-09      -23.025851       -23.025851      -4153.3876                                                  -4153.3876
              4      -2100.1665      0.29840308   1.9334897e-09      -23.025851       -23.025851      -4154.2813                                                  -4154.2813
              5      -2100.1259        0.291908   2.0146347e-09      -23.025851       -23.025851         -4154.2                                                     -4154.2
              4       -2101.042      0.34807538   1.6749968e-09      -23.025851       -23.025851      -4156.0323                                                  -4156.0323
              1      -2100.9981      0.32329962   1.8935637e-09      -23.025851       -23.025851      -4155.9446                                                  -4155.9446
              2      -2100.8247      0.29998169   2.1099315e-09      -23.025851       -23.025851      -4155.5977                                                  -4155.5977
              5      -2101.0432      0.28680428   2.4739582e-09      -23.025851       -23.025851      -4156.0348                                                  -4156.0348
              2      -2100.9297      0.30422138   2.0988288e-09      -23.025851       -23.025851      -4155.8078                                                  -4155.8078
              3      -2100.9565      0.30831378   2.0568064e-09      -23.025851       -23.025851      -4155.8613                                                  -4155.8613
              2      -2100.8505       0.3142276   2.2969503e-09      -23.025851       -23.025851      -4155.6493                                                  -4155.6493
              1      -2101.0533      0.31927275   1.9871355e-09      -23.025851       -23.025851      -4156.0548                                                  -4156.0548
              1      -2101.0761      0.33047026   1.9284847e-09      -23.025851       -23.025851      -4156.1006                                                  -4156.1006
              1      -2101.0717      0.29264211   2.4256644e-09      -23.025851       -23.025851      -4156.0918                                                  -4156.0918
              1      -2100.0837      0.27298544   2.3125172e-09      -23.025851       -23.025851      -4154.1158                                                  -4154.1158
              1      -2100.0254      0.27232211   2.3090239e-09      -23.025851       -23.025851      -4153.9992                                                  -4153.9992
              1       -2100.229      0.28805546   2.0980938e-09      -23.025851       -23.025851      -4154.4063                                                  -4154.4063
              1      -2100.2109       0.2881378    2.092107e-09      -23.025851       -23.025851      -4154.3702                                                  -4154.3702
             10      -2101.0469      0.35037132   1.7505106e-09      -23.025851       -23.025851      -4156.0422                                                  -4156.0422
              5      -2101.0585      0.34668619    1.775318e-09      -23.025851       -23.025851      -4156.0653                                                  -4156.0653
              2       -2101.063      0.35060054   1.7243642e-09      -23.025851       -23.025851      -4156.0743                                                  -4156.0743
              2      -2100.9577      0.32266891   1.8772808e-09      -23.025851       -23.025851      -4155.8636                                                  -4155.8636
              2      -2100.8122      0.32825878   1.7537208e-09      -23.025851       -23.025851      -4155.5727                                                  -4155.5727
              1       -2100.226      0.34433916   2.0557136e-09      -23.025851       -23.025851      -4154.4003                                                  -4154.4003
              3      -2100.3669      0.33344051   2.1630939e-09      -23.025851       -23.025851       -4154.682                                                   -4154.682
              1      -2100.3827      0.33267447   2.1697151e-09      -23.025851       -23.025851      -4154.7138                                                  -4154.7138
              1      -2100.9401      0.32365545   1.8569912e-09      -23.025851       -23.025851      -4155.8284                                                  -4155.8284
              1      -2100.8031      0.32288508   2.1926731e-09      -23.025851       -23.025851      -4155.5545                                                  -4155.5545
              1      -2100.8402      0.27814598   2.4842585e-09      -23.025851       -23.025851      -4155.6287                                                  -4155.6287
              1      -2100.7748      0.28463691   2.3332489e-09      -23.025851       -23.025851      -4155.4979                                                  -4155.4979
              3      -2100.8917      0.28832954   2.3263815e-09      -23.025851       -23.025851      -4155.7316                                                  -4155.7316
              1       -2100.954      0.33059177   1.7878371e-09      -23.025851       -23.025851      -4155.8564                                                  -4155.8564
              1      -2100.9853      0.34321972   1.8709541e-09      -23.025851       -23.025851      -4155.9189                                                  -4155.9189
              1      -2100.4534      0.31233472   2.4418811e-09      -23.025851       -23.025851      -4154.8552                                                  -4154.8552
              1      -2100.8248      0.28012872   2.4384813e-09      -23.025851       -23.025851      -4155.5978                                                  -4155.5978
              2      -2100.6049      0.33133932    2.138079e-09      -23.025851       -23.025851      -4155.1582                                                  -4155.1582
              4      -2100.8969      0.33492012   2.0059994e-09      -23.025851       -23.025851       -4155.742                                                   -4155.742
              1      -2101.0677      0.34223766   1.8087589e-09      -23.025851       -23.025851      -4156.0837                                                  -4156.0837
              2       -2100.926      0.35524279   1.7730921e-09      -23.025851       -23.025851      -4155.8003                                                  -4155.8003
              1      -2100.4688      0.34645085   1.9872279e-09      -23.025851       -23.025851      -4154.8859                                                  -4154.8859
              2      -2100.2873      0.28743301   2.1231844e-09      -23.025851       -23.025851      -4154.5228                                                  -4154.5228
              1      -2099.4241      0.28120805   2.0210909e-09      -23.025851       -23.025851      -4152.7966                                                  -4152.7966
              1      -2099.8523      0.30670163   1.7616469e-09      -23.025851       -23.025851       -4153.653                                                   -4153.653
              2      -2101.0721      0.30722213   2.2491606e-09      -23.025851       -23.025851      -4156.0925                                                  -4156.0925
              1      -2101.0647        0.347727   1.7091328e-09      -23.025851       -23.025851      -4156.0777                                                  -4156.0777
              1      -2100.8548      0.35845715   1.7670787e-09      -23.025851       -23.025851      -4155.6579                                                  -4155.6579
              4      -2100.8436      0.33205647   2.0604424e-09      -23.025851       -23.025851      -4155.6355                                                  -4155.6355
              2      -2100.7614      0.33845988   2.0094937e-09      -23.025851       -23.025851      -4155.4712                                                  -4155.4712
              2      -2100.8333      0.34202566   1.9463867e-09      -23.025851       -23.025851      -4155.6149                                                  -4155.6149
              1      -2100.9202      0.31997783    2.186779e-09      -23.025851       -23.025851      -4155.7887                                                  -4155.7887
              1      -2101.0315      0.31089318   2.0740977e-09      -23.025851       -23.025851      -4156.0113                                                  -4156.0113
              3      -2101.0529      0.31066928   2.0988912e-09      -23.025851       -23.025851       -4156.054                                                   -4156.054
              7      -2100.9975       0.2917609   2.5784502e-09      -23.025851       -23.025851      -4155.9434                                                  -4155.9434
              1      -2100.9034      0.31041394    2.000988e-09      -23.025851       -23.025851      -4155.7551                                                  -4155.7551
              5       -2101.072      0.33129354   1.9300701e-09      -23.025851       -23.025851      -4156.0923                                                  -4156.0923
              1      -2101.0725      0.31355251   2.0893988e-09      -23.025851       -23.025851      -4156.0934                                                  -4156.0934
              2      -2100.7854      0.30925081   1.9666257e-09      -23.025851       -23.025851       -4155.519                                                   -4155.519
              3      -2099.6663       0.3042642   1.7552919e-09      -23.025851       -23.025851      -4153.2808                                                  -4153.2808
              2      -2100.5126      0.26594694    2.588553e-09      -23.025851       -23.025851      -4154.9735                                                  -4154.9735
              2      -2100.7291      0.27200331   2.5518411e-09      -23.025851       -23.025851      -4155.4065                                                  -4155.4065
              4      -2101.0098      0.34418849   1.8459313e-09      -23.025851       -23.025851       -4155.968                                                   -4155.968
              2      -2100.9563      0.33577975   1.9701013e-09      -23.025851       -23.025851       -4155.861                                                   -4155.861
              2      -2101.0144      0.33447802     1.95266e-09      -23.025851       -23.025851      -4155.9771                                                  -4155.9771
              2      -2100.5321      0.33372488   2.1249356e-09      -23.025851       -23.025851      -4155.0125                                                  -4155.0125
              2      -2100.7831      0.31132904   1.9392075e-09      -23.025851       -23.025851      -4155.5146                                                  -4155.5146
              4      -2100.2175      0.31551009   2.4432783e-09      -23.025851       -23.025851      -4154.3833                                                  -4154.3833
              2      -2100.9591      0.32360971   1.8672461e-09      -23.025851       -23.025851      -4155.8665                                                  -4155.8665
              1      -2100.8588      0.33706606   1.6813134e-09      -23.025851       -23.025851      -4155.6659                                                  -4155.6659
              5      -2101.0398      0.34375516   1.7119149e-09      -23.025851       -23.025851      -4156.0279                                                  -4156.0279
              1       -2101.036      0.34439029   1.7026253e-09      -23.025851       -23.025851      -4156.0203                                                  -4156.0203
              7      -2100.9888      0.35554618   1.7408173e-09      -23.025851       -23.025851      -4155.9258                                                  -4155.9258
              8       -2101.052       0.3535708   1.7112829e-09      -23.025851       -23.025851      -4156.0522                                                  -4156.0522
              2      -2100.6746      0.36498285   1.7532501e-09      -23.025851       -23.025851      -4155.2975                                                  -4155.2975
              1      -2101.0742       0.3285831   1.9586981e-09      -23.025851       -23.025851      -4156.0966                                                  -4156.0966
              1      -2101.0093      0.33022236   1.8236639e-09      -23.025851       -23.025851      -4155.9669                                                  -4155.9669
              2      -2101.0407      0.32717794   1.8815924e-09      -23.025851       -23.025851      -4156.0298                                                  -4156.0298
              1      -2100.9817      0.30919509   2.0600444e-09      -23.025851       -23.025851      -4155.9116                                                  -4155.9116
              6      -2100.3695      0.30220431   1.9326767e-09      -23.025851       -23.025851      -4154.6873                                                  -4154.6873
              2      -2100.5372      0.36386754   1.7928976e-09      -23.025851       -23.025851      -4155.0228                                                  -4155.0228
              1      -2100.7667      0.35417293   1.8359936e-09      -23.025851       -23.025851      -4155.4817                                                  -4155.4817
              2      -2101.0493      0.34357479   1.8208677e-09      -23.025851       -23.025851      -4156.0468                                                  -4156.0468
              3      -2100.9826       0.3344937   1.7625186e-09      -23.025851       -23.025851      -4155.9136                                                  -4155.9136
              3      -2101.0714      0.32766466   1.9765754e-09      -23.025851       -23.025851      -4156.0911                                                  -4156.0911
              2      -2100.8215      0.31628927   1.8923169e-09      -23.025851       -23.025851      -4155.5913                                                  -4155.5913
              2      -2099.9168      0.29629302   1.9060879e-09      -23.025851       -23.025851      -4153.7818                                                  -4153.7818
              1      -2100.0002      0.30737924   1.7831432e-09      -23.025851       -23.025851      -4153.9487                                                  -4153.9487
              3      -2101.0287      0.32171842   1.9342154e-09      -23.025851       -23.025851      -4156.0058                                                  -4156.0058
              2      -2101.0287       0.3217187   1.9342092e-09      -23.025851       -23.025851      -4156.0058                                                  -4156.0058
              2      -2100.9354      0.27777353    2.549441e-09      -23.025851       -23.025851      -4155.8191                                                  -4155.8191
              2      -2100.9341      0.27795612   2.5447659e-09      -23.025851       -23.025851      -4155.8164                                                  -4155.8164
              1      -2100.9652      0.30586494   2.0958411e-09      -23.025851       -23.025851      -4155.8788                                                  -4155.8788
              2       -2100.439      0.33488243   2.1303598e-09      -23.025851       -23.025851      -4154.8264                                                  -4154.8264
              1      -2100.4164      0.33234665   2.1671668e-09      -23.025851       -23.025851      -4154.7812                                                  -4154.7812
              1      -2100.8508       0.3469147   1.8866883e-09      -23.025851       -23.025851      -4155.6499                                                  -4155.6499
              1       -2100.751      0.34999666   1.8837074e-09      -23.025851       -23.025851      -4155.4503                                                  -4155.4503
              2      -2100.7185      0.33738366   2.0343382e-09      -23.025851       -23.025851      -4155.3853                                                  -4155.3853
              3       -2101.002      0.33852681    1.913787e-09      -23.025851       -23.025851      -4155.9523                                                  -4155.9523
              1      -2101.0309      0.32857005   1.8576557e-09      -23.025851       -23.025851      -4156.0101                                                  -4156.0101
              2      -2100.9916      0.32340953   1.8881775e-09      -23.025851       -23.025851      -4155.9315                                                  -4155.9315
              2      -2100.8127      0.31559382   1.8973883e-09      -23.025851       -23.025851      -4155.5738                                                  -4155.5738
              1      -2100.7976      0.31397036   1.9115133e-09      -23.025851       -23.025851      -4155.5434                                                  -4155.5434
              1      -2099.4842      0.30804172   1.6791798e-09      -23.025851       -23.025851      -4152.9166                                                  -4152.9166
              1      -2101.0521      0.33335425   1.8262236e-09      -23.025851       -23.025851      -4156.0526                                                  -4156.0526
              2      -2101.0586      0.33000465    1.869315e-09      -23.025851       -23.025851      -4156.0654                                                  -4156.0654
              2      -2100.9908      0.28900243   2.3793277e-09      -23.025851       -23.025851        -4155.93                                                    -4155.93
              4      -2100.5717      0.30812204   1.9112197e-09      -23.025851       -23.025851      -4155.0918                                                  -4155.0918
              1      -2100.4952      0.29505734    2.066842e-09      -23.025851       -23.025851      -4154.9388                                                  -4154.9388
              3      -2100.4892      0.28868125   2.1619385e-09      -23.025851       -23.025851      -4154.9268                                                  -4154.9268
              3       -2100.489       0.2903244   2.1361921e-09      -23.025851       -23.025851      -4154.9262                                                  -4154.9262
              2      -2100.4683      0.27710187   2.3520752e-09      -23.025851       -23.025851      -4154.8849                                                  -4154.8849
              1      -2100.9431      0.28600392   2.3980833e-09      -23.025851       -23.025851      -4155.8346                                                  -4155.8346
              1      -2100.8989       0.2807733   2.4669521e-09      -23.025851       -23.025851       -4155.746                                                   -4155.746
              2      -2101.0647      0.28801492   2.4929052e-09      -23.025851       -23.025851      -4156.0777                                                  -4156.0777
              2      -2100.8995      0.27467902   2.5883185e-09      -23.025851       -23.025851      -4155.7473                                                  -4155.7473
              1      -2098.8813      0.27012204   2.0924859e-09      -23.025851       -23.025851      -4151.7108                                                  -4151.7108
              1      -2099.0688      0.27425663   2.0605095e-09      -23.025851       -23.025851       -4152.086                                                   -4152.086
              1      -2100.0939      0.31815515   1.6803249e-09      -23.025851       -23.025851      -4154.1362                                                  -4154.1362
              1      -2101.0501      0.32420658   1.9246152e-09      -23.025851       -23.025851      -4156.0484                                                  -4156.0484
              1      -2101.0663       0.3387689   1.7915888e-09      -23.025851       -23.025851       -4156.081                                                   -4156.081
              2      -2101.0716      0.33992392   1.8254903e-09      -23.025851       -23.025851      -4156.0915                                                  -4156.0915
              3      -2101.0671      0.28725452   2.5572861e-09      -23.025851       -23.025851      -4156.0826                                                  -4156.0826
              1      -2100.4589      0.27217409   2.4418841e-09      -23.025851       -23.025851      -4154.8662                                                  -4154.8662
              2      -2100.8498      0.32264769   1.8289914e-09      -23.025851       -23.025851      -4155.6479                                                  -4155.6479
              1      -2100.9658      0.33415001   1.7568656e-09      -23.025851       -23.025851      -4155.8799                                                  -4155.8799
              1      -2100.8679      0.30523442   2.4266567e-09      -23.025851       -23.025851      -4155.6841                                                  -4155.6841
              4      -2101.0663      0.28963841   2.4649803e-09      -23.025851       -23.025851       -4156.081                                                   -4156.081
              3       -2100.829      0.29556201   2.1780032e-09      -23.025851       -23.025851      -4155.6063                                                  -4155.6063
              3      -2100.8941      0.29230389   2.2612351e-09      -23.025851       -23.025851      -4155.7364                                                  -4155.7364
              2      -2100.8902      0.29138917   2.2741726e-09      -23.025851       -23.025851      -4155.7287                                                  -4155.7287
              1      -2099.7265      0.28629559   2.0068719e-09      -23.025851       -23.025851      -4153.4013                                                  -4153.4013
              2      -2100.7205      0.33757744   2.0314555e-09      -23.025851       -23.025851      -4155.3893                                                  -4155.3893
              2      -2101.0416      0.29987751   2.2449731e-09      -23.025851       -23.025851      -4156.0314                                                  -4156.0314
              1      -2099.5934      0.27351566   2.1824551e-09      -23.025851       -23.025851      -4153.1351                                                  -4153.1351
              3      -2099.6524      0.28411909   2.0238067e-09      -23.025851       -23.025851      -4153.2532                                                  -4153.2532
              1      -2100.2663      0.30151397   1.9159558e-09      -23.025851       -23.025851      -4154.4809                                                  -4154.4809
              3      -2100.7582      0.29961289   2.0883338e-09      -23.025851       -23.025851      -4155.4648                                                  -4155.4648
              2      -2100.8614       0.2857427   2.3551853e-09      -23.025851       -23.025851       -4155.671                                                   -4155.671
              2      -2101.0691      0.28981013    2.512689e-09      -23.025851       -23.025851      -4156.0866                                                  -4156.0866
              1      -2100.9185      0.30836724   2.0356357e-09      -23.025851       -23.025851      -4155.7853                                                  -4155.7853
              2      -2101.0727      0.32742778   1.9767302e-09      -23.025851       -23.025851      -4156.0937                                                  -4156.0937
              3      -2100.8864      0.35245543    1.816278e-09      -23.025851       -23.025851      -4155.7211                                                  -4155.7211
              2      -2101.0083      0.34883318   1.7975262e-09      -23.025851       -23.025851      -4155.9648                                                  -4155.9648
              4      -2101.0482      0.32499238   1.9135691e-09      -23.025851       -23.025851      -4156.0447                                                  -4156.0447
              3      -2100.4027      0.29696836   2.0130244e-09      -23.025851       -23.025851      -4154.7536                                                  -4154.7536
              5      -2101.0291      0.33326165   1.8059758e-09      -23.025851       -23.025851      -4156.0065                                                  -4156.0065
              2      -2100.9099      0.32456796   1.8324737e-09      -23.025851       -23.025851      -4155.7681                                                  -4155.7681
              1      -2101.0071      0.33659339   1.9327965e-09      -23.025851       -23.025851      -4155.9625                                                  -4155.9625
              2      -2101.0535      0.30569153   2.3010527e-09      -23.025851       -23.025851      -4156.0552                                                  -4156.0552
              1       -2100.909      0.31386958   2.2776239e-09      -23.025851       -23.025851      -4155.7664                                                  -4155.7664
              2      -2100.9762      0.30930666   2.3098551e-09      -23.025851       -23.025851      -4155.9008                                                  -4155.9008
              2      -2101.0658      0.31601226   2.0448635e-09      -23.025851       -23.025851      -4156.0799                                                  -4156.0799
              1      -2100.3846      0.31736429   1.7521471e-09      -23.025851       -23.025851      -4154.7176                                                  -4154.7176
              1      -2100.6777      0.33876536   1.6079984e-09      -23.025851       -23.025851      -4155.3038                                                  -4155.3038
              1       -2100.727      0.33986134   1.6117852e-09      -23.025851       -23.025851      -4155.4024                                                  -4155.4024
              1       -2100.914      0.28765998   2.3506047e-09      -23.025851       -23.025851      -4155.7763                                                  -4155.7763
              2      -2101.0273      0.29109106   2.3758312e-09      -23.025851       -23.025851      -4156.0028                                                  -4156.0028
              2      -2097.6672      0.32760965   2.5744561e-09      -23.025851       -23.025851      -4149.2827                                                  -4149.2827
              7      -2097.6545      0.35462878    2.210745e-09      -23.025851       -23.025851      -4149.2572                                                  -4149.2572
              1      -2098.8927       0.3378591      2.3101e-09      -23.025851       -23.025851      -4151.7336                                                  -4151.7336
              1      -2101.0511      0.30917007    2.252833e-09      -23.025851       -23.025851      -4156.0504                                                  -4156.0504
              1      -2101.0525      0.31096821   2.2253446e-09      -23.025851       -23.025851      -4156.0534                                                  -4156.0534
              2      -2101.0743      0.29398694   2.4210614e-09      -23.025851       -23.025851      -4156.0969                                                  -4156.0969
              1      -2100.7919      0.27765614   2.4692015e-09      -23.025851       -23.025851      -4155.5321                                                  -4155.5321
              1       -2100.356      0.29556571   2.0202717e-09      -23.025851       -23.025851      -4154.6602                                                  -4154.6602
              1      -2101.0527       0.3177228   2.0058695e-09      -23.025851       -23.025851      -4156.0537                                                  -4156.0537
              7      -2101.0774      0.30097516   2.3182816e-09      -23.025851       -23.025851      -4156.1031                                                  -4156.1031
              1      -2100.9145      0.30299827   2.4409003e-09      -23.025851       -23.025851      -4155.7772                                                  -4155.7772
              1      -2101.0664      0.28568898   2.5814126e-09      -23.025851       -23.025851       -4156.081                                                   -4156.081
              2      -2101.0661       0.2844948   2.5914249e-09      -23.025851       -23.025851      -4156.0805                                                  -4156.0805
              1      -2101.0532      0.29814884   2.2872092e-09      -23.025851       -23.025851      -4156.0547                                                  -4156.0547
              4      -2100.9371      0.31490293   2.2495135e-09      -23.025851       -23.025851      -4155.8224                                                  -4155.8224
              1      -2100.8027      0.32888999   2.1139591e-09      -23.025851       -23.025851      -4155.5537                                                  -4155.5537
              1      -2100.9469      0.30823051   2.3426136e-09      -23.025851       -23.025851       -4155.842                                                   -4155.842
              3      -2100.9922      0.30720786   2.3312856e-09      -23.025851       -23.025851      -4155.9327                                                  -4155.9327
              3       -2100.984      0.30651752    2.347122e-09      -23.025851       -23.025851      -4155.9162                                                  -4155.9162
              1       -2100.988      0.30558629   2.3587477e-09      -23.025851       -23.025851      -4155.9244                                                  -4155.9244
              1      -2101.0704      0.31434562   2.0745121e-09      -23.025851       -23.025851      -4156.0891                                                  -4156.0891
              3      -2101.0693       0.3231568   2.0378012e-09      -23.025851       -23.025851      -4156.0868                                                  -4156.0868
              3      -2100.2054      0.30896455   2.5495826e-09      -23.025851       -23.025851      -4154.3591                                                  -4154.3591
              2      -2101.0545      0.28909634   2.5618978e-09      -23.025851       -23.025851      -4156.0572                                                  -4156.0572
              3       -2101.001      0.29886127    2.223821e-09      -23.025851       -23.025851      -4155.9502                                                  -4155.9502
              1      -2101.0429      0.30302019   2.1979839e-09      -23.025851       -23.025851      -4156.0341                                                  -4156.0341
              1      -2101.0779      0.30192804   2.3021424e-09      -23.025851       -23.025851      -4156.1042                                                  -4156.1042
              1      -2100.5722      0.28581886   2.2352318e-09      -23.025851       -23.025851      -4155.0927                                                  -4155.0927
              1       -2100.645      0.30737867   1.9428783e-09      -23.025851       -23.025851      -4155.2383                                                  -4155.2383
              1      -2100.9849      0.31599188   1.9733018e-09      -23.025851       -23.025851      -4155.9181                                                  -4155.9181
              4      -2100.9921      0.31153524   2.0354428e-09      -23.025851       -23.025851      -4155.9325                                                  -4155.9325
              2      -2100.9068      0.31087005   1.9966813e-09      -23.025851       -23.025851      -4155.7619                                                  -4155.7619
              3      -2101.0642      0.30185791    2.343089e-09      -23.025851       -23.025851      -4156.0766                                                  -4156.0766
              1      -2100.5659      0.31612474    2.356842e-09      -23.025851       -23.025851      -4155.0801                                                  -4155.0801
              1      -2100.5611      0.31511008   2.3732382e-09      -23.025851       -23.025851      -4155.0706                                                  -4155.0706
              2      -2100.9805      0.28086382   2.5225187e-09      -23.025851       -23.025851      -4155.9092                                                  -4155.9092
              2      -2101.0801      0.31041217   2.1765186e-09      -23.025851       -23.025851      -4156.1085                                                  -4156.1085
              1      -2100.7221      0.31412246   1.8831818e-09      -23.025851       -23.025851      -4155.3925                                                  -4155.3925
              1       -2100.922      0.32813024   1.7987801e-09      -23.025851       -23.025851      -4155.7923                                                  -4155.7923
              2      -2101.0496      0.31041563   2.2365655e-09      -23.025851       -23.025851      -4156.0475                                                  -4156.0475
              1      -2101.0491      0.29272648   2.5099763e-09      -23.025851       -23.025851      -4156.0465                                                  -4156.0465
              2       -2101.059       0.2868881    2.500447e-09      -23.025851       -23.025851      -4156.0663                                                  -4156.0663
              4      -2101.0531       0.3021727   2.3545873e-09      -23.025851       -23.025851      -4156.0544                                                  -4156.0544
              4      -2101.0756      0.30111946   2.2842552e-09      -23.025851       -23.025851      -4156.0994                                                  -4156.0994
              2      -2100.9495      0.30155355   2.1486214e-09      -23.025851       -23.025851      -4155.8474                                                  -4155.8474
              2      -2101.0671      0.28662221   2.5343661e-09      -23.025851       -23.025851      -4156.0826                                                  -4156.0826
              3      -2100.6196      0.30085171   2.0224181e-09      -23.025851       -23.025851      -4155.1874                                                  -4155.1874
              2      -2101.0608       0.2855153   2.5335745e-09      -23.025851       -23.025851        -4156.07                                                    -4156.07
              1      -2099.9361      0.32637482    2.333143e-09      -23.025851       -23.025851      -4153.8205                                                  -4153.8205
              1      -2099.8899      0.32610729   2.3441791e-09      -23.025851       -23.025851      -4153.7282                                                  -4153.7282
              1       -2100.214      0.32188434   2.3491332e-09      -23.025851       -23.025851      -4154.3764                                                  -4154.3764
              4      -2101.0586      0.35709732   1.6631054e-09      -23.025851       -23.025851      -4156.0655                                                  -4156.0655
              1      -2101.0705      0.33775733    1.809988e-09      -23.025851       -23.025851      -4156.0893                                                  -4156.0893
              2       -2101.074      0.33655957   1.8320954e-09      -23.025851       -23.025851      -4156.0963                                                  -4156.0963
              1       -2101.075      0.33759799   1.8373879e-09      -23.025851       -23.025851      -4156.0983                                                  -4156.0983
              5      -2101.0637       0.2887199   2.4754096e-09      -23.025851       -23.025851      -4156.0756                                                  -4156.0756
              1      -2100.7242      0.30839532   1.9557156e-09      -23.025851       -23.025851      -4155.3966                                                  -4155.3966
              2      -2100.8366      0.35557313   1.8013725e-09      -23.025851       -23.025851      -4155.6216                                                  -4155.6216
              3      -2100.7329      0.35729678   1.8134558e-09      -23.025851       -23.025851       -4155.414                                                   -4155.414
              1      -2100.7396      0.35624357   1.8222657e-09      -23.025851       -23.025851      -4155.4276                                                  -4155.4276
              2      -2101.0185      0.35205385   1.6211298e-09      -23.025851       -23.025851      -4155.9853                                                  -4155.9853
              1      -2101.0375      0.34793509   1.6720199e-09      -23.025851       -23.025851      -4156.0233                                                  -4156.0233
              1      -2100.7524      0.34771916   1.9077234e-09      -23.025851       -23.025851      -4155.4531                                                  -4155.4531
              1      -2100.7814      0.34562979   1.9222894e-09      -23.025851       -23.025851      -4155.5111                                                  -4155.5111
              1      -2101.0699      0.33885999    1.843418e-09      -23.025851       -23.025851       -4156.088                                                   -4156.088
              1      -2101.0636      0.35599606   1.6558778e-09      -23.025851       -23.025851      -4156.0754                                                  -4156.0754
              2      -2101.0488      0.36095469   1.6407402e-09      -23.025851       -23.025851       -4156.046                                                   -4156.046
              4      -2100.8947      0.34255309   1.6430309e-09      -23.025851       -23.025851      -4155.7378                                                  -4155.7378
              4      -2100.7442      0.33414907   1.6714156e-09      -23.025851       -23.025851      -4155.4368                                                  -4155.4368
              2      -2100.9945       0.3306795   1.8092633e-09      -23.025851       -23.025851      -4155.9373                                                  -4155.9373
              3      -2100.5879      0.35812006   1.8389391e-09      -23.025851       -23.025851      -4155.1242                                                  -4155.1242
              3       -2100.657       0.3280924   2.1667706e-09      -23.025851       -23.025851      -4155.2623                                                  -4155.2623
              1      -2101.0699       0.2995675   2.2931882e-09      -23.025851       -23.025851      -4156.0881                                                  -4156.0881
              1      -2100.1498      0.31609437   1.7141408e-09      -23.025851       -23.025851      -4154.2479                                                  -4154.2479
              3      -2100.4177      0.31564953   1.7794857e-09      -23.025851       -23.025851      -4154.7837                                                  -4154.7837
              3      -2100.9509      0.33802932   1.7106268e-09      -23.025851       -23.025851      -4155.8502                                                  -4155.8502
              2      -2100.9261      0.33427406   1.7363615e-09      -23.025851       -23.025851      -4155.8005                                                  -4155.8005
              1      -2101.0282        0.318839   2.1394879e-09      -23.025851       -23.025851      -4156.0046                                                  -4156.0046
              1      -2101.0717       0.3072413   2.1767526e-09      -23.025851       -23.025851      -4156.0917                                                  -4156.0917
              1      -2100.8654      0.34411648   1.6175862e-09      -23.025851       -23.025851       -4155.679                                                   -4155.679
              7      -2100.9817      0.36467686   1.6575662e-09      -23.025851       -23.025851      -4155.9118                                                  -4155.9118
              1      -2100.2222      0.32613191   2.2876225e-09      -23.025851       -23.025851      -4154.3928                                                  -4154.3928
              7      -2100.4558      0.32292906   2.2850493e-09      -23.025851       -23.025851      -4154.8599                                                  -4154.8599
              3      -2100.9914       0.3559906   1.7349502e-09      -23.025851       -23.025851      -4155.9311                                                  -4155.9311
              1      -2100.6641      0.33428257   2.0863384e-09      -23.025851       -23.025851      -4155.2765                                                  -4155.2765
              1      -2100.8525      0.32196793   2.1875075e-09      -23.025851       -23.025851      -4155.6532                                                  -4155.6532
              5        -2100.68      0.31581982   1.8493807e-09      -23.025851       -23.025851      -4155.3084                                                  -4155.3084
              4      -2100.8125      0.31435076    1.912496e-09      -23.025851       -23.025851      -4155.5733                                                  -4155.5733
              4      -2101.0436      0.30088486   2.3857158e-09      -23.025851       -23.025851      -4156.0355                                                  -4156.0355
              1      -2100.9998      0.31546617   2.2062208e-09      -23.025851       -23.025851      -4155.9479                                                  -4155.9479
              1      -2100.6634      0.32192107     2.24813e-09      -23.025851       -23.025851       -4155.275                                                   -4155.275
              2      -2100.6383      0.30819916   2.4589424e-09      -23.025851       -23.025851      -4155.2248                                                  -4155.2248
              1      -2100.4254      0.27363375   2.4023446e-09      -23.025851       -23.025851       -4154.799                                                   -4154.799
              2      -2100.5063      0.29832948   2.0231403e-09      -23.025851       -23.025851      -4154.9609                                                  -4154.9609
              2      -2100.2378      0.30012554    1.927401e-09      -23.025851       -23.025851      -4154.4239                                                  -4154.4239
              5      -2099.3412      0.29627693   1.7948057e-09      -23.025851       -23.025851      -4152.6307                                                  -4152.6307
              1      -2099.0382      0.30359997    1.656184e-09      -23.025851       -23.025851      -4152.0247                                                  -4152.0247
             12      -2100.4374      0.33052114   1.6268617e-09      -23.025851       -23.025851       -4154.823                                                   -4154.823
              7       -2100.187      0.34664703   2.0355464e-09      -23.025851       -23.025851      -4154.3223                                                  -4154.3223
              3      -2099.5388      0.36079254   1.9683737e-09      -23.025851       -23.025851      -4153.0258                                                  -4153.0258
              2      -2100.9054      0.30314727   2.1014668e-09      -23.025851       -23.025851       -4155.759                                                   -4155.759
              1      -2100.9066      0.30332789   2.0995006e-09      -23.025851       -23.025851      -4155.7614                                                  -4155.7614
              1      -2100.9437       0.3062556   2.0778816e-09      -23.025851       -23.025851      -4155.8356                                                  -4155.8356
              1      -2101.0696      0.30643793   2.1842728e-09      -23.025851       -23.025851      -4156.0875                                                  -4156.0875
              3      -2101.0652      0.29672302   2.4194946e-09      -23.025851       -23.025851      -4156.0787                                                  -4156.0787
              1      -2101.0162      0.28778322   2.4237956e-09      -23.025851       -23.025851      -4155.9806                                                  -4155.9806
              1      -2101.0109      0.28786395   2.4172018e-09      -23.025851       -23.025851      -4155.9701                                                  -4155.9701
              1      -2100.9644      0.31344083   2.2562113e-09      -23.025851       -23.025851      -4155.8771                                                  -4155.8771
              4      -2100.9456      0.31311347   2.2709313e-09      -23.025851       -23.025851      -4155.8394                                                  -4155.8394
              1      -2100.9822        0.306718   2.3451335e-09      -23.025851       -23.025851      -4155.9128                                                  -4155.9128
              2      -2100.1148      0.28396566   2.1327893e-09      -23.025851       -23.025851       -4154.178                                                   -4154.178
              2      -2100.3576      0.30248602    1.925868e-09      -23.025851       -23.025851      -4154.6635                                                  -4154.6635
              1      -2100.9335      0.31756966   2.2137254e-09      -23.025851       -23.025851      -4155.8153                                                  -4155.8153
              8      -2100.3142      0.30998847   2.5102469e-09      -23.025851       -23.025851      -4154.5768                                                  -4154.5768
              1      -2100.5609      0.30456736   2.5396834e-09      -23.025851       -23.025851      -4155.0701                                                  -4155.0701
              2      -2100.6534      0.30544137   2.4989813e-09      -23.025851       -23.025851       -4155.255                                                   -4155.255
              2      -2101.0802      0.31956701   2.0523645e-09      -23.025851       -23.025851      -4156.1088                                                  -4156.1088
              2      -2101.0737        0.296799   2.3532817e-09      -23.025851       -23.025851      -4156.0956                                                  -4156.0956
              2      -2101.0544      0.30176452   2.2310363e-09      -23.025851       -23.025851       -4156.057                                                   -4156.057
              3      -2101.0767      0.31906547   2.0280223e-09      -23.025851       -23.025851      -4156.1016                                                  -4156.1016
              1      -2101.0204      0.34855361   1.7923042e-09      -23.025851       -23.025851       -4155.989                                                   -4155.989
              3       -2100.839      0.34934669   1.8646476e-09      -23.025851       -23.025851      -4155.6263                                                  -4155.6263
              1      -2100.7191      0.34985201   1.8937067e-09      -23.025851       -23.025851      -4155.3866                                                  -4155.3866
              5       -2100.684      0.27084916   2.5553026e-09      -23.025851       -23.025851      -4155.3164                                                  -4155.3164
              1      -2100.5227      0.27410397   2.4269501e-09      -23.025851       -23.025851      -4154.9937                                                  -4154.9937
              4      -2100.7864       0.3248303   2.1721188e-09      -23.025851       -23.025851      -4155.5212                                                  -4155.5212
              4      -2100.9919      0.34003479   1.9026502e-09      -23.025851       -23.025851      -4155.9322                                                  -4155.9322
              2      -2101.0679      0.28754811   2.5167165e-09      -23.025851       -23.025851      -4156.0841                                                  -4156.0841
              2      -2101.0739      0.29482629   2.3933319e-09      -23.025851       -23.025851      -4156.0961                                                  -4156.0961
              2      -2101.0112      0.28069077   2.5548797e-09      -23.025851       -23.025851      -4155.9706                                                  -4155.9706
              4      -2100.9345      0.27989018   2.5067844e-09      -23.025851       -23.025851      -4155.8172                                                  -4155.8172
              4      -2100.9547      0.31949354   2.1767135e-09      -23.025851       -23.025851      -4155.8578                                                  -4155.8578
              1      -2100.9201      0.32262419   2.1511728e-09      -23.025851       -23.025851      -4155.7885                                                  -4155.7885
              1      -2100.8069      0.34154374   1.9602443e-09      -23.025851       -23.025851      -4155.5622                                                  -4155.5622
              6      -2100.4474      0.34448417   2.0137425e-09      -23.025851       -23.025851      -4154.8431                                                  -4154.8431
              4      -2100.4907       0.3322814   2.1523362e-09      -23.025851       -23.025851      -4154.9298                                                  -4154.9298
              4      -2100.2778       0.3090118   2.5338842e-09      -23.025851       -23.025851      -4154.5039                                                  -4154.5039
              3      -2100.5038      0.30663201   2.5205965e-09      -23.025851       -23.025851      -4154.9559                                                  -4154.9559
              1      -2101.0051      0.30550902   2.3481802e-09      -23.025851       -23.025851      -4155.9584                                                  -4155.9584
              4      -2100.6752      0.32587437   2.1911586e-09      -23.025851       -23.025851      -4155.2988                                                  -4155.2988
              3      -2101.0806      0.31143319   2.1569356e-09      -23.025851       -23.025851      -4156.1096                                                  -4156.1096
              3      -2101.0785      0.30326867   2.2806242e-09      -23.025851       -23.025851      -4156.1054                                                  -4156.1054
              1      -2100.6102      0.30523239   1.9601288e-09      -23.025851       -23.025851      -4155.1686                                                  -4155.1686
              1      -2101.0594      0.29813063   2.4079984e-09      -23.025851       -23.025851      -4156.0671                                                  -4156.0671
              3      -2100.8246      0.27443609   2.5494934e-09      -23.025851       -23.025851      -4155.5975                                                  -4155.5975
              2      -2101.0096      0.29249504   2.5557236e-09      -23.025851       -23.025851      -4155.9676                                                  -4155.9676
              2      -2100.6104       0.3028568   2.5545029e-09      -23.025851       -23.025851      -4155.1691                                                  -4155.1691
              1      -2101.0055      0.29661369   2.2629538e-09      -23.025851       -23.025851      -4155.9592                                                  -4155.9592
              4      -2101.0683      0.32425553   2.0253162e-09      -23.025851       -23.025851       -4156.085                                                   -4156.085
              3      -2100.1609      0.33683349   2.1574693e-09      -23.025851       -23.025851      -4154.2702                                                  -4154.2702
              2       -2099.885      0.34694931   2.0775403e-09      -23.025851       -23.025851      -4153.7183                                                  -4153.7183
              4      -2100.9466      0.36025863   1.7156299e-09      -23.025851       -23.025851      -4155.8414                                                  -4155.8414
              1      -2100.5488      0.33288037    2.131773e-09      -23.025851       -23.025851      -4155.0459                                                  -4155.0459
              2      -2101.0776      0.31679776    2.102639e-09      -23.025851       -23.025851      -4156.1034                                                  -4156.1034
              1      -2101.0772      0.30587244   2.2534107e-09      -23.025851       -23.025851      -4156.1028                                                  -4156.1028
              3       -2100.523       0.2730606   2.4472221e-09      -23.025851       -23.025851      -4154.9944                                                  -4154.9944
              3      -2100.3771      0.27142277   2.4290675e-09      -23.025851       -23.025851      -4154.7025                                                  -4154.7025
              2      -2101.0512      0.33337782   1.9352243e-09      -23.025851       -23.025851      -4156.0507                                                  -4156.0507
              2       -2100.994      0.32118605    1.915721e-09      -23.025851       -23.025851      -4155.9364                                                  -4155.9364
              2       -2100.815      0.32201247   2.2003786e-09      -23.025851       -23.025851      -4155.5784                                                  -4155.5784
              3      -2100.9244      0.35737968   1.7526658e-09      -23.025851       -23.025851      -4155.7971                                                  -4155.7971
              5      -2100.8985      0.35915833   1.7452703e-09      -23.025851       -23.025851      -4155.7454                                                  -4155.7454
              3      -2100.7065       0.3321915   2.1010142e-09      -23.025851       -23.025851      -4155.3613                                                  -4155.3613
              4       -2101.032      0.31438316   2.1974029e-09      -23.025851       -23.025851      -4156.0123                                                  -4156.0123
              2       -2100.962      0.31444063   2.2432264e-09      -23.025851       -23.025851      -4155.8723                                                  -4155.8723
              1       -2100.996      0.29205322    2.330629e-09      -23.025851       -23.025851      -4155.9404                                                  -4155.9404
              2      -2100.3523      0.35552887   1.9105586e-09      -23.025851       -23.025851      -4154.6529                                                  -4154.6529
              1      -2098.9541      0.35989951   2.0392446e-09      -23.025851       -23.025851      -4151.8565                                                  -4151.8565
              3      -2100.4412      0.30739676   2.5235563e-09      -23.025851       -23.025851      -4154.8308                                                  -4154.8308
              6      -2101.0464      0.34622617   1.6958766e-09      -23.025851       -23.025851      -4156.0412                                                  -4156.0412
              1      -2100.9283      0.35486608   1.7759018e-09      -23.025851       -23.025851      -4155.8049                                                  -4155.8049
              2      -2100.9185       0.3525621   1.8030901e-09      -23.025851       -23.025851      -4155.7853                                                  -4155.7853
              3      -2100.4051      0.31238515    2.452271e-09      -23.025851       -23.025851      -4154.7584                                                  -4154.7584
              1       -2100.886       0.3025264   2.4620396e-09      -23.025851       -23.025851      -4155.7202                                                  -4155.7202
              1      -2101.0033      0.31829845   2.1648293e-09      -23.025851       -23.025851       -4155.955                                                   -4155.955
              1      -2099.4607      0.28897276    1.914347e-09      -23.025851       -23.025851      -4152.8696                                                  -4152.8696
              1      -2099.4693      0.28982545    1.904115e-09      -23.025851       -23.025851      -4152.8869                                                  -4152.8869
              1      -2099.8424      0.30863896   1.7370779e-09      -23.025851       -23.025851      -4153.6332                                                  -4153.6332
              1      -2100.1611      0.30984423   1.7878884e-09      -23.025851       -23.025851      -4154.2706                                                  -4154.2706
              2      -2100.1858      0.30034642   1.9121165e-09      -23.025851       -23.025851      -4154.3199                                                  -4154.3199
              3      -2100.9987      0.32027259   2.1412292e-09      -23.025851       -23.025851      -4155.9456                                                  -4155.9456
              1      -2100.9979      0.31955685   2.1513332e-09      -23.025851       -23.025851      -4155.9441                                                  -4155.9441
              1      -2100.9449      0.32048289   2.1682397e-09      -23.025851       -23.025851      -4155.8381                                                  -4155.8381
              4      -2101.0649      0.29832318   2.3955379e-09      -23.025851       -23.025851      -4156.0781                                                  -4156.0781
              3      -2100.9439      0.31585678   1.9516994e-09      -23.025851       -23.025851      -4155.8361                                                  -4155.8361
              1      -2100.8661      0.31650471   2.2580171e-09      -23.025851       -23.025851      -4155.6805                                                  -4155.6805
              1      -2100.9907      0.30774808   2.3241416e-09      -23.025851       -23.025851      -4155.9297                                                  -4155.9297
              1      -2100.9516      0.34033686   1.6886178e-09      -23.025851       -23.025851      -4155.8515                                                  -4155.8515
              1      -2101.0418      0.34760954   1.6788811e-09      -23.025851       -23.025851      -4156.0318                                                  -4156.0318
              1      -2101.0493      0.34745007   1.6881026e-09      -23.025851       -23.025851      -4156.0469                                                  -4156.0469
              4      -2100.8334      0.32030107   1.8494839e-09      -23.025851       -23.025851      -4155.6151                                                  -4155.6151
              2      -2100.6496      0.33558783   1.6302831e-09      -23.025851       -23.025851      -4155.2475                                                  -4155.2475
              5      -2100.8413      0.34347309   1.6148439e-09      -23.025851       -23.025851      -4155.6309                                                  -4155.6309
              2      -2099.6231      0.30913855    1.691032e-09      -23.025851       -23.025851      -4153.1944                                                  -4153.1944
              2      -2100.2674       0.2927788   2.0372979e-09      -23.025851       -23.025851      -4154.4831                                                  -4154.4831
              2      -2100.2605      0.28856382   2.0985358e-09      -23.025851       -23.025851      -4154.4694                                                  -4154.4694
              1      -2100.7655      0.31257971   2.3518988e-09      -23.025851       -23.025851      -4155.4793                                                  -4155.4793
              1      -2100.9798      0.29187964   2.5896345e-09      -23.025851       -23.025851      -4155.9079                                                  -4155.9079
              4      -2100.2637      0.33335364   2.1836742e-09      -23.025851       -23.025851      -4154.4757                                                  -4154.4757
              1      -2100.6476      0.35350118   1.8728508e-09      -23.025851       -23.025851      -4155.2435                                                  -4155.2435
              3       -2100.622      0.35398106   1.8736839e-09      -23.025851       -23.025851      -4155.1924                                                  -4155.1924
              3      -2099.8601      0.36371046   1.8995778e-09      -23.025851       -23.025851      -4153.6685                                                  -4153.6685
              1         -2100.6      0.34321789   1.9958837e-09      -23.025851       -23.025851      -4155.1482                                                  -4155.1482
              1      -2100.9513      0.32261512    2.136565e-09      -23.025851       -23.025851       -4155.851                                                   -4155.851
              1      -2100.2231      0.32640412   1.6213148e-09      -23.025851       -23.025851      -4154.3945                                                  -4154.3945
              1      -2100.6529      0.32433943   1.7451793e-09      -23.025851       -23.025851      -4155.2541                                                  -4155.2541
              7      -2099.3443      0.28131885   2.0034812e-09      -23.025851       -23.025851       -4152.637                                                   -4152.637
              1      -2100.6236      0.29782734   2.0666001e-09      -23.025851       -23.025851      -4155.1954                                                  -4155.1954
              3      -2100.4897      0.27800288   2.3428337e-09      -23.025851       -23.025851      -4154.9277                                                  -4154.9277
              1      -2100.4631      0.28124814    2.276662e-09      -23.025851       -23.025851      -4154.8745                                                  -4154.8745
              1      -2101.0481      0.30048858   2.2429248e-09      -23.025851       -23.025851      -4156.0444                                                  -4156.0444
              5      -2100.6521      0.27007993   2.5574067e-09      -23.025851       -23.025851      -4155.2525                                                  -4155.2525
              2      -2100.4077      0.27689406   2.3361209e-09      -23.025851       -23.025851      -4154.7638                                                  -4154.7638
              2       -2100.886      0.28902401   2.3114264e-09      -23.025851       -23.025851      -4155.7202                                                  -4155.7202
              3      -2101.0085      0.32445823   2.0799294e-09      -23.025851       -23.025851      -4155.9653                                                  -4155.9653
              3      -2101.0013      0.32527524   2.0741165e-09      -23.025851       -23.025851      -4155.9508                                                  -4155.9508
              1      -2100.9263      0.33646513   1.7145715e-09      -23.025851       -23.025851      -4155.8009                                                  -4155.8009
              1      -2101.0735      0.31951935   2.0144698e-09      -23.025851       -23.025851      -4156.0954                                                  -4156.0954
              1      -2100.9597      0.31144664   2.0167097e-09      -23.025851       -23.025851      -4155.8677                                                  -4155.8677
              2      -2100.9272      0.32621757   2.1010175e-09      -23.025851       -23.025851      -4155.8028                                                  -4155.8028
              2      -2101.0401      0.29667292   2.4565361e-09      -23.025851       -23.025851      -4156.0285                                                  -4156.0285
              3       -2100.518       0.3034311    2.570224e-09      -23.025851       -23.025851      -4154.9843                                                  -4154.9843
              4      -2100.9406      0.32868053   2.0636111e-09      -23.025851       -23.025851      -4155.8296                                                  -4155.8296
              1      -2100.9139      0.32718039   2.0945506e-09      -23.025851       -23.025851      -4155.7761                                                  -4155.7761
              1      -2100.7227      0.31425743   2.3406812e-09      -23.025851       -23.025851      -4155.3937                                                  -4155.3937
              1      -2101.0513      0.29347023    2.363587e-09      -23.025851       -23.025851      -4156.0509                                                  -4156.0509
              2      -2100.9956      0.32783237    1.840804e-09      -23.025851       -23.025851      -4155.9395                                                  -4155.9395
              1      -2101.0519       0.2935353   2.4927948e-09      -23.025851       -23.025851       -4156.052                                                   -4156.052
              3      -2100.9649      0.28104901   2.5063107e-09      -23.025851       -23.025851      -4155.8781                                                  -4155.8781
              2      -2101.0682       0.2867282   2.5418273e-09      -23.025851       -23.025851      -4156.0847                                                  -4156.0847
              3      -2101.0227      0.34933011   1.7825384e-09      -23.025851       -23.025851      -4155.9936                                                  -4155.9936
              1      -2100.9661      0.35242511    1.783712e-09      -23.025851       -23.025851      -4155.8806                                                  -4155.8806
              1      -2101.0628      0.31207727   2.0926106e-09      -23.025851       -23.025851      -4156.0739                                                  -4156.0739
              1      -2100.9997       0.3118738    2.036112e-09      -23.025851       -23.025851      -4155.9477                                                  -4155.9477
              1      -2101.0516       0.3589411   1.6568672e-09      -23.025851       -23.025851      -4156.0515                                                  -4156.0515
              1      -2100.2499      0.36100631   1.8714675e-09      -23.025851       -23.025851      -4154.4481                                                  -4154.4481
              5      -2100.7128      0.27769779   2.4324847e-09      -23.025851       -23.025851      -4155.3739                                                  -4155.3739
              1      -2100.9009      0.29765884   2.1803069e-09      -23.025851       -23.025851      -4155.7501                                                  -4155.7501
              2      -2101.0203      0.30910978   2.0889608e-09      -23.025851       -23.025851       -4155.989                                                   -4155.989
              1      -2100.9648      0.31787593   2.1935681e-09      -23.025851       -23.025851      -4155.8778                                                  -4155.8778
              1      -2100.9957      0.31165373   2.2632094e-09      -23.025851       -23.025851      -4155.9397                                                  -4155.9397
              2      -2101.0576      0.30695636   2.2770386e-09      -23.025851       -23.025851      -4156.0636                                                  -4156.0636
              1      -2101.0695      0.31326323   2.0874035e-09      -23.025851       -23.025851      -4156.0873                                                  -4156.0873
              1      -2100.5738      0.34879452    1.939472e-09      -23.025851       -23.025851      -4155.0959                                                  -4155.0959
              2      -2100.7735       0.3485354   1.8930226e-09      -23.025851       -23.025851      -4155.4954                                                  -4155.4954
              1      -2100.7736      0.34768983   1.9020912e-09      -23.025851       -23.025851      -4155.4956                                                  -4155.4956
              1      -2100.9856      0.33673482   1.7415914e-09      -23.025851       -23.025851      -4155.9195                                                  -4155.9195
              1      -2100.0195      0.27598138   2.2418463e-09      -23.025851       -23.025851      -4153.9872                                                  -4153.9872
              2      -2099.6779      0.27513517   2.1738329e-09      -23.025851       -23.025851      -4153.3041                                                  -4153.3041
              1      -2100.2923      0.28032826   2.2407179e-09      -23.025851       -23.025851      -4154.5328                                                  -4154.5328
              1      -2101.0442      0.32292039   2.0717311e-09      -23.025851       -23.025851      -4156.0366                                                  -4156.0366
              1      -2100.8294      0.31542535   2.2875743e-09      -23.025851       -23.025851      -4155.6071                                                  -4155.6071
              7      -2100.9979      0.33022822   1.8162415e-09      -23.025851       -23.025851      -4155.9442                                                  -4155.9442
              9      -2101.0554      0.33484274   1.9131742e-09      -23.025851       -23.025851      -4156.0592                                                  -4156.0592
              1      -2101.0112      0.33171982   1.9877171e-09      -23.025851       -23.025851      -4155.9707                                                  -4155.9707
              1      -2100.8772      0.30456543   2.0678301e-09      -23.025851       -23.025851      -4155.7027                                                  -4155.7027
              3      -2100.9995      0.30166056   2.1799646e-09      -23.025851       -23.025851      -4155.9474                                                  -4155.9474
              1      -2101.0762      0.30614265   2.2051259e-09      -23.025851       -23.025851      -4156.1006                                                  -4156.1006
              2      -2101.0744      0.29655597   2.3946167e-09      -23.025851       -23.025851      -4156.0971                                                  -4156.0971
              1      -2100.9916      0.28757922   2.4052586e-09      -23.025851       -23.025851      -4155.9315                                                  -4155.9315
              2      -2100.9155      0.30320881   2.1057317e-09      -23.025851       -23.025851      -4155.7793                                                  -4155.7793
              2      -2100.4121      0.29255272   2.0797249e-09      -23.025851       -23.025851      -4154.7726                                                  -4154.7726
              3      -2101.0304       0.3437784   1.8358009e-09      -23.025851       -23.025851      -4156.0091                                                  -4156.0091
              1      -2101.0801      0.30783677   2.2018758e-09      -23.025851       -23.025851      -4156.1085                                                  -4156.1085
              6       -2101.051      0.30585379   2.1650597e-09      -23.025851       -23.025851      -4156.0503                                                  -4156.0503
              1      -2101.0573       0.3262615   2.0152938e-09      -23.025851       -23.025851      -4156.0629                                                  -4156.0629
              2      -2100.5718      0.29189544   2.1379947e-09      -23.025851       -23.025851      -4155.0919                                                  -4155.0919
              4      -2100.8321      0.33598883   2.0167295e-09      -23.025851       -23.025851      -4155.6125                                                  -4155.6125
              1      -2101.0611      0.29327613   2.3833071e-09      -23.025851       -23.025851      -4156.0705                                                  -4156.0705
              1      -2100.2388      0.28796264   2.1020486e-09      -23.025851       -23.025851      -4154.4259                                                  -4154.4259
              7      -2101.0724      0.29304756   2.4520245e-09      -23.025851       -23.025851      -4156.0931                                                  -4156.0931
              1      -2100.6671       0.2931072   2.1517574e-09      -23.025851       -23.025851      -4155.2824                                                  -4155.2824
              2      -2100.8305      0.31437118   1.9191828e-09      -23.025851       -23.025851      -4155.6092                                                  -4155.6092
              1      -2101.0752      0.33556739   1.8658337e-09      -23.025851       -23.025851      -4156.0987                                                  -4156.0987
              2      -2100.5723       0.3084279   2.4736849e-09      -23.025851       -23.025851      -4155.0928                                                  -4155.0928
              2       -2101.079      0.30352056      2.2663e-09      -23.025851       -23.025851      -4156.1063                                                  -4156.1063
              9      -2100.7944      0.36171385   1.7538499e-09      -23.025851       -23.025851      -4155.5372                                                  -4155.5372
              1      -2100.3655      0.33321047   2.1662861e-09      -23.025851       -23.025851      -4154.6793                                                  -4154.6793
              4      -2100.8627      0.32505214   2.1425698e-09      -23.025851       -23.025851      -4155.6738                                                  -4155.6738
              2      -2101.0757      0.30304035   2.2988724e-09      -23.025851       -23.025851      -4156.0997                                                  -4156.0997
              2       -2100.118      0.27222124   2.3360646e-09      -23.025851       -23.025851      -4154.1843                                                  -4154.1843
              1      -2100.0054      0.32351918   1.6076668e-09      -23.025851       -23.025851       -4153.959                                                   -4153.959
              4      -2099.7156      0.29201452    1.922525e-09      -23.025851       -23.025851      -4153.3795                                                  -4153.3795
              2      -2099.9556      0.28664449   2.0525003e-09      -23.025851       -23.025851      -4153.8595                                                  -4153.8595
              2      -2100.5848       0.2981872   2.0489456e-09      -23.025851       -23.025851      -4155.1178                                                  -4155.1178
              1      -2101.0343      0.33249996   1.9613555e-09      -23.025851       -23.025851      -4156.0168                                                  -4156.0168
              2      -2100.9065      0.32546074   2.1198002e-09      -23.025851       -23.025851      -4155.7613                                                  -4155.7613
              1      -2101.0256      0.28925952   2.5968057e-09      -23.025851       -23.025851      -4155.9996                                                  -4155.9996
              1      -2100.7388      0.29361383   2.1706113e-09      -23.025851       -23.025851      -4155.4259                                                  -4155.4259
              3      -2101.0775      0.32950291   1.9349437e-09      -23.025851       -23.025851      -4156.1032                                                  -4156.1032
              2      -2100.0391      0.32372394   1.6119725e-09      -23.025851       -23.025851      -4154.0266                                                  -4154.0266
              3      -2099.9885      0.29677598   1.9150885e-09      -23.025851       -23.025851      -4153.9252                                                  -4153.9252
              1      -2101.0316      0.32976435   1.9965827e-09      -23.025851       -23.025851      -4156.0116                                                  -4156.0116
              4      -2101.0524       0.3025595   2.3495609e-09      -23.025851       -23.025851      -4156.0531                                                  -4156.0531
              1      -2100.8531       0.2834805   2.3912416e-09      -23.025851       -23.025851      -4155.6545                                                  -4155.6545
              1      -2100.4815      0.30548446   1.9195865e-09      -23.025851       -23.025851      -4154.9114                                                  -4154.9114
              1      -2099.6857      0.30286998   1.7757838e-09      -23.025851       -23.025851      -4153.3197                                                  -4153.3197
              5      -2099.9043       0.3174778   1.6509999e-09      -23.025851       -23.025851       -4153.757                                                   -4153.757
              1      -2100.9753      0.32004084   1.9179513e-09      -23.025851       -23.025851      -4155.8989                                                  -4155.8989
              1      -2100.8673      0.30833662   2.0118987e-09      -23.025851       -23.025851      -4155.6829                                                  -4155.6829
              2      -2101.0591      0.34599399   1.7136656e-09      -23.025851       -23.025851      -4156.0666                                                  -4156.0666
              3      -2100.8928      0.33060214   1.7597976e-09      -23.025851       -23.025851      -4155.7338                                                  -4155.7338
              1      -2099.6261       0.2919988     1.90474e-09      -23.025851       -23.025851      -4153.2005                                                  -4153.2005
              3      -2100.7461      0.33292788   1.6840319e-09      -23.025851       -23.025851      -4155.4405                                                  -4155.4405
              1       -2101.073      0.33874812   1.8091513e-09      -23.025851       -23.025851      -4156.0944                                                  -4156.0944
              2      -2100.6185      0.33306753   1.6463415e-09      -23.025851       -23.025851      -4155.1854                                                  -4155.1854
              3      -2101.0609      0.35450398   1.6861029e-09      -23.025851       -23.025851        -4156.07                                                    -4156.07
              1      -2100.8076      0.30727806    2.001154e-09      -23.025851       -23.025851      -4155.5635                                                  -4155.5635
              1      -2101.0754      0.30111932   2.2836813e-09      -23.025851       -23.025851      -4156.0991                                                  -4156.0991
              4      -2100.8189      0.28298788    2.383001e-09      -23.025851       -23.025851      -4155.5861                                                  -4155.5861
              2      -2100.9847      0.30083953   2.1816307e-09      -23.025851       -23.025851      -4155.9177                                                  -4155.9177
              3      -2101.0755      0.30810034   2.2281587e-09      -23.025851       -23.025851      -4156.0993                                                  -4156.0993
              7       -2101.073      0.30831349   2.2315498e-09      -23.025851       -23.025851      -4156.0943                                                  -4156.0943
              1      -2100.2381      0.31039384   1.7984401e-09      -23.025851       -23.025851      -4154.4245                                                  -4154.4245
              2       -2099.196       0.3050898   1.6645364e-09      -23.025851       -23.025851      -4152.3402                                                  -4152.3402
              1      -2098.4693      0.27341408   1.9632561e-09      -23.025851       -23.025851      -4150.8868                                                  -4150.8868
              6      -2098.3271      0.27284663   1.9473231e-09      -23.025851       -23.025851      -4150.6025                                                  -4150.6025
              1      -2099.1232       0.2814947   1.9583119e-09      -23.025851       -23.025851      -4152.1947                                                  -4152.1947
              1      -2100.9522      0.34055883   1.6868228e-09      -23.025851       -23.025851      -4155.8527                                                  -4155.8527
              3      -2100.1642      0.31961864   2.3915075e-09      -23.025851       -23.025851      -4154.2767                                                  -4154.2767
              1      -2101.0398      0.28824256   2.4419579e-09      -23.025851       -23.025851      -4156.0278                                                  -4156.0278
              1      -2100.6746      0.32074084   1.7910766e-09      -23.025851       -23.025851      -4155.2975                                                  -4155.2975
              1      -2100.3323      0.29467292   2.0268078e-09      -23.025851       -23.025851      -4154.6129                                                  -4154.6129
              4       -2098.967       0.2890706   1.8234163e-09      -23.025851       -23.025851      -4151.8822                                                  -4151.8822
              4      -2101.0794      0.32510049   1.9817258e-09      -23.025851       -23.025851      -4156.1071                                                  -4156.1071
              2      -2100.3414      0.35430193   1.9253633e-09      -23.025851       -23.025851      -4154.6312                                                  -4154.6312
              1      -2100.9719      0.30541588   2.3715087e-09      -23.025851       -23.025851      -4155.8922                                                  -4155.8922
              3       -2100.424      0.26569562   2.5613429e-09      -23.025851       -23.025851      -4154.7963                                                  -4154.7963
              1      -2098.8252      0.29372375   1.7397289e-09      -23.025851       -23.025851      -4151.5987                                                  -4151.5987
              3      -2098.4186      0.27580291   1.9178684e-09      -23.025851       -23.025851      -4150.7855                                                  -4150.7855
              1      -2100.2343      0.30593123   1.8518156e-09      -23.025851       -23.025851       -4154.417                                                   -4154.417
              1      -2101.0066      0.32449663   2.0806731e-09      -23.025851       -23.025851      -4155.9615                                                  -4155.9615
              1      -2101.0211      0.31979619   2.1321699e-09      -23.025851       -23.025851      -4155.9904                                                  -4155.9904
              3      -2100.7339      0.34045028   1.6083732e-09      -23.025851       -23.025851      -4155.4162                                                  -4155.4162
              1      -2101.0451      0.35598779   1.6118876e-09      -23.025851       -23.025851      -4156.0385                                                  -4156.0385
              1      -2101.0017      0.33379802   1.7810509e-09      -23.025851       -23.025851      -4155.9516                                                  -4155.9516
              2      -2100.9306      0.33359502   1.7453447e-09      -23.025851       -23.025851      -4155.8094                                                  -4155.8094
              1      -2101.0734      0.32809849   1.9145974e-09      -23.025851       -23.025851      -4156.0951                                                  -4156.0951
              1      -2100.9444      0.32736121    1.817783e-09      -23.025851       -23.025851      -4155.8371                                                  -4155.8371
              7      -2100.9968      0.33817595   1.7339508e-09      -23.025851       -23.025851       -4155.942                                                   -4155.942
              1       -2100.895      0.34672748    1.605395e-09      -23.025851       -23.025851      -4155.7383                                                  -4155.7383
              2      -2101.0242      0.36355601    1.641017e-09      -23.025851       -23.025851      -4155.9967                                                  -4155.9967
              7      -2100.9797      0.36385166   1.6662444e-09      -23.025851       -23.025851      -4155.9077                                                  -4155.9077
              4      -2100.9482      0.35888331   1.7280936e-09      -23.025851       -23.025851      -4155.8447                                                  -4155.8447
              5      -2101.0648      0.34342163    1.745952e-09      -23.025851       -23.025851      -4156.0778                                                  -4156.0778
              1      -2101.0527      0.31186566   2.0823336e-09      -23.025851       -23.025851      -4156.0537                                                  -4156.0537
              2      -2101.0147      0.30507328    2.141469e-09      -23.025851       -23.025851      -4155.9778                                                  -4155.9778
              1      -2100.6549      0.31005742   1.9118353e-09      -23.025851       -23.025851       -4155.258                                                   -4155.258
              1      -2101.0653      0.35349906   1.6795294e-09      -23.025851       -23.025851       -4156.079                                                   -4156.079
              1      -2101.0299      0.35388872   1.7303147e-09      -23.025851       -23.025851      -4156.0081                                                  -4156.0081
              5      -2101.0252      0.31174427   2.0571622e-09      -23.025851       -23.025851      -4155.9987                                                  -4155.9987
              1      -2101.0137      0.32508738   1.8835599e-09      -23.025851       -23.025851      -4155.9757                                                  -4155.9757
              1       -2101.053      0.32712428   1.8945234e-09      -23.025851       -23.025851      -4156.0543                                                  -4156.0543
              2      -2101.0597      0.34253202   1.8196164e-09      -23.025851       -23.025851      -4156.0676                                                  -4156.0676
              2      -2101.0714      0.34426786   1.7619278e-09      -23.025851       -23.025851      -4156.0911                                                  -4156.0911
              2      -2101.0392      0.34028031   1.7440511e-09      -23.025851       -23.025851      -4156.0266                                                  -4156.0266
              1      -2101.0415      0.35573444   1.6100677e-09      -23.025851       -23.025851      -4156.0313                                                  -4156.0313
              2       -2100.986      0.35819281   1.7164343e-09      -23.025851       -23.025851      -4155.9203                                                  -4155.9203
              1      -2100.3872      0.34236484   2.0499692e-09      -23.025851       -23.025851      -4154.7227                                                  -4154.7227
              1      -2100.4188      0.33223711   2.1680771e-09      -23.025851       -23.025851      -4154.7859                                                  -4154.7859
              1      -2101.0449      0.32241465   2.0775603e-09      -23.025851       -23.025851      -4156.0382                                                  -4156.0382
              1      -2101.0799      0.32402951   1.9885587e-09      -23.025851       -23.025851       -4156.108                                                   -4156.108
              1      -2100.7652      0.35875291   1.7905649e-09      -23.025851       -23.025851      -4155.4787                                                  -4155.4787
              2      -2100.9904      0.36098933   1.6872616e-09      -23.025851       -23.025851      -4155.9291                                                  -4155.9291
              1      -2100.8162      0.35717827    1.791637e-09      -23.025851       -23.025851      -4155.5807                                                  -4155.5807
              2      -2100.8225       0.3110165   1.9581642e-09      -23.025851       -23.025851      -4155.5932                                                  -4155.5932
              1      -2100.7718      0.29704422   2.1313962e-09      -23.025851       -23.025851      -4155.4919                                                  -4155.4919
              2      -2101.0736      0.33890471   1.8301177e-09      -23.025851       -23.025851      -4156.0955                                                  -4156.0955
              6      -2101.0616      0.34730983   1.7063469e-09      -23.025851       -23.025851      -4156.0715                                                  -4156.0715
              1      -2100.9035      0.32651897   2.1073897e-09      -23.025851       -23.025851      -4155.7553                                                  -4155.7553
              2      -2101.0067      0.30525998   2.1324562e-09      -23.025851       -23.025851      -4155.9617                                                  -4155.9617
              5      -2100.9563      0.29698381   2.2221736e-09      -23.025851       -23.025851      -4155.8608                                                  -4155.8608
              1      -2101.0029      0.30069206   2.1971472e-09      -23.025851       -23.025851      -4155.9541                                                  -4155.9541
              1      -2101.0701      0.30015029   2.2840269e-09      -23.025851       -23.025851      -4156.0886                                                  -4156.0886
              5        -2100.94      0.29301426    2.595144e-09      -23.025851       -23.025851      -4155.8284                                                  -4155.8284
              2        -2100.91      0.28729848   2.3545927e-09      -23.025851       -23.025851      -4155.7684                                                  -4155.7684
              1      -2100.8527      0.28539677   2.3567965e-09      -23.025851       -23.025851      -4155.6536                                                  -4155.6536
             11      -2100.9514      0.27651088   2.5868982e-09      -23.025851       -23.025851      -4155.8511                                                  -4155.8511
              1      -2100.9355      0.32580576   2.1024882e-09      -23.025851       -23.025851      -4155.8193                                                  -4155.8193
              3      -2100.6434       0.3146682   2.3578822e-09      -23.025851       -23.025851       -4155.235                                                   -4155.235
              1      -2098.5006      0.34797254   2.2198738e-09      -23.025851       -23.025851      -4150.9494                                                  -4150.9494
              1      -2097.9641      0.34206562   2.3429946e-09      -23.025851       -23.025851      -4149.8766                                                  -4149.8766
              1      -2099.2609      0.33082531   2.3640035e-09      -23.025851       -23.025851      -4152.4701                                                  -4152.4701
              1       -2100.583      0.30720667   2.4904047e-09      -23.025851       -23.025851      -4155.1143                                                  -4155.1143
              1      -2100.2207      0.32594609   1.6253858e-09      -23.025851       -23.025851      -4154.3897                                                  -4154.3897
              1      -2099.2296      0.29277239   1.8202536e-09      -23.025851       -23.025851      -4152.4076                                                  -4152.4076
              2      -2098.9691      0.29369779   1.7636043e-09      -23.025851       -23.025851      -4151.8864                                                  -4151.8864
              3      -2099.5458      0.30562008   1.7175959e-09      -23.025851       -23.025851      -4153.0399                                                  -4153.0399
              1      -2099.6044      0.30622747   1.7209543e-09      -23.025851       -23.025851      -4153.1571                                                  -4153.1571
              1      -2099.6376      0.29571944   1.8569707e-09      -23.025851       -23.025851      -4153.2235                                                  -4153.2235
              1      -2100.1455       0.3046507   1.8475608e-09      -23.025851       -23.025851      -4154.2392                                                  -4154.2392
              1      -2100.5145      0.28108968    2.296258e-09      -23.025851       -23.025851      -4154.9773                                                  -4154.9773
              1      -2099.7636      0.29593914   1.8790306e-09      -23.025851       -23.025851      -4153.4756                                                  -4153.4756
              1      -2100.1831      0.30573619    1.842483e-09      -23.025851       -23.025851      -4154.3144                                                  -4154.3144
              1      -2100.2696      0.31644612   1.7360058e-09      -23.025851       -23.025851      -4154.4874                                                  -4154.4874
              2       -2100.869       0.3323367    2.047832e-09      -23.025851       -23.025851      -4155.6864                                                  -4155.6864
              3      -2100.5709      0.32126338   2.2814454e-09      -23.025851       -23.025851      -4155.0901                                                  -4155.0901
              2       -2100.769      0.33934073   1.9970203e-09      -23.025851       -23.025851      -4155.4862                                                  -4155.4862
              6      -2100.5963      0.33383183   2.1087507e-09      -23.025851       -23.025851       -4155.141                                                   -4155.141
              2      -2100.5242      0.35763948   1.8568797e-09      -23.025851       -23.025851      -4154.9966                                                  -4154.9966
              4      -2100.8109      0.36356655   1.7316455e-09      -23.025851       -23.025851      -4155.5702                                                  -4155.5702
              1      -2101.0768      0.32745472   1.9648307e-09      -23.025851       -23.025851       -4156.102                                                   -4156.102
              2      -2101.0745      0.32789833   1.9194847e-09      -23.025851       -23.025851      -4156.0972                                                  -4156.0972
              7       -2101.069      0.28733584     2.53614e-09      -23.025851       -23.025851      -4156.0863                                                  -4156.0863
              1      -2100.4093      0.27066098   2.4546784e-09      -23.025851       -23.025851       -4154.767                                                   -4154.767
              4      -2100.5472      0.33300909   1.6286823e-09      -23.025851       -23.025851      -4155.0427                                                  -4155.0427
              1      -2100.9598      0.32002846   2.1668383e-09      -23.025851       -23.025851      -4155.8678                                                  -4155.8678
              2      -2101.0432      0.36407524   1.6176536e-09      -23.025851       -23.025851      -4156.0348                                                  -4156.0348
              4      -2101.0324        0.352059   1.6319105e-09      -23.025851       -23.025851      -4156.0131                                                  -4156.0131
              1      -2101.0599      0.34746331    1.764754e-09      -23.025851       -23.025851       -4156.068                                                   -4156.068
              1      -2100.4612      0.30336163   1.9416806e-09      -23.025851       -23.025851      -4154.8706                                                  -4154.8706
              3      -2101.0366      0.30390547   2.1780962e-09      -23.025851       -23.025851      -4156.0215                                                  -4156.0215
              2      -2100.6894      0.33057714   2.1260439e-09      -23.025851       -23.025851      -4155.3272                                                  -4155.3272
              1      -2101.0568      0.28975804   2.4398521e-09      -23.025851       -23.025851      -4156.0618                                                  -4156.0618
              2      -2101.0766      0.29794589   2.3529498e-09      -23.025851       -23.025851      -4156.1015                                                  -4156.1015
              1      -2100.0888      0.26936983   2.3818488e-09      -23.025851       -23.025851      -4154.1259                                                  -4154.1259
              2      -2100.0186      0.28349635   2.1163361e-09      -23.025851       -23.025851      -4153.9855                                                  -4153.9855
              1      -2100.1961      0.32642095    1.615657e-09      -23.025851       -23.025851      -4154.3404                                                  -4154.3404
              2       -2101.054      0.31910918   1.9900611e-09      -23.025851       -23.025851      -4156.0563                                                  -4156.0563
              1      -2101.0255      0.35041266   1.6404061e-09      -23.025851       -23.025851      -4155.9994                                                  -4155.9994
              2      -2101.0304      0.35060442   1.6426585e-09      -23.025851       -23.025851      -4156.0091                                                  -4156.0091
              2      -2101.0599      0.35926856   1.6142191e-09      -23.025851       -23.025851      -4156.0682                                                  -4156.0682
              1      -2100.9039      0.35414572    1.792704e-09      -23.025851       -23.025851       -4155.756                                                   -4155.756
              1      -2100.9752       0.3155084   2.2207201e-09      -23.025851       -23.025851      -4155.8987                                                  -4155.8987
              2      -2101.0733      0.31205752   2.1785508e-09      -23.025851       -23.025851      -4156.0948                                                  -4156.0948
              2      -2101.0793      0.30795727    2.190881e-09      -23.025851       -23.025851      -4156.1069                                                  -4156.1069
              1      -2101.0202      0.31446383   2.2058307e-09      -23.025851       -23.025851      -4155.9886                                                  -4155.9886
              1      -2100.9691      0.31465345   2.2362817e-09      -23.025851       -23.025851      -4155.8865                                                  -4155.8865
              1        -2101.07      0.30123831   2.3409443e-09      -23.025851       -23.025851      -4156.0883                                                  -4156.0883
              3      -2101.0507      0.34062269   1.7522647e-09      -23.025851       -23.025851      -4156.0497                                                  -4156.0497
              4      -2100.9614      0.36399596   1.6739299e-09      -23.025851       -23.025851      -4155.8711                                                  -4155.8711
              1      -2101.0146      0.33016425   2.0042762e-09      -23.025851       -23.025851      -4155.9774                                                  -4155.9774
              1      -2101.0166      0.30537008   2.1386932e-09      -23.025851       -23.025851      -4155.9816                                                  -4155.9816
              2      -2100.7161      0.30998309   1.9326629e-09      -23.025851       -23.025851      -4155.3806                                                  -4155.3806
              2      -2100.9381      0.32419084   1.8499474e-09      -23.025851       -23.025851      -4155.8246                                                  -4155.8246
              4      -2101.0627      0.33113573   1.9482132e-09      -23.025851       -23.025851      -4156.0737                                                  -4156.0737
              1      -2101.0242      0.29898396    2.435108e-09      -23.025851       -23.025851      -4155.9966                                                  -4155.9966
              6      -2099.4993      0.33620184   2.2616136e-09      -23.025851       -23.025851      -4152.9468                                                  -4152.9468
              5      -2100.4475      0.34601527   1.9963416e-09      -23.025851       -23.025851      -4154.8433                                                  -4154.8433
              7      -2101.0706      0.28918551   2.5057608e-09      -23.025851       -23.025851      -4156.0895                                                  -4156.0895
             11      -2101.0706      0.28919381   2.5068791e-09      -23.025851       -23.025851      -4156.0895                                                  -4156.0895
              1      -2101.0646       0.3299272    1.960266e-09      -23.025851       -23.025851      -4156.0774                                                  -4156.0774
              1      -2100.9867      0.29757618   2.4875344e-09      -23.025851       -23.025851      -4155.9218                                                  -4155.9218
              1      -2100.0882      0.26527532   2.4627702e-09      -23.025851       -23.025851      -4154.1247                                                  -4154.1247
              4      -2100.5089         0.27083   2.4860832e-09      -23.025851       -23.025851       -4154.966                                                   -4154.966
              2      -2100.3182      0.26575793   2.5238094e-09      -23.025851       -23.025851      -4154.5846                                                  -4154.5846
              1      -2100.5816      0.27872476   2.3618294e-09      -23.025851       -23.025851      -4155.1115                                                  -4155.1115
              3      -2100.8757       0.3000672   2.5072211e-09      -23.025851       -23.025851      -4155.6997                                                  -4155.6997
              2      -2100.7867      0.29891227   2.5635092e-09      -23.025851       -23.025851      -4155.5218                                                  -4155.5218
              2      -2100.5463      0.30560623   2.5264157e-09      -23.025851       -23.025851      -4155.0408                                                  -4155.0408
              1       -2100.959      0.28373298   2.4507763e-09      -23.025851       -23.025851      -4155.8664                                                  -4155.8664
              1      -2101.0256      0.30566904   2.1419424e-09      -23.025851       -23.025851      -4155.9995                                                  -4155.9995
              5      -2100.9773      0.33783364    1.935681e-09      -23.025851       -23.025851      -4155.9029                                                  -4155.9029
              1      -2100.9993      0.31860933   1.9501362e-09      -23.025851       -23.025851      -4155.9468                                                  -4155.9468
              4      -2100.9697      0.29283208   2.2979395e-09      -23.025851       -23.025851      -4155.8876                                                  -4155.8876
              4      -2101.0054      0.28433103   2.4777471e-09      -23.025851       -23.025851      -4155.9592                                                  -4155.9592
              1      -2100.8127      0.28247273   2.3892852e-09      -23.025851       -23.025851      -4155.5738                                                  -4155.5738
              4      -2101.0804      0.31637515    2.094647e-09      -23.025851       -23.025851      -4156.1091                                                  -4156.1091
              1      -2100.8611      0.29474729   2.2055158e-09      -23.025851       -23.025851      -4155.6705                                                  -4155.6705
              7      -2100.4797      0.30206509   1.9640892e-09      -23.025851       -23.025851      -4154.9076                                                  -4154.9076
              2       -2101.072      0.31102654   2.1229522e-09      -23.025851       -23.025851      -4156.0923                                                  -4156.0923
              4      -2101.0686      0.32623123   1.9998042e-09      -23.025851       -23.025851      -4156.0855                                                  -4156.0855
              1      -2100.9822      0.33841267   1.7230986e-09      -23.025851       -23.025851      -4155.9126                                                  -4155.9126
              3      -2100.9525      0.31329424    1.988656e-09      -23.025851       -23.025851      -4155.8532                                                  -4155.8532
              4      -2100.7252      0.31209771   1.9091357e-09      -23.025851       -23.025851      -4155.3987                                                  -4155.3987
              2      -2101.0768      0.33238697   1.8835779e-09      -23.025851       -23.025851      -4156.1019                                                  -4156.1019
              1      -2101.0585      0.31941235   2.1023343e-09      -23.025851       -23.025851      -4156.0652                                                  -4156.0652
              5      -2101.0751      0.31168578   2.1208992e-09      -23.025851       -23.025851      -4156.0985                                                  -4156.0985
              1      -2101.0484      0.33403979   1.8152217e-09      -23.025851       -23.025851      -4156.0452                                                  -4156.0452
              1      -2100.5866      0.27858977   2.3661241e-09      -23.025851       -23.025851      -4155.1215                                                  -4155.1215
              1      -2100.2106      0.27551767    2.301783e-09      -23.025851       -23.025851      -4154.3695                                                  -4154.3695
              1      -2100.0596      0.29269018   1.9877699e-09      -23.025851       -23.025851      -4154.0675                                                  -4154.0675
              1      -2100.9989      0.31694619    1.970438e-09      -23.025851       -23.025851       -4155.946                                                   -4155.946
              1      -2100.8271      0.32079572   1.8414136e-09      -23.025851       -23.025851      -4155.6025                                                  -4155.6025
              3      -2101.0681      0.34932811   1.7104226e-09      -23.025851       -23.025851      -4156.0845                                                  -4156.0845
              1      -2100.8134      0.35537529    1.810441e-09      -23.025851       -23.025851      -4155.5752                                                  -4155.5752
              1      -2101.0705      0.28915491   2.4996458e-09      -23.025851       -23.025851      -4156.0893                                                  -4156.0893
              1      -2101.0805      0.30967487   2.1768001e-09      -23.025851       -23.025851      -4156.1092                                                  -4156.1092
              1      -2098.4962      0.34746229   2.2265426e-09      -23.025851       -23.025851      -4150.9407                                                  -4150.9407
              1      -2098.0827      0.34957201    2.237225e-09      -23.025851       -23.025851      -4150.1136                                                  -4150.1136
              1      -2098.1681      0.32802249   2.5219474e-09      -23.025851       -23.025851      -4150.2846                                                  -4150.2846
              2      -2097.5392      0.33018861   2.5465934e-09      -23.025851       -23.025851      -4149.0267                                                  -4149.0267
              1       -2098.929      0.32120889   2.5453336e-09      -23.025851       -23.025851      -4151.8064                                                  -4151.8064
              6      -2100.3418      0.36249605   1.8416702e-09      -23.025851       -23.025851      -4154.6319                                                  -4154.6319
              2      -2100.1769      0.35908803   1.9023136e-09      -23.025851       -23.025851      -4154.3021                                                  -4154.3021
              4       -2100.762      0.33749052   2.0207728e-09      -23.025851       -23.025851      -4155.4723                                                  -4155.4723
              1      -2098.8707      0.36262877   2.0179107e-09      -23.025851       -23.025851      -4151.6898                                                  -4151.6898
              2      -2099.5125      0.35835243   1.9972472e-09      -23.025851       -23.025851      -4152.9733                                                  -4152.9733
              1      -2099.5492      0.33945808   2.2132299e-09      -23.025851       -23.025851      -4153.0468                                                  -4153.0468
              3      -2100.9004      0.31434978    1.949189e-09      -23.025851       -23.025851      -4155.7492                                                  -4155.7492
              1      -2099.8581      0.27986341   2.1365345e-09      -23.025851       -23.025851      -4153.6646                                                  -4153.6646
              1      -2099.1744      0.28482769   1.9190913e-09      -23.025851       -23.025851      -4152.2972                                                  -4152.2972
              1       -2101.053      0.32649122    1.901592e-09      -23.025851       -23.025851      -4156.0543                                                  -4156.0543
              1      -2101.0567      0.29220053   2.5069833e-09      -23.025851       -23.025851      -4156.0617                                                  -4156.0617
              2      -2100.6988      0.34906669   1.9073002e-09      -23.025851       -23.025851       -4155.346                                                   -4155.346
              2      -2101.0645      0.34024809   1.8379589e-09      -23.025851       -23.025851      -4156.0773                                                  -4156.0773
              4       -2101.042       0.3035616   2.3461154e-09      -23.025851       -23.025851      -4156.0323                                                  -4156.0323
              7      -2100.9848      0.28088634   2.5258003e-09      -23.025851       -23.025851       -4155.918                                                   -4155.918
              1      -2100.5786       0.2773167   2.3866426e-09      -23.025851       -23.025851      -4155.1056                                                  -4155.1056
              9      -2100.5597      0.30695248   2.5008188e-09      -23.025851       -23.025851      -4155.0677                                                  -4155.0677
              2      -2101.0177      0.30977052   2.0777614e-09      -23.025851       -23.025851      -4155.9837                                                  -4155.9837
              2      -2101.0674      0.30286716   2.3220754e-09      -23.025851       -23.025851      -4156.0832                                                  -4156.0832
              2      -2101.0747      0.32743921   1.9717995e-09      -23.025851       -23.025851      -4156.0977                                                  -4156.0977
              4      -2099.9277      0.34074876   2.1455397e-09      -23.025851       -23.025851      -4153.8037                                                  -4153.8037
              1      -2100.9285      0.33506074   1.9912707e-09      -23.025851       -23.025851      -4155.8052                                                  -4155.8052
              2      -2100.9984        0.347288   1.8197897e-09      -23.025851       -23.025851      -4155.9451                                                  -4155.9451
              3      -2101.0336      0.33709713   1.7705522e-09      -23.025851       -23.025851      -4156.0156                                                  -4156.0156
              2      -2100.9162      0.33340555   2.0163024e-09      -23.025851       -23.025851      -4155.7808                                                  -4155.7808
              5      -2101.0004      0.35365451   1.7529731e-09      -23.025851       -23.025851      -4155.9492                                                  -4155.9492
              3      -2101.0631      0.35647961   1.6449881e-09      -23.025851       -23.025851      -4156.0744                                                  -4156.0744
              3      -2100.6062       0.3140127   1.8486915e-09      -23.025851       -23.025851      -4155.1607                                                  -4155.1607
              3      -2100.6188      0.35764084    1.837086e-09      -23.025851       -23.025851      -4155.1859                                                  -4155.1859
              3      -2100.6533      0.35641309   1.8416668e-09      -23.025851       -23.025851      -4155.2549                                                  -4155.2549
              1      -2100.8755      0.32042464   2.1996166e-09      -23.025851       -23.025851      -4155.6993                                                  -4155.6993
              3      -2100.9788      0.31900678    2.170274e-09      -23.025851       -23.025851      -4155.9058                                                  -4155.9058
              1      -2100.5875      0.32106167    2.280118e-09      -23.025851       -23.025851      -4155.1234                                                  -4155.1234
              1      -2100.8595      0.30723584   2.3986707e-09      -23.025851       -23.025851      -4155.6674                                                  -4155.6674
              2      -2100.9418      0.34084518   1.9186527e-09      -23.025851       -23.025851      -4155.8319                                                  -4155.8319
              2      -2100.7421      0.33561569    1.656436e-09      -23.025851       -23.025851      -4155.4325                                                  -4155.4325
              1      -2101.0596      0.34365056   1.7351769e-09      -23.025851       -23.025851      -4156.0674                                                  -4156.0674
              4      -2101.0415      0.30077664   2.2308063e-09      -23.025851       -23.025851      -4156.0313                                                  -4156.0313
              1      -2101.0557      0.30928904   2.1214957e-09      -23.025851       -23.025851      -4156.0596                                                  -4156.0596
              3      -2101.0576      0.32741921   2.0004175e-09      -23.025851       -23.025851      -4156.0635                                                  -4156.0635
              1      -2100.5662      0.32828899   2.1869383e-09      -23.025851       -23.025851      -4155.0806                                                  -4155.0806
              1      -2100.9727      0.31801836   2.1872383e-09      -23.025851       -23.025851      -4155.8938                                                  -4155.8938
              3      -2101.0143      0.32470359   2.0728488e-09      -23.025851       -23.025851      -4155.9768                                                  -4155.9768
              1      -2100.7762      0.30565255   2.0108015e-09      -23.025851       -23.025851      -4155.5007                                                  -4155.5007
              1      -2100.6364      0.32620757   1.7206553e-09      -23.025851       -23.025851       -4155.221                                                   -4155.221
              2      -2100.3469      0.30923109   1.8379016e-09      -23.025851       -23.025851      -4154.6421                                                  -4154.6421
              1       -2100.038      0.31788141   1.6721659e-09      -23.025851       -23.025851      -4154.0243                                                  -4154.0243
              3      -2101.0502      0.35537378   1.6229417e-09      -23.025851       -23.025851      -4156.0487                                                  -4156.0487
              1      -2100.8804      0.34645264    1.881445e-09      -23.025851       -23.025851      -4155.7091                                                  -4155.7091
              1      -2101.0779      0.32406727   1.9728137e-09      -23.025851       -23.025851       -4156.104                                                   -4156.104
              3      -2100.6908      0.31142665   1.9061614e-09      -23.025851       -23.025851      -4155.3298                                                  -4155.3298
              1      -2100.5372      0.28440438   2.2470198e-09      -23.025851       -23.025851      -4155.0227                                                  -4155.0227
              1      -2101.0255      0.29261665   2.3474869e-09      -23.025851       -23.025851      -4155.9993                                                  -4155.9993
              4      -2100.9892      0.28760508   2.4028358e-09      -23.025851       -23.025851      -4155.9267                                                  -4155.9267
              3      -2100.4463      0.28267336   2.2469416e-09      -23.025851       -23.025851      -4154.8409                                                  -4154.8409
              2      -2101.0502      0.28911306   2.4407608e-09      -23.025851       -23.025851      -4156.0488                                                  -4156.0488
              2      -2100.8603      0.33030834   2.0761747e-09      -23.025851       -23.025851      -4155.6689                                                  -4155.6689
              2      -2100.8394      0.33153301   2.0683668e-09      -23.025851       -23.025851      -4155.6272                                                  -4155.6272
              2      -2100.8453      0.33070228   2.0766536e-09      -23.025851       -23.025851      -4155.6389                                                  -4155.6389
              1      -2100.8536      0.32883764   2.0971398e-09      -23.025851       -23.025851      -4155.6554                                                  -4155.6554
              4      -2100.6528      0.31204603   1.8864295e-09      -23.025851       -23.025851      -4155.2539                                                  -4155.2539
              1      -2100.9347      0.30604295   2.0759021e-09      -23.025851       -23.025851      -4155.8176                                                  -4155.8176
              3      -2100.3965      0.28798687   2.1451683e-09      -23.025851       -23.025851      -4154.7414                                                  -4154.7414
              5      -2101.0234       0.3070718   2.1200288e-09      -23.025851       -23.025851      -4155.9952                                                  -4155.9952
              1      -2101.0254      0.30759896   2.1143163e-09      -23.025851       -23.025851      -4155.9992                                                  -4155.9992
              1       -2100.496      0.32132499   2.2985318e-09      -23.025851       -23.025851      -4154.9403                                                  -4154.9403
              2      -2100.0091      0.31834858   2.4381404e-09      -23.025851       -23.025851      -4153.9664                                                  -4153.9664
              1       -2100.604      0.26717334   2.5985222e-09      -23.025851       -23.025851      -4155.1564                                                  -4155.1564
              4        -2099.68      0.29953043   1.8160769e-09      -23.025851       -23.025851      -4153.3082                                                  -4153.3082
              1      -2100.8333      0.31087627   1.9643174e-09      -23.025851       -23.025851      -4155.6149                                                  -4155.6149
              2      -2100.0036      0.27988294     2.17133e-09      -23.025851       -23.025851      -4153.9554                                                  -4153.9554
              2      -2100.8697      0.30960469   2.3579833e-09      -23.025851       -23.025851      -4155.6877                                                  -4155.6877
              3      -2100.3618      0.26559392   2.5418811e-09      -23.025851       -23.025851      -4154.6719                                                  -4154.6719
              2      -2100.2857      0.26544936   2.5196695e-09      -23.025851       -23.025851      -4154.5198                                                  -4154.5198
              6      -2100.3727      0.30255832   1.9288391e-09      -23.025851       -23.025851      -4154.6937                                                  -4154.6937
              2      -2100.6352      0.30675695   1.9478887e-09      -23.025851       -23.025851      -4155.2186                                                  -4155.2186
              3      -2100.6075      0.30472908   1.9659591e-09      -23.025851       -23.025851      -4155.1634                                                  -4155.1634
              1      -2100.7713      0.29051745   2.2328027e-09      -23.025851       -23.025851       -4155.491                                                   -4155.491
              4      -2099.3662      0.26636701   2.2595621e-09      -23.025851       -23.025851      -4152.6807                                                  -4152.6807
              2      -2099.4146      0.26731984   2.2528089e-09      -23.025851       -23.025851      -4152.7776                                                  -4152.7776
              4      -2099.5196      0.30508561   1.7191863e-09      -23.025851       -23.025851      -4152.9874                                                  -4152.9874
              1      -2100.8762      0.33312283   1.7271275e-09      -23.025851       -23.025851      -4155.7007                                                  -4155.7007
              4      -2100.9993         0.31401   2.0078984e-09      -23.025851       -23.025851      -4155.9468                                                  -4155.9468
              1      -2101.0735      0.33420857   1.8521558e-09      -23.025851       -23.025851      -4156.0954                                                  -4156.0954
              2      -2100.7282      0.33513874   2.0586563e-09      -23.025851       -23.025851      -4155.4046                                                  -4155.4046
              2      -2100.9764      0.31127698   2.0288157e-09      -23.025851       -23.025851      -4155.9012                                                  -4155.9012
              2      -2101.0562      0.29347301   2.3710359e-09      -23.025851       -23.025851      -4156.0606                                                  -4156.0606
              1       -2101.001      0.28029433   2.5525846e-09      -23.025851       -23.025851      -4155.9504                                                  -4155.9504
              1      -2100.0843      0.28691471   2.0789655e-09      -23.025851       -23.025851      -4154.1168                                                  -4154.1168
              2      -2100.7591      0.31190086   1.9233156e-09      -23.025851       -23.025851      -4155.4665                                                  -4155.4665
              1       -2100.847      0.31282516   1.9451266e-09      -23.025851       -23.025851      -4155.6423                                                  -4155.6423
              1      -2101.0177      0.32302948   1.9102288e-09      -23.025851       -23.025851      -4155.9838                                                  -4155.9838
              2      -2101.0557       0.3108434   2.2233397e-09      -23.025851       -23.025851      -4156.0598                                                  -4156.0598
              2      -2100.6817      0.32241494    2.236193e-09      -23.025851       -23.025851      -4155.3117                                                  -4155.3117
              4      -2100.7927      0.31010288   2.3800305e-09      -23.025851       -23.025851      -4155.5338                                                  -4155.5338
              3      -2101.0619      0.29037328   2.4387285e-09      -23.025851       -23.025851      -4156.0721                                                  -4156.0721
              5      -2101.0708      0.30254421    2.246886e-09      -23.025851       -23.025851        -4156.09                                                    -4156.09
              2      -2100.6179      0.30112008   2.5818023e-09      -23.025851       -23.025851      -4155.1842                                                  -4155.1842
              1      -2100.5901      0.26866127   2.5613855e-09      -23.025851       -23.025851      -4155.1285                                                  -4155.1285
              1       -2100.348      0.27176528    2.413063e-09      -23.025851       -23.025851      -4154.6443                                                  -4154.6443
              4      -2101.0782      0.30908773   2.2052127e-09      -23.025851       -23.025851      -4156.1047                                                  -4156.1047
              1       -2100.983      0.32121952   1.9084758e-09      -23.025851       -23.025851      -4155.9142                                                  -4155.9142
              2      -2101.0107      0.32502376   1.8821253e-09      -23.025851       -23.025851      -4155.9696                                                  -4155.9696
              4      -2100.9271      0.32285126   1.8598422e-09      -23.025851       -23.025851      -4155.8025                                                  -4155.8025
              1      -2100.7385      0.34176782   1.9777173e-09      -23.025851       -23.025851      -4155.4252                                                  -4155.4252
              1      -2100.9077      0.29677672   2.5474868e-09      -23.025851       -23.025851      -4155.7637                                                  -4155.7637
              1      -2101.0746      0.30119651   2.2792857e-09      -23.025851       -23.025851      -4156.0975                                                  -4156.0975
              2      -2100.3696      0.34616681   2.0094368e-09      -23.025851       -23.025851      -4154.6876                                                  -4154.6876
              4      -2099.9381      0.33636192   2.1989302e-09      -23.025851       -23.025851      -4153.8246                                                  -4153.8246
              2      -2099.8731      0.30983698    1.729174e-09      -23.025851       -23.025851      -4153.6945                                                  -4153.6945
              2      -2100.5062      0.32061958   1.7459709e-09      -23.025851       -23.025851      -4154.9607                                                  -4154.9607
              6      -2100.7297      0.33583561   1.6505975e-09      -23.025851       -23.025851      -4155.4077                                                  -4155.4077
              3      -2101.0189      0.36218363   1.6578982e-09      -23.025851       -23.025851      -4155.9862                                                  -4155.9862
              2      -2100.8084      0.31110643   1.9515642e-09      -23.025851       -23.025851      -4155.5652                                                  -4155.5652
              2      -2100.6998      0.33545037   2.0626458e-09      -23.025851       -23.025851       -4155.348                                                   -4155.348
              2      -2100.6263      0.28693305    2.235586e-09      -23.025851       -23.025851      -4155.2009                                                  -4155.2009
              3      -2100.5731      0.28564728   2.2383866e-09      -23.025851       -23.025851      -4155.0945                                                  -4155.0945
              1      -2100.4463      0.31331598   2.4283913e-09      -23.025851       -23.025851      -4154.8408                                                  -4154.8408
              7      -2096.4422      0.35782523   2.2578706e-09      -23.025851       -23.025851      -4146.8327                                                  -4146.8327
              2      -2100.5768      0.33042663   2.1565729e-09      -23.025851       -23.025851      -4155.1018                                                  -4155.1018
              4      -2100.9019      0.31146899   2.3160149e-09      -23.025851       -23.025851      -4155.7522                                                  -4155.7522
              3      -2100.9185      0.32871893   2.0730427e-09      -23.025851       -23.025851      -4155.7852                                                  -4155.7852
              2      -2101.0545      0.35383455   1.7050471e-09      -23.025851       -23.025851      -4156.0572                                                  -4156.0572
              1       -2101.056      0.35445231   1.6962689e-09      -23.025851       -23.025851      -4156.0602                                                  -4156.0602
              3      -2100.8377      0.36345072   1.7247826e-09      -23.025851       -23.025851      -4155.6236                                                  -4155.6236
              2      -2100.8951      0.34866478   1.8524569e-09      -23.025851       -23.025851      -4155.7385                                                  -4155.7385
              1      -2100.8393      0.35652747   1.7909824e-09      -23.025851       -23.025851       -4155.627                                                   -4155.627
              3      -2100.2538      0.35732224    1.908419e-09      -23.025851       -23.025851      -4154.4559                                                  -4154.4559
              2      -2100.9919      0.35089585   1.7859195e-09      -23.025851       -23.025851      -4155.9321                                                  -4155.9321
              1      -2101.0379      0.29717105   2.2843367e-09      -23.025851       -23.025851      -4156.0241                                                  -4156.0241
              1      -2100.7815      0.29384739   2.1841386e-09      -23.025851       -23.025851      -4155.5113                                                  -4155.5113
              2      -2100.8681       0.3089463   2.0041672e-09      -23.025851       -23.025851      -4155.6844                                                  -4155.6844
              5      -2100.8617      0.30882165   2.0030034e-09      -23.025851       -23.025851      -4155.6716                                                  -4155.6716
              1      -2100.9724      0.34712201   1.6364239e-09      -23.025851       -23.025851      -4155.8931                                                  -4155.8931
              1      -2101.0691      0.34699954   1.7467537e-09      -23.025851       -23.025851      -4156.0865                                                  -4156.0865
              1      -2101.0715      0.34419974   1.7671157e-09      -23.025851       -23.025851      -4156.0914                                                  -4156.0914
              2      -2100.4941      0.27518849   2.3962656e-09      -23.025851       -23.025851      -4154.9366                                                  -4154.9366
              1       -2100.023      0.30844401   1.7751969e-09      -23.025851       -23.025851      -4153.9944                                                  -4153.9944
              1      -2101.0517      0.35153047   1.7329044e-09      -23.025851       -23.025851      -4156.0516                                                  -4156.0516
              5      -2101.0664      0.34538545   1.7753919e-09      -23.025851       -23.025851      -4156.0811                                                  -4156.0811
              2      -2100.8012      0.32768824   2.1298597e-09      -23.025851       -23.025851      -4155.5506                                                  -4155.5506
              1      -2100.7194      0.30055931   2.0603712e-09      -23.025851       -23.025851      -4155.3871                                                  -4155.3871
              1      -2100.9795      0.33765125   1.7290984e-09      -23.025851       -23.025851      -4155.9073                                                  -4155.9073
              1      -2101.0735      0.33992434   1.8163244e-09      -23.025851       -23.025851      -4156.0953                                                  -4156.0953
              1      -2100.7209      0.31309867   2.3585636e-09      -23.025851       -23.025851        -4155.39                                                    -4155.39
              2      -2101.0749      0.29692532   2.3867621e-09      -23.025851       -23.025851      -4156.0981                                                  -4156.0981
              4      -2101.0176       0.2942262   2.3126299e-09      -23.025851       -23.025851      -4155.9836                                                  -4155.9836
              1      -2100.6953      0.29794571   2.0893422e-09      -23.025851       -23.025851      -4155.3389                                                  -4155.3389
              1      -2100.3718      0.29838121   1.9849506e-09      -23.025851       -23.025851      -4154.6919                                                  -4154.6919
              4      -2100.9635      0.34244415   1.6746189e-09      -23.025851       -23.025851      -4155.8754                                                  -4155.8754
              2      -2101.0756      0.33073051   1.9270568e-09      -23.025851       -23.025851      -4156.0995                                                  -4156.0995
              1      -2101.0654       0.3337143    1.913062e-09      -23.025851       -23.025851      -4156.0792                                                  -4156.0792
              1      -2101.0636      0.32618564   2.0080874e-09      -23.025851       -23.025851      -4156.0755                                                  -4156.0755
              1      -2101.0786      0.32442206    1.996906e-09      -23.025851       -23.025851      -4156.1056                                                  -4156.1056
              2       -2101.006      0.30362094   2.1557406e-09      -23.025851       -23.025851      -4155.9603                                                  -4155.9603
              1      -2101.0237      0.32949944   2.0059385e-09      -23.025851       -23.025851      -4155.9957                                                  -4155.9957
              1      -2100.7461      0.32659123   2.1614082e-09      -23.025851       -23.025851      -4155.4405                                                  -4155.4405
              1      -2100.8504      0.32623042   2.1317825e-09      -23.025851       -23.025851       -4155.649                                                   -4155.649
              1      -2100.7085      0.33639777   2.0488186e-09      -23.025851       -23.025851      -4155.3654                                                  -4155.3654
              5      -2101.0763      0.33481206   1.8627595e-09      -23.025851       -23.025851      -4156.1009                                                  -4156.1009
              4      -2100.8428      0.34011262    1.646354e-09      -23.025851       -23.025851      -4155.6338                                                  -4155.6338
              1      -2099.3849      0.29747372   1.7874631e-09      -23.025851       -23.025851      -4152.7181                                                  -4152.7181
              7      -2100.7198      0.30020135    2.065594e-09      -23.025851       -23.025851      -4155.3878                                                  -4155.3878
              7      -2100.5384      0.31032413   1.8742015e-09      -23.025851       -23.025851      -4155.0252                                                  -4155.0252
              9      -2101.0325      0.31300434   2.2162876e-09      -23.025851       -23.025851      -4156.0134                                                  -4156.0134
              1      -2101.0637      0.30765082   2.1560857e-09      -23.025851       -23.025851      -4156.0757                                                  -4156.0757
              1      -2100.6984      0.29223676   2.1766657e-09      -23.025851       -23.025851      -4155.3451                                                  -4155.3451
              1      -2100.5548      0.30227704   1.9828743e-09      -23.025851       -23.025851      -4155.0578                                                  -4155.0578
              1      -2100.6967      0.30797938   1.9518611e-09      -23.025851       -23.025851      -4155.3416                                                  -4155.3416
              1      -2101.0772      0.29905679   2.3393971e-09      -23.025851       -23.025851      -4156.1027                                                  -4156.1027
              1      -2100.9325      0.30008801   2.1605723e-09      -23.025851       -23.025851      -4155.8132                                                  -4155.8132
              2      -2101.0708      0.31668434   2.0446991e-09      -23.025851       -23.025851      -4156.0899                                                  -4156.0899
              1      -2100.3413      0.30408888   2.6021592e-09      -23.025851       -23.025851      -4154.6309                                                  -4154.6309
              3      -2099.1434      0.31766853   2.5750066e-09      -23.025851       -23.025851       -4152.235                                                   -4152.235
              1      -2101.0064      0.29070934   2.5895172e-09      -23.025851       -23.025851      -4155.9611                                                  -4155.9611
              1       -2101.066      0.28458816   2.5802146e-09      -23.025851       -23.025851      -4156.0802                                                  -4156.0802
              2      -2101.0783      0.30850396   2.2128525e-09      -23.025851       -23.025851      -4156.1049                                                  -4156.1049
              2      -2100.8486      0.27635991   2.5238898e-09      -23.025851       -23.025851      -4155.6456                                                  -4155.6456
              1      -2100.3969      0.27776837   2.3169139e-09      -23.025851       -23.025851      -4154.7421                                                  -4154.7421
              9      -2100.6846      0.27927945    2.391195e-09      -23.025851       -23.025851      -4155.3175                                                  -4155.3175
              1      -2100.1142      0.27912522   2.2123174e-09      -23.025851       -23.025851      -4154.1766                                                  -4154.1766
              1      -2101.0018      0.32480313   1.8786784e-09      -23.025851       -23.025851      -4155.9519                                                  -4155.9519
              1      -2100.8001      0.32436989   2.1737381e-09      -23.025851       -23.025851      -4155.5485                                                  -4155.5485
              1      -2100.0179      0.28261155   2.1302995e-09      -23.025851       -23.025851      -4153.9841                                                  -4153.9841
              1      -2099.9697      0.29465462   1.9398764e-09      -23.025851       -23.025851      -4153.8878                                                  -4153.8878
              3      -2099.9793      0.29328728   1.9610201e-09      -23.025851       -23.025851      -4153.9069                                                  -4153.9069
              1      -2099.5277      0.28918442   1.9244342e-09      -23.025851       -23.025851      -4153.0038                                                  -4153.0038
              6       -2099.185      0.28166868   1.9673606e-09      -23.025851       -23.025851      -4152.3183                                                  -4152.3183
              4       -2100.598      0.28425216    2.270481e-09      -23.025851       -23.025851      -4155.1443                                                  -4155.1443
              3      -2098.8688      0.26796487   2.1269432e-09      -23.025851       -23.025851      -4151.6859                                                  -4151.6859
              2      -2098.9646      0.26925224   2.1236661e-09      -23.025851       -23.025851      -4151.8775                                                  -4151.8775
              1      -2100.7736      0.30654758   1.9978758e-09      -23.025851       -23.025851      -4155.4956                                                  -4155.4956
              2       -2101.028       0.2908905   2.5661228e-09      -23.025851       -23.025851      -4156.0043                                                  -4156.0043
              2      -2100.9752      0.29797188   2.4887644e-09      -23.025851       -23.025851      -4155.8987                                                  -4155.8987
              1      -2101.0039      0.28142766   2.5327584e-09      -23.025851       -23.025851      -4155.9561                                                  -4155.9561
              2      -2100.6977      0.30658112   1.9704472e-09      -23.025851       -23.025851      -4155.3436                                                  -4155.3436
              2      -2100.7226      0.30718148   1.9710778e-09      -23.025851       -23.025851      -4155.3934                                                  -4155.3934
              3      -2100.6718      0.32292363   1.7660541e-09      -23.025851       -23.025851      -4155.2919                                                  -4155.2919
              3       -2099.874       0.3163815   1.6570339e-09      -23.025851       -23.025851      -4153.6964                                                  -4153.6964
              1      -2099.8652      0.32031328   1.6143942e-09      -23.025851       -23.025851      -4153.6788                                                  -4153.6788
              3      -2099.9401      0.30561168   1.7921111e-09      -23.025851       -23.025851      -4153.8286                                                  -4153.8286
              1      -2101.0442      0.34171746   1.7351132e-09      -23.025851       -23.025851      -4156.0367                                                  -4156.0367
              1      -2100.8307      0.32374639   2.1715308e-09      -23.025851       -23.025851      -4155.6097                                                  -4155.6097
              2      -2099.9574      0.26939529   2.3455775e-09      -23.025851       -23.025851      -4153.8631                                                  -4153.8631
              1      -2100.1276      0.29448741    1.978235e-09      -23.025851       -23.025851      -4154.2035                                                  -4154.2035
              2      -2100.3556      0.27292987    2.393194e-09      -23.025851       -23.025851      -4154.6595                                                  -4154.6595
              1      -2099.9834      0.28789024   2.0401722e-09      -23.025851       -23.025851       -4153.915                                                   -4153.915
              1      -2100.6832      0.35664733   1.8322765e-09      -23.025851       -23.025851      -4155.3148                                                  -4155.3148
              4      -2100.5058      0.32751801    2.211166e-09      -23.025851       -23.025851        -4154.96                                                    -4154.96
              3      -2100.3933      0.33128243   2.1856162e-09      -23.025851       -23.025851      -4154.7349                                                  -4154.7349
              1      -2100.8209      0.30269886    2.069279e-09      -23.025851       -23.025851        -4155.59                                                    -4155.59
              2      -2101.0647       0.3027264   2.2318125e-09      -23.025851       -23.025851      -4156.0778                                                  -4156.0778
              2      -2099.5149      0.26850352   2.2537541e-09      -23.025851       -23.025851      -4152.9781                                                  -4152.9781
              3      -2100.8296      0.30653733   2.4216841e-09      -23.025851       -23.025851      -4155.6074                                                  -4155.6074
              3      -2100.4711      0.32715171   2.2238016e-09      -23.025851       -23.025851      -4154.8904                                                  -4154.8904
              5      -2101.0806        0.315185   2.1086618e-09      -23.025851       -23.025851      -4156.1095                                                  -4156.1095
              1      -2101.0742      0.33574706   1.8682994e-09      -23.025851       -23.025851      -4156.0967                                                  -4156.0967
              2      -2100.8795      0.32238043   1.8440513e-09      -23.025851       -23.025851      -4155.7074                                                  -4155.7074
              1      -2100.9948      0.30921464   2.0685001e-09      -23.025851       -23.025851       -4155.938                                                   -4155.938
              6      -2100.9894      0.30894677   2.0685117e-09      -23.025851       -23.025851      -4155.9272                                                  -4155.9272
              4      -2099.9604      0.28122823   2.1386451e-09      -23.025851       -23.025851       -4153.869                                                   -4153.869
              2      -2100.0144      0.28191518   2.1406718e-09      -23.025851       -23.025851      -4153.9771                                                  -4153.9771
              1      -2100.3764      0.29225976   2.0740389e-09      -23.025851       -23.025851       -4154.701                                                   -4154.701
              1      -2099.4222      0.27794967   2.0717838e-09      -23.025851       -23.025851      -4152.7926                                                  -4152.7926
              1      -2099.3068       0.2894479   1.8787067e-09      -23.025851       -23.025851      -4152.5619                                                  -4152.5619
              1      -2100.9896      0.32697201   1.8465802e-09      -23.025851       -23.025851      -4155.9274                                                  -4155.9274
              1      -2101.0796      0.30788384   2.1948105e-09      -23.025851       -23.025851      -4156.1076                                                  -4156.1076
              5      -2100.9287      0.30657525   2.3773556e-09      -23.025851       -23.025851      -4155.8057                                                  -4155.8057
              1      -2101.0306      0.28077223   2.5764613e-09      -23.025851       -23.025851      -4156.0094                                                  -4156.0094
              1      -2100.7095      0.28176762   2.3561488e-09      -23.025851       -23.025851      -4155.3673                                                  -4155.3673
              2      -2101.0298       0.3004523   2.2239047e-09      -23.025851       -23.025851      -4156.0079                                                  -4156.0079
              2      -2100.9588      0.33718192   1.7228134e-09      -23.025851       -23.025851      -4155.8659                                                  -4155.8659
              8      -2101.0348      0.35404696   1.6174178e-09      -23.025851       -23.025851      -4156.0179                                                  -4156.0179
              1      -2100.1897      0.32361863   1.6425733e-09      -23.025851       -23.025851      -4154.3276                                                  -4154.3276
              1      -2100.5042      0.33200249   1.6280116e-09      -23.025851       -23.025851      -4154.9567                                                  -4154.9567
              1      -2101.0584      0.30025939   2.2605006e-09      -23.025851       -23.025851      -4156.0651                                                  -4156.0651
              2      -2101.0777      0.30012517   2.3217137e-09      -23.025851       -23.025851      -4156.1037                                                  -4156.1037
              5      -2100.9722       0.3439818   1.8695345e-09      -23.025851       -23.025851      -4155.8928                                                  -4155.8928
              1      -2100.9807       0.2967724   2.2417717e-09      -23.025851       -23.025851      -4155.9097                                                  -4155.9097
              1      -2101.0337      0.30915867   2.0998916e-09      -23.025851       -23.025851      -4156.0157                                                  -4156.0157
              1      -2100.9992       0.3172463   2.1819169e-09      -23.025851       -23.025851      -4155.9467                                                  -4155.9467
              1      -2100.4555      0.29976088   1.9886276e-09      -23.025851       -23.025851      -4154.8592                                                  -4154.8592
              1       -2100.537      0.32039344   1.7564128e-09      -23.025851       -23.025851      -4155.0224                                                  -4155.0224
              5      -2100.4361      0.31756941   1.7622334e-09      -23.025851       -23.025851      -4154.8205                                                  -4154.8205
              4      -2100.9274       0.3234078   1.8536284e-09      -23.025851       -23.025851       -4155.803                                                   -4155.803
              1      -2101.0623      0.30511458   2.1913067e-09      -23.025851       -23.025851      -4156.0729                                                  -4156.0729
              2      -2100.5221      0.33342564   2.1309424e-09      -23.025851       -23.025851      -4154.9925                                                  -4154.9925
              2      -2100.5798       0.3329732   2.1234105e-09      -23.025851       -23.025851       -4155.108                                                   -4155.108
              1       -2100.805      0.35265521    1.840631e-09      -23.025851       -23.025851      -4155.5582                                                  -4155.5582
              4      -2100.7917      0.35295354   1.8414372e-09      -23.025851       -23.025851      -4155.5318                                                  -4155.5318
              3      -2100.7061      0.28710673   2.2625081e-09      -23.025851       -23.025851      -4155.3605                                                  -4155.3605
              5      -2100.6527      0.27401866   2.4782365e-09      -23.025851       -23.025851      -4155.2538                                                  -4155.2538
              2      -2100.5481      0.27216882   2.4739278e-09      -23.025851       -23.025851      -4155.0446                                                  -4155.0446
              1      -2099.0169      0.26957758   2.1284851e-09      -23.025851       -23.025851      -4151.9821                                                  -4151.9821
              1      -2098.0831      0.28545612   1.7291209e-09      -23.025851       -23.025851      -4150.1145                                                  -4150.1145
              2      -2098.4886      0.29208198   1.7071008e-09      -23.025851       -23.025851      -4150.9255                                                  -4150.9255
              2        -2098.63      0.28407189   1.8344217e-09      -23.025851       -23.025851      -4151.2082                                                  -4151.2082
              2      -2098.5639      0.28332493   1.8337708e-09      -23.025851       -23.025851      -4151.0761                                                  -4151.0761
              1      -2099.7824      0.29595529    1.882617e-09      -23.025851       -23.025851      -4153.5132                                                  -4153.5132
              1      -2099.5824      0.30096085   1.7798799e-09      -23.025851       -23.025851      -4153.1131                                                  -4153.1131
              3      -2100.7339      0.32837443   1.7266935e-09      -23.025851       -23.025851      -4155.4161                                                  -4155.4161
              1      -2101.0466       0.3441043   1.7153176e-09      -23.025851       -23.025851      -4156.0416                                                  -4156.0416
              2      -2101.0737      0.33505142   1.8788825e-09      -23.025851       -23.025851      -4156.0958                                                  -4156.0958
              1      -2101.0672      0.34231107   1.7608231e-09      -23.025851       -23.025851      -4156.0827                                                  -4156.0827
              1      -2100.6419      0.35983878   1.8100656e-09      -23.025851       -23.025851      -4155.2322                                                  -4155.2322
              1       -2100.284      0.33832247   2.1175834e-09      -23.025851       -23.025851      -4154.5162                                                  -4154.5162
              1      -2101.0195       0.3122215    2.046169e-09      -23.025851       -23.025851      -4155.9874                                                  -4155.9874
              1      -2100.9956      0.32154112   1.9124919e-09      -23.025851       -23.025851      -4155.9394                                                  -4155.9394
              1      -2101.0685      0.33089749   1.8744291e-09      -23.025851       -23.025851      -4156.0852                                                  -4156.0852
              1      -2101.0722      0.32732172   1.9791688e-09      -23.025851       -23.025851      -4156.0927                                                  -4156.0927
              6      -2100.2655      0.27057168   2.4103426e-09      -23.025851       -23.025851      -4154.4792                                                  -4154.4792
              1       -2100.571      0.32026353    2.295571e-09      -23.025851       -23.025851      -4155.0904                                                  -4155.0904
              5      -2100.4959      0.31767952   2.3511495e-09      -23.025851       -23.025851        -4154.94                                                    -4154.94
              1       -2101.068      0.29530073    2.362405e-09      -23.025851       -23.025851      -4156.0844                                                  -4156.0844
              2       -2101.047      0.31011956    2.099855e-09      -23.025851       -23.025851      -4156.0424                                                  -4156.0424
              3      -2101.0757      0.33546293   1.8641567e-09      -23.025851       -23.025851      -4156.0996                                                  -4156.0996
              2      -2101.0123       0.3258653   2.0594254e-09      -23.025851       -23.025851      -4155.9729                                                  -4155.9729
              1      -2101.0705      0.33692983   1.8178333e-09      -23.025851       -23.025851      -4156.0893                                                  -4156.0893
              1      -2101.0544      0.34512958   1.7979806e-09      -23.025851       -23.025851       -4156.057                                                   -4156.057
              2      -2101.0787      0.32740172   1.9548643e-09      -23.025851       -23.025851      -4156.1058                                                  -4156.1058
              1      -2100.8262      0.30921524   1.9830146e-09      -23.025851       -23.025851      -4155.6008                                                  -4155.6008
              1      -2100.6019      0.31917935   1.7875315e-09      -23.025851       -23.025851      -4155.1522                                                  -4155.1522
              3      -2101.0453      0.35393594   1.6287155e-09      -23.025851       -23.025851       -4156.039                                                   -4156.039
              2      -2101.0493      0.35325054   1.6389316e-09      -23.025851       -23.025851      -4156.0469                                                  -4156.0469
             15      -2101.0474       0.3537594   1.6324438e-09      -23.025851       -23.025851       -4156.043                                                   -4156.043
              1      -2101.0666      0.34914383   1.7034781e-09      -23.025851       -23.025851      -4156.0814                                                  -4156.0814
              1      -2100.1294      0.32054099    1.662207e-09      -23.025851       -23.025851      -4154.2072                                                  -4154.2072
              2      -2100.7342      0.32920963    1.718074e-09      -23.025851       -23.025851      -4155.4168                                                  -4155.4168
              1      -2100.5686      0.30316648   1.9749872e-09      -23.025851       -23.025851      -4155.0855                                                  -4155.0855
              1      -2100.2834       0.3008649   1.9287016e-09      -23.025851       -23.025851      -4154.5151                                                  -4154.5151
              1      -2100.6046      0.33607635    1.613799e-09      -23.025851       -23.025851      -4155.1574                                                  -4155.1574
              1      -2100.8223      0.33750008   1.6640743e-09      -23.025851       -23.025851      -4155.5928                                                  -4155.5928
              1      -2101.0187      0.35631233    1.714675e-09      -23.025851       -23.025851      -4155.9856                                                  -4155.9856
              1      -2100.8283      0.33087389   2.0803886e-09      -23.025851       -23.025851      -4155.6049                                                  -4155.6049
              2      -2100.4232      0.34467512   2.0163132e-09      -23.025851       -23.025851      -4154.7948                                                  -4154.7948
              5      -2100.5903       0.3608884    1.810964e-09      -23.025851       -23.025851      -4155.1289                                                  -4155.1289
              1      -2100.7303      0.34765982   1.9143257e-09      -23.025851       -23.025851       -4155.409                                                   -4155.409
              1      -2100.9618      0.33186365   2.0141722e-09      -23.025851       -23.025851      -4155.8718                                                  -4155.8718
              1      -2100.9485      0.33529683   1.7365538e-09      -23.025851       -23.025851      -4155.8453                                                  -4155.8453
              2      -2100.6324      0.33649646   1.6170878e-09      -23.025851       -23.025851      -4155.2132                                                  -4155.2132
              3       -2100.194      0.27547148   2.2979234e-09      -23.025851       -23.025851      -4154.3362                                                  -4154.3362
              3      -2100.1886      0.27615287    2.284206e-09      -23.025851       -23.025851      -4154.3255                                                  -4154.3255
              1      -2100.7492       0.3141494   1.8920589e-09      -23.025851       -23.025851      -4155.4466                                                  -4155.4466
              1      -2100.9779      0.32589452   2.0800017e-09      -23.025851       -23.025851      -4155.9042                                                  -4155.9042
              1      -2100.6311      0.34162765   2.0068436e-09      -23.025851       -23.025851      -4155.2106                                                  -4155.2106
              1      -2100.4824      0.34015546   2.0571277e-09      -23.025851       -23.025851      -4154.9131                                                  -4154.9131
              1      -2101.0539      0.29443147    2.350653e-09      -23.025851       -23.025851      -4156.0561                                                  -4156.0561
              1        -2101.01      0.29509432   2.2914806e-09      -23.025851       -23.025851      -4155.9683                                                  -4155.9683
              1      -2100.8405      0.29223068   2.2356991e-09      -23.025851       -23.025851      -4155.6292                                                  -4155.6292
              1      -2101.0532      0.33310766   1.8299621e-09      -23.025851       -23.025851      -4156.0546                                                  -4156.0546
              3      -2100.3263      0.32138177   2.3344163e-09      -23.025851       -23.025851       -4154.601                                                   -4154.601
              2      -2100.8203      0.31388936   2.3132604e-09      -23.025851       -23.025851      -4155.5889                                                  -4155.5889
              7       -2100.732      0.33085079   1.7005953e-09      -23.025851       -23.025851      -4155.4123                                                  -4155.4123
              2      -2101.0399      0.34403091   1.7094742e-09      -23.025851       -23.025851      -4156.0282                                                  -4156.0282
              1      -2099.8216      0.35392087   2.0073838e-09      -23.025851       -23.025851      -4153.5915                                                  -4153.5915
              2      -2100.3535      0.32613446   2.2622863e-09      -23.025851       -23.025851      -4154.6552                                                  -4154.6552
              3      -2099.2152      0.33313461   2.3375385e-09      -23.025851       -23.025851      -4152.3788                                                  -4152.3788
              1      -2100.9387      0.29934519   2.1752851e-09      -23.025851       -23.025851      -4155.8256                                                  -4155.8256
              4      -2100.9572      0.30779429   2.0642935e-09      -23.025851       -23.025851      -4155.8627                                                  -4155.8627
              1      -2101.0067      0.30591327    2.123075e-09      -23.025851       -23.025851      -4155.9616                                                  -4155.9616
              4      -2100.3193      0.29000954   2.0922226e-09      -23.025851       -23.025851      -4154.5868                                                  -4154.5868
              2      -2100.3914      0.28632329   2.1701405e-09      -23.025851       -23.025851      -4154.7312                                                  -4154.7312
              1      -2100.3183      0.29700676   1.9900883e-09      -23.025851       -23.025851      -4154.5849                                                  -4154.5849
              2      -2099.5093      0.35842491   1.9967843e-09      -23.025851       -23.025851      -4152.9669                                                  -4152.9669
              7      -2100.3871      0.26657169   2.5300209e-09      -23.025851       -23.025851      -4154.7224                                                  -4154.7224
              2      -2100.3977       0.2654079    2.558138e-09      -23.025851       -23.025851      -4154.7437                                                  -4154.7437
              1      -2099.1931      0.27282699   2.1087939e-09      -23.025851       -23.025851      -4152.3346                                                  -4152.3346
              4      -2100.1543      0.29505707   1.9765953e-09      -23.025851       -23.025851      -4154.2569                                                  -4154.2569
              1      -2100.1419      0.29653322   1.9531818e-09      -23.025851       -23.025851       -4154.232                                                   -4154.232
              1      -2100.8562      0.31055226   1.9779925e-09      -23.025851       -23.025851      -4155.6607                                                  -4155.6607
              3      -2100.8809      0.29526212   2.2071537e-09      -23.025851       -23.025851        -4155.71                                                    -4155.71
              2      -2100.9004      0.29166694   2.2750892e-09      -23.025851       -23.025851      -4155.7492                                                  -4155.7492
              2      -2100.6238      0.30771073   2.4709552e-09      -23.025851       -23.025851      -4155.1959                                                  -4155.1959
              1      -2100.7707      0.27280036    2.555292e-09      -23.025851       -23.025851      -4155.4897                                                  -4155.4897
              6      -2100.4333      0.29836007   2.0018616e-09      -23.025851       -23.025851      -4154.8148                                                  -4154.8148
              3      -2099.6746      0.31406731   1.6459719e-09      -23.025851       -23.025851      -4153.2975                                                  -4153.2975
              1      -2099.6926      0.31432373   1.6463818e-09      -23.025851       -23.025851      -4153.3334                                                  -4153.3334
              1      -2099.9146      0.27169128   2.2916898e-09      -23.025851       -23.025851      -4153.7775                                                  -4153.7775
              2      -2100.6379      0.28861141   2.2123277e-09      -23.025851       -23.025851      -4155.2241                                                  -4155.2241
              1      -2099.7122      0.27756706   2.1407381e-09      -23.025851       -23.025851      -4153.3726                                                  -4153.3726
              2      -2099.9107       0.2927782    1.953024e-09      -23.025851       -23.025851      -4153.7697                                                  -4153.7697
              2      -2100.6129      0.29426295   2.1155458e-09      -23.025851       -23.025851      -4155.1741                                                  -4155.1741
              2      -2100.4841      0.29278377   2.0972137e-09      -23.025851       -23.025851      -4154.9165                                                  -4154.9165
              2      -2100.0729      0.33005768   2.2602685e-09      -23.025851       -23.025851       -4154.094                                                   -4154.094
              2      -2099.8578      0.31894033   2.4542594e-09      -23.025851       -23.025851       -4153.664                                                   -4153.664
              5      -2100.7645      0.29759395   2.5946851e-09      -23.025851       -23.025851      -4155.4773                                                  -4155.4773
              2      -2100.7522       0.3406918   1.9862132e-09      -23.025851       -23.025851      -4155.4527                                                  -4155.4527
              2      -2100.8382      0.32918368   2.0982437e-09      -23.025851       -23.025851      -4155.6246                                                  -4155.6246
              1      -2100.7564      0.32380461   2.1953105e-09      -23.025851       -23.025851      -4155.4611                                                  -4155.4611
              2      -2100.1196      0.27808391   2.2315691e-09      -23.025851       -23.025851      -4154.1876                                                  -4154.1876
              1      -2100.8385      0.31290015    1.940712e-09      -23.025851       -23.025851      -4155.6253                                                  -4155.6253
              1      -2101.0764      0.30071488   2.2949013e-09      -23.025851       -23.025851       -4156.101                                                   -4156.101
              1      -2100.6862      0.27996838   2.3792378e-09      -23.025851       -23.025851      -4155.3207                                                  -4155.3207
              4      -2100.9699      0.33379696   1.7626413e-09      -23.025851       -23.025851      -4155.8881                                                  -4155.8881
              3      -2101.0423      0.29155522    2.385074e-09      -23.025851       -23.025851       -4156.033                                                   -4156.033
              2       -2100.792      0.27670111   2.4877514e-09      -23.025851       -23.025851      -4155.5322                                                  -4155.5322
              3      -2099.4198      0.27202288   2.1699786e-09      -23.025851       -23.025851      -4152.7878                                                  -4152.7878
              1      -2100.6502      0.33680253   1.6189234e-09      -23.025851       -23.025851      -4155.2487                                                  -4155.2487
              1      -2100.2632      0.34535722   2.0376279e-09      -23.025851       -23.025851      -4154.4747                                                  -4154.4747
              1       -2101.079      0.30353586     2.26775e-09      -23.025851       -23.025851      -4156.1064                                                  -4156.1064
              2      -2100.4356       0.3132766    1.811457e-09      -23.025851       -23.025851      -4154.8195                                                  -4154.8195
              3      -2101.0205      0.33080538   1.8253386e-09      -23.025851       -23.025851      -4155.9893                                                  -4155.9893
              2      -2100.8536      0.31806296   1.8836791e-09      -23.025851       -23.025851      -4155.6555                                                  -4155.6555
              1      -2101.0009      0.31930075   2.1528637e-09      -23.025851       -23.025851      -4155.9501                                                  -4155.9501
              1      -2101.0688      0.30893239   2.2314124e-09      -23.025851       -23.025851      -4156.0858                                                  -4156.0858
              2      -2100.8667      0.29279826   2.2391677e-09      -23.025851       -23.025851      -4155.6818                                                  -4155.6818
              6      -2100.9595      0.28313413      2.4623e-09      -23.025851       -23.025851      -4155.8673                                                  -4155.8673
              2      -2101.0001       0.2954626   2.5131115e-09      -23.025851       -23.025851      -4155.9485                                                  -4155.9485
              3       -2100.952      0.29952004   2.4773732e-09      -23.025851       -23.025851      -4155.8524                                                  -4155.8524
              1      -2101.0575      0.29489306   2.3484025e-09      -23.025851       -23.025851      -4156.0633                                                  -4156.0633
              2      -2101.0671       0.3473196   1.7188018e-09      -23.025851       -23.025851      -4156.0825                                                  -4156.0825
              2      -2101.0514      0.34386955   1.7226844e-09      -23.025851       -23.025851      -4156.0512                                                  -4156.0512
              1      -2101.0149      0.34731775   1.6598387e-09      -23.025851       -23.025851       -4155.978                                                   -4155.978
             11      -2101.0542      0.35199254   1.6556335e-09      -23.025851       -23.025851      -4156.0567                                                  -4156.0567
              2      -2101.0179      0.35284088   1.6140747e-09      -23.025851       -23.025851      -4155.9842                                                  -4155.9842
              4      -2100.4939      0.32152837   1.7329361e-09      -23.025851       -23.025851      -4154.9361                                                  -4154.9361
              1      -2101.0145      0.33667637   1.7602205e-09      -23.025851       -23.025851      -4155.9772                                                  -4155.9772
              6      -2101.0559      0.28476351   2.5368772e-09      -23.025851       -23.025851      -4156.0601                                                  -4156.0601
              1      -2101.0447      0.30733905   2.2865368e-09      -23.025851       -23.025851      -4156.0378                                                  -4156.0378
              1      -2100.6856      0.30722399   2.4603827e-09      -23.025851       -23.025851      -4155.3194                                                  -4155.3194
              1      -2100.7581      0.30456409   2.4795844e-09      -23.025851       -23.025851      -4155.4645                                                  -4155.4645
              1       -2100.961       0.2923585    2.593882e-09      -23.025851       -23.025851      -4155.8704                                                  -4155.8704
              1      -2100.4947      0.28082495   2.2943049e-09      -23.025851       -23.025851      -4154.9377                                                  -4154.9377
              3      -2100.6613      0.27590085   2.4452884e-09      -23.025851       -23.025851      -4155.2709                                                  -4155.2709
              1      -2100.9721      0.30369725   2.1310007e-09      -23.025851       -23.025851      -4155.8924                                                  -4155.8924
              1      -2100.8129      0.31421936    1.914235e-09      -23.025851       -23.025851       -4155.574                                                   -4155.574
              2      -2100.8728      0.35059213   1.8402736e-09      -23.025851       -23.025851      -4155.6939                                                  -4155.6939
              3      -2101.0777      0.31838337   2.0399964e-09      -23.025851       -23.025851      -4156.1038                                                  -4156.1038
              1      -2099.0628      0.26708494   2.1815134e-09      -23.025851       -23.025851       -4152.074                                                   -4152.074
              2      -2098.8843      0.27323203    2.041685e-09      -23.025851       -23.025851      -4151.7168                                                  -4151.7168
              2      -2100.4641      0.29095214   2.1190008e-09      -23.025851       -23.025851      -4154.8765                                                  -4154.8765
              5      -2100.9492      0.34720283   1.6242734e-09      -23.025851       -23.025851      -4155.8467                                                  -4155.8467
              3      -2101.0162      0.31345737   2.0273052e-09      -23.025851       -23.025851      -4155.9807                                                  -4155.9807
              1      -2101.0183      0.31375816   2.0250276e-09      -23.025851       -23.025851      -4155.9849                                                  -4155.9849
              2      -2100.3819      0.35753403   1.8846348e-09      -23.025851       -23.025851       -4154.712                                                   -4154.712
              1      -2100.1707      0.35871178   1.9071375e-09      -23.025851       -23.025851      -4154.2897                                                  -4154.2897
              1      -2100.7299      0.31241352       2.366e-09      -23.025851       -23.025851       -4155.408                                                   -4155.408
              1      -2100.8966      0.34469898   1.6241879e-09      -23.025851       -23.025851      -4155.7415                                                  -4155.7415
              1      -2100.9213      0.34634082   1.6195504e-09      -23.025851       -23.025851       -4155.791                                                   -4155.791
              1      -2100.9855      0.33193096   1.7906847e-09      -23.025851       -23.025851      -4155.9192                                                  -4155.9192
              2      -2100.9221       0.3301796   1.7769075e-09      -23.025851       -23.025851      -4155.7925                                                  -4155.7925
              1      -2100.2096      0.26856153    2.432742e-09      -23.025851       -23.025851      -4154.3675                                                  -4154.3675
              2      -2100.7002      0.27296509   2.5192302e-09      -23.025851       -23.025851      -4155.3487                                                  -4155.3487
              1      -2100.6736      0.27268703   2.5133733e-09      -23.025851       -23.025851      -4155.2954                                                  -4155.2954
              1      -2100.9068       0.2849848   2.3937379e-09      -23.025851       -23.025851      -4155.7619                                                  -4155.7619
              3      -2100.6697      0.32752379   2.1708317e-09      -23.025851       -23.025851      -4155.2876                                                  -4155.2876
              3       -2101.073      0.31026206   2.2041547e-09      -23.025851       -23.025851      -4156.0943                                                  -4156.0943
              1      -2100.8855      0.30041032   2.1313156e-09      -23.025851       -23.025851      -4155.7194                                                  -4155.7194
              3      -2100.9025       0.3327824   1.7412993e-09      -23.025851       -23.025851      -4155.7532                                                  -4155.7532
              1       -2101.047      0.34654538   1.6936551e-09      -23.025851       -23.025851      -4156.0424                                                  -4156.0424
              1      -2100.6243      0.32700337   2.1895978e-09      -23.025851       -23.025851      -4155.1969                                                  -4155.1969
              2      -2101.0203      0.34354027   1.8459126e-09      -23.025851       -23.025851       -4155.989                                                   -4155.989
              2      -2101.0765      0.33308444    1.891466e-09      -23.025851       -23.025851      -4156.1014                                                  -4156.1014
              3      -2100.8382      0.30280916   2.4780371e-09      -23.025851       -23.025851      -4155.6248                                                  -4155.6248
             11      -2100.8376      0.35837273   1.7733555e-09      -23.025851       -23.025851      -4155.6235                                                  -4155.6235
              2      -2101.0711      0.34426947   1.7585723e-09      -23.025851       -23.025851      -4156.0905                                                  -4156.0905
              3       -2100.994      0.33847987   1.7292782e-09      -23.025851       -23.025851      -4155.9363                                                  -4155.9363
              1       -2100.465      0.33395008    2.136707e-09      -23.025851       -23.025851      -4154.8783                                                  -4154.8783
              2      -2100.2129      0.33616316   2.1569643e-09      -23.025851       -23.025851      -4154.3742                                                  -4154.3742
              2      -2101.0805      0.31841498   2.0548735e-09      -23.025851       -23.025851      -4156.1094                                                  -4156.1094
              2      -2100.8798      0.30088346   2.1216325e-09      -23.025851       -23.025851      -4155.7078                                                  -4155.7078
              2      -2100.7369      0.27181456    2.559282e-09      -23.025851       -23.025851       -4155.422                                                   -4155.422
              1      -2101.0639      0.30055817   2.3632726e-09      -23.025851       -23.025851       -4156.076                                                   -4156.076
              1      -2101.0405       0.3003238   2.3978608e-09      -23.025851       -23.025851      -4156.0293                                                  -4156.0293
              2      -2101.0781      0.30892991   2.1700908e-09      -23.025851       -23.025851      -4156.1045                                                  -4156.1045
              3      -2101.0803      0.30846643   2.1953282e-09      -23.025851       -23.025851      -4156.1089                                                  -4156.1089
              1      -2101.0678      0.28668839   2.5379379e-09      -23.025851       -23.025851      -4156.0839                                                  -4156.0839
              2      -2101.0558      0.28279287   2.5786801e-09      -23.025851       -23.025851      -4156.0599                                                  -4156.0599
              2      -2100.9741      0.34644789   1.8419568e-09      -23.025851       -23.025851      -4155.8965                                                  -4155.8965
              5      -2101.0764      0.33235041   1.9024143e-09      -23.025851       -23.025851      -4156.1011                                                  -4156.1011
              2       -2101.027      0.31989406   2.1262801e-09      -23.025851       -23.025851      -4156.0023                                                  -4156.0023
              2      -2101.0374      0.28372262   2.5258459e-09      -23.025851       -23.025851       -4156.023                                                   -4156.023
              2       -2100.135      0.29467188   1.9773905e-09      -23.025851       -23.025851      -4154.2182                                                  -4154.2182
              1      -2100.9693      0.32947063   1.8077597e-09      -23.025851       -23.025851      -4155.8869                                                  -4155.8869
              2      -2101.0591      0.34330658   1.7376279e-09      -23.025851       -23.025851      -4156.0665                                                  -4156.0665
              2      -2101.0672      0.35075721   1.6983567e-09      -23.025851       -23.025851      -4156.0828                                                  -4156.0828
              1       -2100.499      0.36062551   1.8319377e-09      -23.025851       -23.025851      -4154.9463                                                  -4154.9463
              4      -2100.4829      0.35049538   1.9398618e-09      -23.025851       -23.025851      -4154.9141                                                  -4154.9141
              2        -2100.96      0.34653127   1.8480214e-09      -23.025851       -23.025851      -4155.8683                                                  -4155.8683
              2      -2101.0042      0.34067761   1.8881658e-09      -23.025851       -23.025851      -4155.9567                                                  -4155.9567
              1      -2100.9697      0.34031789    1.911379e-09      -23.025851       -23.025851      -4155.8877                                                  -4155.8877
              1      -2101.0802      0.30816728   2.1994427e-09      -23.025851       -23.025851      -4156.1088                                                  -4156.1088
              1      -2101.0332       0.3064152   2.1380887e-09      -23.025851       -23.025851      -4156.0146                                                  -4156.0146
              6      -2101.0208      0.29506042   2.5024194e-09      -23.025851       -23.025851      -4155.9899                                                  -4155.9899
              2      -2100.3559      0.30540932    2.576418e-09      -23.025851       -23.025851      -4154.6601                                                  -4154.6601
              2      -2099.5976       0.3235309   2.4245731e-09      -23.025851       -23.025851      -4153.1434                                                  -4153.1434
              2      -2098.5995      0.33928681   2.3212063e-09      -23.025851       -23.025851      -4151.1473                                                  -4151.1473
              6      -2100.8714      0.29882804   2.5299913e-09      -23.025851       -23.025851       -4155.691                                                   -4155.691
              1      -2100.7308      0.27652581   2.4627023e-09      -23.025851       -23.025851        -4155.41                                                    -4155.41
              1      -2100.7409      0.32979595   1.7141327e-09      -23.025851       -23.025851      -4155.4301                                                  -4155.4301
              2      -2101.0804      0.32117547   2.0252261e-09      -23.025851       -23.025851      -4156.1091                                                  -4156.1091
              2      -2101.0639      0.33399974   1.9120364e-09      -23.025851       -23.025851      -4156.0761                                                  -4156.0761
              1      -2101.0613      0.33345371   1.9222221e-09      -23.025851       -23.025851       -4156.071                                                   -4156.071
              2      -2101.0228      0.32111027   1.9367417e-09      -23.025851       -23.025851      -4155.9939                                                  -4155.9939
              3      -2101.0191      0.32105411   1.9345721e-09      -23.025851       -23.025851      -4155.9865                                                  -4155.9865
              1      -2100.9989       0.2935282   2.3081335e-09      -23.025851       -23.025851      -4155.9461                                                  -4155.9461
              1      -2100.8794       0.2898449   2.2940938e-09      -23.025851       -23.025851       -4155.707                                                   -4155.707
              3      -2100.9752      0.28935685   2.3610328e-09      -23.025851       -23.025851      -4155.8987                                                  -4155.8987
              1      -2101.0788      0.32726518   1.9448811e-09      -23.025851       -23.025851      -4156.1059                                                  -4156.1059
              1      -2101.0597      0.32966544   1.8744696e-09      -23.025851       -23.025851      -4156.0677                                                  -4156.0677
              6       -2100.853      0.36078333   1.7451984e-09      -23.025851       -23.025851      -4155.6544                                                  -4155.6544
              1      -2100.7349      0.32446634   2.1929763e-09      -23.025851       -23.025851      -4155.4181                                                  -4155.4181
              2       -2100.994      0.33105155    1.804998e-09      -23.025851       -23.025851      -4155.9363                                                  -4155.9363
              3      -2101.0073      0.31722071   1.9727849e-09      -23.025851       -23.025851      -4155.9629                                                  -4155.9629
              3      -2100.6695      0.31779553   2.3047136e-09      -23.025851       -23.025851      -4155.2873                                                  -4155.2873
              4      -2100.5175      0.31497244   2.3862033e-09      -23.025851       -23.025851      -4154.9832                                                  -4154.9832
              2      -2100.3526      0.32441493   2.2862076e-09      -23.025851       -23.025851      -4154.6534                                                  -4154.6534
              3       -2100.395      0.33245283   2.1701424e-09      -23.025851       -23.025851      -4154.7382                                                  -4154.7382
              1      -2100.7892      0.30893192   1.9722369e-09      -23.025851       -23.025851      -4155.5266                                                  -4155.5266
              2      -2101.0502      0.28651545   2.4903858e-09      -23.025851       -23.025851      -4156.0486                                                  -4156.0486
              1      -2101.0255      0.28652247   2.4569314e-09      -23.025851       -23.025851      -4155.9993                                                  -4155.9993
              2      -2100.9431      0.31444477   2.2530742e-09      -23.025851       -23.025851      -4155.8345                                                  -4155.8345
              1      -2101.0269      0.29994645   2.4172079e-09      -23.025851       -23.025851      -4156.0021                                                  -4156.0021
              7      -2101.0351      0.30765577   2.2913405e-09      -23.025851       -23.025851      -4156.0186                                                  -4156.0186
              2      -2101.0795      0.30571711   2.2408066e-09      -23.025851       -23.025851      -4156.1073                                                  -4156.1073
              1      -2100.8145      0.32097969   1.8346025e-09      -23.025851       -23.025851      -4155.5773                                                  -4155.5773
              2       -2100.825      0.32095065    1.838843e-09      -23.025851       -23.025851      -4155.5983                                                  -4155.5983
              2      -2100.9126      0.29734399   2.1913282e-09      -23.025851       -23.025851      -4155.7736                                                  -4155.7736
              2      -2101.0074      0.29468345   2.2960187e-09      -23.025851       -23.025851      -4155.9631                                                  -4155.9631
              4      -2100.8724      0.27307865   2.6047003e-09      -23.025851       -23.025851       -4155.693                                                   -4155.693
              3      -2101.0272      0.33382786   1.7986254e-09      -23.025851       -23.025851      -4156.0028                                                  -4156.0028
              1      -2101.0183        0.352069   1.6208925e-09      -23.025851       -23.025851       -4155.985                                                   -4155.985
              2      -2100.4044      0.29305642    2.070037e-09      -23.025851       -23.025851      -4154.7571                                                  -4154.7571
              2      -2100.9493      0.30657226   2.3666336e-09      -23.025851       -23.025851      -4155.8469                                                  -4155.8469
              1      -2100.4051      0.35498744   1.9068281e-09      -23.025851       -23.025851      -4154.7586                                                  -4154.7586
              2      -2100.2686      0.35565996   1.9233664e-09      -23.025851       -23.025851      -4154.4856                                                  -4154.4856
              2      -2100.8909      0.33312471   2.0299278e-09      -23.025851       -23.025851      -4155.7301                                                  -4155.7301
              1      -2100.7557      0.34107874   1.9807707e-09      -23.025851       -23.025851      -4155.4597                                                  -4155.4597
              7      -2100.2602      0.36088369   1.8710718e-09      -23.025851       -23.025851      -4154.4688                                                  -4154.4688
              1      -2100.5721      0.33955719   2.0448015e-09      -23.025851       -23.025851      -4155.0924                                                  -4155.0924
              3       -2100.909       0.3011706   2.4731881e-09      -23.025851       -23.025851      -4155.7663                                                  -4155.7663
              2       -2100.873      0.29192853   2.2564019e-09      -23.025851       -23.025851      -4155.6943                                                  -4155.6943
              2      -2100.9616      0.30426238   2.1164097e-09      -23.025851       -23.025851      -4155.8715                                                  -4155.8715
              1      -2100.9361      0.33883202   1.9440017e-09      -23.025851       -23.025851      -4155.8206                                                  -4155.8206
              3        -2101.07      0.29396545   2.3925725e-09      -23.025851       -23.025851      -4156.0883                                                  -4156.0883
              1      -2100.6572      0.27640208   2.4339929e-09      -23.025851       -23.025851      -4155.2627                                                  -4155.2627
              3      -2100.9504      0.30572516     2.37915e-09      -23.025851       -23.025851       -4155.849                                                   -4155.849
              1      -2100.5926       0.3065279   2.4987664e-09      -23.025851       -23.025851      -4155.1335                                                  -4155.1335
              1      -2101.0072      0.29409821   2.3054895e-09      -23.025851       -23.025851      -4155.9626                                                  -4155.9626
              2      -2101.0298      0.29758658   2.2691207e-09      -23.025851       -23.025851      -4156.0078                                                  -4156.0078
              1       -2100.882      0.30258916   2.0980226e-09      -23.025851       -23.025851      -4155.7123                                                  -4155.7123
              1       -2100.042      0.27524868   2.2606141e-09      -23.025851       -23.025851      -4154.0324                                                  -4154.0324
              1      -2099.5211      0.27846421   2.0842883e-09      -23.025851       -23.025851      -4152.9906                                                  -4152.9906
              1      -2099.4943      0.29731984   1.8092246e-09      -23.025851       -23.025851      -4152.9369                                                  -4152.9369
              1      -2100.7953      0.34567956   1.9176359e-09      -23.025851       -23.025851      -4155.5389                                                  -4155.5389
              5      -2100.9654      0.32674817   1.8352836e-09      -23.025851       -23.025851       -4155.879                                                   -4155.879
              2      -2101.0719      0.34024717   1.7921186e-09      -23.025851       -23.025851      -4156.0921                                                  -4156.0921
              2      -2101.0679      0.34306887   1.7557401e-09      -23.025851       -23.025851       -4156.084                                                   -4156.084
              3      -2101.0487      0.36193174   1.6312488e-09      -23.025851       -23.025851      -4156.0457                                                  -4156.0457
              1       -2100.969      0.35921095   1.7153398e-09      -23.025851       -23.025851      -4155.8862                                                  -4155.8862
              5      -2100.7747      0.31221708   1.9249025e-09      -23.025851       -23.025851      -4155.4977                                                  -4155.4977
              2      -2100.9939      0.32668891   2.0607075e-09      -23.025851       -23.025851      -4155.9361                                                  -4155.9361
              1      -2100.5719      0.31486478   1.8288532e-09      -23.025851       -23.025851      -4155.0922                                                  -4155.0922
              6      -2100.6181      0.33612636   1.6168261e-09      -23.025851       -23.025851      -4155.1845                                                  -4155.1845
              1      -2100.7938       0.3361105   1.6679394e-09      -23.025851       -23.025851      -4155.5358                                                  -4155.5358
              2      -2100.4381       0.3182295   1.7553765e-09      -23.025851       -23.025851      -4154.8246                                                  -4154.8246
              1      -2101.0119      0.33479469   1.7775529e-09      -23.025851       -23.025851      -4155.9721                                                  -4155.9721
              1      -2101.0787      0.31086104   2.1444365e-09      -23.025851       -23.025851      -4156.1057                                                  -4156.1057
              1      -2100.8946        0.329766   1.7693644e-09      -23.025851       -23.025851      -4155.7376                                                  -4155.7376
              2      -2101.0615      0.34285962   1.7453414e-09      -23.025851       -23.025851      -4156.0713                                                  -4156.0713
              2      -2101.0386       0.3560834   1.7006268e-09      -23.025851       -23.025851      -4156.0256                                                  -4156.0256
              1      -2101.0604      0.34282893   1.7439349e-09      -23.025851       -23.025851      -4156.0691                                                  -4156.0691
              1      -2101.0596      0.30904393   2.2441425e-09      -23.025851       -23.025851      -4156.0675                                                  -4156.0675
              3      -2101.0566      0.30200582   2.2303635e-09      -23.025851       -23.025851      -4156.0615                                                  -4156.0615
              5      -2101.0712      0.31749355   2.0351027e-09      -23.025851       -23.025851      -4156.0907                                                  -4156.0907
              2      -2100.9908      0.33606661   1.7513053e-09      -23.025851       -23.025851      -4155.9299                                                  -4155.9299
              3      -2101.0688       0.3483921   1.7203604e-09      -23.025851       -23.025851      -4156.0859                                                  -4156.0859
              1       -2101.061      0.35193907    1.667558e-09      -23.025851       -23.025851      -4156.0703                                                  -4156.0703
              1       -2101.043      0.35785961   1.6785486e-09      -23.025851       -23.025851      -4156.0343                                                  -4156.0343
              2      -2101.0438      0.35748385   1.6813927e-09      -23.025851       -23.025851      -4156.0359                                                  -4156.0359
              4      -2100.9377      0.34387579    1.886862e-09      -23.025851       -23.025851      -4155.8237                                                  -4155.8237
              3      -2100.9049      0.32649616    1.808928e-09      -23.025851       -23.025851      -4155.7582                                                  -4155.7582
              1      -2100.8784      0.32792874   1.7822281e-09      -23.025851       -23.025851      -4155.7051                                                  -4155.7051
              6      -2100.5355      0.32960683    1.659278e-09      -23.025851       -23.025851      -4155.0194                                                  -4155.0194
              1      -2100.6248      0.33217366   1.6567891e-09      -23.025851       -23.025851      -4155.1979                                                  -4155.1979
              1      -2100.9175      0.31832951   1.9083294e-09      -23.025851       -23.025851      -4155.7832                                                  -4155.7832
              1      -2100.3418      0.33243227   2.1809128e-09      -23.025851       -23.025851      -4154.6318                                                  -4154.6318
              3      -2100.8719      0.30072593   2.4979507e-09      -23.025851       -23.025851      -4155.6921                                                  -4155.6921
              2      -2100.7848      0.36156781   1.7579385e-09      -23.025851       -23.025851      -4155.5179                                                  -4155.5179
             11      -2100.7352      0.36362847   1.7514578e-09      -23.025851       -23.025851      -4155.4186                                                  -4155.4186
              2      -2100.9899      0.32369334   2.1015095e-09      -23.025851       -23.025851      -4155.9281                                                  -4155.9281
              2        -2100.37      0.27857768   2.2941661e-09      -23.025851       -23.025851      -4154.6882                                                  -4154.6882
              2      -2100.2983      0.28034217   2.2422162e-09      -23.025851       -23.025851       -4154.545                                                   -4154.545
              1      -2100.5575       0.2936378   2.1070243e-09      -23.025851       -23.025851      -4155.0633                                                  -4155.0633
              1      -2100.7039      0.28655311   2.2709541e-09      -23.025851       -23.025851      -4155.3562                                                  -4155.3562
              1      -2100.0068      0.27169688   2.3155727e-09      -23.025851       -23.025851      -4153.9619                                                  -4153.9619
              1      -2099.8641      0.27008854   2.3083838e-09      -23.025851       -23.025851      -4153.6765                                                  -4153.6765
              1      -2100.1472      0.29216041   2.0161297e-09      -23.025851       -23.025851      -4154.2426                                                  -4154.2426
              3      -2101.0668      0.28820396   2.4966051e-09      -23.025851       -23.025851      -4156.0819                                                  -4156.0819
              1      -2100.6985      0.30508152   1.9906686e-09      -23.025851       -23.025851      -4155.3454                                                  -4155.3454
              2      -2100.3235       0.2889229   2.1099622e-09      -23.025851       -23.025851      -4154.5953                                                  -4154.5953
              1      -2099.2989      0.27003045    2.178765e-09      -23.025851       -23.025851      -4152.5461                                                  -4152.5461
              6         -2098.7      0.28153131   1.8819799e-09      -23.025851       -23.025851      -4151.3482                                                  -4151.3482
              2      -2100.5355      0.30430714   1.9500696e-09      -23.025851       -23.025851      -4155.0193                                                  -4155.0193
              2      -2101.0597        0.346099   1.7800066e-09      -23.025851       -23.025851      -4156.0677                                                  -4156.0677
              1      -2101.0751      0.33034079   1.8954892e-09      -23.025851       -23.025851      -4156.0984                                                  -4156.0984
              3      -2101.0761      0.33123412   1.8900619e-09      -23.025851       -23.025851      -4156.1004                                                  -4156.1004
              1       -2101.075      0.33698538   1.8343121e-09      -23.025851       -23.025851      -4156.0983                                                  -4156.0983
              4      -2099.8278      0.32007263   1.6101751e-09      -23.025851       -23.025851      -4153.6039                                                  -4153.6039
              4      -2100.0569      0.32081872   1.6449814e-09      -23.025851       -23.025851      -4154.0621                                                  -4154.0621
              2      -2100.2141      0.29330896   2.0160512e-09      -23.025851       -23.025851      -4154.3765                                                  -4154.3765
              2      -2101.0108      0.30952194   2.2837809e-09      -23.025851       -23.025851        -4155.97                                                    -4155.97
              1      -2100.6052      0.29121718   2.1595865e-09      -23.025851       -23.025851      -4155.1586                                                  -4155.1586
              2      -2100.7018      0.31765378   1.8346931e-09      -23.025851       -23.025851      -4155.3519                                                  -4155.3519
              3      -2100.7411      0.31917618   1.8297568e-09      -23.025851       -23.025851      -4155.4306                                                  -4155.4306
              1        -2100.75       0.3197238   1.8264333e-09      -23.025851       -23.025851      -4155.4484                                                  -4155.4484
              3      -2100.9879      0.31753324   1.9560443e-09      -23.025851       -23.025851      -4155.9242                                                  -4155.9242
              1      -2101.0761      0.32666858   1.9376448e-09      -23.025851       -23.025851      -4156.1005                                                  -4156.1005
              3      -2101.0798       0.3242282   1.9865549e-09      -23.025851       -23.025851       -4156.108                                                   -4156.108
              1      -2100.7403      0.32404376   2.1970166e-09      -23.025851       -23.025851       -4155.429                                                   -4155.429
              2      -2100.8656      0.31737646    2.245876e-09      -23.025851       -23.025851      -4155.6796                                                  -4155.6796
              1      -2101.0736      0.29309527   2.4306897e-09      -23.025851       -23.025851      -4156.0954                                                  -4156.0954
              1      -2101.0453      0.28408465   2.5306615e-09      -23.025851       -23.025851       -4156.039                                                   -4156.039
              3      -2099.8872      0.26797855   2.3541744e-09      -23.025851       -23.025851      -4153.7228                                                  -4153.7228
              1      -2100.1099      0.28115065   2.1772472e-09      -23.025851       -23.025851       -4154.168                                                   -4154.168
              2      -2100.6158      0.28853503    2.205777e-09      -23.025851       -23.025851      -4155.1799                                                  -4155.1799
              4      -2101.0085      0.32578616   1.8719933e-09      -23.025851       -23.025851      -4155.9653                                                  -4155.9653
              8       -2101.029      0.32429185   2.0672366e-09      -23.025851       -23.025851      -4156.0062                                                  -4156.0062
              1      -2100.8112      0.32144531   1.8280976e-09      -23.025851       -23.025851      -4155.5708                                                  -4155.5708
              1      -2100.5958      0.35586052   1.8601087e-09      -23.025851       -23.025851      -4155.1399                                                  -4155.1399
              2       -2100.207      0.33891496   2.1238366e-09      -23.025851       -23.025851      -4154.3622                                                  -4154.3622
              2      -2100.6789      0.30953232   2.4259723e-09      -23.025851       -23.025851      -4155.3061                                                  -4155.3061
              2      -2100.9155      0.34933141    1.837616e-09      -23.025851       -23.025851      -4155.7793                                                  -4155.7793
              1      -2099.4974      0.33983605   2.2150018e-09      -23.025851       -23.025851      -4152.9432                                                  -4152.9432
              3      -2100.8445      0.31927227   1.8657987e-09      -23.025851       -23.025851      -4155.6373                                                  -4155.6373
              2       -2101.004      0.34255593   1.8674822e-09      -23.025851       -23.025851      -4155.9563                                                  -4155.9563
              2      -2101.0368       0.3610161   1.6540982e-09      -23.025851       -23.025851      -4156.0218                                                  -4156.0218
              1        -2100.57      0.34569226   1.9745791e-09      -23.025851       -23.025851      -4155.0884                                                  -4155.0884
              1      -2100.5882      0.34213819   2.0109117e-09      -23.025851       -23.025851      -4155.1248                                                  -4155.1248
              1      -2100.9238      0.33859427   1.9520754e-09      -23.025851       -23.025851      -4155.7958                                                  -4155.7958
              3      -2101.0096      0.32788974   2.0357051e-09      -23.025851       -23.025851      -4155.9675                                                  -4155.9675
              7      -2100.7416      0.32614384   2.1686183e-09      -23.025851       -23.025851      -4155.4316                                                  -4155.4316
              2      -2100.6405      0.30019694   2.5909188e-09      -23.025851       -23.025851      -4155.2292                                                  -4155.2292
              4      -2100.5475      0.30335137   2.5637561e-09      -23.025851       -23.025851      -4155.0432                                                  -4155.0432
              3        -2099.62      0.33793889   2.2234816e-09      -23.025851       -23.025851      -4153.1883                                                  -4153.1883
              1       -2099.594      0.31906291   2.4923977e-09      -23.025851       -23.025851      -4153.1364                                                  -4153.1364
              3      -2099.5043      0.31971973   2.4950143e-09      -23.025851       -23.025851      -4152.9569                                                  -4152.9569
              1      -2098.7424      0.32166078   2.5596771e-09      -23.025851       -23.025851       -4151.433                                                   -4151.433
              3      -2101.0621      0.28367088   2.5786853e-09      -23.025851       -23.025851      -4156.0724                                                  -4156.0724
              2        -2100.49      0.29895968   2.0095209e-09      -23.025851       -23.025851      -4154.9284                                                  -4154.9284
              2      -2101.0306      0.31192139   2.0594008e-09      -23.025851       -23.025851      -4156.0094                                                  -4156.0094
              1      -2100.9924        0.318363     2.17097e-09      -23.025851       -23.025851      -4155.9331                                                  -4155.9331
              1      -2100.9689      0.32026192   2.1588377e-09      -23.025851       -23.025851      -4155.8861                                                  -4155.8861
              2       -2099.934      0.31588994   2.4887046e-09      -23.025851       -23.025851      -4153.8164                                                  -4153.8164
              6      -2100.1553      0.30961671   2.5488462e-09      -23.025851       -23.025851       -4154.259                                                   -4154.259
              1      -2101.0197      0.32454859    2.070989e-09      -23.025851       -23.025851      -4155.9876                                                  -4155.9876
              1       -2100.322      0.31743691   1.7367476e-09      -23.025851       -23.025851      -4154.5922                                                  -4154.5922
              1      -2100.3681      0.32227421   1.6949603e-09      -23.025851       -23.025851      -4154.6845                                                  -4154.6845
              1      -2100.9926      0.33211554    1.792968e-09      -23.025851       -23.025851      -4155.9336                                                  -4155.9336
              1      -2100.9495      0.30470703   2.1029131e-09      -23.025851       -23.025851      -4155.8472                                                  -4155.8472
              1      -2100.5165      0.28802262   2.1809891e-09      -23.025851       -23.025851      -4154.9812                                                  -4154.9812
              1       -2100.111      0.29430294   1.9769144e-09      -23.025851       -23.025851      -4154.1703                                                  -4154.1703
              2      -2100.5263      0.31594115   2.3695361e-09      -23.025851       -23.025851      -4155.0008                                                  -4155.0008
              2      -2100.9142      0.32377207    2.138559e-09      -23.025851       -23.025851      -4155.7768                                                  -4155.7768
              1      -2101.0338      0.29423352   2.3286079e-09      -23.025851       -23.025851      -4156.0159                                                  -4156.0159
              1      -2100.7463      0.29682646   2.1246731e-09      -23.025851       -23.025851      -4155.4408                                                  -4155.4408
              1      -2101.0279      0.34108627    1.867374e-09      -23.025851       -23.025851      -4156.0041                                                  -4156.0041
              1      -2100.7672      0.33826381   2.0101049e-09      -23.025851       -23.025851      -4155.4826                                                  -4155.4826
              2      -2101.0758      0.32365343   1.9707195e-09      -23.025851       -23.025851         -4156.1                                                     -4156.1
              3      -2100.8021      0.28033017   2.4235857e-09      -23.025851       -23.025851      -4155.5525                                                  -4155.5525
              1      -2101.0795      0.30505059   2.2447844e-09      -23.025851       -23.025851      -4156.1073                                                  -4156.1073
              5      -2100.1998       0.2927726   2.0202099e-09      -23.025851       -23.025851      -4154.3478                                                  -4154.3478
              1      -2100.5842      0.29958432   2.0289338e-09      -23.025851       -23.025851      -4155.1166                                                  -4155.1166
              1      -2100.6617      0.30383182   1.9952162e-09      -23.025851       -23.025851      -4155.2718                                                  -4155.2718
              1      -2101.0012       0.3050081   2.1319536e-09      -23.025851       -23.025851      -4155.9506                                                  -4155.9506
              1      -2101.0115      0.35086366   1.6264579e-09      -23.025851       -23.025851      -4155.9713                                                  -4155.9713
              1      -2100.9414      0.35954461   1.7247024e-09      -23.025851       -23.025851      -4155.8311                                                  -4155.8311
              1      -2100.4409      0.36330301   1.8165064e-09      -23.025851       -23.025851      -4154.8302                                                  -4154.8302
              2      -2100.4627      0.35543725   1.8914331e-09      -23.025851       -23.025851      -4154.8737                                                  -4154.8737
              1      -2100.6899      0.33900852    2.022712e-09      -23.025851       -23.025851       -4155.328                                                   -4155.328
              2      -2101.0405      0.31709293   2.1524362e-09      -23.025851       -23.025851      -4156.0294                                                  -4156.0294
              1      -2100.9947      0.32848042   1.8331028e-09      -23.025851       -23.025851      -4155.9376                                                  -4155.9376
              4      -2100.9244      0.36440334   1.6859711e-09      -23.025851       -23.025851      -4155.7971                                                  -4155.7971
              1      -2101.0416      0.33047373   1.9794825e-09      -23.025851       -23.025851      -4156.0315                                                  -4156.0315
              1      -2100.9767      0.30920088   2.3111461e-09      -23.025851       -23.025851      -4155.9016                                                  -4155.9016
              4      -2101.0134      0.30764031   2.3097384e-09      -23.025851       -23.025851      -4155.9752                                                  -4155.9752
              4      -2100.9736      0.31394561   2.2436953e-09      -23.025851       -23.025851      -4155.8956                                                  -4155.8956
              3       -2100.802      0.28445089    2.348817e-09      -23.025851       -23.025851      -4155.5523                                                  -4155.5523
              1       -2101.077      0.33155368   1.8922335e-09      -23.025851       -23.025851      -4156.1024                                                  -4156.1024
              3      -2100.9593      0.33527679   1.9745598e-09      -23.025851       -23.025851      -4155.8669                                                  -4155.8669
              8      -2101.0461      0.34588628   1.6985352e-09      -23.025851       -23.025851      -4156.0404                                                  -4156.0404
              3      -2100.6907      0.32538873   2.1933737e-09      -23.025851       -23.025851      -4155.3297                                                  -4155.3297
              1      -2101.0648      0.28603654   2.5359397e-09      -23.025851       -23.025851      -4156.0779                                                  -4156.0779
              1      -2100.8211      0.28057553   2.4283038e-09      -23.025851       -23.025851      -4155.5905                                                  -4155.5905
              2      -2101.0789      0.31510128   2.0865781e-09      -23.025851       -23.025851       -4156.106                                                   -4156.106
              2      -2101.0661      0.28454236   2.5903714e-09      -23.025851       -23.025851      -4156.0806                                                  -4156.0806
