#        weight    minuslogpost         Omega_m   minuslogprior minuslogprior__0            chi2 chi2__functions_and_classes.SO_x_DESI_Likelihood_w_emulator_and_JAX
              4      -1.9788026      0.31997626      -2.3025851       -2.3025851      0.64756507                                                          0.64756507
              2      -2.0240478      0.31961743      -2.3025851       -2.3025851      0.55707449                                                          0.55707449
              1      -1.8430286      0.32092405      -2.3025851       -2.3025851      0.91911298                                                          0.91911298
              1      -1.8809422      0.32067543      -2.3025851       -2.3025851      0.84328574                                                          0.84328574
              1      -1.9380684      0.32027895      -2.3025851       -2.3025851      0.72903341                                                          0.72903341
              1      -1.6159552      0.32223267      -2.3025851       -2.3025851       1.3732598                                                           1.3732598
              2      -2.2830126      0.31377051      -2.3025851       -2.3025851     0.039144967                                                         0.039144967
              1      -1.9976379      0.31012972      -2.3025851       -2.3025851      0.60989434                                                          0.60989434
              2      -2.2065832      0.31771565      -2.3025851       -2.3025851      0.19200383                                                          0.19200383
              1      -2.1727913      0.31815638      -2.3025851       -2.3025851      0.25958759                                                          0.25958759
              2      -2.2427442      0.31284759      -2.3025851       -2.3025851      0.11968178                                                          0.11968178
              1      -2.2092528      0.31231076      -2.3025851       -2.3025851      0.18666451                                                          0.18666451
              2      -2.2870992      0.31390559      -2.3025851       -2.3025851     0.030971784                                                         0.030971784
              2      -1.1770161      0.30560396      -2.3025851       -2.3025851        2.251138                                                            2.251138
              1      -1.5862328       0.3075177      -2.3025851       -2.3025851       1.4327046                                                           1.4327046
              1      -1.6524383      0.30787322      -2.3025851       -2.3025851       1.3002937                                                           1.3002937
              1      -1.0603243      0.30512425      -2.3025851       -2.3025851       2.4845216                                                           2.4845216
              1      -2.2997745      0.31453409      -2.3025851       -2.3025851    0.0056212218                                                        0.0056212218
              1      -2.2728773      0.31348481      -2.3025851       -2.3025851     0.059415493                                                         0.059415493
              2      -2.3005093      0.31459977      -2.3025851       -2.3025851    0.0041516121                                                        0.0041516121
              4      -1.1543638      0.32433597      -2.3025851       -2.3025851       2.2964425                                                           2.2964425
              1      -1.6668147      0.32196136      -2.3025851       -2.3025851       1.2715409                                                           1.2715409
              1      -1.0832047      0.32461844      -2.3025851       -2.3025851       2.4387608                                                           2.4387608
              1     -0.21195695      0.30215264      -2.3025851       -2.3025851       4.1812563                                                           4.1812563
              1      -1.4623881       0.3068913      -2.3025851       -2.3025851       1.6803939                                                           1.6803939
              4      -2.3025797      0.31502032      -2.3025851       -2.3025851   1.0749369e-05                                                       1.0749369e-05
              1      -2.2997693      0.31453367      -2.3025851       -2.3025851    0.0056315502                                                        0.0056315502
              1      -2.0583423        0.310643      -2.3025851       -2.3025851      0.48848563                                                          0.48848563
              2      -2.1556389      0.31162358      -2.3025851       -2.3025851      0.29389241                                                          0.29389241
              1    -0.076461283      0.32795973      -2.3025851       -2.3025851       4.4522476                                                           4.4522476
              1        -1.12486      0.32445375      -2.3025851       -2.3025851       2.3554502                                                           2.3554502
              2      -2.1848312       0.3180065      -2.3025851       -2.3025851      0.23550786                                                          0.23550786
              1      -1.9975516      0.31983107      -2.3025851       -2.3025851      0.61006695                                                          0.61006695
              2      -2.1934796       0.3178944      -2.3025851       -2.3025851      0.21821102                                                          0.21821102
              1      -2.0661454      0.31071367      -2.3025851       -2.3025851      0.47287935                                                          0.47287935
              1     -0.21240207      0.30215402      -2.3025851       -2.3025851        4.180366                                                            4.180366
              1      -2.1836387      0.31196349      -2.3025851       -2.3025851      0.23789276                                                          0.23789276
              1      -1.3638135        0.306426      -2.3025851       -2.3025851       1.8775431                                                           1.8775431
              2      -1.4804404      0.30698038      -2.3025851       -2.3025851       1.6442894                                                           1.6442894
              1      -2.2992416      0.31449088      -2.3025851       -2.3025851    0.0066869496                                                        0.0066869496
              2      -2.2737899      0.31350814      -2.3025851       -2.3025851     0.057590432                                                         0.057590432
              1      -1.6486602      0.32205902      -2.3025851       -2.3025851       1.3078499                                                           1.3078499
              2      -1.7103103       0.3082002      -2.3025851       -2.3025851       1.1845496                                                           1.1845496
              2      -2.0542186      0.31936108      -2.3025851       -2.3025851      0.49673295                                                          0.49673295
              1      -2.2773144      0.31360232      -2.3025851       -2.3025851     0.050541401                                                         0.050541401
              1      -2.0498063      0.31939975      -2.3025851       -2.3025851       0.5055576                                                           0.5055576
              1       -2.279183      0.31634181      -2.3025851       -2.3025851     0.046804134                                                         0.046804134
              4      -2.2882073      0.31394641      -2.3025851       -2.3025851      0.02875549                                                          0.02875549
              3      -1.8952444      0.32057887      -2.3025851       -2.3025851      0.81468147                                                          0.81468147
              1      -1.2787387      0.32381978      -2.3025851       -2.3025851       2.0476928                                                           2.0476928
              1      -2.1635814       0.3182661      -2.3025851       -2.3025851      0.27800739                                                          0.27800739
              1       -2.299998      0.31544643      -2.3025851       -2.3025851    0.0051742294                                                        0.0051742294
              1      -2.2313565      0.31265178      -2.3025851       -2.3025851       0.1424571                                                           0.1424571
              1      -1.5278659      0.30721654      -2.3025851       -2.3025851       1.5494385                                                           1.5494385
              2      -1.9179754      0.30952747      -2.3025851       -2.3025851      0.76921946                                                          0.76921946
              4      -2.1920874       0.3120717      -2.3025851       -2.3025851       0.2209954                                                           0.2209954
              1      -2.2874607       0.3160789      -2.3025851       -2.3025851     0.030248819                                                         0.030248819
              6      -2.2667548      0.31333538      -2.3025851       -2.3025851     0.071660675                                                         0.071660675
              4      -2.3020592      0.31520123      -2.3025851       -2.3025851    0.0010516916                                                        0.0010516916
              2      -2.0077562      0.31975015      -2.3025851       -2.3025851      0.58965772                                                          0.58965772
              2      -2.0780091       0.3108228      -2.3025851       -2.3025851      0.44915199                                                          0.44915199
              2      -2.0818682      0.31085879      -2.3025851       -2.3025851      0.44143379                                                          0.44143379
              1      -2.2579861      0.31684785      -2.3025851       -2.3025851     0.089197949                                                         0.089197949
              1      -2.0016143      0.31016194      -2.3025851       -2.3025851      0.60194159                                                          0.60194159
              1      -2.2773205      0.31639382      -2.3025851       -2.3025851     0.050529193                                                         0.050529193
              2      -2.1707471      0.31180245      -2.3025851       -2.3025851      0.26367593                                                          0.26367593
              1      -1.3408938      0.32355002      -2.3025851       -2.3025851       1.9233826                                                           1.9233826
              2      -2.2859019      0.31613319      -2.3025851       -2.3025851     0.033366468                                                         0.033366468
              1      -1.9659914      0.30988179      -2.3025851       -2.3025851      0.67318743                                                          0.67318743
              1      -1.5540186      0.32254969      -2.3025851       -2.3025851       1.4971329                                                           1.4971329
              3      -2.0056926      0.31019483      -2.3025851       -2.3025851      0.59378505                                                          0.59378505
              4      -2.3023962      0.31487918      -2.3025851       -2.3025851   0.00037771938                                                       0.00037771938
              1      -1.9149636      0.30950598      -2.3025851       -2.3025851      0.77524292                                                          0.77524292
              1      -2.2608272      0.31320274      -2.3025851       -2.3025851     0.083515815                                                         0.083515815
              1      -2.2527303      0.31695437      -2.3025851       -2.3025851     0.099709578                                                         0.099709578
              1      -2.2032801      0.31776211      -2.3025851       -2.3025851       0.1986099                                                           0.1986099
              1      -1.3931992      0.32331591      -2.3025851       -2.3025851       1.8187718                                                           1.8187718
              1      -1.7960704      0.32121742      -2.3025851       -2.3025851       1.0130295                                                           1.0130295
              1      -2.3017399      0.31474413      -2.3025851       -2.3025851    0.0016903309                                                        0.0016903309
              7      -2.0174082      0.31967181      -2.3025851       -2.3025851      0.57035375                                                          0.57035375
              1      -1.8334022      0.32098512      -2.3025851       -2.3025851      0.93836582                                                          0.93836582
              4      -1.2562732      0.32391502      -2.3025851       -2.3025851       2.0926237                                                           2.0926237
              2      -1.8944414      0.32058424      -2.3025851       -2.3025851      0.81628746                                                          0.81628746
              1      -2.1369579      0.31141442      -2.3025851       -2.3025851      0.33125433                                                          0.33125433
              1      -1.7538754      0.32146969      -2.3025851       -2.3025851       1.0974194                                                           1.0974194
              1      -2.1222952      0.31125866      -2.3025851       -2.3025851      0.36057982                                                          0.36057982
              2      -1.8691895       0.3091891      -2.3025851       -2.3025851      0.86679119                                                          0.86679119
              1      -1.9427598      0.30970813      -2.3025851       -2.3025851      0.71965051                                                          0.71965051
              2      -1.4529379      0.30684537      -2.3025851       -2.3025851       1.6992943                                                           1.6992943
              1      -1.7331665      0.30833373      -2.3025851       -2.3025851       1.1388371                                                           1.1388371
              1      -1.3285159      0.30626468      -2.3025851       -2.3025851       1.9481385                                                           1.9481385
              1      -2.0461436      0.31053566      -2.3025851       -2.3025851      0.51288301                                                          0.51288301
              1      -2.3022778      0.31515319      -2.3025851       -2.3025851      0.00061463                                                          0.00061463
              3      -2.1946797      0.31210644      -2.3025851       -2.3025851      0.21581075                                                          0.21581075
              1      -2.3003285      0.31458284      -2.3025851       -2.3025851    0.0045131803                                                        0.0045131803
              2      -2.1258961      0.31129697      -2.3025851       -2.3025851      0.35337794                                                          0.35337794
              1      -2.0882725      0.31905094      -2.3025851       -2.3025851      0.42862529                                                          0.42862529
              1      -2.3024236       0.3148882      -2.3025851       -2.3025851   0.00032301492                                                       0.00032301492
              1      -2.2976456      0.31561677      -2.3025851       -2.3025851    0.0098789511                                                        0.0098789511
              3      -2.2916036      0.31407918      -2.3025851       -2.3025851      0.02196292                                                          0.02196292
              2      -2.0097962      0.31973368      -2.3025851       -2.3025851      0.58557773                                                          0.58557773
              1      -2.1675076      0.31821985      -2.3025851       -2.3025851      0.27015504                                                          0.27015504
              1      -2.2618487       0.3167685      -2.3025851       -2.3025851     0.081472829                                                         0.081472829
              2      -1.8539457      0.32085389      -2.3025851       -2.3025851      0.89727885                                                          0.89727885
              1      -1.6056267      0.32228632      -2.3025851       -2.3025851       1.3939168                                                           1.3939168
              1       -1.668113      0.32195429      -2.3025851       -2.3025851       1.2689443                                                           1.2689443
              1      -1.9656029      0.32007662      -2.3025851       -2.3025851      0.67396444                                                          0.67396444
              2      -2.2758021      0.31643464      -2.3025851       -2.3025851     0.053565986                                                         0.053565986
              2      -1.8248884      0.32103842      -2.3025851       -2.3025851      0.95539337                                                          0.95539337
              1      -2.2153552      0.31758919      -2.3025851       -2.3025851      0.17445976                                                          0.17445976
              4      -2.1001187       0.3189393      -2.3025851       -2.3025851      0.40493286                                                          0.40493286
              1      -2.1692767      0.31819874      -2.3025851       -2.3025851      0.26661688                                                          0.26661688
              2      -1.7738881      0.32134938      -2.3025851       -2.3025851       1.0573939                                                           1.0573939
              1      0.36224583      0.32916422      -2.3025851       -2.3025851       5.3296618                                                           5.3296618
              1      0.66546849      0.32993867      -2.3025851       -2.3025851       5.9361072                                                           5.9361072
              1       1.0574994      0.33088283      -2.3025851       -2.3025851       6.7201691                                                           6.7201691
              2     -0.83708223      0.32553472      -2.3025851       -2.3025851       2.9310057                                                           2.9310057
              1     -0.84177038       0.3255178      -2.3025851       -2.3025851       2.9216294                                                           2.9216294
              1      -1.9147295      0.32044452      -2.3025851       -2.3025851      0.77571124                                                          0.77571124
              1      -2.0268267      0.31036934      -2.3025851       -2.3025851      0.55151671                                                          0.55151671
              1       -2.301481       0.3147084      -2.3025851       -2.3025851    0.0022082818                                                        0.0022082818
              1      -2.2960467       0.3142899      -2.3025851       -2.3025851     0.013076722                                                         0.013076722
              1      -1.4218867      0.30669768      -2.3025851       -2.3025851       1.7613969                                                           1.7613969
              3      -1.1931983      0.30567212      -2.3025851       -2.3025851       2.2187736                                                           2.2187736
              1      -2.2473151      0.31705873      -2.3025851       -2.3025851      0.11054002                                                          0.11054002
              1      -2.0561995      0.31934373      -2.3025851       -2.3025851      0.49277127                                                          0.49277127
              1      -2.2965751      0.31431847      -2.3025851       -2.3025851     0.012020046                                                         0.012020046
              1      -1.2215196      0.32406086      -2.3025851       -2.3025851       2.1621311                                                           2.1621311
              1      -2.2127298      0.31236137      -2.3025851       -2.3025851      0.17971055                                                          0.17971055
              2       -2.235113      0.31727599      -2.3025851       -2.3025851      0.13494425                                                          0.13494425
              3      -1.8411332      0.32093613      -2.3025851       -2.3025851      0.92290384                                                          0.92290384
              1      -1.6640028      0.32197665      -2.3025851       -2.3025851       1.2771646                                                           1.2771646
              1      -2.2977552      0.31560988      -2.3025851       -2.3025851    0.0096598836                                                        0.0096598836
              1      -2.2352551      0.31727361      -2.3025851       -2.3025851      0.13466001                                                          0.13466001
              1      -2.0904209      0.31903192      -2.3025851       -2.3025851      0.42432842                                                          0.42432842
              1      -2.2579928      0.31314222      -2.3025851       -2.3025851     0.089184634                                                         0.089184634
              2      -2.3011227      0.31533525      -2.3025851       -2.3025851    0.0029247275                                                        0.0029247275
              1      -2.1209095      0.31873207      -2.3025851       -2.3025851      0.36335114                                                          0.36335114
              1      -1.9430639      0.32024286      -2.3025851       -2.3025851      0.71904242                                                          0.71904242
              1      -2.0645682      0.31069934      -2.3025851       -2.3025851      0.47603372                                                          0.47603372
              1      -2.2916227      0.31591841      -2.3025851       -2.3025851     0.021924825                                                         0.021924825
              1      -2.2187964      0.31245277      -2.3025851       -2.3025851       0.1675774                                                           0.1675774
              1     -0.81294259      0.30417569      -2.3025851       -2.3025851        2.979285                                                            2.979285
              1      -2.0723508       0.3107711      -2.3025851       -2.3025851      0.46046856                                                          0.46046856
              2      -2.2866782      0.31389042      -2.3025851       -2.3025851       0.0318137                                                           0.0318137
              1      -1.2525376      0.30592735      -2.3025851       -2.3025851        2.100095                                                            2.100095
              2      -2.1987603      0.31216359      -2.3025851       -2.3025851      0.20764962                                                          0.20764962
              1      -2.2515982      0.31697643      -2.3025851       -2.3025851      0.10197374                                                          0.10197374
              1      -2.1420411      0.31850903      -2.3025851       -2.3025851      0.32108802                                                          0.32108802
              2      -2.2772844      0.31360148      -2.3025851       -2.3025851     0.050601315                                                         0.050601315
              2      -1.9244988       0.3095742      -2.3025851       -2.3025851      0.75617266                                                          0.75617266
              1      -2.2482093      0.31294867      -2.3025851       -2.3025851       0.1087516                                                           0.1087516
              2      -1.5514083      0.30733627      -2.3025851       -2.3025851       1.5023535                                                           1.5023535
              1      -1.6095106      0.30764039      -2.3025851       -2.3025851        1.386149                                                            1.386149
              2      0.85921982      0.29915607      -2.3025851       -2.3025851       6.3236098                                                           6.3236098
              1      0.49176076        0.300119      -2.3025851       -2.3025851       5.5886917                                                           5.5886917
              2       1.7846799      0.29694854      -2.3025851       -2.3025851         8.17453                                                             8.17453
              2       1.6180718      0.29732579      -2.3025851       -2.3025851       7.8413138                                                           7.8413138
              1     -0.19986388      0.30211503      -2.3025851       -2.3025851       4.2054424                                                           4.2054424
              1     -0.32646677      0.30251414      -2.3025851       -2.3025851       3.9522367                                                           3.9522367
              2      -2.2967306      0.31432741      -2.3025851       -2.3025851      0.01170903                                                          0.01170903
              4      -2.2693297      0.31659817      -2.3025851       -2.3025851     0.066510871                                                         0.066510871
              1      -1.4827515      0.32289852      -2.3025851       -2.3025851       1.6396672                                                           1.6396672
              2   -0.0010072865       0.3281742      -2.3025851       -2.3025851       4.6031556                                                           4.6031556
              2     -0.51224133      0.30312233      -2.3025851       -2.3025851       3.5806875                                                           3.5806875
              3      -1.7907551      0.30868219      -2.3025851       -2.3025851       1.0236599                                                           1.0236599
              1      -2.1633014      0.31171328      -2.3025851       -2.3025851      0.27856743                                                          0.27856743
              1      -2.0835828      0.31087501      -2.3025851       -2.3025851      0.43800452                                                          0.43800452
              1      -2.2629292      0.31674504      -2.3025851       -2.3025851     0.079311751                                                         0.079311751
              1      -2.1645913       0.3182543      -2.3025851       -2.3025851      0.27598763                                                          0.27598763
              1      -2.2062004      0.31772105      -2.3025851       -2.3025851      0.19276932                                                          0.19276932
              2      -2.2986665      0.31444893      -2.3025851       -2.3025851    0.0078372117                                                        0.0078372117
              1      -2.1753091      0.31812562      -2.3025851       -2.3025851      0.25455195                                                          0.25455195
              1      -1.6829357      0.30804471      -2.3025851       -2.3025851       1.2392988                                                           1.2392988
              1      -1.9221079       0.3203928      -2.3025851       -2.3025851      0.76095438                                                          0.76095438
              2      -1.8607793      0.30913199      -2.3025851       -2.3025851      0.88361168                                                          0.88361168
              2      -2.2981664      0.31441626      -2.3025851       -2.3025851     0.008837455                                                         0.008837455
              1      -2.2105847      0.31233007      -2.3025851       -2.3025851      0.18400079                                                          0.18400079
              1      -2.2903627      0.31402875      -2.3025851       -2.3025851     0.024444865                                                         0.024444865
              1      -2.1335689      0.31860029      -2.3025851       -2.3025851      0.33803234                                                          0.33803234
              1      -1.5641404      0.32249893      -2.3025851       -2.3025851       1.4768894                                                           1.4768894
              1      -2.2134112      0.31761764      -2.3025851       -2.3025851      0.17834781                                                          0.17834781
              1     -0.90961739      0.32527435      -2.3025851       -2.3025851       2.7859354                                                           2.7859354
              1      -2.1357626      0.31857696      -2.3025851       -2.3025851      0.33364505                                                          0.33364505
              1      -1.5197062      0.30717335      -2.3025851       -2.3025851       1.5657578                                                           1.5657578
              1      -2.3022346      0.31483593      -2.3025851       -2.3025851   0.00070107373                                                       0.00070107373
              1      -2.1504127       0.3184166      -2.3025851       -2.3025851      0.30434483                                                          0.30434483
              1        -1.76375      0.32141193      -2.3025851       -2.3025851       1.0776702                                                           1.0776702
              2      -1.7369818      0.32156775      -2.3025851       -2.3025851       1.1312066                                                           1.1312066
              1      -2.1103239      0.31883903      -2.3025851       -2.3025851      0.38452244                                                          0.38452244
              1      -2.0701547      0.31921961      -2.3025851       -2.3025851      0.46486077                                                          0.46486077
              2      -2.1913129      0.31206143      -2.3025851       -2.3025851      0.22254448                                                          0.22254448
              1      -2.2948191      0.31422567      -2.3025851       -2.3025851     0.015531967                                                         0.015531967
              3       -2.047783      0.31941728      -2.3025851       -2.3025851       0.5096041                                                           0.5096041
              1      -2.2891906      0.31398295      -2.3025851       -2.3025851     0.026788957                                                         0.026788957
              2      -2.2641664      0.31671757      -2.3025851       -2.3025851     0.076837346                                                         0.076837346
              1      -2.2912677       0.3140652      -2.3025851       -2.3025851     0.022634871                                                         0.022634871
              3      -2.2702977      0.31342023      -2.3025851       -2.3025851     0.064574748                                                         0.064574748
              2      -1.3433936      0.30633262      -2.3025851       -2.3025851        1.918383                                                            1.918383
              2      -1.8804659      0.32067862      -2.3025851       -2.3025851       0.8442384                                                           0.8442384
              1      -2.2686443      0.31661469      -2.3025851       -2.3025851     0.067881539                                                         0.067881539
              2      -2.3007511      0.31462388      -2.3025851       -2.3025851    0.0036680761                                                        0.0036680761
              1       -2.247344      0.31293237      -2.3025851       -2.3025851      0.11048225                                                          0.11048225
              1      -1.9999444       0.3101482      -2.3025851       -2.3025851      0.60528129                                                          0.60528129
              1      -1.8847152      0.30929419      -2.3025851       -2.3025851      0.83573985                                                          0.83573985
              1      -2.2997749       0.3154651      -2.3025851       -2.3025851    0.0056203557                                                        0.0056203557
              1     -0.49657985      0.32668518      -2.3025851       -2.3025851       3.6120105                                                           3.6120105
              2      -1.3124395      0.32367423      -2.3025851       -2.3025851       1.9802912                                                           1.9802912
              1      -1.0728163      0.32465865      -2.3025851       -2.3025851       2.4595375                                                           2.4595375
              2      -2.0871461      0.31906152      -2.3025851       -2.3025851      0.43087807                                                          0.43087807
              1      -2.2808465      0.31629306      -2.3025851       -2.3025851     0.043477237                                                         0.043477237
              1      -2.2912582      0.31406479      -2.3025851       -2.3025851     0.022653786                                                         0.022653786
              1       -2.268064      0.31662841      -2.3025851       -2.3025851     0.069042221                                                         0.069042221
              1      -1.8252088      0.32103642      -2.3025851       -2.3025851       0.9547525                                                           0.9547525
              1     -0.87959525      0.32538382      -2.3025851       -2.3025851       2.8459797                                                           2.8459797
              1      -2.0524653      0.31059068      -2.3025851       -2.3025851      0.50023961                                                          0.50023961
              1      -2.2969124      0.31433827      -2.3025851       -2.3025851     0.011345358                                                         0.011345358
              1      -1.2542065      0.30593464      -2.3025851       -2.3025851       2.0967572                                                           2.0967572
              1      -1.9094558      0.32048099      -2.3025851       -2.3025851      0.78625852                                                          0.78625852
              2      -2.0613688      0.31067048      -2.3025851       -2.3025851      0.48243257                                                          0.48243257
              1      -1.7459737      0.30840979      -2.3025851       -2.3025851       1.1132227                                                           1.1132227
              3      -1.9506061      0.30976606      -2.3025851       -2.3025851      0.70395797                                                          0.70395797
              2      -2.1717117      0.31816942      -2.3025851       -2.3025851      0.26174679                                                          0.26174679
              1      -2.3024942      0.31508354      -2.3025851       -2.3025851   0.00018181754                                                       0.00018181754
              1      -2.3025252      0.31493172      -2.3025851       -2.3025851   0.00011977588                                                       0.00011977588
              1      -2.2321335      0.31732598      -2.3025851       -2.3025851       0.1409032                                                           0.1409032
              2      -2.3024841      0.31491152      -2.3025851       -2.3025851   0.00020196884                                                       0.00020196884
              6      -2.0031538      0.31978646      -2.3025851       -2.3025851      0.59886259                                                          0.59886259
              1      -1.1880152        0.324199      -2.3025851       -2.3025851       2.2291398                                                           2.2291398
              1      -1.5296756       0.3226706      -2.3025851       -2.3025851        1.545819                                                            1.545819
              1     -0.60444852        0.326334      -2.3025851       -2.3025851       3.3962731                                                           3.3962731
              3     -0.40113148      0.32698711      -2.3025851       -2.3025851       3.8029072                                                           3.8029072
              1     -0.97728154      0.32502388      -2.3025851       -2.3025851       2.6506071                                                           2.6506071
              1      -1.9976171      0.31983056      -2.3025851       -2.3025851        0.609936                                                            0.609936
              5      -2.2114484      0.31764596      -2.3025851       -2.3025851      0.18227348                                                          0.18227348
              1      -2.2660583      0.31331924      -2.3025851       -2.3025851     0.073053546                                                         0.073053546
              2      -2.2897516      0.31599391      -2.3025851       -2.3025851     0.025667038                                                         0.025667038
              3      -2.2168245      0.31756749      -2.3025851       -2.3025851      0.17152113                                                          0.17152113
              2      -2.2486589      0.31295707      -2.3025851       -2.3025851      0.10785239                                                          0.10785239
              2      -2.2996936      0.31452609      -2.3025851       -2.3025851    0.0057829069                                                        0.0057829069
              1      -1.9427432      0.32024518      -2.3025851       -2.3025851      0.71968377                                                          0.71968377
              4      -2.0073516      0.31975337      -2.3025851       -2.3025851      0.59046692                                                          0.59046692
              2      -2.2931864      0.31414811      -2.3025851       -2.3025851     0.018797418                                                         0.018797418
              2      -2.1993398      0.31781632      -2.3025851       -2.3025851      0.20649067                                                          0.20649067
              2       -1.842522       0.3090114      -2.3025851       -2.3025851       0.9201262                                                           0.9201262
              1      -1.5686407      0.30742526      -2.3025851       -2.3025851       1.4678888                                                           1.4678888
              2      -1.1211003      0.30537088      -2.3025851       -2.3025851       2.3629696                                                           2.3629696
              2      -1.5846607      0.30750945      -2.3025851       -2.3025851       1.4358488                                                           1.4358488
              7      -2.0393225      0.31047669      -2.3025851       -2.3025851      0.52652514                                                          0.52652514
              2      -2.0322184      0.31041517      -2.3025851       -2.3025851      0.54073346                                                          0.54073346
              2       -1.918501      0.30953123      -2.3025851       -2.3025851      0.76816815                                                          0.76816815
              2      -2.2633608      0.31673545      -2.3025851       -2.3025851     0.078448541                                                         0.078448541
              3      -1.7693765      0.32137856      -2.3025851       -2.3025851       1.0664171                                                           1.0664171
              2     -0.44225213      0.32685767      -2.3025851       -2.3025851       3.7206659                                                           3.7206659
              6       2.3794203      0.33370438      -2.3025851       -2.3025851       9.3640108                                                           9.3640108
              2     0.016606363      0.32822446      -2.3025851       -2.3025851       4.6383829                                                           4.6383829
              3      -1.3691675      0.32342208      -2.3025851       -2.3025851       1.8668352                                                           1.8668352
              1      -2.2730632      0.31348989      -2.3025851       -2.3025851     0.059043765                                                         0.059043765
              1       -1.972984      0.32002079      -2.3025851       -2.3025851      0.65920222                                                          0.65920222
              1      -2.2286374      0.31738381      -2.3025851       -2.3025851      0.14789531                                                          0.14789531
              1        -2.07982      0.31912978      -2.3025851       -2.3025851      0.44553027                                                          0.44553027
              1      -1.8678678      0.32076226      -2.3025851       -2.3025851      0.86943454                                                          0.86943454
              1      -2.2794125      0.31366186      -2.3025851       -2.3025851     0.046345204                                                         0.046345204
              1      -1.6937783      0.32181261      -2.3025851       -2.3025851       1.2176136                                                           1.2176136
              1      -2.3002875      0.31542071      -2.3025851       -2.3025851    0.0045951311                                                        0.0045951311
              1      -2.2533329      0.31694251      -2.3025851       -2.3025851     0.098504327                                                         0.098504327
              1      -2.2819171      0.31373675      -2.3025851       -2.3025851     0.041335989                                                         0.041335989
              2      -2.0183452      0.31966416      -2.3025851       -2.3025851      0.56847972                                                          0.56847972
              1      -2.2508486      0.31299896      -2.3025851       -2.3025851      0.10347307                                                          0.10347307
              6      -2.0420914      0.31050068      -2.3025851       -2.3025851      0.52098739                                                          0.52098739
              1      -2.1919573      0.31791448      -2.3025851       -2.3025851      0.22125553                                                          0.22125553
              1      -2.2362896      0.31273505      -2.3025851       -2.3025851      0.13259098                                                          0.13259098
              1     -0.23460981      0.30222395      -2.3025851       -2.3025851       4.1359506                                                           4.1359506
              1     -0.84515795      0.30429555      -2.3025851       -2.3025851       2.9148543                                                           2.9148543
              1      -1.0875317      0.30523481      -2.3025851       -2.3025851       2.4301069                                                           2.4301069
              1      -2.2221886       0.3125056      -2.3025851       -2.3025851      0.16079299                                                          0.16079299
              1      -1.6872567      0.30806885      -2.3025851       -2.3025851       1.2306567                                                           1.2306567
              1      -2.2208306      0.31750681      -2.3025851       -2.3025851      0.16350907                                                          0.16350907
              1      -2.3025034      0.31492043      -2.3025851       -2.3025851   0.00016340204                                                       0.00016340204
              1      -2.0469814       0.3105423      -2.3025851       -2.3025851       0.5112074                                                           0.5112074
              2      -1.3973679      0.30658121      -2.3025851       -2.3025851       1.8104343                                                           1.8104343
              5      -2.2245615      0.31254218      -2.3025851       -2.3025851      0.15604727                                                          0.15604727
              2      -1.9428239      0.32024459      -2.3025851       -2.3025851      0.71952236                                                          0.71952236
              3      -2.3002947      0.31542006      -2.3025851       -2.3025851     0.004580786                                                         0.004580786
              1      -1.4391923      0.30677959      -2.3025851       -2.3025851       1.7267855                                                           1.7267855
              1      -1.1719551      0.30558304      -2.3025851       -2.3025851         2.26126                                                             2.26126
              1      -2.2729238      0.31348601      -2.3025851       -2.3025851     0.059322562                                                         0.059322562
              1      -2.2846541      0.31382286      -2.3025851       -2.3025851     0.035861921                                                         0.035861921
              1       -2.220843      0.31248432      -2.3025851       -2.3025851      0.16348416                                                          0.16348416
              1      -2.1722895      0.31182127      -2.3025851       -2.3025851      0.26059121                                                          0.26059121
              2      -2.2791287      0.31365326      -2.3025851       -2.3025851      0.04691273                                                          0.04691273
              2      -1.7164218       0.3082358      -2.3025851       -2.3025851       1.1723267                                                           1.1723267
              3      -1.6491809      0.30785579      -2.3025851       -2.3025851       1.3068084                                                           1.3068084
              1      -2.0635159      0.31068982      -2.3025851       -2.3025851      0.47813836                                                          0.47813836
              3      -1.1364329      0.30543422      -2.3025851       -2.3025851       2.3323045                                                           2.3323045
              2      -2.0803362      0.31084438      -2.3025851       -2.3025851      0.44449779                                                          0.44449779
              4       -2.299057      0.31447702      -2.3025851       -2.3025851    0.0070562693                                                        0.0070562693
              1      -2.3001676      0.31456821      -2.3025851       -2.3025851    0.0048350631                                                        0.0048350631
              1      -2.2594581      0.31681783      -2.3025851       -2.3025851     0.086253896                                                         0.086253896
              1      -2.1975168      0.31214605      -2.3025851       -2.3025851      0.21013667                                                          0.21013667
              1      -2.1188517      0.31122242      -2.3025851       -2.3025851      0.36746684                                                          0.36746684
              1      -2.1096974      0.31884526      -2.3025851       -2.3025851      0.38577533                                                          0.38577533
              3      -1.6791009      0.30802248      -2.3025851       -2.3025851       1.2469684                                                           1.2469684
              2      -2.1890287      0.31203361      -2.3025851       -2.3025851      0.22711281                                                          0.22711281
              2      -2.0596753      0.31065518      -2.3025851       -2.3025851      0.48581961                                                          0.48581961
              1      -2.1889047      0.31203196      -2.3025851       -2.3025851      0.22736071                                                          0.22736071
              5      -2.1346153      0.31858916      -2.3025851       -2.3025851      0.33593965                                                          0.33593965
              1      -2.2989036      0.31446581      -2.3025851       -2.3025851    0.0073630535                                                        0.0073630535
              3     -0.11304518      0.32785338      -2.3025851       -2.3025851       4.3790798                                                           4.3790798
              2     -0.20058462      0.32759629      -2.3025851       -2.3025851       4.2040009                                                           4.2040009
              1      -2.2683576      0.31337318      -2.3025851       -2.3025851     0.068455085                                                         0.068455085
              1      -2.2883046      0.31604837      -2.3025851       -2.3025851     0.028561041                                                         0.028561041
              3      -2.1383497      0.31142956      -2.3025851       -2.3025851      0.32847083                                                          0.32847083
              1       1.0117417      0.29877275      -2.3025851       -2.3025851       6.6286535                                                           6.6286535
              1     -0.10304662      0.30181811      -2.3025851       -2.3025851       4.3990769                                                           4.3990769
              2      -1.5912099      0.30754383      -2.3025851       -2.3025851       1.4227504                                                           1.4227504
              2       -2.156144      0.31162941      -2.3025851       -2.3025851      0.29288211                                                          0.29288211
              3      -2.2992821      0.31550435      -2.3025851       -2.3025851    0.0066060238                                                        0.0066060238
              6      -1.0271167      0.32483531      -2.3025851       -2.3025851       2.5509367                                                           2.5509367
              1      -0.3993108      0.32699251      -2.3025851       -2.3025851       3.8065486                                                           3.8065486
              1      -1.3813176      0.32336921      -2.3025851       -2.3025851       1.8425349                                                           1.8425349
              1      -2.0730599      0.31077764      -2.3025851       -2.3025851       0.4590503                                                           0.4590503
              4      -2.0547142      0.31061065      -2.3025851       -2.3025851       0.4957417                                                           0.4957417
              1      -1.5700556       0.3224693      -2.3025851       -2.3025851       1.4650589                                                           1.4650589
              1      -1.9436212      0.32023875      -2.3025851       -2.3025851      0.71792775                                                          0.71792775
              1      -1.9724558      0.32002479      -2.3025851       -2.3025851      0.66025853                                                          0.66025853
              2      -2.2277119      0.31739897      -2.3025851       -2.3025851      0.14974639                                                          0.14974639
              1      -2.1944046      0.31788236      -2.3025851       -2.3025851      0.21636097                                                          0.21636097
              3     -0.86542973      0.30437095      -2.3025851       -2.3025851       2.8743107                                                           2.8743107
              1       -1.566351      0.30741336      -2.3025851       -2.3025851       1.4724683                                                           1.4724683
              2      -1.9105702      0.32047324      -2.3025851       -2.3025851      0.78402972                                                          0.78402972
              1      -1.6929221       0.3218174      -2.3025851       -2.3025851       1.2193259                                                           1.2193259
              2      -2.0354353      0.31952227      -2.3025851       -2.3025851      0.53429967                                                          0.53429967
              1      -1.7313351      0.32160029      -2.3025851       -2.3025851       1.1424999                                                           1.1424999
              3      -2.2110194      0.31765217      -2.3025851       -2.3025851       0.1831314                                                           0.1831314
              5      -1.7459371       0.3215158      -2.3025851       -2.3025851       1.1132959                                                           1.1132959
              1      -2.2834641      0.31621289      -2.3025851       -2.3025851     0.038241923                                                         0.038241923
              4      -1.5264151      0.32268689      -2.3025851       -2.3025851         1.55234                                                             1.55234
              1      -1.9827963      0.31994606      -2.3025851       -2.3025851      0.63957751                                                          0.63957751
              3      -1.7126605       0.3082138      -2.3025851       -2.3025851       1.1798491                                                           1.1798491
              1     -0.71184239      0.30381177      -2.3025851       -2.3025851       3.1814854                                                           3.1814854
              1      -2.3008515      0.31463433      -2.3025851       -2.3025851    0.0034671535                                                        0.0034671535
              1      -2.2938264      0.31417754      -2.3025851       -2.3025851     0.017517341                                                         0.017517341
              2      -2.2261221      0.31256675      -2.3025851       -2.3025851      0.15292598                                                          0.15292598
              2      -1.6995684      0.30813857      -2.3025851       -2.3025851       1.2060335                                                           1.2060335
              1      -1.9839919      0.31002154      -2.3025851       -2.3025851      0.63718629                                                          0.63718629
              1     -0.58384678      0.30336459      -2.3025851       -2.3025851       3.4374766                                                           3.4374766
              2     -0.93086394      0.30461624      -2.3025851       -2.3025851       2.7434423                                                           2.7434423
              1      -2.1907302      0.31205375      -2.3025851       -2.3025851       0.2237097                                                           0.2237097
              3      -1.7743362      0.30858057      -2.3025851       -2.3025851       1.0564978                                                           1.0564978
              1      -1.0826335      0.30521442      -2.3025851       -2.3025851       2.4399033                                                           2.4399033
              2      -1.0605387      0.30512512      -2.3025851       -2.3025851       2.4840927                                                           2.4840927
              1      0.87317828      0.29912078      -2.3025851       -2.3025851       6.3515267                                                           6.3515267
              1      -0.2403042       0.3022416      -2.3025851       -2.3025851       4.1245618                                                           4.1245618
              1      -1.7126555      0.30821377      -2.3025851       -2.3025851       1.1798593                                                           1.1798593
              2     -0.34539792        0.302575      -2.3025851       -2.3025851       3.9143744                                                           3.9143744
              3     -0.98892519      0.30484132      -2.3025851       -2.3025851       2.6273198                                                           2.6273198
              1     -0.11859342      0.30186602      -2.3025851       -2.3025851       4.3679833                                                           4.3679833
              2      0.79074505       0.2993309      -2.3025851       -2.3025851       6.1866603                                                           6.1866603
              1      0.81852702      0.29925967      -2.3025851       -2.3025851       6.2422242                                                           6.2422242
              1       1.0382305      0.29870626      -2.3025851       -2.3025851       6.6816311                                                           6.6816311
              1      -1.9391609       0.3096801      -2.3025851       -2.3025851      0.72684836                                                          0.72684836
              5      -2.0146135      0.31969431      -2.3025851       -2.3025851      0.57594311                                                          0.57594311
              1      -2.2481421      0.31294741      -2.3025851       -2.3025851      0.10888606                                                          0.10888606
              2      -2.1385873      0.31143251      -2.3025851       -2.3025851      0.32799551                                                          0.32799551
              1      -1.9475587      0.30974372      -2.3025851       -2.3025851      0.71005279                                                          0.71005279
              3      -2.1179106      0.31121241      -2.3025851       -2.3025851      0.36934894                                                          0.36934894
              1      -1.7824157      0.32129829      -2.3025851       -2.3025851       1.0403388                                                           1.0403388
              1      -1.2088358       0.3241135      -2.3025851       -2.3025851       2.1874986                                                           2.1874986
              2      -2.1628058      0.31827523      -2.3025851       -2.3025851      0.27955866                                                          0.27955866
              2      -2.2965203      0.31568311      -2.3025851       -2.3025851     0.012129568                                                         0.012129568
              2      -2.0138212      0.31026173      -2.3025851       -2.3025851       0.5775277                                                           0.5775277
              3       -2.200855       0.3177955      -2.3025851       -2.3025851      0.20346013                                                          0.20346013
              3      -2.2254069      0.31743555      -2.3025851       -2.3025851      0.15435632                                                          0.15435632
              1      -2.2848105        0.313828      -2.3025851       -2.3025851     0.035549235                                                         0.035549235
              2      -2.2959091       0.3157165      -2.3025851       -2.3025851     0.013352005                                                         0.013352005
              2      -1.9028287      0.30942106      -2.3025851       -2.3025851      0.79951286                                                          0.79951286
              2      -2.3022383      0.31483679      -2.3025851       -2.3025851   0.00069366617                                                       0.00069366617
              4      -2.2978389       0.3143948      -2.3025851       -2.3025851    0.0094922958                                                        0.0094922958
              2      -2.2306583      0.31735014      -2.3025851       -2.3025851      0.14385366                                                          0.14385366
              2      -2.1426132      0.31850282      -2.3025851       -2.3025851      0.31994385                                                          0.31994385
              1      -1.4953174      0.32283823      -2.3025851       -2.3025851       1.6145353                                                           1.6145353
              1      -1.6510523      0.32204622      -2.3025851       -2.3025851       1.3030657                                                           1.3030657
              2      -2.2525787      0.31303273      -2.3025851       -2.3025851       0.1000128                                                           0.1000128
              1      -1.5509545      0.30733396      -2.3025851       -2.3025851       1.5032611                                                           1.5032611
              1      -2.2499469      0.31700934      -2.3025851       -2.3025851       0.1052764                                                           0.1052764
              1      -1.8937274      0.30935671      -2.3025851       -2.3025851      0.81771547                                                          0.81771547
              1      -1.4324224      0.32313563      -2.3025851       -2.3025851       1.7403255                                                           1.7403255
              1      -1.4063007      0.32325624      -2.3025851       -2.3025851       1.7925688                                                           1.7925688
              2      -1.9386476      0.32027477      -2.3025851       -2.3025851      0.72787499                                                          0.72787499
              1      -2.2731254      0.31650525      -2.3025851       -2.3025851     0.058919426                                                         0.058919426
              1      -1.7918994      0.32124254      -2.3025851       -2.3025851       1.0213715                                                           1.0213715
              1      -2.3020242        0.315208      -2.3025851       -2.3025851    0.0011217116                                                        0.0011217116
              1      -1.7068306      0.32173955      -2.3025851       -2.3025851       1.1915089                                                           1.1915089
              1      -1.3480699      0.32351817      -2.3025851       -2.3025851       1.9090303                                                           1.9090303
              1      -2.2867321      0.31389271      -2.3025851       -2.3025851     0.031705949                                                         0.031705949
              1      -2.3025424      0.31505742      -2.3025851       -2.3025851   8.5402615e-05                                                       8.5402615e-05
              5      -2.2994552      0.31450698      -2.3025851       -2.3025851    0.0062598768                                                        0.0062598768
              1      -2.2717414      0.31653971      -2.3025851       -2.3025851     0.061687302                                                         0.061687302
              3      -2.2960894      0.31570691      -2.3025851       -2.3025851     0.012991472                                                         0.012991472
              1       -2.278866      0.31364616      -2.3025851       -2.3025851     0.047438268                                                         0.047438268
              2      -1.6045845      0.32229172      -2.3025851       -2.3025851       1.3960012                                                           1.3960012
              2      -1.7243807      0.32164056      -2.3025851       -2.3025851       1.1564088                                                           1.1564088
              1      -2.1721307      0.31181932      -2.3025851       -2.3025851      0.26090887                                                          0.26090887
              1      -1.6070234       0.3076271      -2.3025851       -2.3025851       1.3911234                                                           1.3911234
              3      -1.8432235      0.30901599      -2.3025851       -2.3025851      0.91872311                                                          0.91872311
              1      -1.7145021      0.30822454      -2.3025851       -2.3025851       1.1761659                                                           1.1761659
              3      -1.8754431      0.30923105      -2.3025851       -2.3025851      0.85428393                                                          0.85428393
              1       -1.763249       0.3085131      -2.3025851       -2.3025851       1.0786722                                                           1.0786722
              1      -2.2232436      0.31252159      -2.3025851       -2.3025851      0.15868291                                                          0.15868291
              6      -2.1544615      0.31837142      -2.3025851       -2.3025851      0.29624709                                                          0.29624709
              4      -2.2924961      0.31411745      -2.3025851       -2.3025851     0.020177983                                                         0.020177983
              4      -2.2011632      0.31779123      -2.3025851       -2.3025851       0.2028438                                                           0.2028438
              1      -2.2857777      0.31613699      -2.3025851       -2.3025851     0.033614792                                                         0.033614792
              2      -2.0175346      0.31029163      -2.3025851       -2.3025851      0.57010108                                                          0.57010108
              1      -2.2261839      0.31256774      -2.3025851       -2.3025851      0.15280245                                                          0.15280245
              2      -2.1310065      0.31135022      -2.3025851       -2.3025851      0.34315723                                                          0.34315723
              2      -1.0137298       0.3049391      -2.3025851       -2.3025851       2.5777106                                                           2.5777106
              1      -1.8695177       0.3091913      -2.3025851       -2.3025851      0.86613488                                                          0.86613488
              1      -2.2135859      0.31761504      -2.3025851       -2.3025851       0.1779983                                                           0.1779983
              2      -2.0556955      0.31061937      -2.3025851       -2.3025851      0.49377912                                                          0.49377912
              2      -2.2306414      0.31735042      -2.3025851       -2.3025851       0.1438874                                                           0.1438874
              1      -2.1800175      0.31806778      -2.3025851       -2.3025851      0.24513526                                                          0.24513526
              2      -2.3011738      0.31467009      -2.3025851       -2.3025851    0.0028226352                                                        0.0028226352
              2       -2.299119      0.31448166      -2.3025851       -2.3025851    0.0069321482                                                        0.0069321482
              1      -1.7127079      0.32170641      -2.3025851       -2.3025851       1.1797544                                                           1.1797544
              1      -1.8746139      0.32071789      -2.3025851       -2.3025851      0.85594237                                                          0.85594237
              1      -1.9874496       0.3199101      -2.3025851       -2.3025851       0.6302709                                                           0.6302709
              2      -2.2410698      0.31717242      -2.3025851       -2.3025851      0.12303049                                                          0.12303049
              1      -1.6123563      0.32225143      -2.3025851       -2.3025851       1.3804575                                                           1.3804575
              1      -1.7806633      0.32130881      -2.3025851       -2.3025851       1.0438436                                                           1.0438436
              1      -1.7512977      0.32148479      -2.3025851       -2.3025851       1.1025748                                                           1.1025748
              2      -2.1718265      0.31181562      -2.3025851       -2.3025851      0.26151711                                                          0.26151711
              1      -2.1252363      0.31868738      -2.3025851       -2.3025851      0.35469767                                                          0.35469767
              3       -2.062261      0.31929015      -2.3025851       -2.3025851       0.4806481                                                           0.4806481
              1      -2.1237174      0.31870328      -2.3025851       -2.3025851      0.35773537                                                          0.35773537
              3      -1.5021335      0.32280485      -2.3025851       -2.3025851       1.6009033                                                           1.6009033
              2      -1.6778345      0.32190088      -2.3025851       -2.3025851       1.2495012                                                           1.2495012
              4      -1.9029345      0.30942181      -2.3025851       -2.3025851      0.79930115                                                          0.79930115
              3      -2.2484315      0.31295276      -2.3025851       -2.3025851      0.10830718                                                          0.10830718
              2      -2.0151739      0.31027287      -2.3025851       -2.3025851      0.57482249                                                          0.57482249
              1      -1.7954093      0.30871098      -2.3025851       -2.3025851       1.0143515                                                           1.0143515
              2      -2.2500413      0.31298366      -2.3025851       -2.3025851      0.10508768                                                          0.10508768
              1       -2.195767      0.31212086      -2.3025851       -2.3025851       0.2136362                                                           0.2136362
              2      -2.2921768      0.31410316      -2.3025851       -2.3025851     0.020816606                                                         0.020816606
              2      -2.2992877      0.31449438      -2.3025851       -2.3025851    0.0065947571                                                        0.0065947571
              2      -2.2923914      0.31588584      -2.3025851       -2.3025851     0.020387316                                                         0.020387316
              4      -2.2745165      0.31646923      -2.3025851       -2.3025851       0.0561371                                                           0.0561371
              1      -2.2963602      0.31430678      -2.3025851       -2.3025851     0.012449713                                                         0.012449713
              1      -1.4657159      0.32297985      -2.3025851       -2.3025851       1.6737384                                                           1.6737384
              1      -1.7425922      0.30838974      -2.3025851       -2.3025851       1.1199857                                                           1.1199857
              1      -1.8899083      0.30933028      -2.3025851       -2.3025851      0.82535356                                                          0.82535356
              1      -2.3004058         0.31541      -2.3025851       -2.3025851    0.0043586092                                                        0.0043586092
              1      -1.6009962      0.32231034      -2.3025851       -2.3025851       1.4031777                                                           1.4031777
              2      -2.1347872      0.31858732      -2.3025851       -2.3025851      0.33559588                                                          0.33559588
              2      -1.4106626      0.32323617      -2.3025851       -2.3025851       1.7838451                                                           1.7838451
              1      -2.1990258      0.31782074      -2.3025851       -2.3025851      0.20711851                                                          0.20711851
              2     -0.74336347      0.30392326      -2.3025851       -2.3025851       3.1184433                                                           3.1184433
              1      -1.1769613      0.30560374      -2.3025851       -2.3025851       2.2512476                                                           2.2512476
              1      -2.1309223      0.31134934      -2.3025851       -2.3025851      0.34332564                                                          0.34332564
              1      -2.2432702      0.31713324      -2.3025851       -2.3025851      0.11862984                                                          0.11862984
              3        -1.94855      0.32020294      -2.3025851       -2.3025851      0.70807016                                                          0.70807016
              2      -1.3835396      0.32335916      -2.3025851       -2.3025851       1.8380909                                                           1.8380909
              1      -1.2002607      0.32414863      -2.3025851       -2.3025851       2.2046487                                                           2.2046487
              3      -2.1608853      0.31829768      -2.3025851       -2.3025851      0.28339964                                                          0.28339964
              1      -1.3270043      0.32361091      -2.3025851       -2.3025851       1.9511615                                                           1.9511615
              1      -2.0394247      0.31047757      -2.3025851       -2.3025851       0.5263207                                                           0.5263207
              2      -2.1035587      0.31106846      -2.3025851       -2.3025851      0.39805284                                                          0.39805284
              3       -2.177008      0.31810527      -2.3025851       -2.3025851      0.25115418                                                          0.25115418
              1      -1.0054881      0.30490676      -2.3025851       -2.3025851       2.5941939                                                           2.5941939
              3       -1.584222      0.30750712      -2.3025851       -2.3025851       1.4367262                                                           1.4367262
              1     -0.43868252      0.30287795      -2.3025851       -2.3025851       3.7278051                                                           3.7278051
              1      -2.2122682       0.3123546      -2.3025851       -2.3025851      0.18063386                                                          0.18063386
              5      -1.5467908      0.30731294      -2.3025851       -2.3025851       1.5115886                                                           1.5115886
              3      -2.1467103      0.31152246      -2.3025851       -2.3025851      0.31174958                                                          0.31174958
              2      -2.2282979      0.31738959      -2.3025851       -2.3025851       0.1485744                                                           0.1485744
              1      -1.5612425      0.30738691      -2.3025851       -2.3025851       1.4826852                                                           1.4826852
              1      -2.1152028      0.31118568      -2.3025851       -2.3025851      0.37476465                                                          0.37476465
              1      -1.7132747      0.30821741      -2.3025851       -2.3025851       1.1786208                                                           1.1786208
              1      -2.3012256       0.3153235      -2.3025851       -2.3025851    0.0027190188                                                        0.0027190188
              1      -2.2470169      0.31706427      -2.3025851       -2.3025851      0.11113638                                                          0.11113638
              2      -1.7025475      0.32176352      -2.3025851       -2.3025851       1.2000753                                                           1.2000753
              1      -2.3021171      0.31518957      -2.3025851       -2.3025851    0.0009358938                                                        0.0009358938
              2      -2.0385422      0.31046942      -2.3025851       -2.3025851      0.52808583                                                          0.52808583
              1      -2.2907213      0.31595569      -2.3025851       -2.3025851     0.023727557                                                         0.023727557
              4      -2.2924713      0.31411636      -2.3025851       -2.3025851      0.02022763                                                          0.02022763
              2      -2.0388296      0.31949363      -2.3025851       -2.3025851      0.52751106                                                          0.52751106
              1       -1.034805      0.32480569      -2.3025851       -2.3025851       2.5355601                                                           2.5355601
              1      -2.2965722       0.3156802      -2.3025851       -2.3025851     0.012025793                                                         0.012025793
              1      -2.2910272      0.31405552      -2.3025851       -2.3025851     0.023115719                                                         0.023115719
              7      -1.9785526      0.31997817      -2.3025851       -2.3025851      0.64806503                                                          0.64806503
              2     -0.21283361      0.32755825      -2.3025851       -2.3025851        4.179503                                                            4.179503
              1      0.43426731      0.32935281      -2.3025851       -2.3025851       5.4737048                                                           5.4737048
              1      -1.6929122      0.32181745      -2.3025851       -2.3025851       1.2193458                                                           1.2193458
              1      -2.2437738      0.31286612      -2.3025851       -2.3025851      0.11762249                                                          0.11762249
              2      -2.3021495      0.31481709      -2.3025851       -2.3025851    0.0008711624                                                        0.0008711624
              1      -2.2978154      0.31560607      -2.3025851       -2.3025851    0.0095392866                                                        0.0095392866
              2      -2.2928266      0.31586676      -2.3025851       -2.3025851     0.019517042                                                         0.019517042
              1      -2.2343909      0.31728861      -2.3025851       -2.3025851      0.13638833                                                          0.13638833
              2      -1.9995375      0.31981513      -2.3025851       -2.3025851      0.60609525                                                          0.60609525
              4      -2.0285524      0.31958008      -2.3025851       -2.3025851       0.5480653                                                           0.5480653
              1      -1.6358756      0.30778361      -2.3025851       -2.3025851       1.3334191                                                           1.3334191
              1      -2.0755831       0.3108002      -2.3025851       -2.3025851      0.45400405                                                          0.45400405
              1      -2.2995872      0.31548049      -2.3025851       -2.3025851    0.0059958142                                                        0.0059958142
              1      -2.2838479        0.313797      -2.3025851       -2.3025851     0.037474453                                                         0.037474453
              2      -2.3010086      0.31465137      -2.3025851       -2.3025851    0.0031529698                                                        0.0031529698
              1      -1.4540158      0.32303526      -2.3025851       -2.3025851       1.6971385                                                           1.6971385
              1      -2.2909035      0.31594834      -2.3025851       -2.3025851     0.023363279                                                         0.023363279
              1      -2.3020431       0.3147958      -2.3025851       -2.3025851    0.0010839967                                                        0.0010839967
              2      -2.0778231      0.31082105      -2.3025851       -2.3025851       0.4495239                                                           0.4495239
              2      -2.2977112      0.31561265      -2.3025851       -2.3025851    0.0097477203                                                        0.0097477203
              2      -2.2539934      0.31692945      -2.3025851       -2.3025851     0.097183384                                                         0.097183384
              2       -2.294148      0.31580647      -2.3025851       -2.3025851     0.016874274                                                         0.016874274
              4      -2.2984162      0.31443162      -2.3025851       -2.3025851    0.0083377007                                                        0.0083377007
              3      -1.8889163      0.30932329      -2.3025851       -2.3025851      0.82733768                                                          0.82733768
              3       -2.215114      0.31239699      -2.3025851       -2.3025851       0.1749422                                                           0.1749422
              2      -1.4249769      0.32316982      -2.3025851       -2.3025851       1.7552165                                                           1.7552165
              1      -2.2516374      0.31697568      -2.3025851       -2.3025851      0.10189542                                                          0.10189542
              1      -2.2640733      0.31671967      -2.3025851       -2.3025851     0.077023558                                                         0.077023558
              1      -2.2509062      0.31300008      -2.3025851       -2.3025851      0.10335784                                                          0.10335784
              1      -2.2671755      0.31664876      -2.3025851       -2.3025851     0.070819147                                                         0.070819147
              7      -2.0600445      0.31930992      -2.3025851       -2.3025851      0.48508117                                                          0.48508117
              2      -2.2989316      0.31553048      -2.3025851       -2.3025851     0.007306973                                                         0.007306973
              1      -2.3006945      0.31538206      -2.3025851       -2.3025851    0.0037812449                                                        0.0037812449
              2      -2.2589215      0.31316171      -2.3025851       -2.3025851     0.087327108                                                         0.087327108
              3      -2.2424449      0.31284222      -2.3025851       -2.3025851      0.12028044                                                          0.12028044
              1      -1.3770193      0.30648644      -2.3025851       -2.3025851       1.8511317                                                           1.8511317
              3      -1.7237773      0.30827862      -2.3025851       -2.3025851       1.1576155                                                           1.1576155
              1      -2.1813243      0.31193395      -2.3025851       -2.3025851       0.2425216                                                           0.2425216
              1      -1.4721013      0.30693934      -2.3025851       -2.3025851       1.6609676                                                           1.6609676
              7      -2.2847073       0.3138246      -2.3025851       -2.3025851     0.035755683                                                         0.035755683
              1      -2.2385709      0.31721646      -2.3025851       -2.3025851      0.12802842                                                          0.12802842
              1      -2.2869026      0.31609837      -2.3025851       -2.3025851     0.031364929                                                         0.031364929
              3     -0.83442625       0.3255442      -2.3025851       -2.3025851       2.9363177                                                           2.9363177
              1      -1.8955265      0.32057695      -2.3025851       -2.3025851      0.81411725                                                          0.81411725
              2      -1.9620223      0.32010345      -2.3025851       -2.3025851      0.68112552                                                          0.68112552
              3      -1.8155778      0.32109682      -2.3025851       -2.3025851      0.97401464                                                          0.97401464
              1      -1.9536318      0.30978864      -2.3025851       -2.3025851      0.69790661                                                          0.69790661
              1      -2.0526999      0.31059276      -2.3025851       -2.3025851      0.49977034                                                          0.49977034
              1      -2.2486591      0.31703378      -2.3025851       -2.3025851      0.10785204                                                          0.10785204
              1      -2.1356368      0.31857829      -2.3025851       -2.3025851      0.33389667                                                          0.33389667
              4      -2.2384167      0.31721912      -2.3025851       -2.3025851      0.12833677                                                          0.12833677
              1      -2.2211115      0.31750249      -2.3025851       -2.3025851      0.16294722                                                          0.16294722
              2      -2.2014839      0.31220093      -2.3025851       -2.3025851      0.20220235                                                          0.20220235
              1      -1.9557837      0.30980466      -2.3025851       -2.3025851      0.69360286                                                          0.69360286
              2      -1.3823214       0.3233647      -2.3025851       -2.3025851       1.8405273                                                           1.8405273
              4       -1.936383       0.3202911      -2.3025851       -2.3025851      0.73240411                                                          0.73240411
              3      -1.3867334      0.32334477      -2.3025851       -2.3025851       1.8317033                                                           1.8317033
              2        -1.26782      0.32386619      -2.3025851       -2.3025851       2.0695302                                                           2.0695302
              1     -0.85439059      0.32547421      -2.3025851       -2.3025851        2.896389                                                            2.896389
              1      -2.2695386       0.3134018      -2.3025851       -2.3025851     0.066092916                                                         0.066092916
              2      0.77484611      0.29937025      -2.3025851       -2.3025851       6.1548624                                                           6.1548624
              1      -2.2497323      0.31297771      -2.3025851       -2.3025851      0.10570566                                                          0.10570566
              2      -2.2989901      0.31552618      -2.3025851       -2.3025851    0.0071900412                                                        0.0071900412
              1      -1.7368821      0.30835585      -2.3025851       -2.3025851       1.1314059                                                           1.1314059
              1      -2.1771055      0.31810409      -2.3025851       -2.3025851      0.25095919                                                          0.25095919
              3      -2.1029229      0.31891227      -2.3025851       -2.3025851      0.39932442                                                          0.39932442
              1       -2.182342      0.31803851      -2.3025851       -2.3025851      0.24048616                                                          0.24048616
              1      -1.8888777      0.30932303      -2.3025851       -2.3025851      0.82741469                                                          0.82741469
              2      -2.2544074       0.3169212      -2.3025851       -2.3025851     0.096355401                                                         0.096355401
              7      -2.2586047      0.31683587      -2.3025851       -2.3025851     0.087960824                                                         0.087960824
              1      -1.7748524      0.32134362      -2.3025851       -2.3025851       1.0554655                                                           1.0554655
              1      -1.3479232      0.32351888      -2.3025851       -2.3025851       1.9093238                                                           1.9093238
              3      -1.2854774      0.30607246      -2.3025851       -2.3025851       2.0342155                                                           2.0342155
              3      -2.2750419      0.31354096      -2.3025851       -2.3025851     0.055086348                                                         0.055086348
              1      -1.8315895      0.30894072      -2.3025851       -2.3025851      0.94199127                                                          0.94199127
              2      -1.2991984      0.30613315      -2.3025851       -2.3025851       2.0067735                                                           2.0067735
              2       -2.189328      0.31794866      -2.3025851       -2.3025851      0.22651421                                                          0.22651421
              1      -1.9164127      0.32043272      -2.3025851       -2.3025851      0.77234483                                                          0.77234483
              1     -0.77941915      0.32573958      -2.3025851       -2.3025851       3.0463319                                                           3.0463319
              2      -2.2880397      0.31605806      -2.3025851       -2.3025851     0.029090805                                                         0.029090805
              1      -2.0957299      0.31099181      -2.3025851       -2.3025851      0.41371039                                                          0.41371039
              1      -2.0562466      0.31934336      -2.3025851       -2.3025851      0.49267697                                                          0.49267697
              1      -2.1525568      0.31839298      -2.3025851       -2.3025851      0.30005661                                                          0.30005661
              1      -2.2570459      0.31686636      -2.3025851       -2.3025851     0.091078453                                                         0.091078453
              2      -1.2995809       0.3237301      -2.3025851       -2.3025851       2.0060084                                                           2.0060084
              1       -1.640128      0.32210474      -2.3025851       -2.3025851       1.3249142                                                           1.3249142
              1      -1.8151763      0.32109933      -2.3025851       -2.3025851      0.97481757                                                          0.97481757
              2      -1.8071874      0.32114928      -2.3025851       -2.3025851      0.99079543                                                          0.99079543
              1      -2.2763811      0.31357666      -2.3025851       -2.3025851     0.052407954                                                         0.052407954
              1      -2.2165317      0.31241829      -2.3025851       -2.3025851      0.17210685                                                          0.17210685
              1      -2.2436569      0.31712629      -2.3025851       -2.3025851      0.11785634                                                          0.11785634
              1      -2.0193008      0.31030629      -2.3025851       -2.3025851      0.56656855                                                          0.56656855
              1      -1.5335317      0.30724557      -2.3025851       -2.3025851       1.5381068                                                           1.5381068
              1      -1.9585492      0.30982554      -2.3025851       -2.3025851      0.68807179                                                          0.68807179
              2       -1.853019      0.30908024      -2.3025851       -2.3025851      0.89913213                                                          0.89913213
              2      -1.8123875      0.30881757      -2.3025851       -2.3025851      0.98039526                                                          0.98039526
              1      -1.6882282      0.30807429      -2.3025851       -2.3025851       1.2287139                                                           1.2287139
              1      -2.2896061      0.31399895      -2.3025851       -2.3025851     0.025958063                                                         0.025958063
              2      -2.0566354      0.31062774      -2.3025851       -2.3025851      0.49189943                                                          0.49189943
              1      -2.2003796      0.31218578      -2.3025851       -2.3025851      0.20441099                                                          0.20441099
              2      -1.6146841       0.3222393      -2.3025851       -2.3025851       1.3758019                                                           1.3758019
              2      -1.6534471      0.30787879      -2.3025851       -2.3025851       1.2982761                                                           1.2982761
              2      -2.1251725      0.31868804      -2.3025851       -2.3025851       0.3548252                                                           0.3548252
              1      -2.2930762      0.31585544      -2.3025851       -2.3025851     0.019017706                                                         0.019017706
              1      -2.3023258      0.31514079      -2.3025851       -2.3025851   0.00051867764                                                       0.00051867764
              1      -2.1969383      0.31213818      -2.3025851       -2.3025851      0.21129361                                                          0.21129361
              1      -2.2803649      0.31630729      -2.3025851       -2.3025851     0.044440482                                                         0.044440482
              1      -1.1896084      0.32419249      -2.3025851       -2.3025851       2.2259533                                                           2.2259533
              2      -2.2764707      0.31357912      -2.3025851       -2.3025851     0.052228808                                                         0.052228808
              2      -2.2574152       0.3131302      -2.3025851       -2.3025851     0.090339877                                                         0.090339877
              1      -2.2855664      0.31385325      -2.3025851       -2.3025851     0.034037359                                                         0.034037359
              1     -0.46899995      0.30297756      -2.3025851       -2.3025851       3.6671703                                                           3.6671703
              5     -0.54736873      0.30324009      -2.3025851       -2.3025851       3.5104327                                                           3.5104327
              5     -0.80809316      0.30415791      -2.3025851       -2.3025851       2.9889839                                                           2.9889839
              1      -2.2956107      0.31573234      -2.3025851       -2.3025851     0.013948815                                                         0.013948815
              5       -2.117707      0.31121028      -2.3025851       -2.3025851      0.36975619                                                          0.36975619
              3      -2.3007001      0.31461854      -2.3025851       -2.3025851    0.0037699521                                                        0.0037699521
              1      -2.2855474      0.31614476      -2.3025851       -2.3025851     0.034075446                                                         0.034075446
              1      -2.2837774      0.31379482      -2.3025851       -2.3025851     0.037615404                                                         0.037615404
              1      -1.9372856      0.32028462      -2.3025851       -2.3025851      0.73059893                                                          0.73059893
              2      -1.9505225      0.32018852      -2.3025851       -2.3025851      0.70412529                                                          0.70412529
              1       -1.340307      0.30631812      -2.3025851       -2.3025851       1.9245563                                                           1.9245563
              1      -2.2365873      0.31274017      -2.3025851       -2.3025851      0.13199559                                                          0.13199559
              1      -1.9674044       0.3098926      -2.3025851       -2.3025851      0.67036146                                                          0.67036146
              1      -1.3686651       0.3064483      -2.3025851       -2.3025851       1.8678401                                                           1.8678401
              1      -1.6621844      0.32198651      -2.3025851       -2.3025851       1.2808013                                                           1.2808013
              3      -2.3025239      0.31493099      -2.3025851       -2.3025851   0.00012237522                                                       0.00012237522
              1      -2.1107392      0.31114022      -2.3025851       -2.3025851      0.38369185                                                          0.38369185
              1      -2.2719354      0.31653488      -2.3025851       -2.3025851     0.061299395                                                         0.061299395
              1      -2.1267568      0.31867165      -2.3025851       -2.3025851      0.35165656                                                          0.35165656
              1      -2.2507656      0.31699293      -2.3025851       -2.3025851      0.10363892                                                          0.10363892
              1      -1.2567156      0.30594559      -2.3025851       -2.3025851       2.0917389                                                           2.0917389
              2      -2.1431191      0.31148268      -2.3025851       -2.3025851      0.31893197                                                          0.31893197
              1      -1.7165167      0.32168501      -2.3025851       -2.3025851       1.1721368                                                           1.1721368
              2      -2.2715976      0.31654331      -2.3025851       -2.3025851      0.06197504                                                          0.06197504
              2      -2.2862574      0.31387627      -2.3025851       -2.3025851     0.032655288                                                         0.032655288
              1      -2.2188892      0.31245418      -2.3025851       -2.3025851      0.16739173                                                          0.16739173
              5      -2.3017473      0.31525409      -2.3025851       -2.3025851    0.0016755072                                                        0.0016755072
              4       -2.169066      0.31820126      -2.3025851       -2.3025851      0.26703811                                                          0.26703811
              1      -1.6489866      0.30785472      -2.3025851       -2.3025851        1.307197                                                            1.307197
              2      -2.1136456      0.31116998      -2.3025851       -2.3025851      0.37787905                                                          0.37787905
              1      -2.1501193      0.31841989      -2.3025851       -2.3025851      0.30493155                                                          0.30493155
              4       -1.602105      0.30760091      -2.3025851       -2.3025851       1.4009601                                                           1.4009601
              1     -0.94813713      0.30468375      -2.3025851       -2.3025851       2.7088959                                                           2.7088959
              2     -0.74766537      0.30393873      -2.3025851       -2.3025851       3.1098394                                                           3.1098394
              1      -2.3012766      0.31468236      -2.3025851       -2.3025851    0.0026169459                                                        0.0026169459
              1      -1.9573401      0.30981641      -2.3025851       -2.3025851      0.69048989                                                          0.69048989
              1      -2.2690811      0.31660452      -2.3025851       -2.3025851     0.067008071                                                         0.067008071
              3      -2.1899716      0.31794022      -2.3025851       -2.3025851        0.225227                                                            0.225227
              3      -2.2837736      0.31379468      -2.3025851       -2.3025851     0.037623037                                                         0.037623037
              1      -1.8172021      0.30884775      -2.3025851       -2.3025851      0.97076601                                                          0.97076601
              1      -2.1516077      0.31157744      -2.3025851       -2.3025851      0.30195472                                                          0.30195472
              1      -2.2010578      0.31219501      -2.3025851       -2.3025851      0.20305455                                                          0.20305455
              1      -2.2579031      0.31314036      -2.3025851       -2.3025851     0.089364022                                                         0.089364022
              1      -1.7218039      0.30826713      -2.3025851       -2.3025851       1.1615624                                                           1.1615624
              1      -0.9094592      0.32527496      -2.3025851       -2.3025851       2.7862518                                                           2.7862518
              1      -2.2973259      0.31563656      -2.3025851       -2.3025851     0.010518339                                                         0.010518339
              1      -2.2611306      0.31678225      -2.3025851       -2.3025851     0.082908921                                                         0.082908921
              2      -2.2727074       0.3134808      -2.3025851       -2.3025851     0.059755381                                                         0.059755381
              1      -2.2743997      0.31647227      -2.3025851       -2.3025851     0.056370709                                                         0.056370709
              2      -1.7219948      0.30826825      -2.3025851       -2.3025851       1.1611806                                                           1.1611806
              3      -2.1769458      0.31810603      -2.3025851       -2.3025851      0.25127861                                                          0.25127861
              1      -1.8302222      0.30893188      -2.3025851       -2.3025851      0.94472575                                                          0.94472575
              1      -2.2845714      0.31617713      -2.3025851       -2.3025851     0.036027372                                                         0.036027372
              1      -2.1505888      0.31841462      -2.3025851       -2.3025851       0.3039926                                                           0.3039926
              2      -2.1929161      0.31208267      -2.3025851       -2.3025851      0.21933804                                                          0.21933804
              1      -1.9352684      0.30965071      -2.3025851       -2.3025851      0.73463345                                                          0.73463345
              2      -2.3018268      0.31475796      -2.3025851       -2.3025851     0.001516628                                                         0.001516628
              2      0.18841031      0.30096118      -2.3025851       -2.3025851       4.9819908                                                           4.9819908
              1     -0.52675041      0.30317097      -2.3025851       -2.3025851       3.5516694                                                           3.5516694
              1     -0.78736517      0.30408308      -2.3025851       -2.3025851       3.0304399                                                           3.0304399
              2      -1.7571805      0.30847666      -2.3025851       -2.3025851       1.0908092                                                           1.0908092
              1       -1.190408      0.30566029      -2.3025851       -2.3025851       2.2243543                                                           2.2243543
              2     -0.96686813      0.30475595      -2.3025851       -2.3025851       2.6714339                                                           2.6714339
              5      -1.2989678      0.30613212      -2.3025851       -2.3025851       2.0072346                                                           2.0072346
              3      -1.3457799      0.30634327      -2.3025851       -2.3025851       1.9136103                                                           1.9136103
              1      -1.5808637      0.30748935      -2.3025851       -2.3025851       1.4434428                                                           1.4434428
              3     -0.87076768        0.304391      -2.3025851       -2.3025851       2.8636348                                                           2.8636348
              1       -1.814929      0.30883357      -2.3025851       -2.3025851      0.97531211                                                          0.97531211
              1      -2.2969958      0.31434317      -2.3025851       -2.3025851     0.011178521                                                         0.011178521
              2      -1.7779362      0.30860303      -2.3025851       -2.3025851       1.0492977                                                           1.0492977
              4     -0.90714845      0.30452734      -2.3025851       -2.3025851       2.7908733                                                           2.7908733
              1      -1.3640194      0.30642694      -2.3025851       -2.3025851       1.8771315                                                           1.8771315
              3      -1.9479274      0.30974645      -2.3025851       -2.3025851      0.70931542                                                          0.70931542
              1      -2.3025418      0.31494193      -2.3025851       -2.3025851   8.6649801e-05                                                       8.6649801e-05
              1      -1.7119534      0.30820969      -2.3025851       -2.3025851       1.1812634                                                           1.1812634
              2      -2.2419908      0.31283407      -2.3025851       -2.3025851      0.12118867                                                          0.12118867
              2      -1.8613154      0.30913552      -2.3025851       -2.3025851      0.88253945                                                          0.88253945
              2      -2.0063781      0.31976116      -2.3025851       -2.3025851      0.59241408                                                          0.59241408
              2      -0.7468166      0.30393568      -2.3025851       -2.3025851        3.111537                                                            3.111537
              3      -2.1847423      0.31800763      -2.3025851       -2.3025851      0.23568566                                                          0.23568566
              1      -2.2788786      0.31364652      -2.3025851       -2.3025851     0.047412895                                                         0.047412895
              2      -2.1795238      0.31191105      -2.3025851       -2.3025851      0.24612251                                                          0.24612251
              1      -2.3025749      0.31497199      -2.3025851       -2.3025851   2.0317566e-05                                                       2.0317566e-05
              1       -1.860462      0.32081097      -2.3025851       -2.3025851      0.88424611                                                          0.88424611
              1     -0.66210541      0.32614194      -2.3025851       -2.3025851       3.2809594                                                           3.2809594
              2     0.016820701      0.32822505      -2.3025851       -2.3025851       4.6388116                                                           4.6388116
              1      -2.2085983      0.31768702      -2.3025851       -2.3025851      0.18797354                                                          0.18797354
              1      -2.2592027      0.31316765      -2.3025851       -2.3025851      0.08676488                                                          0.08676488
              1      -1.5680586      0.30742222      -2.3025851       -2.3025851       1.4690529                                                           1.4690529
              1      -2.0118636      0.31024559      -2.3025851       -2.3025851      0.58144289                                                          0.58144289
              2      -1.8922648      0.32059925      -2.3025851       -2.3025851       0.8206405                                                           0.8206405
              1     -0.99712357      0.32494944      -2.3025851       -2.3025851       2.6109231                                                           2.6109231
              1      -1.7080578      0.32173263      -2.3025851       -2.3025851       1.1890545                                                           1.1890545
              1      -2.2691373      0.31339212      -2.3025851       -2.3025851     0.066895492                                                         0.066895492
              1      -2.2588685      0.31316059      -2.3025851       -2.3025851     0.087433107                                                         0.087433107
              2      -2.2852535      0.31615457      -2.3025851       -2.3025851     0.034663171                                                         0.034663171
              1      -1.8492933      0.30905562      -2.3025851       -2.3025851      0.90658361                                                          0.90658361
              1      -1.9743988      0.30994692      -2.3025851       -2.3025851      0.65637267                                                          0.65637267
              1      -2.2764733      0.31641653      -2.3025851       -2.3025851     0.052223586                                                         0.052223586
              2       -2.175329      0.31185871      -2.3025851       -2.3025851      0.25451225                                                          0.25451225
              1      -2.2964714      0.31568588      -2.3025851       -2.3025851     0.012227358                                                         0.012227358
              2      -2.2264701      0.31257199      -2.3025851       -2.3025851      0.15223008                                                          0.15223008
              1      -2.1710148      0.31180573      -2.3025851       -2.3025851      0.26314056                                                          0.26314056
              1      -2.1447585      0.31150084      -2.3025851       -2.3025851      0.31565326                                                          0.31565326
              3      -2.2076459      0.31770057      -2.3025851       -2.3025851      0.18987836                                                          0.18987836
              1     -0.61153182      0.30346014      -2.3025851       -2.3025851       3.3821065                                                           3.3821065
              2      -2.2996244       0.3154775      -2.3025851       -2.3025851    0.0059213066                                                        0.0059213066
              1      -1.9730674      0.30993666      -2.3025851       -2.3025851      0.65903533                                                          0.65903533
              2       -2.222694      0.31251289      -2.3025851       -2.3025851      0.15978214                                                          0.15978214
              1      -2.2678422       0.3133609      -2.3025851       -2.3025851     0.069485828                                                         0.069485828
              2      -1.5171439      0.30715992      -2.3025851       -2.3025851       1.5708824                                                           1.5708824
              2       -2.063965      0.31069387      -2.3025851       -2.3025851      0.47724026                                                          0.47724026
              1      -2.0097438      0.31022825      -2.3025851       -2.3025851      0.58568251                                                          0.58568251
              1      -2.0021765      0.31979422      -2.3025851       -2.3025851       0.6008172                                                           0.6008172
              2    -0.048761574       0.3280388      -2.3025851       -2.3025851        4.507647                                                            4.507647
              1      -1.4911542      0.32285822      -2.3025851       -2.3025851       1.6228619                                                           1.6228619
              1      -2.3023806      0.31487434      -2.3025851       -2.3025851   0.00040903033                                                       0.00040903033
              1      -2.0822051       0.3191077      -2.3025851       -2.3025851      0.44076005                                                          0.44076005
              2      -1.9157666      0.32043723      -2.3025851       -2.3025851      0.77363706                                                          0.77363706
              1      -2.1694176      0.31819705      -2.3025851       -2.3025851      0.26633507                                                          0.26633507
              1      -2.1577545      0.31833354      -2.3025851       -2.3025851      0.28966111                                                          0.28966111
              2      -2.0297767      0.31956992      -2.3025851       -2.3025851      0.54561687                                                          0.54561687
              1      -2.2613531      0.31321399      -2.3025851       -2.3025851     0.082463995                                                         0.082463995
              1      -2.2534577      0.31304991      -2.3025851       -2.3025851     0.098254845                                                         0.098254845
              2      -2.2690421      0.31660521      -2.3025851       -2.3025851     0.067086011                                                         0.067086011
              1      -2.2364157      0.31273719      -2.3025851       -2.3025851      0.13233888                                                          0.13233888
              1      -2.2555646      0.31309209      -2.3025851       -2.3025851     0.094040923                                                         0.094040923
              2      -2.2392252      0.31278546      -2.3025851       -2.3025851      0.12671985                                                          0.12671985
              2       -1.840991      0.32093706      -2.3025851       -2.3025851      0.92318815                                                          0.92318815
              3      -2.1920227      0.31791362      -2.3025851       -2.3025851      0.22112472                                                          0.22112472
              2      -1.6497625      0.32205313      -2.3025851       -2.3025851       1.3056452                                                           1.3056452
              1      -1.3961913      0.32330234      -2.3025851       -2.3025851       1.8127875                                                           1.8127875
              3      -2.3023975      0.31511969      -2.3025851       -2.3025851   0.00037522882                                                       0.00037522882
              3      -2.2702725      0.31341962      -2.3025851       -2.3025851     0.064625263                                                         0.064625263
              1      -2.1339726      0.31138224      -2.3025851       -2.3025851      0.33722499                                                          0.33722499
              4      -2.2276866      0.31259122      -2.3025851       -2.3025851      0.14979707                                                          0.14979707
              1      -1.9315387      0.30962349      -2.3025851       -2.3025851      0.74209285                                                          0.74209285
              3      -1.2041475      0.30571909      -2.3025851       -2.3025851       2.1968751                                                           2.1968751
              3       -2.296232      0.31569912      -2.3025851       -2.3025851     0.012706256                                                         0.012706256
              1      -2.2950428      0.31423721      -2.3025851       -2.3025851     0.015084608                                                         0.015084608
              1      -2.0866913      0.31906581      -2.3025851       -2.3025851      0.43178764                                                          0.43178764
              2      -1.1814364      0.30562244      -2.3025851       -2.3025851       2.2422974                                                           2.2422974
              2       -2.286321      0.31611849      -2.3025851       -2.3025851     0.032528251                                                         0.032528251
              6      -2.2417879      0.31283043      -2.3025851       -2.3025851      0.12159435                                                          0.12159435
              3      -2.2764429      0.31357835      -2.3025851       -2.3025851     0.052284427                                                         0.052284427
              1       -1.974254       0.3099458      -2.3025851       -2.3025851      0.65666217                                                          0.65666217
              1      -2.0724189      0.31919923      -2.3025851       -2.3025851      0.46033236                                                          0.46033236
              1      -2.2589283      0.31682894      -2.3025851       -2.3025851     0.087313518                                                         0.087313518
              1      -1.4879759      0.32287347      -2.3025851       -2.3025851       1.6292185                                                           1.6292185
              2      -1.5913681      0.32235982      -2.3025851       -2.3025851        1.422434                                                            1.422434
              2      -2.2186761      0.31753967      -2.3025851       -2.3025851      0.16781798                                                          0.16781798
              2      -2.2199839      0.31247094      -2.3025851       -2.3025851      0.16520232                                                          0.16520232
              4      -2.2372445      0.31275109      -2.3025851       -2.3025851       0.1306811                                                           0.1306811
              3      -2.3003884      0.31458828      -2.3025851       -2.3025851    0.0043933531                                                        0.0043933531
              2      -2.2951411       0.3142422      -2.3025851       -2.3025851      0.01488806                                                          0.01488806
              1      -2.2122264      0.31235399      -2.3025851       -2.3025851      0.18071733                                                          0.18071733
              2      -2.2797784       0.3163246      -2.3025851       -2.3025851     0.045613434                                                         0.045613434
              1      -2.2969547      0.31434075      -2.3025851       -2.3025851     0.011260884                                                         0.011260884
              2      -2.3025368      0.31493871      -2.3025851       -2.3025851   9.6557189e-05                                                       9.6557189e-05
              2      -2.2824126      0.31624523      -2.3025851       -2.3025851     0.040345084                                                         0.040345084
              1      -2.2541041      0.31692723      -2.3025851       -2.3025851     0.096961953                                                         0.096961953
              2      -2.2749876      0.31353954      -2.3025851       -2.3025851     0.055194985                                                         0.055194985
              3      -2.2825789      0.31624024      -2.3025851       -2.3025851       0.0400123                                                           0.0400123
              1       -2.219902       0.3124697      -2.3025851       -2.3025851      0.16536622                                                          0.16536622
              2      -2.2597549      0.31681157      -2.3025851       -2.3025851     0.085660398                                                         0.085660398
              1      -2.2911866      0.31406185      -2.3025851       -2.3025851     0.022797011                                                         0.022797011
              3      -1.7695689      0.32137742      -2.3025851       -2.3025851       1.0660324                                                           1.0660324
              2      -1.8203461      0.30886838      -2.3025851       -2.3025851      0.96447808                                                          0.96447808
              1     -0.47789094      0.30300691      -2.3025851       -2.3025851       3.6493883                                                           3.6493883
              1      -2.1853909      0.31198596      -2.3025851       -2.3025851      0.23438849                                                          0.23438849
              1      -1.5398449      0.30727786      -2.3025851       -2.3025851       1.5254804                                                           1.5254804
              2      -2.1473884      0.31153003      -2.3025851       -2.3025851      0.31039336                                                          0.31039336
              1      -1.7377821      0.32156315      -2.3025851       -2.3025851       1.1296059                                                           1.1296059
              1      -2.2231037      0.31747153      -2.3025851       -2.3025851       0.1589627                                                           0.1589627
              1      -1.7263853      0.30829388      -2.3025851       -2.3025851       1.1523995                                                           1.1523995
              1      -1.6859854      0.30806165      -2.3025851       -2.3025851       1.2331995                                                           1.2331995
              1      -2.0892729      0.31092947      -2.3025851       -2.3025851      0.42662439                                                          0.42662439
              4      -2.2830628       0.3137721      -2.3025851       -2.3025851     0.039044529                                                         0.039044529
              2      -2.2968384      0.31433403      -2.3025851       -2.3025851     0.011493351                                                         0.011493351
              1      -2.2805602      0.31369563      -2.3025851       -2.3025851     0.044049773                                                         0.044049773
              4      -1.8552393        0.309095      -2.3025851       -2.3025851      0.89469159                                                          0.89469159
              2      -2.2852131      0.31615593      -2.3025851       -2.3025851     0.034743913                                                         0.034743913
              2      -2.2903814       0.3140295      -2.3025851       -2.3025851     0.024407361                                                         0.024407361
              2      -2.0257004      0.31035988      -2.3025851       -2.3025851      0.55376947                                                          0.55376947
              5      -2.2909265      0.31405142      -2.3025851       -2.3025851     0.023317225                                                         0.023317225
              1      -2.0311064      0.31040574      -2.3025851       -2.3025851      0.54295748                                                          0.54295748
              1      -2.2563093      0.31310732      -2.3025851       -2.3025851     0.092551649                                                         0.092551649
              2      -1.6712629      0.32193733      -2.3025851       -2.3025851       1.2626444                                                           1.2626444
              1      -1.4008417      0.32328114      -2.3025851       -2.3025851       1.8034867                                                           1.8034867
              1      0.11633328      0.32850264      -2.3025851       -2.3025851       4.8378367                                                           4.8378367
              1     -0.44155285      0.32685989      -2.3025851       -2.3025851       3.7220645                                                           3.7220645
              1      -2.2984479      0.31443379      -2.3025851       -2.3025851    0.0082744723                                                        0.0082744723
              1      -2.2752178      0.31354566      -2.3025851       -2.3025851     0.054734591                                                         0.054734591
              1        -2.29504      0.31423706      -2.3025851       -2.3025851     0.015090268                                                         0.015090268
              1       -2.238346       0.3172204      -2.3025851       -2.3025851      0.12847818                                                          0.12847818
              1      -2.2090757      0.31768021      -2.3025851       -2.3025851      0.18701871                                                          0.18701871
              3        -2.09499      0.31898827      -2.3025851       -2.3025851      0.41519022                                                          0.41519022
              1      -2.2988568      0.31446244      -2.3025851       -2.3025851    0.0074565527                                                        0.0074565527
              2       -2.261436      0.31321579      -2.3025851       -2.3025851     0.082298234                                                         0.082298234
              1      -2.1878128      0.31201787      -2.3025851       -2.3025851      0.22954457                                                          0.22954457
              1       -2.266189      0.31332225      -2.3025851       -2.3025851     0.072792135                                                         0.072792135
              1      -2.2527698      0.31303649      -2.3025851       -2.3025851     0.099630624                                                         0.099630624
              3      -1.9869163      0.31004443      -2.3025851       -2.3025851      0.63133758                                                          0.63133758
              1      -1.7693868       0.3213785      -2.3025851       -2.3025851       1.0663966                                                           1.0663966
              1      -1.7755262       0.3213396      -2.3025851       -2.3025851       1.0541178                                                           1.0541178
              1      -2.1289142      0.31864946      -2.3025851       -2.3025851      0.34734175                                                          0.34734175
              2      -2.0340869      0.31953324      -2.3025851       -2.3025851      0.53699648                                                          0.53699648
              1      -2.3024659      0.31509584      -2.3025851       -2.3025851   0.00023835785                                                       0.00023835785
              2      -1.8772931      0.30924376      -2.3025851       -2.3025851      0.85058391                                                          0.85058391
              2        -2.21863      0.31245023      -2.3025851       -2.3025851      0.16791019                                                          0.16791019
              1      -1.2117139      0.32410172      -2.3025851       -2.3025851       2.1817424                                                           2.1817424
              1       -2.116389      0.31877818      -2.3025851       -2.3025851      0.37239224                                                          0.37239224
              1      -1.5810911      0.32241253      -2.3025851       -2.3025851       1.4429879                                                           1.4429879
              2      -1.8692899      0.32075288      -2.3025851       -2.3025851      0.86659032                                                          0.86659032
              1      -2.2824426       0.3162443      -2.3025851       -2.3025851     0.040285032                                                         0.040285032
              3      -1.5508143      0.32256574      -2.3025851       -2.3025851       1.5035416                                                           1.5035416
              1      -2.2179102      0.31755131      -2.3025851       -2.3025851      0.16934983                                                          0.16934983
              1      -1.9348061      0.30964732      -2.3025851       -2.3025851      0.73555803                                                          0.73555803
              3      -2.0196162      0.31030891      -2.3025851       -2.3025851      0.56593776                                                          0.56593776
              2      0.13733962      0.32856026      -2.3025851       -2.3025851       4.8798494                                                           4.8798494
              1     -0.55706629      0.32648924      -2.3025851       -2.3025851       3.4910376                                                           3.4910376
              1      -0.1786358      0.32766172      -2.3025851       -2.3025851       4.2478986                                                           4.2478986
              3       -1.190099      0.32419047      -2.3025851       -2.3025851       2.2249722                                                           2.2249722
              2      -2.2934276      0.31415913      -2.3025851       -2.3025851     0.018315023                                                         0.018315023
              3      -2.1015947      0.31892495      -2.3025851       -2.3025851      0.40198079                                                          0.40198079
              1      -1.5721885      0.30744366      -2.3025851       -2.3025851       1.4607931                                                           1.4607931
              1      -1.8942918      0.32058526      -2.3025851       -2.3025851      0.81658649                                                          0.81658649
              2      -1.5358258      0.30725724      -2.3025851       -2.3025851       1.5335186                                                           1.5335186
              1      -2.1898507      0.31794179      -2.3025851       -2.3025851      0.22546877                                                          0.22546877
              1       -1.394981       0.3233078      -2.3025851       -2.3025851       1.8152082                                                           1.8152082
              3    -0.022853819      0.32811239      -2.3025851       -2.3025851       4.5594625                                                           4.5594625
              1     -0.86299154      0.32544335      -2.3025851       -2.3025851       2.8791871                                                           2.8791871
              1     -0.69233057       0.3260401      -2.3025851       -2.3025851       3.2205091                                                           3.2205091
              5      -2.1650593      0.31173416      -2.3025851       -2.3025851      0.27505156                                                          0.27505156
              1      -2.2741241       0.3164797      -2.3025851       -2.3025851     0.056922011                                                         0.056922011
              1      -2.0327365      0.31954457      -2.3025851       -2.3025851      0.53969711                                                          0.53969711
              1      -2.2925313      0.31411897      -2.3025851       -2.3025851     0.020107551                                                         0.020107551
              1      -2.1250509      0.31868929      -2.3025851       -2.3025851      0.35506833                                                          0.35506833
              2      -2.1986741      0.31782552      -2.3025851       -2.3025851        0.207822                                                            0.207822
              3      -2.2882833      0.31604914      -2.3025851       -2.3025851     0.028603589                                                         0.028603589
              1      -2.2648707      0.31670169      -2.3025851       -2.3025851     0.075428776                                                         0.075428776
              1      -2.2059668      0.31772434      -2.3025851       -2.3025851      0.19323654                                                          0.19323654
              1      -2.1652535      0.31824651      -2.3025851       -2.3025851      0.27466312                                                          0.27466312
              1      -2.3018084      0.31524465      -2.3025851       -2.3025851    0.0015534819                                                        0.0015534819
              1      -2.2749608      0.31645756      -2.3025851       -2.3025851     0.055248633                                                         0.055248633
              1      -1.7067797      0.32173985      -2.3025851       -2.3025851       1.1916108                                                           1.1916108
              1      -1.7075537      0.32173549      -2.3025851       -2.3025851       1.1900629                                                           1.1900629
              1      -1.4910861      0.32285856      -2.3025851       -2.3025851        1.622998                                                            1.622998
              1      -2.2152239      0.31239862      -2.3025851       -2.3025851      0.17472239                                                          0.17472239
              1      -2.2244598      0.31254057      -2.3025851       -2.3025851      0.15625064                                                          0.15625064
              1      -1.9674945      0.30989328      -2.3025851       -2.3025851      0.67018116                                                          0.67018116
              4      -2.2704484      0.31657128      -2.3025851       -2.3025851     0.064273357                                                         0.064273357
              1      -2.2839819      0.31619635      -2.3025851       -2.3025851     0.037206467                                                         0.037206467
              1      -2.2874851      0.31607805      -2.3025851       -2.3025851     0.030199999                                                         0.030199999
              1      -2.1538946      0.31837783      -2.3025851       -2.3025851      0.29738104                                                          0.29738104
              4       -2.288952      0.31397392      -2.3025851       -2.3025851     0.027266193                                                         0.027266193
              1      -2.2643272       0.3132797      -2.3025851       -2.3025851     0.076515861                                                         0.076515861
              1      -2.2527411      0.31303592      -2.3025851       -2.3025851     0.099687964                                                         0.099687964
              1      -1.6573614      0.32201261      -2.3025851       -2.3025851       1.2904474                                                           1.2904474
              4      -1.7689877      0.30854794      -2.3025851       -2.3025851       1.0671947                                                           1.0671947
              3      -2.1007645      0.31893304      -2.3025851       -2.3025851      0.40364128                                                          0.40364128
              1      -2.0124334      0.31971215      -2.3025851       -2.3025851      0.58030343                                                          0.58030343
              1      -2.2939666      0.31418438      -2.3025851       -2.3025851     0.017237077                                                         0.017237077
              1     -0.34458503      0.32716184      -2.3025851       -2.3025851       3.9160001                                                           3.9160001
              1      -1.3637229      0.32344646      -2.3025851       -2.3025851       1.8777244                                                           1.8777244
              1      -1.6437233      0.32208536      -2.3025851       -2.3025851       1.3177236                                                           1.3177236
              2       -2.302574      0.31497076      -2.3025851       -2.3025851   2.2139713e-05                                                       2.2139713e-05
              2      -2.2764698      0.31357908      -2.3025851       -2.3025851     0.052230667                                                         0.052230667
              1      -2.1756976      0.31812099      -2.3025851       -2.3025851      0.25377491                                                          0.25377491
              2      -1.9088494       0.3204852      -2.3025851       -2.3025851      0.78747129                                                          0.78747129
              1      -1.1437902      0.32437841      -2.3025851       -2.3025851       2.3175898                                                           2.3175898
              1      -2.2343482      0.31728933      -2.3025851       -2.3025851      0.13647379                                                          0.13647379
              1      -1.6599813      0.30791522      -2.3025851       -2.3025851       1.2852075                                                           1.2852075
              2      -2.2783234      0.31363071      -2.3025851       -2.3025851     0.048523381                                                         0.048523381
              5      -1.9913517      0.31007976      -2.3025851       -2.3025851      0.62246674                                                          0.62246674
              2       -2.270425      0.31657186      -2.3025851       -2.3025851     0.064320095                                                         0.064320095
              1      -2.0147376      0.31969329      -2.3025851       -2.3025851      0.57569492                                                          0.57569492
              1      -1.3497165      0.32351092      -2.3025851       -2.3025851       1.9057373                                                           1.9057373
              1     -0.74821946      0.32584828      -2.3025851       -2.3025851       3.1087313                                                           3.1087313
              1      -1.1535399      0.32433932      -2.3025851       -2.3025851       2.2980905                                                           2.2980905
              1      -1.7833511      0.32129264      -2.3025851       -2.3025851        1.038468                                                            1.038468
              2      -2.2953985       0.3157434      -2.3025851       -2.3025851     0.014373091                                                         0.014373091
              2      -1.8365308      0.30897235      -2.3025851       -2.3025851      0.93210852                                                          0.93210852
              1       -1.977412      0.31998689      -2.3025851       -2.3025851      0.65034622                                                          0.65034622
              2        -1.96206      0.32010317      -2.3025851       -2.3025851      0.68105024                                                          0.68105024
              1      -2.0053315      0.31976915      -2.3025851       -2.3025851      0.59450722                                                          0.59450722
              3      -2.2749292       0.3164584      -2.3025851       -2.3025851      0.05531184                                                          0.05531184
              2      -2.0030561      0.31978724      -2.3025851       -2.3025851      0.59905797                                                          0.59905797
              2      -1.3102786      0.32368362      -2.3025851       -2.3025851       1.9846129                                                           1.9846129
              2      -1.5118959      0.32275813      -2.3025851       -2.3025851       1.5813785                                                           1.5813785
              7   -0.0020622887      0.32817123      -2.3025851       -2.3025851       4.6010456                                                           4.6010456
              2      0.34478596      0.32911833      -2.3025851       -2.3025851       5.2947421                                                           5.2947421
              3      -1.3362468      0.32357062      -2.3025851       -2.3025851       1.9326767                                                           1.9326767
              1       -2.038122      0.31949954      -2.3025851       -2.3025851      0.52892625                                                          0.52892625
              2      -2.1835316      0.31802337      -2.3025851       -2.3025851      0.23810706                                                          0.23810706
              2      -2.1019331      0.31105254      -2.3025851       -2.3025851      0.40130398                                                          0.40130398
              1      -2.2534746      0.31305024      -2.3025851       -2.3025851     0.098221079                                                         0.098221079
              3       -2.216694      0.31242073      -2.3025851       -2.3025851      0.17178217                                                          0.17178217
              3      -2.2363833      0.31725418      -2.3025851       -2.3025851      0.13240361                                                          0.13240361
              1      -2.2995222      0.31451228      -2.3025851       -2.3025851    0.0061258259                                                        0.0061258259
              1      -2.2984368      0.31556546      -2.3025851       -2.3025851    0.0082965419                                                        0.0082965419
              1      -2.2960216      0.31428854      -2.3025851       -2.3025851     0.013127076                                                         0.013127076
              2       -2.192143      0.31207243      -2.3025851       -2.3025851      0.22088416                                                          0.22088416
              1      -2.3013991      0.31530212      -2.3025851       -2.3025851    0.0023720835                                                        0.0023720835
              1      -2.1552659      0.31836218      -2.3025851       -2.3025851       0.2946384                                                           0.2946384
              1     0.031477722      0.32826638      -2.3025851       -2.3025851       4.6681256                                                           4.6681256
              1      -2.1295644      0.31864264      -2.3025851       -2.3025851      0.34604138                                                          0.34604138
              1      -2.0439974       0.3194496      -2.3025851       -2.3025851      0.51717538                                                          0.51717538
              5       -2.302077      0.31480228      -2.3025851       -2.3025851    0.0010161824                                                        0.0010161824
              2      -1.9004839      0.32054293      -2.3025851       -2.3025851      0.80420232                                                          0.80420232
              2      -2.2893558      0.31398924      -2.3025851       -2.3025851     0.026458554                                                         0.026458554
              1      -1.7755209      0.30858779      -2.3025851       -2.3025851       1.0541284                                                           1.0541284
              2      -1.4626203      0.30689242      -2.3025851       -2.3025851       1.6799296                                                           1.6799296
              3        -1.71492      0.30822711      -2.3025851       -2.3025851       1.1753303                                                           1.1753303
              1      -2.2646122      0.31328612      -2.3025851       -2.3025851     0.075945817                                                         0.075945817
              1      -2.2640062      0.31327247      -2.3025851       -2.3025851     0.077157825                                                         0.077157825
              1      -2.0196273      0.31030899      -2.3025851       -2.3025851      0.56591552                                                          0.56591552
              1      -2.2263627      0.31257028      -2.3025851       -2.3025851      0.15244471                                                          0.15244471
              1      -2.1825272      0.31194927      -2.3025851       -2.3025851      0.24011579                                                          0.24011579
              2      -2.2854314      0.31614864      -2.3025851       -2.3025851     0.034307383                                                         0.034307383
              2      -1.8398109      0.30899369      -2.3025851       -2.3025851      0.92554843                                                          0.92554843
              1      -2.2985546      0.31555711      -2.3025851       -2.3025851    0.0080609834                                                        0.0080609834
              1      -2.2836698      0.31620634      -2.3025851       -2.3025851     0.037830517                                                         0.037830517
              2      -1.3831918      0.30651511      -2.3025851       -2.3025851       1.8387866                                                           1.8387866
              1      -2.2425617      0.31284431      -2.3025851       -2.3025851       0.1200467                                                           0.1200467
              1       -1.813953      0.30882736      -2.3025851       -2.3025851      0.97726411                                                          0.97726411
              2      -2.2447492      0.31710596      -2.3025851       -2.3025851      0.11567177                                                          0.11567177
              1     -0.82266018      0.32558765      -2.3025851       -2.3025851       2.9598498                                                           2.9598498
              1     -0.78252145      0.32572877      -2.3025851       -2.3025851       3.0401273                                                           3.0401273
              2      -2.2542253      0.31306506      -2.3025851       -2.3025851     0.096719675                                                         0.096719675
              1       -2.260062      0.31318585      -2.3025851       -2.3025851     0.085046247                                                         0.085046247
              2      -2.3014743       0.3152922      -2.3025851       -2.3025851    0.0022216015                                                        0.0022216015
              1      -2.2522484      0.31696377      -2.3025851       -2.3025851      0.10067329                                                          0.10067329
              7        -2.09625      0.31897621      -2.3025851       -2.3025851       0.4126702                                                           0.4126702
              3      -2.2844541      0.31618095      -2.3025851       -2.3025851     0.036262073                                                         0.036262073
              1      -2.1232776      0.31126925      -2.3025851       -2.3025851      0.35861498                                                          0.35861498
              1      -1.2525503      0.30592741      -2.3025851       -2.3025851       2.1000695                                                           2.1000695
              2      -2.1351017      0.31139478      -2.3025851       -2.3025851      0.33496669                                                          0.33496669
              1       -1.840496      0.30899817      -2.3025851       -2.3025851      0.92417824                                                          0.92417824
              1      -2.2631462      0.31325321      -2.3025851       -2.3025851     0.078877702                                                         0.078877702
              2      -2.2937676      0.31417495      -2.3025851       -2.3025851     0.017635051                                                         0.017635051
              1      -2.3025261      0.31493224      -2.3025851       -2.3025851   0.00011798571                                                       0.00011798571
              2      -2.2297454      0.31262512      -2.3025851       -2.3025851      0.14567932                                                          0.14567932
              1      -1.0025135      0.30489507      -2.3025851       -2.3025851       2.6001432                                                           2.6001432
              1      -1.1904162      0.32418918      -2.3025851       -2.3025851       2.2243378                                                           2.2243378
              1      -1.9235685      0.32038237      -2.3025851       -2.3025851      0.75803322                                                          0.75803322
              1        -2.18116       0.3180533      -2.3025851       -2.3025851       0.2428501                                                           0.2428501
              1      -2.0176215      0.31967008      -2.3025851       -2.3025851      0.56992722                                                          0.56992722
              1      -1.9549592       0.3097984      -2.3025851       -2.3025851      0.69525188                                                          0.69525188
              1      -2.1517037      0.31840219      -2.3025851       -2.3025851      0.30176279                                                          0.30176279
              1      -2.0359248       0.3104469      -2.3025851       -2.3025851      0.53332049                                                          0.53332049
              1      -1.8425811      0.30901179      -2.3025851       -2.3025851      0.92000794                                                          0.92000794
              1      -2.2991871      0.31448675      -2.3025851       -2.3025851    0.0067960462                                                        0.0067960462
              1      -2.2532863      0.31304672      -2.3025851       -2.3025851     0.098597579                                                         0.098597579
              1      -2.2084262      0.31229891      -2.3025851       -2.3025851      0.18831784                                                          0.18831784
              3      -2.2597943      0.31318015      -2.3025851       -2.3025851     0.085581608                                                         0.085581608
              2      -2.1161574      0.31119509      -2.3025851       -2.3025851      0.37285537                                                          0.37285537
              1      -2.0754471      0.31079893      -2.3025851       -2.3025851      0.45427608                                                          0.45427608
              1      -1.6756348      0.32191324      -2.3025851       -2.3025851       1.2539005                                                           1.2539005
              1      -2.0044967      0.31018509      -2.3025851       -2.3025851      0.59617686                                                          0.59617686
              1      -1.9809715      0.31995985      -2.3025851       -2.3025851      0.64322728                                                          0.64322728
              1      -2.3000879       0.3154386      -2.3025851       -2.3025851    0.0049943258                                                        0.0049943258
              1      -2.2654853      0.31330575      -2.3025851       -2.3025851      0.07419958                                                          0.07419958
              1      -2.2942013      0.31580391      -2.3025851       -2.3025851     0.016767614                                                         0.016767614
              2      -2.3025201      0.31492887      -2.3025851       -2.3025851   0.00012995955                                                       0.00012995955
              1      -2.2337482      0.31269167      -2.3025851       -2.3025851      0.13767378                                                          0.13767378
              1      -2.1906672      0.31205293      -2.3025851       -2.3025851       0.2238358                                                           0.2238358
              2      -1.9405232      0.32026108      -2.3025851       -2.3025851      0.72412384                                                          0.72412384
              1      -2.3025727      0.31496902      -2.3025851       -2.3025851   2.4876037e-05                                                       2.4876037e-05
              1      -2.3022983      0.31485139      -2.3025851       -2.3025851    0.0005735422                                                        0.0005735422
              1      -2.0198618      0.31031093      -2.3025851       -2.3025851      0.56544656                                                          0.56544656
              2      -2.1263626      0.31130195      -2.3025851       -2.3025851      0.35244501                                                          0.35244501
              2      -1.7865519      0.30865598      -2.3025851       -2.3025851       1.0320665                                                           1.0320665
              1       -1.940316      0.30969023      -2.3025851       -2.3025851      0.72453821                                                          0.72453821
              1      -2.2705465      0.31342658      -2.3025851       -2.3025851      0.06407728                                                          0.06407728
              1        -2.05273      0.31059302      -2.3025851       -2.3025851      0.49971026                                                          0.49971026
              2      -2.2929009      0.31413528      -2.3025851       -2.3025851     0.019368336                                                         0.019368336
              1      -1.8629452      0.30914694      -2.3025851       -2.3025851      0.87927979                                                          0.87927979
              1      -1.7289902      0.30830902      -2.3025851       -2.3025851       1.1471899                                                           1.1471899
              2      -2.2711087      0.31655504      -2.3025851       -2.3025851     0.062952697                                                         0.062952697
              2      -2.1181305      0.31876043      -2.3025851       -2.3025851      0.36890909                                                          0.36890909
              3      -2.3022706      0.31515497      -2.3025851       -2.3025851   0.00062906509                                                       0.00062906509
              2      -2.1518231      0.31840085      -2.3025851       -2.3025851      0.30152401                                                          0.30152401
              1      -1.3247723      0.32362069      -2.3025851       -2.3025851       1.9556257                                                           1.9556257
              1      -1.8538694      0.32085438      -2.3025851       -2.3025851      0.89743131                                                          0.89743131
              4     -0.91660151      0.32524886      -2.3025851       -2.3025851       2.7719672                                                           2.7719672
              1      -2.0938468      0.31097353      -2.3025851       -2.3025851      0.41747651                                                          0.41747651
              3      -1.8593935      0.30912292      -2.3025851       -2.3025851      0.88638318                                                          0.88638318
              2      -2.2983488       0.3155714      -2.3025851       -2.3025851    0.0084725544                                                        0.0084725544
              1     -0.60501954      0.32633226      -2.3025851       -2.3025851       3.3951311                                                           3.3951311
              2      -2.2319216      0.31732945      -2.3025851       -2.3025851      0.14132693                                                          0.14132693
              1      -2.2978713      0.31439685      -2.3025851       -2.3025851    0.0094276015                                                        0.0094276015
              3      -2.0351346      0.31044013      -2.3025851       -2.3025851       0.5349009                                                           0.5349009
              1      -1.9115434       0.3094823      -2.3025851       -2.3025851      0.78208345                                                          0.78208345
              2      -1.7434331      0.30839475      -2.3025851       -2.3025851       1.1183039                                                           1.1183039
              1      -1.5590492      0.30737558      -2.3025851       -2.3025851       1.4870719                                                           1.4870719
              1      -1.1896816      0.30565715      -2.3025851       -2.3025851        2.225807                                                            2.225807
              1     -0.77280471       0.3040302      -2.3025851       -2.3025851       3.0595608                                                           3.0595608
              2      -2.2218364      0.31250013      -2.3025851       -2.3025851      0.16149746                                                          0.16149746
              5      -2.0783793      0.31082619      -2.3025851       -2.3025851      0.44841158                                                          0.44841158
              1      -2.2810513      0.31371026      -2.3025851       -2.3025851     0.043067615                                                         0.043067615
              1      -2.2481427      0.31704332      -2.3025851       -2.3025851      0.10888472                                                          0.10888472
              1      -2.2611645      0.31320989      -2.3025851       -2.3025851     0.082841218                                                         0.082841218
              2      -1.1070366      0.30531352      -2.3025851       -2.3025851       2.3910971                                                           2.3910971
              2      -2.1754134      0.31812447      -2.3025851       -2.3025851      0.25434339                                                          0.25434339
              1      -1.2943035      0.32375286      -2.3025851       -2.3025851       2.0165632                                                           2.0165632
              3     0.087718042      0.30125176      -2.3025851       -2.3025851       4.7806063                                                           4.7806063
              3        0.910543      0.29902579      -2.3025851       -2.3025851       6.4262562                                                           6.4262562
              1      -1.4551096      0.30685585      -2.3025851       -2.3025851       1.6949511                                                           1.6949511
              3      -2.2548825      0.31691187      -2.3025851       -2.3025851     0.095405117                                                         0.095405117
              2      0.45603016      0.32940868      -2.3025851       -2.3025851       5.5172305                                                           5.5172305
              1      -2.0961468      0.31099586      -2.3025851       -2.3025851      0.41287652                                                          0.41287652
              4      -1.8126701      0.32111517      -2.3025851       -2.3025851      0.97982997                                                          0.97982997
              2      -2.2453943      0.31709417      -2.3025851       -2.3025851      0.11438166                                                          0.11438166
              1      -2.3009695      0.31535247      -2.3025851       -2.3025851     0.003231107                                                         0.003231107
              3      -2.3012426      0.31467826      -2.3025851       -2.3025851    0.0026850465                                                        0.0026850465
              1      -2.2697108      0.31658903      -2.3025851       -2.3025851     0.065748647                                                         0.065748647
              1      -2.2874094      0.31391702      -2.3025851       -2.3025851     0.030351454                                                         0.030351454
              1      -2.1607494      0.31168321      -2.3025851       -2.3025851      0.28367135                                                          0.28367135
              2      -1.9846774      0.31002648      -2.3025851       -2.3025851      0.63581532                                                          0.63581532
              4      -2.2498021      0.31701209      -2.3025851       -2.3025851      0.10556594                                                          0.10556594
              1     -0.94449171       0.3251461      -2.3025851       -2.3025851       2.7161868                                                           2.7161868
              1     -0.74938187       0.3039449      -2.3025851       -2.3025851       3.1064065                                                           3.1064065
              2      -2.2874698      0.31607858      -2.3025851       -2.3025851     0.030230524                                                         0.030230524
              3      -1.5272195      0.32268294      -2.3025851       -2.3025851       1.5507312                                                           1.5507312
              3      -2.0566079      0.31934018      -2.3025851       -2.3025851      0.49195433                                                          0.49195433
              2      -2.1061834       0.3188801      -2.3025851       -2.3025851      0.39280334                                                          0.39280334
              2      -2.2656688      0.31668359      -2.3025851       -2.3025851     0.073832639                                                         0.073832639
              1      -2.2707597      0.31343136      -2.3025851       -2.3025851     0.063650772                                                         0.063650772
              1      -2.0118468      0.31971689      -2.3025851       -2.3025851      0.58147663                                                          0.58147663
              6      -2.1571131      0.31834094      -2.3025851       -2.3025851      0.29094407                                                          0.29094407
              1      -2.2653772      0.31669024      -2.3025851       -2.3025851      0.07441587                                                          0.07441587
              4      -2.2681321      0.31336778      -2.3025851       -2.3025851     0.068906061                                                         0.068906061
              1       -2.294206      0.31419581      -2.3025851       -2.3025851     0.016758088                                                         0.016758088
              2      -2.3025104      0.31507565      -2.3025851       -2.3025851   0.00014942828                                                       0.00014942828
              2      -1.9474497      0.32021073      -2.3025851       -2.3025851       0.7102707                                                           0.7102707
              2      -2.3025567      0.31504681      -2.3025851       -2.3025851   5.6819415e-05                                                       5.6819415e-05
              5     -0.75044772      0.32584041      -2.3025851       -2.3025851       3.1042747                                                           3.1042747
              1      -1.5457406      0.32259108      -2.3025851       -2.3025851        1.513689                                                            1.513689
              1      -1.7710625      0.30856032      -2.3025851       -2.3025851       1.0630451                                                           1.0630451
              2      -2.2064926      0.31227144      -2.3025851       -2.3025851      0.19218501                                                          0.19218501
              3       -2.291696      0.31408308      -2.3025851       -2.3025851     0.021778191                                                         0.021778191
              1      -2.1092799      0.31884941      -2.3025851       -2.3025851      0.38661039                                                          0.38661039
              4       -2.284393       0.3138143      -2.3025851       -2.3025851     0.036384277                                                         0.036384277
              2      -1.5846203      0.30750924      -2.3025851       -2.3025851       1.4359295                                                           1.4359295
              3      -2.0666516       0.3192512      -2.3025851       -2.3025851      0.47186702                                                          0.47186702
              1      -1.8219736      0.32105674      -2.3025851       -2.3025851      0.96122295                                                          0.96122295
              1      -2.2527285      0.31303567      -2.3025851       -2.3025851     0.099713139                                                         0.099713139
              1      -2.2736102      0.31649283      -2.3025851       -2.3025851     0.057949875                                                         0.057949875
              3      -1.9839476      0.31993722      -2.3025851       -2.3025851      0.63727504                                                          0.63727504
              1      -2.2461253      0.31290894      -2.3025851       -2.3025851       0.1129196                                                           0.1129196
              2      -2.3016381       0.3152702      -2.3025851       -2.3025851    0.0018939272                                                        0.0018939272
              1      -1.9450541      0.30972509      -2.3025851       -2.3025851      0.71506208                                                          0.71506208
              2      -0.4246386      0.30283207      -2.3025851       -2.3025851        3.755893                                                            3.755893
              1       -1.596653      0.30757246      -2.3025851       -2.3025851       1.4118642                                                           1.4118642
              1      -2.1339266      0.31138174      -2.3025851       -2.3025851      0.33731693                                                          0.33731693
              1      -2.3025851      0.31499827      -2.3025851       -2.3025851   7.6694548e-08                                                       7.6694548e-08
              1      -2.0435068      0.31051267      -2.3025851       -2.3025851      0.51815665                                                          0.51815665
              1      -2.1165995      0.31877606      -2.3025851       -2.3025851      0.37197128                                                          0.37197128
              7       -2.257423      0.31313036      -2.3025851       -2.3025851     0.090324149                                                         0.090324149
              2      -2.2854111      0.31614933      -2.3025851       -2.3025851     0.034348048                                                         0.034348048
              1      -2.2282274       0.3126001      -2.3025851       -2.3025851      0.14871536                                                          0.14871536
              1      -2.2757747      0.31356028      -2.3025851       -2.3025851       0.0536207                                                           0.0536207
              1      -1.8412655      0.30900321      -2.3025851       -2.3025851      0.92263925                                                          0.92263925
              1     -0.37453672      0.30266865      -2.3025851       -2.3025851       3.8560967                                                           3.8560967
              1       0.1421409      0.30109381      -2.3025851       -2.3025851        4.889452                                                            4.889452
              1      -2.1489134      0.31154715      -2.3025851       -2.3025851       0.3073433                                                           0.3073433
              1      -1.8724125      0.32073223      -2.3025851       -2.3025851      0.86034518                                                          0.86034518
              1      -2.2189726      0.31753518      -2.3025851       -2.3025851      0.16722505                                                          0.16722505
              1      -2.0405896      0.31048761      -2.3025851       -2.3025851      0.52399105                                                          0.52399105
              1      -2.0255856      0.31035891      -2.3025851       -2.3025851      0.55399889                                                          0.55399889
              1      -2.2404992       0.3128075      -2.3025851       -2.3025851      0.12417188                                                          0.12417188
              1      -2.2452032       0.3128922      -2.3025851       -2.3025851      0.11476385                                                          0.11476385
              2        -2.00481      0.31977329      -2.3025851       -2.3025851      0.59555024                                                          0.59555024
              1      -2.1593704      0.31831505      -2.3025851       -2.3025851      0.28642929                                                          0.28642929
              2      -1.2743747      0.30602301      -2.3025851       -2.3025851       2.0564208                                                           2.0564208
              1     -0.22414514      0.30219108      -2.3025851       -2.3025851       4.1568799                                                           4.1568799
              1      -1.7196412      0.30825451      -2.3025851       -2.3025851       1.1658877                                                           1.1658877
              1      -2.1997071      0.31781132      -2.3025851       -2.3025851      0.20575604                                                          0.20575604
              2       -2.224793       0.3125456      -2.3025851       -2.3025851      0.15558422                                                          0.15558422
              1      -2.2945378      0.31578763      -2.3025851       -2.3025851      0.01609455                                                          0.01609455
              2      -2.1298611      0.31133806      -2.3025851       -2.3025851      0.34544808                                                          0.34544808
              1      -2.2799009      0.31632105      -2.3025851       -2.3025851     0.045368396                                                         0.045368396
              1     -0.41661796      0.30280561      -2.3025851       -2.3025851       3.7719343                                                           3.7719343
              2      -1.1755377      0.30559758      -2.3025851       -2.3025851       2.2540948                                                           2.2540948
              2      -2.0620414      0.31929212      -2.3025851       -2.3025851      0.48108739                                                          0.48108739
              1      -2.2776632      0.31638433      -2.3025851       -2.3025851     0.049843792                                                         0.049843792
              1      -2.2164063      0.31757374      -2.3025851       -2.3025851      0.17235765                                                          0.17235765
              3     -0.45612249      0.32681362      -2.3025851       -2.3025851       3.6929252                                                           3.6929252
              1      -1.2564006      0.32391448      -2.3025851       -2.3025851       2.0923691                                                           2.0923691
              1      -2.2950828      0.31423924      -2.3025851       -2.3025851     0.015004491                                                         0.015004491
              2      -2.0728496      0.31077569      -2.3025851       -2.3025851      0.45947102                                                          0.45947102
              1      -2.0518284      0.31938209      -2.3025851       -2.3025851      0.50151348                                                          0.50151348
              2      -2.1355665       0.3113998      -2.3025851       -2.3025851      0.33403713                                                          0.33403713
              1      -2.2792531      0.31365684      -2.3025851       -2.3025851        0.046664                                                            0.046664
              1      -2.2258139      0.31256183      -2.3025851       -2.3025851       0.1535423                                                           0.1535423
              2      -2.0733752      0.31919051      -2.3025851       -2.3025851      0.45841983                                                          0.45841983
              2      -2.2811192      0.31628447      -2.3025851       -2.3025851     0.042931803                                                         0.042931803
              4      -1.9188942      0.32041534      -2.3025851       -2.3025851      0.76738179                                                          0.76738179
              2      -1.9617525      0.30984947      -2.3025851       -2.3025851      0.68166524                                                          0.68166524
              4      -2.1086454      0.31111916      -2.3025851       -2.3025851       0.3878794                                                           0.3878794
              1      -2.2795583      0.31366609      -2.3025851       -2.3025851     0.046053626                                                         0.046053626
              1        -1.69155      0.30809316      -2.3025851       -2.3025851       1.2220702                                                           1.2220702
              1      -2.1439883      0.31149232      -2.3025851       -2.3025851      0.31719351                                                          0.31719351
              1      -2.2481508      0.31294757      -2.3025851       -2.3025851      0.10886852                                                          0.10886852
              1      -2.2699068       0.3165843      -2.3025851       -2.3025851     0.065356523                                                         0.065356523
              1      -1.6895227      0.32183624      -2.3025851       -2.3025851       1.2261248                                                           1.2261248
              1      -1.9801337      0.31996622      -2.3025851       -2.3025851      0.64490271                                                          0.64490271
              2      -1.8164795      0.30884317      -2.3025851       -2.3025851      0.97221124                                                          0.97221124
              1      -2.2205264      0.31751145      -2.3025851       -2.3025851      0.16411743                                                          0.16411743
              1       -1.743084      0.32153241      -2.3025851       -2.3025851       1.1190021                                                           1.1190021
              2      -2.0926588      0.31901047      -2.3025851       -2.3025851      0.41985267                                                          0.41985267
              1      -1.9790243      0.30998311      -2.3025851       -2.3025851      0.64712167                                                          0.64712167
              1      -2.2934237      0.31583968      -2.3025851       -2.3025851      0.01832282                                                          0.01832282
              1      -2.1692319      0.31178427      -2.3025851       -2.3025851      0.26670638                                                          0.26670638
              4       -2.152072       0.3115827      -2.3025851       -2.3025851       0.3010262                                                           0.3010262
              1     -0.53883716      0.30321149      -2.3025851       -2.3025851       3.5274959                                                           3.5274959
              1      -2.1871319      0.31200898      -2.3025851       -2.3025851      0.23090629                                                          0.23090629
              1      -1.8782236      0.32069373      -2.3025851       -2.3025851      0.84872305                                                          0.84872305
              1      -1.4489602      0.32305849      -2.3025851       -2.3025851       1.7072498                                                           1.7072498
              2      -1.0960892      0.32456809      -2.3025851       -2.3025851       2.4129918                                                           2.4129918
              1      -1.6879245      0.32184508      -2.3025851       -2.3025851       1.2293212                                                           1.2293212
              1     -0.83585998      0.32553911      -2.3025851       -2.3025851       2.9334502                                                           2.9334502
              1      -2.0019569      0.31016468      -2.3025851       -2.3025851      0.60125643                                                          0.60125643
              1      -2.2741224      0.31647975      -2.3025851       -2.3025851     0.056925472                                                         0.056925472
              1      -1.9443177      0.32023369      -2.3025851       -2.3025851      0.71653485                                                          0.71653485
              1      -1.8568231      0.30910566      -2.3025851       -2.3025851      0.89152402                                                          0.89152402
              2      -2.2907905       0.3159529      -2.3025851       -2.3025851     0.023589218                                                         0.023589218
              6      -2.3013076      0.31468613      -2.3025851       -2.3025851    0.0025550621                                                        0.0025550621
              2       -2.298281      0.31557595      -2.3025851       -2.3025851    0.0086082658                                                        0.0086082658
              2      -2.3011071      0.31533704      -2.3025851       -2.3025851    0.0029559515                                                        0.0029559515
              3      -1.5580276      0.32252984      -2.3025851       -2.3025851        1.489115                                                            1.489115
              1      -1.6888306      0.32184007      -2.3025851       -2.3025851       1.2275089                                                           1.2275089
              1      -1.7524431       0.3214781      -2.3025851       -2.3025851        1.100284                                                            1.100284
              2      -2.2999991      0.31455358      -2.3025851       -2.3025851    0.0051719104                                                        0.0051719104
              3      -2.0184371      0.31029909      -2.3025851       -2.3025851      0.56829596                                                          0.56829596
              3      -2.0824094      0.31910581      -2.3025851       -2.3025851      0.44035146                                                          0.44035146
              1      -2.1466995      0.31845794      -2.3025851       -2.3025851      0.31177109                                                          0.31177109
              1      -2.2911725      0.31406127      -2.3025851       -2.3025851      0.02282512                                                          0.02282512
              2      -2.1161339      0.31119487      -2.3025851       -2.3025851      0.37290245                                                          0.37290245
              1       -1.644415      0.30782961      -2.3025851       -2.3025851       1.3163401                                                           1.3163401
              1      -1.8184124      0.30885559      -2.3025851       -2.3025851      0.96834534                                                          0.96834534
              1      -1.7020199      0.30815264      -2.3025851       -2.3025851       1.2011304                                                           1.2011304
              1      -1.6857289      0.32185723      -2.3025851       -2.3025851       1.2337124                                                           1.2337124
              4      -1.7706429      0.30855776      -2.3025851       -2.3025851       1.0638844                                                           1.0638844
              1      -2.1112383      0.31882991      -2.3025851       -2.3025851      0.38269368                                                          0.38269368
              2      -1.5322951      0.32265785      -2.3025851       -2.3025851         1.54058                                                             1.54058
              1      -2.1525929      0.31839256      -2.3025851       -2.3025851       0.2999844                                                           0.2999844
              1     -0.84483048      0.32550707      -2.3025851       -2.3025851       2.9155092                                                           2.9155092
              1      -1.1888987      0.32419539      -2.3025851       -2.3025851       2.2273729                                                           2.2273729
              3      -1.9810255      0.31995942      -2.3025851       -2.3025851       0.6431191                                                           0.6431191
              1      -2.0863395      0.31906911      -2.3025851       -2.3025851      0.43249127                                                          0.43249127
              1      -2.2736661       0.3164914      -2.3025851       -2.3025851     0.057837959                                                         0.057837959
              1      -2.2927656      0.31586945      -2.3025851       -2.3025851     0.019639069                                                         0.019639069
              1      -2.1904309      0.31793443      -2.3025851       -2.3025851      0.22430833                                                          0.22430833
              3      -1.8273144      0.32102315      -2.3025851       -2.3025851      0.95054132                                                          0.95054132
              1      -1.5637954      0.32250069      -2.3025851       -2.3025851       1.4775795                                                           1.4775795
              1      -1.2486639      0.32394714      -2.3025851       -2.3025851       2.1078424                                                           2.1078424
              1      -1.8876465      0.32063055      -2.3025851       -2.3025851      0.82987726                                                          0.82987726
              1      -2.0425481      0.31946214      -2.3025851       -2.3025851      0.52007389                                                          0.52007389
              1      -1.8369491      0.30897506      -2.3025851       -2.3025851      0.93127191                                                          0.93127191
              2      -1.8560745      0.32083984      -2.3025851       -2.3025851      0.89302123                                                          0.89302123
              1      -2.0832593      0.31087192      -2.3025851       -2.3025851      0.43865159                                                          0.43865159
              1      -2.2849627      0.31616428      -2.3025851       -2.3025851     0.035244696                                                         0.035244696
              2      -2.2371245      0.31724136      -2.3025851       -2.3025851      0.13092113                                                          0.13092113
              1      -2.2842731      0.31381038      -2.3025851       -2.3025851     0.036624022                                                         0.036624022
              1      -2.2397791      0.31279504      -2.3025851       -2.3025851      0.12561196                                                          0.12561196
              1      -2.1456795      0.31846918      -2.3025851       -2.3025851      0.31381118                                                          0.31381118
              2      -2.2584843      0.31315249      -2.3025851       -2.3025851      0.08820159                                                          0.08820159
              4      -1.8220797      0.32105607      -2.3025851       -2.3025851      0.96101081                                                          0.96101081
              1      -2.2967183       0.3156716      -2.3025851       -2.3025851     0.011733506                                                         0.011733506
              1       -2.292488      0.31588161      -2.3025851       -2.3025851     0.020194218                                                         0.020194218
              1      -1.9339859      0.32030833      -2.3025851       -2.3025851      0.73719835                                                          0.73719835
              1      -1.5724778      0.30744516      -2.3025851       -2.3025851       1.4602145                                                           1.4602145
              3      -1.2456044      0.30589738      -2.3025851       -2.3025851       2.1139615                                                           2.1139615
              4     -0.68114516      0.30370257      -2.3025851       -2.3025851       3.2428799                                                           3.2428799
              3      -1.5538879      0.32255034      -2.3025851       -2.3025851       1.4973943                                                           1.4973943
              1      -2.1880688      0.31202121      -2.3025851       -2.3025851       0.2290325                                                           0.2290325
              1      -2.0732122      0.31077906      -2.3025851       -2.3025851      0.45874584                                                          0.45874584
              1      -1.4985372      0.32282228      -2.3025851       -2.3025851       1.6080958                                                           1.6080958
              1      -2.2505736      0.31699663      -2.3025851       -2.3025851      0.10402289                                                          0.10402289
              2      -2.1392736      0.31144037      -2.3025851       -2.3025851      0.32662296                                                          0.32662296
              2     -0.90487644      0.32529195      -2.3025851       -2.3025851       2.7954173                                                           2.7954173
              2      -1.0327993      0.32481338      -2.3025851       -2.3025851       2.5395715                                                           2.5395715
              1      -1.9115214      0.32046665      -2.3025851       -2.3025851      0.78212744                                                          0.78212744
              2      -2.1940559      0.31209794      -2.3025851       -2.3025851      0.21705829                                                          0.21705829
              1      -1.6329239      0.30776759      -2.3025851       -2.3025851       1.3393223                                                           1.3393223
              4      -1.5453193      0.30730538      -2.3025851       -2.3025851       1.5145315                                                           1.5145315
              1      -2.2090123      0.31230735      -2.3025851       -2.3025851      0.18714561                                                          0.18714561
              2      -2.0836152      0.31087533      -2.3025851       -2.3025851      0.43793973                                                          0.43793973
              2      -2.2873743      0.31391535      -2.3025851       -2.3025851     0.030421617                                                         0.030421617
              3      -2.3007637      0.31462516      -2.3025851       -2.3025851    0.0036426922                                                        0.0036426922
              1      -1.8487796      0.30905223      -2.3025851       -2.3025851      0.90761107                                                          0.90761107
              2      -2.2996451      0.31547585      -2.3025851       -2.3025851     0.005880075                                                         0.005880075
              1        -1.86271      0.32079627      -2.3025851       -2.3025851      0.87975013                                                          0.87975013
              3      -2.3015888      0.31527714      -2.3025851       -2.3025851     0.001992617                                                         0.001992617
              1      -2.3025845      0.31500675      -2.3025851       -2.3025851   1.1958717e-06                                                       1.1958717e-06
              1      -1.6314231      0.32215139      -2.3025851       -2.3025851        1.342324                                                            1.342324
              1      -2.0268375      0.31959435      -2.3025851       -2.3025851      0.55149525                                                          0.55149525
              1      -2.2977813      0.31439111      -2.3025851       -2.3025851    0.0096076541                                                        0.0096076541
              1      -2.1586551      0.31832316      -2.3025851       -2.3025851      0.28785998                                                          0.28785998
              1      -1.7259773      0.30829149      -2.3025851       -2.3025851       1.1532156                                                           1.1532156
              2      -2.2950187      0.31423599      -2.3025851       -2.3025851     0.015132724                                                         0.015132724
              1      -2.1884607      0.31795991      -2.3025851       -2.3025851      0.22824883                                                          0.22824883
              1      -1.7216426      0.30826619      -2.3025851       -2.3025851       1.1618849                                                           1.1618849
              1      -2.0697939      0.31074759      -2.3025851       -2.3025851      0.46558246                                                          0.46558246
              1      -1.7365278      0.32157038      -2.3025851       -2.3025851       1.1321146                                                           1.1321146
              1      -1.8049202      0.32116326      -2.3025851       -2.3025851      0.99532974                                                          0.99532974
              1      -1.3377281      0.32356409      -2.3025851       -2.3025851       1.9297141                                                           1.9297141
              2      -1.7145962      0.32169589      -2.3025851       -2.3025851       1.1759778                                                           1.1759778
              1      -2.2829361      0.31622919      -2.3025851       -2.3025851     0.039297987                                                         0.039297987
              2      -1.9257007      0.30958306      -2.3025851       -2.3025851      0.75376874                                                          0.75376874
              2      -2.2465072      0.31707373      -2.3025851       -2.3025851      0.11215577                                                          0.11215577
              2        -2.27249      0.31652136      -2.3025851       -2.3025851     0.060190275                                                         0.060190275
              1      -2.3024992       0.3149184      -2.3025851       -2.3025851   0.00017187465                                                       0.00017187465
              4      -1.5838342      0.30750509      -2.3025851       -2.3025851       1.4375018                                                           1.4375018
              1      -2.2990575      0.31552123      -2.3025851       -2.3025851    0.0070551522                                                        0.0070551522
              1      -2.3008872      0.31463817      -2.3025851       -2.3025851    0.0033958303                                                        0.0033958303
              6      -2.2486568      0.31295702      -2.3025851       -2.3025851      0.10785662                                                          0.10785662
              2      -2.2575266      0.31313252      -2.3025851       -2.3025851     0.090117052                                                         0.090117052
              1      -1.0372981      0.30503262      -2.3025851       -2.3025851       2.5305741                                                           2.5305741
              1      -1.9971267      0.31012562      -2.3025851       -2.3025851      0.61091685                                                          0.61091685
              4      -1.5942619      0.30756008      -2.3025851       -2.3025851       1.4166465                                                           1.4166465
              1      0.17259053      0.30100652      -2.3025851       -2.3025851       4.9503512                                                           4.9503512
              1     -0.76395079      0.30399812      -2.3025851       -2.3025851       3.0772686                                                           3.0772686
              1      -1.8133574      0.32111064      -2.3025851       -2.3025851      0.97845548                                                          0.97845548
              1      -1.1141498      0.32449643      -2.3025851       -2.3025851       2.3768706                                                           2.3768706
              1      -2.1172604      0.31876937      -2.3025851       -2.3025851      0.37064943                                                          0.37064943
              2      -2.2913351      0.31593038      -2.3025851       -2.3025851     0.022500081                                                         0.022500081
              1       -2.155039      0.31161667      -2.3025851       -2.3025851      0.29509217                                                          0.29509217
              2      -2.2431052       0.3128541      -2.3025851       -2.3025851      0.11895983                                                          0.11895983
              2     -0.87823877      0.30441813      -2.3025851       -2.3025851       2.8486927                                                           2.8486927
              1      -2.2759062      0.31356379      -2.3025851       -2.3025851     0.053357814                                                         0.053357814
              1      -2.2933966      0.31415771      -2.3025851       -2.3025851     0.018376943                                                         0.018376943
              7      -2.2603929      0.31319314      -2.3025851       -2.3025851     0.084384419                                                         0.084384419
              4       -2.300449        0.314594      -2.3025851       -2.3025851    0.0042721839                                                        0.0042721839
              2      -2.3018278      0.31475816      -2.3025851       -2.3025851    0.0015146211                                                        0.0015146211
              1      -2.3021527      0.31481777      -2.3025851       -2.3025851   0.00086479721                                                       0.00086479721
              1       -1.275957      0.30603001      -2.3025851       -2.3025851       2.0532563                                                           2.0532563
              2      -2.0701642      0.31075096      -2.3025851       -2.3025851      0.46484184                                                          0.46484184
              1      -2.0031837       0.3197862      -2.3025851       -2.3025851      0.59880286                                                          0.59880286
              1      -1.9266089      0.32036081      -2.3025851       -2.3025851      0.75195235                                                          0.75195235
              1      -1.8986864      0.32055539      -2.3025851       -2.3025851      0.80779737                                                          0.80779737
              1      -1.9581681      0.32013223      -2.3025851       -2.3025851      0.68883395                                                          0.68883395
              1      -2.2932133       0.3158493      -2.3025851       -2.3025851     0.018743679                                                         0.018743679
              4      -2.0013932      0.31980044      -2.3025851       -2.3025851      0.60238385                                                          0.60238385
              1      -2.2990982      0.31448009      -2.3025851       -2.3025851     0.006973871                                                         0.006973871
              1      -2.2668329      0.31333721      -2.3025851       -2.3025851     0.071504384                                                         0.071504384
              1      -2.2816719      0.31626824      -2.3025851       -2.3025851     0.041826315                                                         0.041826315
              1      -2.2575979      0.31685589      -2.3025851       -2.3025851     0.089974381                                                         0.089974381
              3      -2.3020776      0.31519743      -2.3025851       -2.3025851    0.0010150062                                                        0.0010150062
              1      -2.2937521      0.31582472      -2.3025851       -2.3025851     0.017665923                                                         0.017665923
              2      -2.2605979      0.31319738      -2.3025851       -2.3025851     0.083974332                                                         0.083974332
              2       -2.301961      0.31521937      -2.3025851       -2.3025851    0.0012482542                                                        0.0012482542
              1      -2.3012206      0.31467563      -2.3025851       -2.3025851    0.0027290788                                                        0.0027290788
              1       -1.907025      0.30945053      -2.3025851       -2.3025851      0.79112017                                                          0.79112017
              2      -1.3199177      0.32364174      -2.3025851       -2.3025851       1.9653348                                                           1.9653348
              2      -2.1289315      0.31864929      -2.3025851       -2.3025851      0.34730726                                                          0.34730726
              1      -2.2603471      0.31319215      -2.3025851       -2.3025851     0.084475912                                                         0.084475912
              2      -2.1887268      0.31795645      -2.3025851       -2.3025851      0.22771651                                                          0.22771651
              1      -1.2859237      0.30607445      -2.3025851       -2.3025851       2.0333228                                                           2.0333228
              3       -1.154272      0.30550887      -2.3025851       -2.3025851       2.2966261                                                           2.2966261
              1      -1.0405091      0.30504541      -2.3025851       -2.3025851        2.524152                                                            2.524152
              3      -2.2419435      0.31715696      -2.3025851       -2.3025851       0.1212832                                                           0.1212832
              1      -2.0713344      0.31076179      -2.3025851       -2.3025851      0.46250138                                                          0.46250138
              2      -1.0152529      0.30494509      -2.3025851       -2.3025851       2.5746644                                                           2.5746644
              1      -1.7976261      0.30872479      -2.3025851       -2.3025851        1.009918                                                            1.009918
              1      -0.9870995       0.3048342      -2.3025851       -2.3025851       2.6309712                                                           2.6309712
              3      -1.5763384      0.30746532      -2.3025851       -2.3025851       1.4524933                                                           1.4524933
              1      -2.1104295      0.31113711      -2.3025851       -2.3025851      0.38431126                                                          0.38431126
              1      -1.2726068      0.30601521      -2.3025851       -2.3025851       2.0599566                                                           2.0599566
              1      -1.9471774      0.32021268      -2.3025851       -2.3025851      0.71081537                                                          0.71081537
              2      -2.2408721      0.31281412      -2.3025851       -2.3025851      0.12342604                                                          0.12342604
              3      -2.3016962      0.31526178      -2.3025851       -2.3025851    0.0017776864                                                        0.0017776864
              1      -2.2592527      0.31682215      -2.3025851       -2.3025851     0.086664699                                                         0.086664699
              3      -1.7214294      0.30826493      -2.3025851       -2.3025851       1.1623114                                                           1.1623114
              2      -2.2987994      0.31553994      -2.3025851       -2.3025851       0.0075713                                                           0.0075713
              1      -2.0986468      0.31895331      -2.3025851       -2.3025851      0.40787652                                                          0.40787652
              6       -2.175964      0.31811773      -2.3025851       -2.3025851      0.25324216                                                          0.25324216
              2      -2.1779935      0.31809309      -2.3025851       -2.3025851      0.24918327                                                          0.24918327
              1      -2.1855694      0.31799711      -2.3025851       -2.3025851      0.23403136                                                          0.23403136
              1      -2.2947999      0.31422473      -2.3025851       -2.3025851     0.015570467                                                         0.015570467
              3      -1.7305975      0.30831856      -2.3025851       -2.3025851       1.1439751                                                           1.1439751
              1      -2.2874099      0.31608072      -2.3025851       -2.3025851     0.030350439                                                         0.030350439
              1      -1.2417566      0.32397626      -2.3025851       -2.3025851       2.1216569                                                           2.1216569
              1      -2.2201613      0.31751699      -2.3025851       -2.3025851      0.16484751                                                          0.16484751
              5      -2.2683226      0.31337235      -2.3025851       -2.3025851     0.068525046                                                         0.068525046
              1      -1.8713437      0.30920381      -2.3025851       -2.3025851      0.86248273                                                          0.86248273
              4      -2.3015124      0.31528712      -2.3025851       -2.3025851    0.0021454738                                                        0.0021454738
              2      -2.2928638      0.31586511      -2.3025851       -2.3025851     0.019442575                                                         0.019442575
              1      -1.9087374      0.32048599      -2.3025851       -2.3025851      0.78769535                                                          0.78769535
              1      -2.2207721       0.3175077      -2.3025851       -2.3025851      0.16362597                                                          0.16362597
              2      -1.7881908      0.30866635      -2.3025851       -2.3025851       1.0287887                                                           1.0287887
              1     -0.88078674      0.30442791      -2.3025851       -2.3025851       2.8435967                                                           2.8435967
              1      -1.1661584      0.30555871      -2.3025851       -2.3025851       2.2728534                                                           2.2728534
              3      -2.0211696      0.31964099      -2.3025851       -2.3025851      0.56283098                                                          0.56283098
              2      -1.7677142      0.32138848      -2.3025851       -2.3025851       1.0697417                                                           1.0697417
              1      -1.9990403       0.3198193      -2.3025851       -2.3025851      0.60708958                                                          0.60708958
              1      -1.7586714      0.30848566      -2.3025851       -2.3025851       1.0878273                                                           1.0878273
              2      -2.1664431      0.31175062      -2.3025851       -2.3025851      0.27228391                                                          0.27228391
              1      -2.0791053      0.31083295      -2.3025851       -2.3025851      0.44695967                                                          0.44695967
              2      -1.9278483       0.3095969      -2.3025851       -2.3025851      0.74947357                                                          0.74947357
              1      -2.2327778      0.31731547      -2.3025851       -2.3025851      0.13961452                                                          0.13961452
              1      -2.0247785      0.31035212      -2.3025851       -2.3025851      0.55561328                                                          0.55561328
              1      -2.1049326      0.31108213      -2.3025851       -2.3025851      0.39530507                                                          0.39530507
              1      -2.3021143      0.31519014      -2.3025851       -2.3025851   0.00094168267                                                       0.00094168267
              2      -1.6872952      0.30806908      -2.3025851       -2.3025851       1.2305799                                                           1.2305799
              2      -1.9039813      0.30942902      -2.3025851       -2.3025851      0.79720765                                                          0.79720765
              2     -0.68047902      0.30370022      -2.3025851       -2.3025851       3.2442122                                                           3.2442122
              1      0.13129238      0.30112462      -2.3025851       -2.3025851       4.8677549                                                           4.8677549
              3      -2.2987566      0.31554299      -2.3025851       -2.3025851    0.0076569775                                                        0.0076569775
