#        weight    minuslogpost         Omega_m             A_s   minuslogprior minuslogprior__0            chi2 chi2__functions_and_classes.SO_x_DESI_Likelihood_w_emulator
              1      -2088.0575       0.3332083   2.1569174e-09      -23.025851       -23.025851      -4130.0633                                                  -4130.0633
              1      -2087.9677      0.33248529   2.1822746e-09      -23.025851       -23.025851      -4129.8837                                                  -4129.8837
              2      -2087.5688      0.33705738    2.194172e-09      -23.025851       -23.025851      -4129.0858                                                  -4129.0858
              1       -2088.799      0.30820429     2.29742e-09      -23.025851       -23.025851      -4131.5463                                                  -4131.5463
              1      -2089.1656      0.30453343   2.1948363e-09      -23.025851       -23.025851      -4132.2795                                                  -4132.2795
              2      -2088.9804      0.31712216   2.1193436e-09      -23.025851       -23.025851      -4131.9092                                                  -4131.9092
              1       -2089.011      0.31589821   2.1227906e-09      -23.025851       -23.025851      -4131.9702                                                  -4131.9702
              1      -2089.0736      0.31537639    2.104262e-09      -23.025851       -23.025851      -4132.0954                                                  -4132.0954
              3      -2089.3614      0.31415547   1.9576703e-09      -23.025851       -23.025851      -4132.6711                                                  -4132.6711
              1      -2089.3966      0.31143832   1.9499381e-09      -23.025851       -23.025851      -4132.7416                                                  -4132.7416
              1      -2089.2907      0.31729532   1.9751617e-09      -23.025851       -23.025851      -4132.5297                                                  -4132.5297
              1      -2089.1124      0.30924428   2.1621102e-09      -23.025851       -23.025851      -4132.1731                                                  -4132.1731
              1      -2089.1315      0.30717007   2.1788886e-09      -23.025851       -23.025851      -4132.2114                                                  -4132.2114
              2      -2089.3196      0.30232821   2.1190318e-09      -23.025851       -23.025851      -4132.5875                                                  -4132.5875
              1      -2089.3516       0.2949899   2.1666538e-09      -23.025851       -23.025851      -4132.6514                                                  -4132.6514
              1      -2089.3411      0.29590104   2.1698041e-09      -23.025851       -23.025851      -4132.6304                                                  -4132.6304
              1      -2089.2707      0.29181239   2.2880581e-09      -23.025851       -23.025851      -4132.4897                                                  -4132.4897
              1       -2089.284      0.29312331   2.2597967e-09      -23.025851       -23.025851      -4132.5162                                                  -4132.5162
              1      -2089.1622      0.29797565   2.2823045e-09      -23.025851       -23.025851      -4132.2726                                                  -4132.2726
              1      -2089.1114      0.29890539   2.2975152e-09      -23.025851       -23.025851      -4132.1711                                                  -4132.1711
              1      -2089.2841      0.28204273    2.400586e-09      -23.025851       -23.025851      -4132.5164                                                  -4132.5164
              1      -2089.2847      0.28158544   2.4054128e-09      -23.025851       -23.025851      -4132.5177                                                  -4132.5177
              1      -2089.2925      0.28114773    2.401266e-09      -23.025851       -23.025851      -4132.5333                                                  -4132.5333
              1      -2089.1205      0.26841683   2.1201952e-09      -23.025851       -23.025851      -4132.1894                                                  -4132.1894
              3       -2089.201      0.27343929   2.0974463e-09      -23.025851       -23.025851      -4132.3503                                                  -4132.3503
              2      -2089.2645      0.27429985   2.1561621e-09      -23.025851       -23.025851      -4132.4772                                                  -4132.4772
              1      -2089.3611      0.28444363   2.2408131e-09      -23.025851       -23.025851      -4132.6705                                                  -4132.6705
              1       -2089.356      0.28253154   2.2637258e-09      -23.025851       -23.025851      -4132.6604                                                  -4132.6604
              2      -2089.3612      0.28397055   2.2409047e-09      -23.025851       -23.025851      -4132.6707                                                  -4132.6707
              1      -2089.1176      0.28891725   2.4365673e-09      -23.025851       -23.025851      -4132.1835                                                  -4132.1835
              1        -2089.14      0.28779844   2.4393958e-09      -23.025851       -23.025851      -4132.2284                                                  -4132.2284
              3      -2089.2913      0.28466849    2.358762e-09      -23.025851       -23.025851      -4132.5309                                                  -4132.5309
              1      -2089.2887      0.28466973   2.3618052e-09      -23.025851       -23.025851      -4132.5256                                                  -4132.5256
              1      -2089.3412      0.27729652   2.3203846e-09      -23.025851       -23.025851      -4132.6307                                                  -4132.6307
              1      -2089.3709      0.28477864   2.1871965e-09      -23.025851       -23.025851        -4132.69                                                    -4132.69
              1      -2089.3381      0.27844175   2.2049101e-09      -23.025851       -23.025851      -4132.6245                                                  -4132.6245
              1      -2089.3185      0.27759526   2.1746276e-09      -23.025851       -23.025851      -4132.5853                                                  -4132.5853
              1      -2089.3202      0.27738005   2.1836844e-09      -23.025851       -23.025851      -4132.5888                                                  -4132.5888
              1      -2089.2182      0.27094921   2.1684035e-09      -23.025851       -23.025851      -4132.3848                                                  -4132.3848
              1      -2089.2467      0.27803859   2.0565755e-09      -23.025851       -23.025851      -4132.4417                                                  -4132.4417
              1      -2089.3514      0.29515505   2.1650859e-09      -23.025851       -23.025851      -4132.6511                                                  -4132.6511
              1      -2089.3836      0.29259789   2.1326109e-09      -23.025851       -23.025851      -4132.7155                                                  -4132.7155
              1      -2089.3713      0.30744598   2.0156931e-09      -23.025851       -23.025851      -4132.6909                                                  -4132.6909
              2       -2089.058      0.31968883   2.0597311e-09      -23.025851       -23.025851      -4132.0643                                                  -4132.0643
              1      -2088.8948      0.31988653    2.115533e-09      -23.025851       -23.025851      -4131.7379                                                  -4131.7379
              1      -2089.2386      0.30722921   2.1200174e-09      -23.025851       -23.025851      -4132.4256                                                  -4132.4256
              1      -2089.3117       0.3090616   2.0501625e-09      -23.025851       -23.025851      -4132.5716                                                  -4132.5716
              2      -2089.2869      0.31025828   2.0533016e-09      -23.025851       -23.025851       -4132.522                                                   -4132.522
              1      -2089.2886      0.30725112   2.0870277e-09      -23.025851       -23.025851      -4132.5255                                                  -4132.5255
              1      -2089.3065      0.30831374   2.0620121e-09      -23.025851       -23.025851      -4132.5614                                                  -4132.5614
              1      -2089.1484       0.3140925   2.0865595e-09      -23.025851       -23.025851      -4132.2452                                                  -4132.2452
              1      -2089.3237      0.30974642   2.0327443e-09      -23.025851       -23.025851      -4132.5957                                                  -4132.5957
              1      -2089.3097      0.31384952    1.999608e-09      -23.025851       -23.025851      -4132.5677                                                  -4132.5677
              1      -2089.1569      0.31230533   2.1037358e-09      -23.025851       -23.025851      -4132.2621                                                  -4132.2621
              2      -2089.3803      0.29927383   2.0844105e-09      -23.025851       -23.025851      -4132.7089                                                  -4132.7089
              1      -2089.3762      0.29627142   2.1182451e-09      -23.025851       -23.025851      -4132.7007                                                  -4132.7007
              1      -2089.4016        0.293557   2.0388289e-09      -23.025851       -23.025851      -4132.7515                                                  -4132.7515
              1      -2089.4049      0.29457427   2.0353519e-09      -23.025851       -23.025851      -4132.7581                                                  -4132.7581
              1      -2089.3703      0.29437659   1.9154969e-09      -23.025851       -23.025851      -4132.6889                                                  -4132.6889
              1      -2089.4257      0.31129644   1.9127063e-09      -23.025851       -23.025851      -4132.7997                                                  -4132.7997
              1      -2089.4422      0.30997256   1.8868303e-09      -23.025851       -23.025851      -4132.8328                                                  -4132.8328
              1      -2089.4326      0.31934661   1.8388704e-09      -23.025851       -23.025851      -4132.8135                                                  -4132.8135
              1      -2089.4399       0.3097677   1.8945031e-09      -23.025851       -23.025851       -4132.828                                                   -4132.828
              1      -2089.4454      0.30790312   1.8623986e-09      -23.025851       -23.025851       -4132.839                                                   -4132.839
              1      -2089.4422      0.31482592   1.8593915e-09      -23.025851       -23.025851      -4132.8326                                                  -4132.8326
              1       -2089.353       0.3152348    1.953523e-09      -23.025851       -23.025851      -4132.6543                                                  -4132.6543
              1      -2089.2403      0.31817669   1.9944657e-09      -23.025851       -23.025851      -4132.4289                                                  -4132.4289
              1      -2089.2805      0.31205079   2.0384825e-09      -23.025851       -23.025851      -4132.5094                                                  -4132.5094
              1      -2089.2347      0.31397727   2.0440848e-09      -23.025851       -23.025851      -4132.4178                                                  -4132.4178
              1      -2089.1922      0.31299088   2.0780039e-09      -23.025851       -23.025851      -4132.3328                                                  -4132.3328
              1      -2089.1204       0.3166352   2.0694631e-09      -23.025851       -23.025851       -4132.189                                                   -4132.189
              2      -2088.9539        0.317828   2.1203588e-09      -23.025851       -23.025851      -4131.8561                                                  -4131.8561
              1      -2089.0193      0.31158927   2.1726138e-09      -23.025851       -23.025851       -4131.987                                                   -4131.987
              1      -2089.3965      0.29250741    2.030992e-09      -23.025851       -23.025851      -4132.7413                                                  -4132.7413
              1       -2089.412      0.29726011   1.9669551e-09      -23.025851       -23.025851      -4132.7722                                                  -4132.7722
              1      -2089.3801      0.28967769   2.0385832e-09      -23.025851       -23.025851      -4132.7086                                                  -4132.7086
              1      -2089.1777      0.28059821   1.9424697e-09      -23.025851       -23.025851      -4132.3037                                                  -4132.3037
              1      -2089.3029      0.28628192    1.967428e-09      -23.025851       -23.025851      -4132.5542                                                  -4132.5542
              1      -2089.3085      0.28437754   2.0107959e-09      -23.025851       -23.025851      -4132.5654                                                  -4132.5654
              1      -2089.3785      0.28846897    2.065691e-09      -23.025851       -23.025851      -4132.7053                                                  -4132.7053
              1      -2089.2367      0.27064888   2.1985076e-09      -23.025851       -23.025851      -4132.4216                                                  -4132.4216
              1       -2089.254      0.27232937   2.1847478e-09      -23.025851       -23.025851      -4132.4562                                                  -4132.4562
              1      -2089.2745      0.27337431   2.1920955e-09      -23.025851       -23.025851      -4132.4974                                                  -4132.4974
              2      -2089.1847      0.26719538   2.2108026e-09      -23.025851       -23.025851      -4132.3176                                                  -4132.3176
              1      -2089.2297      0.27348665   2.1284967e-09      -23.025851       -23.025851      -4132.4077                                                  -4132.4077
              1      -2089.3732      0.28773514   2.1873428e-09      -23.025851       -23.025851      -4132.6948                                                  -4132.6948
              1      -2089.3724      0.29411162   2.1442633e-09      -23.025851       -23.025851      -4132.6931                                                  -4132.6931
              1      -2089.3372      0.29661756   2.1661477e-09      -23.025851       -23.025851      -4132.6226                                                  -4132.6226
              2      -2089.2033       0.2657903   2.2654562e-09      -23.025851       -23.025851      -4132.3549                                                  -4132.3549
              1      -2089.3061      0.27460543   2.2211376e-09      -23.025851       -23.025851      -4132.5604                                                  -4132.5604
              1      -2089.3192      0.28377666   2.3330794e-09      -23.025851       -23.025851      -4132.5867                                                  -4132.5867
              1      -2089.1412      0.29206689   2.3765363e-09      -23.025851       -23.025851      -4132.2308                                                  -4132.2308
              2      -2089.2047      0.28081615   2.4959927e-09      -23.025851       -23.025851      -4132.3577                                                  -4132.3577
              1       -2089.204      0.27762464   2.5442645e-09      -23.025851       -23.025851      -4132.3562                                                  -4132.3562
              2      -2089.0227      0.28656481   2.5255408e-09      -23.025851       -23.025851      -4131.9938                                                  -4131.9938
              2      -2089.2169      0.28719028   2.3943054e-09      -23.025851       -23.025851      -4132.3821                                                  -4132.3821
              1      -2089.3063      0.28097652   2.3841153e-09      -23.025851       -23.025851      -4132.5609                                                  -4132.5609
              1      -2089.3342      0.28359746   2.3104809e-09      -23.025851       -23.025851      -4132.6168                                                  -4132.6168
              1      -2089.3745      0.28579661   2.1699408e-09      -23.025851       -23.025851      -4132.6974                                                  -4132.6974
              1      -2088.7829      0.31717993    2.184306e-09      -23.025851       -23.025851      -4131.5142                                                  -4131.5142
              1      -2089.2467      0.29633423    2.249148e-09      -23.025851       -23.025851      -4132.4417                                                  -4132.4417
              1      -2089.3762      0.28797334   2.0706942e-09      -23.025851       -23.025851      -4132.7008                                                  -4132.7008
              1       -2089.079      0.27818786    1.907149e-09      -23.025851       -23.025851      -4132.1063                                                  -4132.1063
              1      -2089.4006      0.30308608   1.8118641e-09      -23.025851       -23.025851      -4132.7494                                                  -4132.7494
              1      -2089.3402      0.29968835   1.7864049e-09      -23.025851       -23.025851      -4132.6288                                                  -4132.6288
              1      -2089.3566       0.3020988   1.7677501e-09      -23.025851       -23.025851      -4132.6615                                                  -4132.6615
              1      -2089.4223      0.30101929    1.909494e-09      -23.025851       -23.025851      -4132.7928                                                  -4132.7928
              1      -2089.2721      0.28760092    1.909658e-09      -23.025851       -23.025851      -4132.4924                                                  -4132.4924
              1      -2089.3471      0.28676448   2.2567276e-09      -23.025851       -23.025851      -4132.6424                                                  -4132.6424
              2      -2089.3569       0.2816349   2.2583434e-09      -23.025851       -23.025851       -4132.662                                                   -4132.662
              1      -2089.3011       0.2707803   2.3141311e-09      -23.025851       -23.025851      -4132.5504                                                  -4132.5504
              1      -2089.2538      0.29045065   2.3201434e-09      -23.025851       -23.025851      -4132.4558                                                  -4132.4558
              1      -2088.9991      0.28788229   2.5168755e-09      -23.025851       -23.025851      -4131.9465                                                  -4131.9465
              2      -2088.8347      0.29686534   2.4488065e-09      -23.025851       -23.025851      -4131.6177                                                  -4131.6177
              1         -2089.1      0.28997852   2.4310283e-09      -23.025851       -23.025851      -4132.1484                                                  -4132.1484
              1      -2089.2524      0.30499088   2.1379414e-09      -23.025851       -23.025851       -4132.453                                                   -4132.453
              1      -2089.3498      0.30429457   2.0696978e-09      -23.025851       -23.025851      -4132.6479                                                  -4132.6479
              1      -2088.9503      0.32396951   2.0491835e-09      -23.025851       -23.025851      -4131.8489                                                  -4131.8489
              4      -2089.3992      0.29324309    2.023225e-09      -23.025851       -23.025851      -4132.7468                                                  -4132.7468
              1      -2089.3871      0.29961932   2.0709969e-09      -23.025851       -23.025851      -4132.7224                                                  -4132.7224
              1      -2089.3209      0.27446289   2.2657051e-09      -23.025851       -23.025851      -4132.5902                                                  -4132.5902
              1      -2089.0274      0.26741542   2.0625674e-09      -23.025851       -23.025851      -4132.0032                                                  -4132.0032
              1      -2089.3261      0.28525022   2.0191926e-09      -23.025851       -23.025851      -4132.6004                                                  -4132.6004
              1       -2089.231      0.27929816   2.0155776e-09      -23.025851       -23.025851      -4132.4104                                                  -4132.4104
              1      -2089.1195      0.28183535   1.8761135e-09      -23.025851       -23.025851      -4132.1873                                                  -4132.1873
              1      -2089.2306      0.28959732   1.8386938e-09      -23.025851       -23.025851      -4132.4095                                                  -4132.4095
              1      -2089.4177      0.30162131   1.9926607e-09      -23.025851       -23.025851      -4132.7837                                                  -4132.7837
              1      -2089.4155      0.30125613   2.0006948e-09      -23.025851       -23.025851      -4132.7793                                                  -4132.7793
              2      -2089.3708      0.29121076   1.9782696e-09      -23.025851       -23.025851      -4132.6898                                                  -4132.6898
              1      -2089.4636      0.31991948   1.7855799e-09      -23.025851       -23.025851      -4132.8755                                                  -4132.8755
              1      -2088.9069      0.36118329   1.6955778e-09      -23.025851       -23.025851       -4131.762                                                   -4131.762
              4      -2088.7984       0.3617987   1.7159351e-09      -23.025851       -23.025851       -4131.545                                                   -4131.545
              1      -2089.2872      0.34176693   1.7400171e-09      -23.025851       -23.025851      -4132.5228                                                  -4132.5228
              1      -2089.3532       0.3263918   1.8445983e-09      -23.025851       -23.025851      -4132.6547                                                  -4132.6547
              2      -2089.3262      0.30663473   1.6733743e-09      -23.025851       -23.025851      -4132.6007                                                  -4132.6007
              1       -2089.459      0.31826173   1.6735627e-09      -23.025851       -23.025851      -4132.8663                                                  -4132.8663
              1      -2089.4763      0.31941683   1.7394491e-09      -23.025851       -23.025851      -4132.9008                                                  -4132.9008
              1      -2089.3232      0.29971506   1.7682462e-09      -23.025851       -23.025851      -4132.5946                                                  -4132.5946
              4      -2088.8911       0.2680556   1.9568474e-09      -23.025851       -23.025851      -4131.7304                                                  -4131.7304
              2      -2089.2795      0.28133062   2.0314459e-09      -23.025851       -23.025851      -4132.5073                                                  -4132.5073
              1      -2089.3053      0.29194805   2.2538657e-09      -23.025851       -23.025851      -4132.5589                                                  -4132.5589
              1       -2089.325      0.28936083   2.2620404e-09      -23.025851       -23.025851      -4132.5983                                                  -4132.5983
              1      -2089.3153      0.29127897   2.2512257e-09      -23.025851       -23.025851      -4132.5789                                                  -4132.5789
              2      -2089.1152      0.29737993   2.3165945e-09      -23.025851       -23.025851      -4132.1787                                                  -4132.1787
              1      -2087.8694      0.31055485   2.4994498e-09      -23.025851       -23.025851      -4129.6871                                                  -4129.6871
              2      -2088.7164      0.30409197   2.3825519e-09      -23.025851       -23.025851       -4131.381                                                   -4131.381
              3      -2089.2977      0.26671442   2.4545777e-09      -23.025851       -23.025851      -4132.5437                                                  -4132.5437
              2      -2089.3142      0.27140301   2.3426197e-09      -23.025851       -23.025851      -4132.5766                                                  -4132.5766
              3      -2089.2098      0.26738467   2.2369203e-09      -23.025851       -23.025851      -4132.3679                                                  -4132.3679
              1      -2089.0873      0.29715704    2.334132e-09      -23.025851       -23.025851       -4132.123                                                   -4132.123
              1      -2089.0625      0.28121122   2.5895585e-09      -23.025851       -23.025851      -4132.0733                                                  -4132.0733
              1      -2089.3202      0.27829032   2.3888631e-09      -23.025851       -23.025851      -4132.5887                                                  -4132.5887
              1      -2089.3081      0.28058122   2.3859039e-09      -23.025851       -23.025851      -4132.5646                                                  -4132.5646
              3      -2089.1794      0.27876693   2.5479285e-09      -23.025851       -23.025851       -4132.307                                                   -4132.307
              1      -2089.3155      0.29582454   2.1976201e-09      -23.025851       -23.025851      -4132.5793                                                  -4132.5793
              2      -2089.3919      0.31129946   1.9565328e-09      -23.025851       -23.025851       -4132.732                                                   -4132.732
              1      -2089.1784       0.3167143    2.042007e-09      -23.025851       -23.025851       -4132.305                                                   -4132.305
              1      -2089.3525      0.30051033   2.1071413e-09      -23.025851       -23.025851      -4132.6532                                                  -4132.6532
              2        -2089.38      0.29954031    2.082492e-09      -23.025851       -23.025851      -4132.7083                                                  -4132.7083
              2      -2089.2787      0.31484489   2.0089032e-09      -23.025851       -23.025851      -4132.5058                                                  -4132.5058
              1      -2089.3913      0.29120568   2.1083325e-09      -23.025851       -23.025851      -4132.7309                                                  -4132.7309
              1      -2089.3914      0.29085142   2.1037313e-09      -23.025851       -23.025851       -4132.731                                                   -4132.731
              1      -2089.2595      0.30299411   2.1573109e-09      -23.025851       -23.025851      -4132.4673                                                  -4132.4673
              4       -2089.236      0.27453698   2.5578214e-09      -23.025851       -23.025851      -4132.4204                                                  -4132.4204
              3      -2089.3207      0.27199479   2.3613163e-09      -23.025851       -23.025851      -4132.5898                                                  -4132.5898
              1      -2089.3985      0.29431147   2.0790402e-09      -23.025851       -23.025851      -4132.7453                                                  -4132.7453
              1      -2089.2044      0.30601612   2.1548527e-09      -23.025851       -23.025851      -4132.3572                                                  -4132.3572
              2       -2089.218      0.28754526   2.3885115e-09      -23.025851       -23.025851      -4132.3842                                                  -4132.3842
              1      -2089.3284      0.28090115    2.347721e-09      -23.025851       -23.025851       -4132.605                                                   -4132.605
              1      -2089.3876      0.31012891   1.9722086e-09      -23.025851       -23.025851      -4132.7235                                                  -4132.7235
              5      -2089.3959      0.30105574   2.0440087e-09      -23.025851       -23.025851      -4132.7401                                                  -4132.7401
              1      -2086.8681      0.32603633   2.4422242e-09      -23.025851       -23.025851      -4127.6846                                                  -4127.6846
              1      -2089.0689      0.28614125   2.5069888e-09      -23.025851       -23.025851      -4132.0862                                                  -4132.0862
              3      -2089.0779      0.28660047   2.4947904e-09      -23.025851       -23.025851      -4132.1041                                                  -4132.1041
              1      -2089.2425      0.27357245   2.5643161e-09      -23.025851       -23.025851      -4132.4332                                                  -4132.4332
              4      -2089.3169       0.2741056   2.4298108e-09      -23.025851       -23.025851      -4132.5822                                                  -4132.5822
              2      -2089.2378      0.26593496   2.3116948e-09      -23.025851       -23.025851      -4132.4238                                                  -4132.4238
              3      -2089.3678      0.29805502   1.8463561e-09      -23.025851       -23.025851      -4132.6838                                                  -4132.6838
              3      -2088.6992      0.28153484   1.6445464e-09      -23.025851       -23.025851      -4131.3466                                                  -4131.3466
              1      -2089.2748      0.29649113   1.7713813e-09      -23.025851       -23.025851      -4132.4978                                                  -4132.4978
              1      -2089.3551      0.28062356   2.2165499e-09      -23.025851       -23.025851      -4132.6585                                                  -4132.6585
              1      -2089.2299      0.26845703   2.2395921e-09      -23.025851       -23.025851       -4132.408                                                   -4132.408
              1      -2089.2306       0.2685618   2.2381566e-09      -23.025851       -23.025851      -4132.4094                                                  -4132.4094
              2      -2089.3181      0.27415635   2.2654705e-09      -23.025851       -23.025851      -4132.5845                                                  -4132.5845
              3      -2089.2902      0.27289378   2.2312335e-09      -23.025851       -23.025851      -4132.5287                                                  -4132.5287
              2      -2089.3321      0.28091391   2.1239121e-09      -23.025851       -23.025851      -4132.6126                                                  -4132.6126
              1      -2089.2507      0.28158723   1.9937252e-09      -23.025851       -23.025851      -4132.4497                                                  -4132.4497
              3      -2089.4526      0.32623542   1.7602709e-09      -23.025851       -23.025851      -4132.8534                                                  -4132.8534
              1      -2089.4502      0.32492051   1.7733232e-09      -23.025851       -23.025851      -4132.8487                                                  -4132.8487
              1      -2089.3677      0.31389356   1.6159556e-09      -23.025851       -23.025851      -4132.6837                                                  -4132.6837
              1      -2089.4159      0.31804521   1.6119429e-09      -23.025851       -23.025851      -4132.7801                                                  -4132.7801
              1      -2089.3991      0.29950887   2.0503834e-09      -23.025851       -23.025851      -4132.7465                                                  -4132.7465
              1      -2089.1746      0.27148962   2.1096989e-09      -23.025851       -23.025851      -4132.2976                                                  -4132.2976
              5      -2089.0172      0.28163981   1.8107159e-09      -23.025851       -23.025851      -4131.9827                                                  -4131.9827
              1      -2089.4284       0.3046811   1.8441358e-09      -23.025851       -23.025851      -4132.8051                                                  -4132.8051
              3      -2089.3663      0.28371477   2.2123269e-09      -23.025851       -23.025851      -4132.6808                                                  -4132.6808
              2      -2089.3613       0.2819815   2.2173492e-09      -23.025851       -23.025851      -4132.6708                                                  -4132.6708
              2      -2089.3354      0.28423911   2.3021041e-09      -23.025851       -23.025851      -4132.6191                                                  -4132.6191
              3      -2089.4037      0.29818089   1.9105846e-09      -23.025851       -23.025851      -4132.7557                                                  -4132.7557
              1      -2089.3052      0.30760773   2.0712183e-09      -23.025851       -23.025851      -4132.5587                                                  -4132.5587
              4      -2089.4797      0.32133171    1.731051e-09      -23.025851       -23.025851      -4132.9076                                                  -4132.9076
              3       -2089.136      0.28730622   2.4495607e-09      -23.025851       -23.025851      -4132.2203                                                  -4132.2203
              3      -2089.2748      0.28165835   2.4163703e-09      -23.025851       -23.025851      -4132.4979                                                  -4132.4979
              1      -2089.0473      0.30837261   2.2021363e-09      -23.025851       -23.025851      -4132.0428                                                  -4132.0428
              1      -2088.9983       0.3088407   2.2164294e-09      -23.025851       -23.025851       -4131.945                                                   -4131.945
              1       -2089.269      0.29967375   2.1909306e-09      -23.025851       -23.025851      -4132.4862                                                  -4132.4862
              5      -2089.4757      0.33139547    1.693153e-09      -23.025851       -23.025851      -4132.8997                                                  -4132.8997
              1      -2089.2688      0.33705551   1.7909365e-09      -23.025851       -23.025851       -4132.486                                                   -4132.486
              1      -2089.3441      0.28610893   2.2683352e-09      -23.025851       -23.025851      -4132.6365                                                  -4132.6365
              1      -2089.3122      0.27312376   2.4499041e-09      -23.025851       -23.025851      -4132.5727                                                  -4132.5727
              2      -2089.3132      0.27009764   2.4362152e-09      -23.025851       -23.025851      -4132.5747                                                  -4132.5747
              1       -2089.347       0.2789089   2.2301281e-09      -23.025851       -23.025851      -4132.6422                                                  -4132.6422
              1      -2089.4732      0.31996538   1.6836312e-09      -23.025851       -23.025851      -4132.8947                                                  -4132.8947
              1      -2089.4768      0.32676734    1.720512e-09      -23.025851       -23.025851      -4132.9019                                                  -4132.9019
              1      -2089.3117      0.35382551   1.6282815e-09      -23.025851       -23.025851      -4132.5717                                                  -4132.5717
              3      -2089.0423      0.35107897   1.7463141e-09      -23.025851       -23.025851      -4132.0329                                                  -4132.0329
              1      -2088.7549      0.34616631    1.869022e-09      -23.025851       -23.025851       -4131.458                                                   -4131.458
              2      -2089.2976      0.32449643   1.8969787e-09      -23.025851       -23.025851      -4132.5436                                                  -4132.5436
              1      -2089.2409      0.33312901   1.8408134e-09      -23.025851       -23.025851      -4132.4302                                                  -4132.4302
              3      -2089.4848      0.32774699   1.6996645e-09      -23.025851       -23.025851      -4132.9179                                                  -4132.9179
              1      -2089.0493      0.35131064   1.7421575e-09      -23.025851       -23.025851      -4132.0469                                                  -4132.0469
              3      -2089.3404      0.30733622   1.6766717e-09      -23.025851       -23.025851       -4132.629                                                   -4132.629
              1      -2089.4215      0.30088232   1.9792101e-09      -23.025851       -23.025851      -4132.7913                                                  -4132.7913
              2      -2089.1733      0.27701706   2.0022647e-09      -23.025851       -23.025851      -4132.2948                                                  -4132.2948
              3      -2089.2945      0.28625539   1.9578523e-09      -23.025851       -23.025851      -4132.5374                                                  -4132.5374
              2       -2089.201        0.286224   1.8679004e-09      -23.025851       -23.025851      -4132.3502                                                  -4132.3502
              1      -2089.4045      0.30108451   2.0279284e-09      -23.025851       -23.025851      -4132.7572                                                  -4132.7572
              1      -2089.3936       0.3067807    1.742227e-09      -23.025851       -23.025851      -4132.7354                                                  -4132.7354
              2      -2089.4765      0.32028782   1.6912324e-09      -23.025851       -23.025851      -4132.9013                                                  -4132.9013
              1      -2089.3091      0.27693109   2.4244238e-09      -23.025851       -23.025851      -4132.5664                                                  -4132.5664
              6      -2089.1914      0.28596179   2.4310962e-09      -23.025851       -23.025851      -4132.3312                                                  -4132.3312
              4      -2089.1475      0.28766904   2.4364697e-09      -23.025851       -23.025851      -4132.2433                                                  -4132.2433
              2      -2089.3796      0.29427141   1.9346287e-09      -23.025851       -23.025851      -4132.7075                                                  -4132.7075
              2      -2089.3627      0.30449581   2.0545772e-09      -23.025851       -23.025851      -4132.6736                                                  -4132.6736
              1      -2089.4278       0.3048173   1.9492513e-09      -23.025851       -23.025851      -4132.8038                                                  -4132.8038
              2      -2089.3365      0.33219196   1.8009624e-09      -23.025851       -23.025851      -4132.6214                                                  -4132.6214
              3       -2089.171      0.33542084   1.8481764e-09      -23.025851       -23.025851      -4132.2903                                                  -4132.2903
              2      -2089.4014      0.32765055   1.7982534e-09      -23.025851       -23.025851      -4132.7512                                                  -4132.7512
              1      -2089.1839      0.29455874   2.3154164e-09      -23.025851       -23.025851      -4132.3162                                                  -4132.3162
              2      -2089.2131      0.29337089   2.3120477e-09      -23.025851       -23.025851      -4132.3746                                                  -4132.3746
              3      -2089.1021      0.28643882   2.4831657e-09      -23.025851       -23.025851      -4132.1524                                                  -4132.1524
              1      -2089.3456      0.31891406   1.9222726e-09      -23.025851       -23.025851      -4132.6394                                                  -4132.6394
              1      -2089.2232      0.32488104   1.9317304e-09      -23.025851       -23.025851      -4132.3948                                                  -4132.3948
              1      -2088.9523      0.30884678   2.2342573e-09      -23.025851       -23.025851       -4131.853                                                   -4131.853
              1      -2089.3547       0.2886244   2.2254078e-09      -23.025851       -23.025851      -4132.6577                                                  -4132.6577
              1       -2089.363       0.2884492   2.2103645e-09      -23.025851       -23.025851      -4132.6742                                                  -4132.6742
              1       -2089.329      0.30556646    2.074829e-09      -23.025851       -23.025851      -4132.6064                                                  -4132.6064
              1      -2089.3528      0.27993287   2.2314752e-09      -23.025851       -23.025851      -4132.6539                                                  -4132.6539
              1      -2089.3206      0.28117448   2.0952623e-09      -23.025851       -23.025851      -4132.5896                                                  -4132.5896
              1      -2089.4083      0.29975191   2.0278582e-09      -23.025851       -23.025851       -4132.765                                                   -4132.765
              1      -2089.4017       0.2991745    2.047115e-09      -23.025851       -23.025851      -4132.7517                                                  -4132.7517
              1       -2089.306      0.29549464    2.210894e-09      -23.025851       -23.025851      -4132.5604                                                  -4132.5604
              4      -2089.3538      0.28212874   2.2726592e-09      -23.025851       -23.025851      -4132.6559                                                  -4132.6559
              1      -2089.2796      0.26715137   2.3626013e-09      -23.025851       -23.025851      -4132.5076                                                  -4132.5076
              3      -2089.3185      0.27718214   2.1841303e-09      -23.025851       -23.025851      -4132.5853                                                  -4132.5853
              4      -2089.3634      0.30470919   1.7366403e-09      -23.025851       -23.025851      -4132.6751                                                  -4132.6751
              2      -2089.3023      0.33571687   1.7870857e-09      -23.025851       -23.025851      -4132.5529                                                  -4132.5529
              2      -2088.7421      0.32637242   2.0844167e-09      -23.025851       -23.025851      -4131.4324                                                  -4131.4324
              1       -2089.316      0.27386619   2.4342827e-09      -23.025851       -23.025851      -4132.5803                                                  -4132.5803
              6      -2089.3088       0.2725679    2.463379e-09      -23.025851       -23.025851      -4132.5659                                                  -4132.5659
              1      -2089.4382      0.31252387   1.8820305e-09      -23.025851       -23.025851      -4132.8247                                                  -4132.8247
              3      -2089.4177      0.31499011   1.8935132e-09      -23.025851       -23.025851      -4132.7838                                                  -4132.7838
              2         -2089.4      0.30633356   1.9920666e-09      -23.025851       -23.025851      -4132.7484                                                  -4132.7484
              1      -2089.0935      0.30718756   2.1968755e-09      -23.025851       -23.025851      -4132.1353                                                  -4132.1353
              1      -2089.3116      0.27706943   2.4175162e-09      -23.025851       -23.025851      -4132.5714                                                  -4132.5714
              2      -2089.3197      0.28048135   2.3680445e-09      -23.025851       -23.025851      -4132.5877                                                  -4132.5877
              2      -2089.3072       0.2803492   2.3905024e-09      -23.025851       -23.025851      -4132.5626                                                  -4132.5626
              1      -2089.3056       0.2764688   2.4358072e-09      -23.025851       -23.025851      -4132.5594                                                  -4132.5594
              1      -2089.3213      0.27186894    2.381733e-09      -23.025851       -23.025851      -4132.5909                                                  -4132.5909
              1      -2089.3256      0.27334756   2.3311791e-09      -23.025851       -23.025851      -4132.5996                                                  -4132.5996
              2      -2089.1277      0.30450103   2.2149352e-09      -23.025851       -23.025851      -4132.2036                                                  -4132.2036
              2      -2089.3106      0.26967522    2.398865e-09      -23.025851       -23.025851      -4132.5695                                                  -4132.5695
              1      -2089.4518      0.31013757   1.8228077e-09      -23.025851       -23.025851      -4132.8518                                                  -4132.8518
              7      -2089.4225      0.30157472   1.8947457e-09      -23.025851       -23.025851      -4132.7933                                                  -4132.7933
              1      -2089.4205      0.30130892   1.8942029e-09      -23.025851       -23.025851      -4132.7894                                                  -4132.7894
              3      -2089.1914      0.28238237   1.9234836e-09      -23.025851       -23.025851      -4132.3311                                                  -4132.3311
              1      -2089.4291      0.31293769   1.7008727e-09      -23.025851       -23.025851      -4132.8065                                                  -4132.8065
              1      -2089.1604      0.26981914   2.1292641e-09      -23.025851       -23.025851      -4132.2691                                                  -4132.2691
              2      -2089.1306      0.26915802   2.1142307e-09      -23.025851       -23.025851      -4132.2094                                                  -4132.2094
              4       -2089.465      0.31549048   1.7915907e-09      -23.025851       -23.025851      -4132.8783                                                  -4132.8783
              6      -2089.4546      0.31151518    1.834653e-09      -23.025851       -23.025851      -4132.8574                                                  -4132.8574
              2       -2088.958      0.33005645   1.9787653e-09      -23.025851       -23.025851      -4131.8642                                                  -4131.8642
              2      -2088.7401      0.31560628   2.2173633e-09      -23.025851       -23.025851      -4131.4286                                                  -4131.4286
              1      -2089.1498      0.31380718    2.089426e-09      -23.025851       -23.025851      -4132.2478                                                  -4132.2478
              1      -2089.3986      0.29384647   1.9982352e-09      -23.025851       -23.025851      -4132.7454                                                  -4132.7454
              1      -2089.4388      0.31216287    1.730684e-09      -23.025851       -23.025851       -4132.826                                                   -4132.826
              1      -2089.0373      0.30581753   2.2397694e-09      -23.025851       -23.025851       -4132.023                                                   -4132.023
              2      -2089.2948      0.28361783   2.3677693e-09      -23.025851       -23.025851       -4132.538                                                   -4132.538
              1      -2089.1624      0.28020145   2.5391948e-09      -23.025851       -23.025851      -4132.2731                                                  -4132.2731
              1      -2089.2663      0.27406338   2.5269004e-09      -23.025851       -23.025851       -4132.481                                                   -4132.481
              1      -2089.3114      0.28765476   2.2986813e-09      -23.025851       -23.025851      -4132.5712                                                  -4132.5712
              4      -2089.0922      0.28929559   1.7436628e-09      -23.025851       -23.025851      -4132.1327                                                  -4132.1327
              3      -2089.2412      0.28544632   1.9161092e-09      -23.025851       -23.025851      -4132.4308                                                  -4132.4308
              1      -2089.3921      0.30885121   1.9778839e-09      -23.025851       -23.025851      -4132.7324                                                  -4132.7324
              2      -2089.2352      0.29151417   1.8129477e-09      -23.025851       -23.025851      -4132.4188                                                  -4132.4188
              1      -2089.1665      0.28901105   1.7978541e-09      -23.025851       -23.025851      -4132.2814                                                  -4132.2814
              1      -2089.1727       0.2968854   1.6895941e-09      -23.025851       -23.025851      -4132.2936                                                  -4132.2936
              3      -2089.3138      0.28098682   2.0874797e-09      -23.025851       -23.025851       -4132.576                                                   -4132.576
              1      -2089.1248      0.27812485   1.9423247e-09      -23.025851       -23.025851      -4132.1979                                                  -4132.1979
              1      -2089.3258      0.31026344   1.6256942e-09      -23.025851       -23.025851      -4132.5999                                                  -4132.5999
              3      -2089.0765      0.32555826   1.9865906e-09      -23.025851       -23.025851      -4132.1013                                                  -4132.1013
              1      -2089.1099      0.32439427   1.9862615e-09      -23.025851       -23.025851       -4132.168                                                   -4132.168
              1      -2089.2191      0.32973631   1.8841128e-09      -23.025851       -23.025851      -4132.3864                                                  -4132.3864
              2      -2089.3744      0.32208934   1.8700226e-09      -23.025851       -23.025851      -4132.6971                                                  -4132.6971
              1      -2088.4942      0.32533529   2.1603518e-09      -23.025851       -23.025851      -4130.9368                                                  -4130.9368
              2      -2088.7408      0.31184577   2.2666872e-09      -23.025851       -23.025851      -4131.4299                                                  -4131.4299
              6      -2089.3742      0.28716992   2.1841589e-09      -23.025851       -23.025851      -4132.6968                                                  -4132.6968
              1      -2089.4475      0.31590079   1.6876693e-09      -23.025851       -23.025851      -4132.8433                                                  -4132.8433
              6      -2089.4732      0.32466567   1.6056182e-09      -23.025851       -23.025851      -4132.8948                                                  -4132.8948
              1      -2089.0222      0.34203741   1.8360851e-09      -23.025851       -23.025851      -4131.9927                                                  -4131.9927
              4       -2088.985      0.31650738   2.1251821e-09      -23.025851       -23.025851      -4131.9183                                                  -4131.9183
              2       -2089.214      0.30361066    2.178894e-09      -23.025851       -23.025851      -4132.3762                                                  -4132.3762
              1      -2089.4578      0.31454849   1.7368095e-09      -23.025851       -23.025851      -4132.8639                                                  -4132.8639
              1      -2089.4206      0.30144344   1.9829207e-09      -23.025851       -23.025851      -4132.7896                                                  -4132.7896
              3      -2089.1924       0.2796361   1.9721788e-09      -23.025851       -23.025851      -4132.3331                                                  -4132.3331
              1      -2089.4427      0.31278068   1.8713891e-09      -23.025851       -23.025851      -4132.8336                                                  -4132.8336
              1      -2089.1666      0.29964447   2.2576612e-09      -23.025851       -23.025851      -4132.2814                                                  -4132.2814
              1      -2089.3489       0.2828397   2.2851552e-09      -23.025851       -23.025851      -4132.6461                                                  -4132.6461
              1      -2089.3939      0.29133615    2.085535e-09      -23.025851       -23.025851      -4132.7361                                                  -4132.7361
              2      -2089.3322       0.2793494   2.3517043e-09      -23.025851       -23.025851      -4132.6127                                                  -4132.6127
              1      -2089.4342      0.31567662   1.6682695e-09      -23.025851       -23.025851      -4132.8167                                                  -4132.8167
              1      -2089.3889       0.3429167   1.6774839e-09      -23.025851       -23.025851       -4132.726                                                   -4132.726
              2      -2089.1588      0.35051067   1.7141851e-09      -23.025851       -23.025851      -4132.2659                                                  -4132.2659
              2      -2088.9587      0.36265364   1.6703804e-09      -23.025851       -23.025851      -4131.8656                                                  -4131.8656
              1      -2088.5039      0.36144034   1.7800865e-09      -23.025851       -23.025851      -4130.9561                                                  -4130.9561
              1      -2088.6206      0.35302256   1.8337175e-09      -23.025851       -23.025851      -4131.1895                                                  -4131.1895
              1      -2089.4055      0.29564013   2.0477653e-09      -23.025851       -23.025851      -4132.7592                                                  -4132.7592
              1      -2089.3593      0.30532719   1.7232273e-09      -23.025851       -23.025851      -4132.6668                                                  -4132.6668
              2      -2089.3937      0.29649469    1.920585e-09      -23.025851       -23.025851      -4132.7357                                                  -4132.7357
              2      -2089.3047      0.27809031   2.4194047e-09      -23.025851       -23.025851      -4132.5576                                                  -4132.5576
              3      -2089.0473       0.3264438   1.9876231e-09      -23.025851       -23.025851      -4132.0429                                                  -4132.0429
              1      -2088.9777      0.32858904    1.988291e-09      -23.025851       -23.025851      -4131.9038                                                  -4131.9038
              1      -2089.1309      0.29503656   2.3405555e-09      -23.025851       -23.025851        -4132.21                                                    -4132.21
              1      -2089.3362      0.28430172    2.056044e-09      -23.025851       -23.025851      -4132.6208                                                  -4132.6208
              2      -2089.2889      0.28348645   2.3762616e-09      -23.025851       -23.025851      -4132.5262                                                  -4132.5262
              3      -2089.4114      0.29811686   2.0234514e-09      -23.025851       -23.025851      -4132.7711                                                  -4132.7711
              2      -2089.4043      0.29462755   2.0467819e-09      -23.025851       -23.025851      -4132.7569                                                  -4132.7569
              1      -2089.3246      0.27593114   2.2334721e-09      -23.025851       -23.025851      -4132.5974                                                  -4132.5974
              1      -2089.1141      0.29537035   1.6730346e-09      -23.025851       -23.025851      -4132.1766                                                  -4132.1766
              6      -2089.2866      0.30670088   1.6403425e-09      -23.025851       -23.025851      -4132.5215                                                  -4132.5215
              1      -2089.3714      0.30590635   1.7280785e-09      -23.025851       -23.025851       -4132.691                                                   -4132.691
              1      -2089.3513      0.29123028   1.9431529e-09      -23.025851       -23.025851       -4132.651                                                   -4132.651
              2      -2089.3072      0.28880327   1.9273724e-09      -23.025851       -23.025851      -4132.5627                                                  -4132.5627
              5      -2089.4693      0.32664185   1.7344469e-09      -23.025851       -23.025851      -4132.8869                                                  -4132.8869
              2      -2089.4636      0.31464704   1.7935426e-09      -23.025851       -23.025851      -4132.8756                                                  -4132.8756
              1      -2089.4275      0.31701965   1.8642625e-09      -23.025851       -23.025851      -4132.8033                                                  -4132.8033
              2      -2089.3927      0.29362962   2.1037874e-09      -23.025851       -23.025851      -4132.7336                                                  -4132.7336
              1      -2088.9348      0.31251189   2.1932841e-09      -23.025851       -23.025851      -4131.8179                                                  -4131.8179
              1      -2088.8088      0.32457773    2.086327e-09      -23.025851       -23.025851      -4131.5659                                                  -4131.5659
              1      -2088.4466      0.32573148   2.1667115e-09      -23.025851       -23.025851      -4130.8415                                                  -4130.8415
              3      -2088.4248      0.32743098   2.1509649e-09      -23.025851       -23.025851       -4130.798                                                   -4130.798
              1      -2088.4013      0.32599625    2.173906e-09      -23.025851       -23.025851       -4130.751                                                   -4130.751
              2      -2088.1352      0.33645693   2.1040425e-09      -23.025851       -23.025851      -4130.2187                                                  -4130.2187
              1      -2089.1175      0.32017138   2.0301449e-09      -23.025851       -23.025851      -4132.1832                                                  -4132.1832
              1      -2089.3114      0.33601613   1.7797479e-09      -23.025851       -23.025851      -4132.5711                                                  -4132.5711
              1      -2089.3786      0.34668444   1.6529106e-09      -23.025851       -23.025851      -4132.7055                                                  -4132.7055
              1      -2089.1735      0.35037669   1.7102287e-09      -23.025851       -23.025851      -4132.2954                                                  -4132.2954
              1      -2089.0569      0.30837552   2.1979567e-09      -23.025851       -23.025851      -4132.0621                                                  -4132.0621
              1      -2089.2916      0.30398234   2.1227986e-09      -23.025851       -23.025851      -4132.5315                                                  -4132.5315
              1      -2089.3684      0.30553211   2.0378486e-09      -23.025851       -23.025851       -4132.685                                                   -4132.685
              1      -2089.3233      0.31339977   1.9948565e-09      -23.025851       -23.025851      -4132.5949                                                  -4132.5949
              5      -2088.7504      0.36346633   1.7123841e-09      -23.025851       -23.025851       -4131.449                                                   -4131.449
              1      -2089.3989      0.29525526   2.0771543e-09      -23.025851       -23.025851      -4132.7461                                                  -4132.7461
              2      -2089.2487      0.29158291   2.3093566e-09      -23.025851       -23.025851      -4132.4457                                                  -4132.4457
              4      -2089.3731      0.29927093    2.094741e-09      -23.025851       -23.025851      -4132.6945                                                  -4132.6945
              2       -2089.209      0.27332794   2.1086245e-09      -23.025851       -23.025851      -4132.3664                                                  -4132.3664
              1      -2088.9911      0.30792963    2.231186e-09      -23.025851       -23.025851      -4131.9305                                                  -4131.9305
              2      -2088.9022      0.28942021   2.5373339e-09      -23.025851       -23.025851      -4131.7527                                                  -4131.7527
              1      -2089.4087       0.3051474   1.7922945e-09      -23.025851       -23.025851      -4132.7657                                                  -4132.7657
              3      -2089.3019      0.28224778   2.0433503e-09      -23.025851       -23.025851      -4132.5522                                                  -4132.5522
              1       -2089.274      0.28171624   2.0173989e-09      -23.025851       -23.025851      -4132.4962                                                  -4132.4962
              2      -2088.7928      0.27978651   1.7140724e-09      -23.025851       -23.025851      -4131.5339                                                  -4131.5339
              1      -2089.0976       0.2810598   1.8730006e-09      -23.025851       -23.025851      -4132.1436                                                  -4132.1436
              4      -2089.0667      0.27837554   1.8953525e-09      -23.025851       -23.025851      -4132.0817                                                  -4132.0817
              1      -2089.1648      0.28115108   1.9222836e-09      -23.025851       -23.025851      -4132.2779                                                  -4132.2779
              1      -2089.3748      0.29337661   1.9429175e-09      -23.025851       -23.025851      -4132.6979                                                  -4132.6979
              1       -2089.331      0.27558147   2.2691937e-09      -23.025851       -23.025851      -4132.6103                                                  -4132.6103
              1      -2089.1365      0.28878709    1.780111e-09      -23.025851       -23.025851      -4132.2213                                                  -4132.2213
              3      -2089.4665      0.32116405   1.6444108e-09      -23.025851       -23.025851      -4132.8813                                                  -4132.8813
             10      -2089.4453      0.32016568    1.621495e-09      -23.025851       -23.025851      -4132.8388                                                  -4132.8388
              1      -2089.2844      0.33743425   1.7802246e-09      -23.025851       -23.025851       -4132.517                                                   -4132.517
              1      -2089.2008      0.32735711   1.9164555e-09      -23.025851       -23.025851      -4132.3499                                                  -4132.3499
              4      -2089.3582      0.28246269   2.1615391e-09      -23.025851       -23.025851      -4132.6647                                                  -4132.6647
              3      -2089.4335      0.31919414   1.8389507e-09      -23.025851       -23.025851      -4132.8153                                                  -4132.8153
              1      -2089.4169      0.30016865    1.999569e-09      -23.025851       -23.025851      -4132.7821                                                  -4132.7821
              4      -2088.4747      0.34131449   1.9820757e-09      -23.025851       -23.025851      -4130.8978                                                  -4130.8978
              3      -2088.5061      0.35232848     1.86411e-09      -23.025851       -23.025851      -4130.9605                                                  -4130.9605
              3      -2088.6391      0.34174873   1.9410411e-09      -23.025851       -23.025851      -4131.2264                                                  -4131.2264
              1      -2089.3663      0.30091724   2.0870681e-09      -23.025851       -23.025851      -4132.6808                                                  -4132.6808
              1         -2089.4      0.30294346   2.0212072e-09      -23.025851       -23.025851      -4132.7484                                                  -4132.7484
              2       -2089.195      0.28044138   1.9602743e-09      -23.025851       -23.025851      -4132.3383                                                  -4132.3383
              1      -2089.2752       0.2833892   1.9876131e-09      -23.025851       -23.025851      -4132.4987                                                  -4132.4987
              2      -2089.2273      0.27411132   2.1127692e-09      -23.025851       -23.025851      -4132.4029                                                  -4132.4029
              2      -2089.3737      0.29083536   1.9931507e-09      -23.025851       -23.025851      -4132.6957                                                  -4132.6957
              2      -2089.3586      0.31233425   1.9784612e-09      -23.025851       -23.025851      -4132.6656                                                  -4132.6656
              1        -2087.97      0.33762361   2.1207509e-09      -23.025851       -23.025851      -4129.8883                                                  -4129.8883
              3        -2088.76      0.34829507    1.847117e-09      -23.025851       -23.025851      -4131.4683                                                  -4131.4683
              1      -2088.8904      0.32296845   2.0803075e-09      -23.025851       -23.025851       -4131.729                                                   -4131.729
              3      -2088.6183      0.34056253   1.9582337e-09      -23.025851       -23.025851       -4131.185                                                   -4131.185
              2      -2087.5142       0.3287368   2.3076186e-09      -23.025851       -23.025851      -4128.9768                                                  -4128.9768
              2      -2087.4876      0.31982112   2.4340984e-09      -23.025851       -23.025851      -4128.9234                                                  -4128.9234
              1      -2088.5243      0.29828129    2.530255e-09      -23.025851       -23.025851      -4130.9968                                                  -4130.9968
              1        -2088.22      0.30420688   2.5190707e-09      -23.025851       -23.025851      -4130.3882                                                  -4130.3882
              6      -2088.1218      0.30165266   2.5832175e-09      -23.025851       -23.025851      -4130.1918                                                  -4130.1918
              2      -2088.8735      0.29363543   2.4828696e-09      -23.025851       -23.025851      -4131.6952                                                  -4131.6952
              1      -2088.9366      0.30129531   2.3437532e-09      -23.025851       -23.025851      -4131.8215                                                  -4131.8215
              1       -2089.306      0.27194123    2.475542e-09      -23.025851       -23.025851      -4132.5604                                                  -4132.5604
              4      -2089.3276      0.27386469   2.3814345e-09      -23.025851       -23.025851      -4132.6036                                                  -4132.6036
              1      -2089.2739      0.27660632   2.1198572e-09      -23.025851       -23.025851      -4132.4961                                                  -4132.4961
              2      -2089.4047      0.29957984   2.0377785e-09      -23.025851       -23.025851      -4132.7577                                                  -4132.7577
              1      -2089.4076      0.30104856   2.0215894e-09      -23.025851       -23.025851      -4132.7634                                                  -4132.7634
              1      -2089.3017      0.30632343   2.0881563e-09      -23.025851       -23.025851      -4132.5517                                                  -4132.5517
              2      -2089.2308      0.30470851   2.1550846e-09      -23.025851       -23.025851        -4132.41                                                    -4132.41
              2      -2089.0896      0.31339631   2.1212727e-09      -23.025851       -23.025851      -4132.1275                                                  -4132.1275
              2      -2089.3285      0.33214615   1.8059213e-09      -23.025851       -23.025851      -4132.6054                                                  -4132.6054
              1      -2089.3274      0.33219924   1.8060933e-09      -23.025851       -23.025851      -4132.6031                                                  -4132.6031
              1      -2089.1044      0.30649988   2.2005534e-09      -23.025851       -23.025851      -4132.1571                                                  -4132.1571
              1      -2088.9776      0.30084231   2.3332701e-09      -23.025851       -23.025851      -4131.9035                                                  -4131.9035
              1      -2089.3323      0.27632262   2.3684414e-09      -23.025851       -23.025851      -4132.6128                                                  -4132.6128
              1      -2089.0902       0.2983215   2.3164382e-09      -23.025851       -23.025851      -4132.1287                                                  -4132.1287
              5      -2088.8278      0.28852816   2.5832561e-09      -23.025851       -23.025851      -4131.6039                                                  -4131.6039
              1      -2088.8632       0.3356733   1.9472367e-09      -23.025851       -23.025851      -4131.6747                                                  -4131.6747
              2      -2088.5612      0.34028499   1.9741744e-09      -23.025851       -23.025851      -4131.0706                                                  -4131.0706
              1      -2088.3148      0.33129693   2.1286177e-09      -23.025851       -23.025851      -4130.5779                                                  -4130.5779
              2      -2088.5367      0.33230822   2.0676779e-09      -23.025851       -23.025851      -4131.0217                                                  -4131.0217
              1      -2087.9021       0.3034934   2.6033354e-09      -23.025851       -23.025851      -4129.7526                                                  -4129.7526
              1      -2088.3311      0.29739184   2.5995658e-09      -23.025851       -23.025851      -4130.6106                                                  -4130.6106
              2      -2088.6203      0.35850228   1.7833028e-09      -23.025851       -23.025851      -4131.1889                                                  -4131.1889
              1      -2089.1393      0.32234219   1.9966337e-09      -23.025851       -23.025851       -4132.227                                                   -4132.227
              1      -2089.4469      0.32379452   1.7859227e-09      -23.025851       -23.025851      -4132.8421                                                  -4132.8421
              1      -2089.3605      0.29086646   2.1946096e-09      -23.025851       -23.025851      -4132.6692                                                  -4132.6692
              1      -2089.2472      0.27682984   2.0808264e-09      -23.025851       -23.025851      -4132.4427                                                  -4132.4427
              1      -2089.1988      0.27773357   2.0128903e-09      -23.025851       -23.025851       -4132.346                                                   -4132.346
              1      -2089.4164      0.30078223   1.8915067e-09      -23.025851       -23.025851      -4132.7812                                                  -4132.7812
              1      -2089.3453      0.28967063   1.9631697e-09      -23.025851       -23.025851      -4132.6389                                                  -4132.6389
              1      -2089.2593      0.28975514   1.8615302e-09      -23.025851       -23.025851      -4132.4669                                                  -4132.4669
              4      -2089.1463      0.26995346   2.1129672e-09      -23.025851       -23.025851       -4132.241                                                   -4132.241
              1      -2089.2685      0.27940341   2.0556317e-09      -23.025851       -23.025851      -4132.4853                                                  -4132.4853
              1      -2089.3109      0.27905047    2.124893e-09      -23.025851       -23.025851      -4132.5701                                                  -4132.5701
              2      -2088.9996      0.29555201   2.3996316e-09      -23.025851       -23.025851      -4131.9475                                                  -4131.9475
              1      -2089.0159      0.29538914    2.394503e-09      -23.025851       -23.025851      -4131.9801                                                  -4131.9801
              1      -2088.7227        0.316999   2.2045936e-09      -23.025851       -23.025851      -4131.3937                                                  -4131.3937
              1      -2088.6354      0.31203486   2.2955437e-09      -23.025851       -23.025851      -4131.2191                                                  -4131.2191
              4      -2089.2268       0.2949004    2.282177e-09      -23.025851       -23.025851      -4132.4019                                                  -4132.4019
              1      -2089.3517      0.28049523   2.1969407e-09      -23.025851       -23.025851      -4132.6517                                                  -4132.6517
              1      -2089.1207      0.28807128   1.7800238e-09      -23.025851       -23.025851      -4132.1897                                                  -4132.1897
              2       -2089.427      0.31664126   1.6444503e-09      -23.025851       -23.025851      -4132.8023                                                  -4132.8023
              2      -2089.2528      0.33502837   1.8172579e-09      -23.025851       -23.025851      -4132.4539                                                  -4132.4539
              1      -2088.9222      0.32067791   2.0969643e-09      -23.025851       -23.025851      -4131.7927                                                  -4131.7927
              1      -2089.3599      0.30262531   2.0767933e-09      -23.025851       -23.025851      -4132.6682                                                  -4132.6682
              2      -2089.3847      0.30622272   2.0127577e-09      -23.025851       -23.025851      -4132.7178                                                  -4132.7178
              3      -2089.3804      0.30462579   2.0334262e-09      -23.025851       -23.025851       -4132.709                                                   -4132.709
              1      -2089.4059      0.29562493   2.0450864e-09      -23.025851       -23.025851      -4132.7601                                                  -4132.7601
              3      -2089.4257      0.30490806   1.8315008e-09      -23.025851       -23.025851      -4132.7997                                                  -4132.7997
              1      -2089.4353      0.30962543   1.7667862e-09      -23.025851       -23.025851       -4132.819                                                   -4132.819
              1      -2089.0673      0.33407439   1.9000336e-09      -23.025851       -23.025851      -4132.0829                                                  -4132.0829
              2      -2089.1937      0.33251598   1.8674941e-09      -23.025851       -23.025851      -4132.3356                                                  -4132.3356
              2      -2089.3995      0.29840258   1.8955332e-09      -23.025851       -23.025851      -4132.7473                                                  -4132.7473
              1      -2089.2475      0.28870508   1.8679026e-09      -23.025851       -23.025851      -4132.4434                                                  -4132.4434
              2      -2089.2344      0.30014514   1.6881125e-09      -23.025851       -23.025851      -4132.4172                                                  -4132.4172
              1      -2089.2903      0.30229691   1.7017438e-09      -23.025851       -23.025851      -4132.5288                                                  -4132.5288
              1      -2089.3977      0.30020477   2.0475757e-09      -23.025851       -23.025851      -4132.7438                                                  -4132.7438
              4       -2089.223      0.26800761   2.2400757e-09      -23.025851       -23.025851      -4132.3942                                                  -4132.3942
              1      -2089.2489       0.2955101   1.7640103e-09      -23.025851       -23.025851      -4132.4462                                                  -4132.4462
              3      -2089.1903      0.29389237   1.7432778e-09      -23.025851       -23.025851       -4132.329                                                   -4132.329
              1      -2089.3923       0.2916165   2.0358207e-09      -23.025851       -23.025851      -4132.7329                                                  -4132.7329
              1      -2089.2148      0.27012862   2.1820533e-09      -23.025851       -23.025851      -4132.3779                                                  -4132.3779
              5       -2088.607      0.26879981    1.787498e-09      -23.025851       -23.025851      -4131.1624                                                  -4131.1624
              1      -2088.5589      0.27574653   1.6610604e-09      -23.025851       -23.025851      -4131.0662                                                  -4131.0662
              1      -2088.8875      0.28632945   1.6701124e-09      -23.025851       -23.025851      -4131.7232                                                  -4131.7232
              1      -2089.0063      0.29337429   1.6382165e-09      -23.025851       -23.025851       -4131.961                                                   -4131.961
              2      -2089.3147       0.2865472   1.9777482e-09      -23.025851       -23.025851      -4132.5776                                                  -4132.5776
              1      -2089.3853      0.28914702   2.1294756e-09      -23.025851       -23.025851       -4132.719                                                   -4132.719
              5      -2089.3764      0.28707704   2.0996964e-09      -23.025851       -23.025851      -4132.7011                                                  -4132.7011
              1      -2089.4181      0.29945445   1.9927069e-09      -23.025851       -23.025851      -4132.7844                                                  -4132.7844
              2      -2089.4149      0.30230679    1.996635e-09      -23.025851       -23.025851      -4132.7782                                                  -4132.7782
              1      -2088.6676      0.34359265   1.9154621e-09      -23.025851       -23.025851      -4131.2836                                                  -4131.2836
              2      -2087.1279      0.32231531   2.4566551e-09      -23.025851       -23.025851      -4128.2041                                                  -4128.2041
              1       -2088.401      0.31006115   2.3862955e-09      -23.025851       -23.025851      -4130.7503                                                  -4130.7503
              2      -2088.9721      0.33872932    1.883967e-09      -23.025851       -23.025851      -4131.8926                                                  -4131.8926
              1      -2088.1522      0.35382796   1.9152077e-09      -23.025851       -23.025851      -4130.2527                                                  -4130.2527
              2      -2087.8915      0.34684836   2.0308129e-09      -23.025851       -23.025851      -4129.7313                                                  -4129.7313
              1      -2089.1116      0.30743443   2.1851679e-09      -23.025851       -23.025851      -4132.1715                                                  -4132.1715
              3      -2089.3697      0.28468015   2.1489698e-09      -23.025851       -23.025851      -4132.6878                                                  -4132.6878
              2      -2089.3426      0.28050565   2.3169643e-09      -23.025851       -23.025851      -4132.6335                                                  -4132.6335
             13      -2089.2921      0.26531396    2.529535e-09      -23.025851       -23.025851      -4132.5325                                                  -4132.5325
              2      -2089.0526      0.32564957   1.9944806e-09      -23.025851       -23.025851      -4132.0535                                                  -4132.0535
              1      -2088.3299      0.32489302   2.2036356e-09      -23.025851       -23.025851      -4130.6081                                                  -4130.6081
              1      -2089.1873       0.2881564   2.4024664e-09      -23.025851       -23.025851       -4132.323                                                   -4132.323
              1      -2089.1908       0.2881167   2.4005616e-09      -23.025851       -23.025851        -4132.33                                                    -4132.33
              2      -2088.4736       0.3375025   2.0236142e-09      -23.025851       -23.025851      -4130.8956                                                  -4130.8956
              1      -2089.2382      0.30143388   2.1907153e-09      -23.025851       -23.025851      -4132.4247                                                  -4132.4247
              1      -2089.2485      0.30067576   2.1931933e-09      -23.025851       -23.025851      -4132.4453                                                  -4132.4453
              4      -2089.4006      0.31211413   1.6735193e-09      -23.025851       -23.025851      -4132.7495                                                  -4132.7495
              1      -2089.3131      0.31007005   1.6179997e-09      -23.025851       -23.025851      -4132.5745                                                  -4132.5745
              1      -2089.3725      0.31426145   1.6157755e-09      -23.025851       -23.025851      -4132.6934                                                  -4132.6934
              1      -2089.4208      0.29976527    1.974581e-09      -23.025851       -23.025851        -4132.79                                                    -4132.79
              4      -2089.4913      0.32850985   1.6801357e-09      -23.025851       -23.025851      -4132.9308                                                  -4132.9308
              2       -2089.438      0.30524277   1.8908565e-09      -23.025851       -23.025851      -4132.8243                                                  -4132.8243
              3      -2089.2002      0.28644576    2.417618e-09      -23.025851       -23.025851      -4132.3487                                                  -4132.3487
              2      -2089.3401      0.28663359   2.2702343e-09      -23.025851       -23.025851      -4132.6284                                                  -4132.6284
              1      -2089.2737      0.28382292   1.9779538e-09      -23.025851       -23.025851      -4132.4956                                                  -4132.4956
              1      -2089.4188      0.29893484   1.9634142e-09      -23.025851       -23.025851      -4132.7859                                                  -4132.7859
              2      -2089.3868       0.2929244   2.1223942e-09      -23.025851       -23.025851       -4132.722                                                   -4132.722
              2      -2089.1823      0.27402516   2.0670057e-09      -23.025851       -23.025851      -4132.3128                                                  -4132.3128
              2      -2089.4367      0.30632147   1.8377475e-09      -23.025851       -23.025851      -4132.8217                                                  -4132.8217
              1      -2089.3265      0.28740027   1.9781201e-09      -23.025851       -23.025851      -4132.6013                                                  -4132.6013
              2      -2089.3676      0.28655997    2.077937e-09      -23.025851       -23.025851      -4132.6835                                                  -4132.6835
              1      -2089.2093      0.30441288    2.171864e-09      -23.025851       -23.025851      -4132.3668                                                  -4132.3668
              2      -2089.1759      0.27768971   2.5673717e-09      -23.025851       -23.025851      -4132.3002                                                  -4132.3002
              1      -2089.3909      0.29041354   2.0986131e-09      -23.025851       -23.025851        -4132.73                                                    -4132.73
              6      -2089.2515      0.35033038   1.6816658e-09      -23.025851       -23.025851      -4132.4513                                                  -4132.4513
              1      -2088.9118      0.35076745   1.7856857e-09      -23.025851       -23.025851      -4131.7719                                                  -4131.7719
              1      -2089.3499      0.30349781   2.0782286e-09      -23.025851       -23.025851      -4132.6482                                                  -4132.6482
              1      -2089.3998       0.2946647   2.0737118e-09      -23.025851       -23.025851      -4132.7478                                                  -4132.7478
              1      -2089.4308      0.30808034   1.7838038e-09      -23.025851       -23.025851      -4132.8099                                                  -4132.8099
              2      -2089.2863       0.2651809   2.5698969e-09      -23.025851       -23.025851      -4132.5209                                                  -4132.5209
              2      -2089.2822      0.27609942   2.4782883e-09      -23.025851       -23.025851      -4132.5127                                                  -4132.5127
             10      -2089.2396      0.27377953   2.5649566e-09      -23.025851       -23.025851      -4132.4276                                                  -4132.4276
              2      -2089.1596      0.31069089    2.121696e-09      -23.025851       -23.025851      -4132.2676                                                  -4132.2676
              3      -2088.9988      0.28785647   2.5173492e-09      -23.025851       -23.025851       -4131.946                                                   -4131.946
              1      -2089.0346      0.30257453   2.2844374e-09      -23.025851       -23.025851      -4132.0175                                                  -4132.0175
              2      -2089.0633      0.28531695   1.7837586e-09      -23.025851       -23.025851      -4132.0748                                                  -4132.0748
              2      -2089.2968      0.26801791   2.3902778e-09      -23.025851       -23.025851      -4132.5419                                                  -4132.5419
              2      -2089.2277       0.2771164     2.52931e-09      -23.025851       -23.025851      -4132.4037                                                  -4132.4037
              4      -2089.2215      0.27342985     2.58993e-09      -23.025851       -23.025851      -4132.3914                                                  -4132.3914
              2      -2087.8261      0.31273935   2.4752889e-09      -23.025851       -23.025851      -4129.6005                                                  -4129.6005
              3      -2088.0255      0.33087856   2.1910981e-09      -23.025851       -23.025851      -4129.9993                                                  -4129.9993
              1      -2088.1178      0.30754219   2.4916956e-09      -23.025851       -23.025851      -4130.1839                                                  -4130.1839
              1      -2089.1928      0.29074365   2.3622097e-09      -23.025851       -23.025851      -4132.3339                                                  -4132.3339
              1      -2089.1919      0.29154153   2.3517066e-09      -23.025851       -23.025851       -4132.332                                                   -4132.332
              3      -2088.5583      0.31734904   2.2455727e-09      -23.025851       -23.025851       -4131.065                                                   -4131.065
              3      -2089.0596      0.30078401   2.2974609e-09      -23.025851       -23.025851      -4132.0675                                                  -4132.0675
              3       -2089.395      0.31188219   1.6703593e-09      -23.025851       -23.025851      -4132.7383                                                  -4132.7383
              2      -2089.4481      0.33623536   1.6880571e-09      -23.025851       -23.025851      -4132.8444                                                  -4132.8444
             10      -2089.3999      0.34832041    1.627906e-09      -23.025851       -23.025851      -4132.7482                                                  -4132.7482
              2       -2088.889      0.32145443   2.0986639e-09      -23.025851       -23.025851      -4131.7263                                                  -4131.7263
              1      -2088.3527      0.31311655   2.3548662e-09      -23.025851       -23.025851      -4130.6537                                                  -4130.6537
              1      -2088.8717      0.31321423   2.2059932e-09      -23.025851       -23.025851      -4131.6917                                                  -4131.6917
              1      -2087.8287      0.35245463   1.9817473e-09      -23.025851       -23.025851      -4129.6057                                                  -4129.6057
              5      -2087.6623       0.3571253   1.9590077e-09      -23.025851       -23.025851       -4129.273                                                   -4129.273
              5      -2087.3053      0.35172556   2.0648997e-09      -23.025851       -23.025851      -4128.5589                                                  -4128.5589
              2      -2089.0499      0.33801454   1.8664108e-09      -23.025851       -23.025851       -4132.048                                                   -4132.048
              2      -2089.0496      0.33188867   1.9287012e-09      -23.025851       -23.025851      -4132.0475                                                  -4132.0475
              1      -2089.1512      0.33038499   1.9063115e-09      -23.025851       -23.025851      -4132.2508                                                  -4132.2508
              3      -2089.2481      0.35535084   1.6417123e-09      -23.025851       -23.025851      -4132.4445                                                  -4132.4445
              1      -2088.8297      0.35684903   1.7516013e-09      -23.025851       -23.025851      -4131.6078                                                  -4131.6078
              1      -2089.0297      0.33436579   1.9098584e-09      -23.025851       -23.025851      -4132.0077                                                  -4132.0077
              2      -2088.5834      0.34498374   1.9204302e-09      -23.025851       -23.025851      -4131.1152                                                  -4131.1152
              2      -2088.8659      0.34158975    1.885797e-09      -23.025851       -23.025851      -4131.6801                                                  -4131.6801
              1      -2089.4265      0.31140183   1.7202866e-09      -23.025851       -23.025851      -4132.8013                                                  -4132.8013
              6      -2089.4254      0.31784594   1.6260558e-09      -23.025851       -23.025851      -4132.7991                                                  -4132.7991
              2        -2089.47      0.31757275   1.7226602e-09      -23.025851       -23.025851      -4132.8884                                                  -4132.8884
              4      -2089.4316      0.34408441   1.6404689e-09      -23.025851       -23.025851      -4132.8115                                                  -4132.8115
              1      -2089.4776      0.32389116   1.6274167e-09      -23.025851       -23.025851      -4132.9036                                                  -4132.9036
              1      -2089.0986      0.31292937   2.1230159e-09      -23.025851       -23.025851      -4132.1456                                                  -4132.1456
              1      -2089.3244      0.29704771   2.1747033e-09      -23.025851       -23.025851      -4132.5972                                                  -4132.5972
              3      -2089.3234      0.28861021   2.2727035e-09      -23.025851       -23.025851       -4132.595                                                   -4132.595
              1      -2089.3506      0.29339827   2.1843908e-09      -23.025851       -23.025851      -4132.6495                                                  -4132.6495
              1      -2089.3709      0.28465592   2.1773113e-09      -23.025851       -23.025851      -4132.6901                                                  -4132.6901
              1      -2089.3892       0.2905144    2.054911e-09      -23.025851       -23.025851      -4132.7268                                                  -4132.7268
              3      -2089.3461      0.28114937   2.1542725e-09      -23.025851       -23.025851      -4132.6405                                                  -4132.6405
              6      -2089.2674      0.27471523   2.5169468e-09      -23.025851       -23.025851       -4132.483                                                   -4132.483
              2      -2089.0436      0.31593429    2.109609e-09      -23.025851       -23.025851      -4132.0354                                                  -4132.0354
              1      -2089.3526      0.29723247   2.1417501e-09      -23.025851       -23.025851      -4132.6535                                                  -4132.6535
              2       -2088.911      0.29175619   2.4965208e-09      -23.025851       -23.025851      -4131.7703                                                  -4131.7703
              2      -2088.5297      0.29565557   2.5711837e-09      -23.025851       -23.025851      -4131.0078                                                  -4131.0078
              2      -2088.7151      0.33493682   1.9948851e-09      -23.025851       -23.025851      -4131.3785                                                  -4131.3785
              1      -2089.0678      0.32098565   2.0409818e-09      -23.025851       -23.025851      -4132.0839                                                  -4132.0839
              1      -2089.2144       0.3240018   1.9450455e-09      -23.025851       -23.025851      -4132.3771                                                  -4132.3771
              1      -2088.8015      0.30736613   2.3081564e-09      -23.025851       -23.025851      -4131.5512                                                  -4131.5512
              4      -2089.2831      0.28787279   2.3269028e-09      -23.025851       -23.025851      -4132.5146                                                  -4132.5146
              3      -2089.3004      0.30305615   2.1264521e-09      -23.025851       -23.025851      -4132.5492                                                  -4132.5492
              3      -2088.7301      0.30281412   2.3966257e-09      -23.025851       -23.025851      -4131.4084                                                  -4131.4084
              3       -2089.453      0.31244316   1.7632078e-09      -23.025851       -23.025851      -4132.8543                                                  -4132.8543
              2        -2089.36      0.30042888   1.7976148e-09      -23.025851       -23.025851      -4132.6684                                                  -4132.6684
              2      -2089.4417      0.33315633   1.7175733e-09      -23.025851       -23.025851      -4132.8318                                                  -4132.8318
              2      -2089.4925      0.33147321   1.6645383e-09      -23.025851       -23.025851      -4132.9332                                                  -4132.9332
              1      -2089.4884      0.33130275   1.6726514e-09      -23.025851       -23.025851       -4132.925                                                   -4132.925
              2      -2088.9999      0.27268787   1.9462492e-09      -23.025851       -23.025851      -4131.9482                                                  -4131.9482
              3      -2089.2818      0.29736824    1.764545e-09      -23.025851       -23.025851      -4132.5118                                                  -4132.5118
              1      -2089.2605      0.29987331   1.7113375e-09      -23.025851       -23.025851      -4132.4693                                                  -4132.4693
              2      -2089.4804      0.33099988   1.6888395e-09      -23.025851       -23.025851      -4132.9091                                                  -4132.9091
              5      -2089.4722      0.33471252   1.6746851e-09      -23.025851       -23.025851      -4132.8927                                                  -4132.8927
              4      -2089.4549      0.31224551   1.8367054e-09      -23.025851       -23.025851       -4132.858                                                   -4132.858
              3      -2089.3639       0.3228935   1.8702054e-09      -23.025851       -23.025851      -4132.6762                                                  -4132.6762
              1      -2089.2118      0.32446253   1.9413113e-09      -23.025851       -23.025851       -4132.372                                                   -4132.372
              1      -2089.4593      0.32708613    1.745427e-09      -23.025851       -23.025851      -4132.8668                                                  -4132.8668
              4       -2089.425      0.34132793   1.6666905e-09      -23.025851       -23.025851      -4132.7982                                                  -4132.7982
              2      -2089.2803      0.29813962   1.7520846e-09      -23.025851       -23.025851       -4132.509                                                   -4132.509
              5      -2089.3025      0.30190477   1.7174979e-09      -23.025851       -23.025851      -4132.5532                                                  -4132.5532
              2      -2089.0466      0.27166205    1.997541e-09      -23.025851       -23.025851      -4132.0415                                                  -4132.0415
              5      -2089.2571      0.26937482   2.2582874e-09      -23.025851       -23.025851      -4132.4625                                                  -4132.4625
              2      -2089.3592      0.28599208   2.0677682e-09      -23.025851       -23.025851      -4132.6666                                                  -4132.6666
              1       -2089.493      0.32686137   1.6765997e-09      -23.025851       -23.025851      -4132.9342                                                  -4132.9342
              1      -2088.9928      0.27372677   1.9235288e-09      -23.025851       -23.025851      -4131.9339                                                  -4131.9339
              3      -2088.8224      0.27694919   1.7713892e-09      -23.025851       -23.025851      -4131.5931                                                  -4131.5931
              2      -2088.7005      0.27292212    1.769844e-09      -23.025851       -23.025851      -4131.3493                                                  -4131.3493
              2      -2088.9456      0.31661453   2.1380078e-09      -23.025851       -23.025851      -4131.8395                                                  -4131.8395
              4      -2088.8699      0.31743692   2.1536538e-09      -23.025851       -23.025851       -4131.688                                                   -4131.688
              2      -2088.1088      0.35484983   1.9125378e-09      -23.025851       -23.025851      -4130.1658                                                  -4130.1658
              2      -2088.8433       0.3613277   1.7095634e-09      -23.025851       -23.025851      -4131.6349                                                  -4131.6349
              6      -2089.1502      0.35468628   1.6815327e-09      -23.025851       -23.025851      -4132.2487                                                  -4132.2487
              1      -2089.3814      0.30784458   2.0009321e-09      -23.025851       -23.025851      -4132.7111                                                  -4132.7111
              2      -2089.3922      0.30786522   1.7243175e-09      -23.025851       -23.025851      -4132.7328                                                  -4132.7328
              1      -2088.8984      0.30638931   2.2874877e-09      -23.025851       -23.025851       -4131.745                                                   -4131.745
              4      -2088.7178      0.31246988   2.2653086e-09      -23.025851       -23.025851      -4131.3839                                                  -4131.3839
              1      -2089.1115      0.32221735    2.009591e-09      -23.025851       -23.025851      -4132.1713                                                  -4132.1713
              2      -2088.1095      0.35193497   1.9414467e-09      -23.025851       -23.025851      -4130.1673                                                  -4130.1673
              1      -2089.4474      0.31652474   1.8382144e-09      -23.025851       -23.025851      -4132.8431                                                  -4132.8431
              1      -2089.1052      0.36058607   1.6470275e-09      -23.025851       -23.025851      -4132.1586                                                  -4132.1586
              1      -2088.3303      0.35532412   1.8691204e-09      -23.025851       -23.025851      -4130.6089                                                  -4130.6089
              1      -2089.3382      0.31553528   1.9617638e-09      -23.025851       -23.025851      -4132.6247                                                  -4132.6247
              1      -2089.4753        0.323984   1.7388304e-09      -23.025851       -23.025851      -4132.8988                                                  -4132.8988
              7      -2089.2423      0.30644948   1.6118106e-09      -23.025851       -23.025851      -4132.4328                                                  -4132.4328
              3       -2089.435      0.30429833   1.8941422e-09      -23.025851       -23.025851      -4132.8182                                                  -4132.8182
              1       -2089.502      0.32965564   1.6293143e-09      -23.025851       -23.025851      -4132.9523                                                  -4132.9523
              2      -2089.3567      0.33656218   1.7500686e-09      -23.025851       -23.025851      -4132.6617                                                  -4132.6617
              1      -2089.2116      0.32538942   1.9319213e-09      -23.025851       -23.025851      -4132.3715                                                  -4132.3715
              2      -2089.3926      0.31997645   1.8746682e-09      -23.025851       -23.025851      -4132.7335                                                  -4132.7335
              2      -2088.6518      0.32656792   2.1062202e-09      -23.025851       -23.025851      -4131.2518                                                  -4131.2518
              1      -2089.2244      0.33627205   1.8180373e-09      -23.025851       -23.025851      -4132.3972                                                  -4132.3972
              4      -2088.9907      0.34900612   1.7800997e-09      -23.025851       -23.025851      -4131.9297                                                  -4131.9297
              2      -2088.0684      0.31301142   2.4212991e-09      -23.025851       -23.025851      -4130.0851                                                  -4130.0851
              4      -2089.0546      0.30187371   2.2850096e-09      -23.025851       -23.025851      -4132.0576                                                  -4132.0576
              2      -2089.2281      0.28553537   2.4084078e-09      -23.025851       -23.025851      -4132.4045                                                  -4132.4045
              1      -2089.2742      0.27853481   2.4577544e-09      -23.025851       -23.025851      -4132.4966                                                  -4132.4966
              2      -2088.3004      0.33830713   2.0507788e-09      -23.025851       -23.025851      -4130.5491                                                  -4130.5491
              1      -2088.6056      0.34099271    1.956648e-09      -23.025851       -23.025851      -4131.1594                                                  -4131.1594
              2        -2088.16      0.35461147   1.9061399e-09      -23.025851       -23.025851      -4130.2683                                                  -4130.2683
              1      -2088.7698      0.33963603   1.9310196e-09      -23.025851       -23.025851      -4131.4879                                                  -4131.4879
              1      -2088.7263      0.34157438   1.9219813e-09      -23.025851       -23.025851      -4131.4009                                                  -4131.4009
              3      -2087.4547      0.33491903   2.2381428e-09      -23.025851       -23.025851      -4128.8576                                                  -4128.8576
              1      -2088.7959      0.34256464   1.8945106e-09      -23.025851       -23.025851      -4131.5401                                                  -4131.5401
              2      -2088.6581      0.34871669   1.8667178e-09      -23.025851       -23.025851      -4131.2645                                                  -4131.2645
              3      -2088.3496      0.33740349   2.0509909e-09      -23.025851       -23.025851      -4130.6475                                                  -4130.6475
              1      -2089.0232      0.34618133   1.7965917e-09      -23.025851       -23.025851      -4131.9946                                                  -4131.9946
             10      -2088.9975      0.34736379   1.7932156e-09      -23.025851       -23.025851      -4131.9434                                                  -4131.9434
              3      -2088.9639      0.34824143    1.794692e-09      -23.025851       -23.025851      -4131.8762                                                  -4131.8762
              1      -2088.0666      0.35650361   1.9032761e-09      -23.025851       -23.025851      -4130.0815                                                  -4130.0815
              4      -2088.3863      0.30095987   2.5270698e-09      -23.025851       -23.025851      -4130.7209                                                  -4130.7209
              2      -2089.2866      0.27103759   2.5295906e-09      -23.025851       -23.025851      -4132.5214                                                  -4132.5214
              2      -2089.3935      0.30361464    1.791761e-09      -23.025851       -23.025851      -4132.7353                                                  -4132.7353
              6      -2088.4936      0.30188982   2.4828865e-09      -23.025851       -23.025851      -4130.9355                                                  -4130.9355
              7      -2088.5251      0.30049141    2.495337e-09      -23.025851       -23.025851      -4130.9985                                                  -4130.9985
              1      -2088.7363      0.32280195   2.1284542e-09      -23.025851       -23.025851      -4131.4208                                                  -4131.4208
              3      -2087.9045      0.33557558   2.1563735e-09      -23.025851       -23.025851      -4129.7572                                                  -4129.7572
              1      -2089.0734      0.29490148    2.373193e-09      -23.025851       -23.025851      -4132.0952                                                  -4132.0952
              2      -2089.2729      0.29677256   2.2241981e-09      -23.025851       -23.025851      -4132.4941                                                  -4132.4941
              1      -2089.3478      0.28175994   2.2945155e-09      -23.025851       -23.025851      -4132.6439                                                  -4132.6439
              2      -2089.2834      0.29735962   2.2079473e-09      -23.025851       -23.025851       -4132.515                                                   -4132.515
              2       -2089.144      0.28085242   1.9107781e-09      -23.025851       -23.025851      -4132.2363                                                  -4132.2363
              2      -2089.3904      0.29025351   2.0984339e-09      -23.025851       -23.025851      -4132.7291                                                  -4132.7291
              2      -2089.3489      0.28077507   2.2947726e-09      -23.025851       -23.025851      -4132.6461                                                  -4132.6461
              1      -2089.4186      0.30416878   1.8278085e-09      -23.025851       -23.025851      -4132.7855                                                  -4132.7855
              1      -2089.0876      0.34102128   1.8245407e-09      -23.025851       -23.025851      -4132.1234                                                  -4132.1234
              1      -2089.3362      0.27803013   2.3488051e-09      -23.025851       -23.025851      -4132.6207                                                  -4132.6207
              3      -2088.6141      0.26570727   1.8411188e-09      -23.025851       -23.025851      -4131.1766                                                  -4131.1766
              1      -2088.9697      0.28383349   1.7496497e-09      -23.025851       -23.025851      -4131.8877                                                  -4131.8877
              1       -2089.024      0.28319937   1.7911491e-09      -23.025851       -23.025851      -4131.9964                                                  -4131.9964
              1      -2089.3694      0.30244178   1.7776861e-09      -23.025851       -23.025851      -4132.6871                                                  -4132.6871
              1      -2089.3841      0.29797585   1.8731444e-09      -23.025851       -23.025851      -4132.7166                                                  -4132.7166
              3      -2088.6132      0.27774443   1.6575215e-09      -23.025851       -23.025851      -4131.1747                                                  -4131.1747
              1      -2088.5168       0.2749115    1.654126e-09      -23.025851       -23.025851      -4130.9819                                                  -4130.9819
              1      -2089.2838       0.2761244   2.1446346e-09      -23.025851       -23.025851      -4132.5159                                                  -4132.5159
              2       -2089.235      0.27161066   2.1749776e-09      -23.025851       -23.025851      -4132.4182                                                  -4132.4182
              5      -2089.3954      0.29254974    2.090825e-09      -23.025851       -23.025851      -4132.7392                                                  -4132.7392
              1      -2089.3725      0.29217152   2.1607953e-09      -23.025851       -23.025851      -4132.6933                                                  -4132.6933
              1      -2089.3578      0.28108196   2.2276447e-09      -23.025851       -23.025851      -4132.6638                                                  -4132.6638
              3      -2089.1799       0.2889072   2.3971682e-09      -23.025851       -23.025851       -4132.308                                                   -4132.308
              1      -2089.2462      0.28456693    2.405969e-09      -23.025851       -23.025851      -4132.4408                                                  -4132.4408
              1      -2089.3748       0.2955382   1.9013995e-09      -23.025851       -23.025851      -4132.6978                                                  -4132.6978
             10      -2089.3936      0.33733734   1.7206658e-09      -23.025851       -23.025851      -4132.7354                                                  -4132.7354
              1      -2088.6744      0.34360693   1.9137431e-09      -23.025851       -23.025851      -4131.2971                                                  -4131.2971
              1      -2088.9008      0.30773546   2.2683594e-09      -23.025851       -23.025851      -4131.7499                                                  -4131.7499
              2      -2089.1727      0.30402284   2.1974661e-09      -23.025851       -23.025851      -4132.2938                                                  -4132.2938
              1      -2089.2056       0.3015267   2.2101399e-09      -23.025851       -23.025851      -4132.3595                                                  -4132.3595
              2      -2088.8986      0.32442659   2.0607953e-09      -23.025851       -23.025851      -4131.7455                                                  -4131.7455
              1      -2089.0734      0.35622106   1.6925411e-09      -23.025851       -23.025851      -4132.0952                                                  -4132.0952
              2      -2088.4658      0.36349333   1.7690924e-09      -23.025851       -23.025851      -4130.8799                                                  -4130.8799
              4      -2088.0087      0.31989531    2.336782e-09      -23.025851       -23.025851      -4129.9657                                                  -4129.9657
              1      -2089.3398      0.29847843   2.1431598e-09      -23.025851       -23.025851      -4132.6278                                                  -4132.6278
              1      -2089.4153      0.30537619   1.8009988e-09      -23.025851       -23.025851       -4132.779                                                   -4132.779
              6      -2089.4362      0.34757189   1.6108052e-09      -23.025851       -23.025851      -4132.8208                                                  -4132.8208
              3      -2089.4173      0.34615325   1.6341392e-09      -23.025851       -23.025851      -4132.7829                                                  -4132.7829
              2      -2089.4429      0.32662828   1.7684719e-09      -23.025851       -23.025851       -4132.834                                                   -4132.834
              1      -2089.2421      0.31726777   2.0034199e-09      -23.025851       -23.025851      -4132.4325                                                  -4132.4325
              2      -2089.1965      0.27386737   2.0843411e-09      -23.025851       -23.025851      -4132.3414                                                  -4132.3414
              2      -2088.9246      0.27493279   1.8604739e-09      -23.025851       -23.025851      -4131.7974                                                  -4131.7974
              1      -2089.3207      0.28258766   2.0650482e-09      -23.025851       -23.025851      -4132.5897                                                  -4132.5897
              1      -2088.6908      0.32294966   2.1393081e-09      -23.025851       -23.025851        -4131.33                                                    -4131.33
              2      -2088.5077      0.30939618    2.367761e-09      -23.025851       -23.025851      -4130.9638                                                  -4130.9638
              3      -2088.9529      0.30516613   2.2833642e-09      -23.025851       -23.025851       -4131.854                                                   -4131.854
              9        -2089.26      0.28844641   2.3414911e-09      -23.025851       -23.025851      -4132.4682                                                  -4132.4682
              5        -2089.38      0.28727544   2.1445352e-09      -23.025851       -23.025851      -4132.7082                                                  -4132.7082
              1      -2089.2726      0.28072346   2.4305866e-09      -23.025851       -23.025851      -4132.4934                                                  -4132.4934
              5      -2089.3049      0.26851022   2.4817177e-09      -23.025851       -23.025851       -4132.558                                                   -4132.558
              3      -2089.3046      0.27597086   2.4428112e-09      -23.025851       -23.025851      -4132.5576                                                  -4132.5576
              3      -2089.2852      0.28162741   2.0330539e-09      -23.025851       -23.025851      -4132.5186                                                  -4132.5186
              2      -2089.3876      0.30160525   1.8158982e-09      -23.025851       -23.025851      -4132.7234                                                  -4132.7234
              1       -2089.327      0.30720075   2.0588451e-09      -23.025851       -23.025851      -4132.6023                                                  -4132.6023
              4      -2089.3408      0.27671252   2.3101395e-09      -23.025851       -23.025851      -4132.6299                                                  -4132.6299
              2      -2089.2272      0.27593632   2.5470804e-09      -23.025851       -23.025851      -4132.4027                                                  -4132.4027
              3      -2089.0425      0.26594094   2.1031718e-09      -23.025851       -23.025851      -4132.0334                                                  -4132.0334
              1      -2089.3276      0.27365415   2.3326474e-09      -23.025851       -23.025851      -4132.6035                                                  -4132.6035
              1      -2089.2933      0.26776833   2.3849985e-09      -23.025851       -23.025851      -4132.5348                                                  -4132.5348
              1      -2089.1807      0.32309661   1.9703339e-09      -23.025851       -23.025851      -4132.3097                                                  -4132.3097
              1      -2088.6765      0.32492598   2.1192773e-09      -23.025851       -23.025851      -4131.3013                                                  -4131.3013
              2      -2088.7691      0.32327517   2.1133863e-09      -23.025851       -23.025851      -4131.4866                                                  -4131.4866
              3      -2089.3666       0.3180457   1.9148298e-09      -23.025851       -23.025851      -4132.6815                                                  -4132.6815
              1      -2089.3626      0.32195333   1.8801812e-09      -23.025851       -23.025851      -4132.6734                                                  -4132.6734
              1      -2089.3226      0.30031876   2.1392252e-09      -23.025851       -23.025851      -4132.5935                                                  -4132.5935
              2      -2089.3822      0.29663823   2.1049751e-09      -23.025851       -23.025851      -4132.7126                                                  -4132.7126
              3       -2089.415      0.31689819    1.625919e-09      -23.025851       -23.025851      -4132.7783                                                  -4132.7783
              1      -2089.2202      0.29935371   1.6886481e-09      -23.025851       -23.025851      -4132.3886                                                  -4132.3886
              1      -2089.1676      0.30087448   1.6340083e-09      -23.025851       -23.025851      -4132.2836                                                  -4132.2836
              3      -2089.1207      0.28485986   1.8288862e-09      -23.025851       -23.025851      -4132.1898                                                  -4132.1898
              1      -2089.3819       0.2891405   2.1510835e-09      -23.025851       -23.025851      -4132.7121                                                  -4132.7121
              1      -2089.3389      0.28337294   2.0814997e-09      -23.025851       -23.025851       -4132.626                                                   -4132.626
              3      -2089.4448      0.31012751   1.7828517e-09      -23.025851       -23.025851      -4132.8378                                                  -4132.8378
              1      -2089.1024      0.27835475   1.9213585e-09      -23.025851       -23.025851       -4132.153                                                   -4132.153
              1      -2088.7158      0.28504702   1.6052879e-09      -23.025851       -23.025851        -4131.38                                                    -4131.38
              5      -2088.8426      0.28730227   1.6348219e-09      -23.025851       -23.025851      -4131.6335                                                  -4131.6335
              1      -2089.0666      0.28912372   1.7303138e-09      -23.025851       -23.025851      -4132.0815                                                  -4132.0815
              6      -2089.2473      0.28613358   1.9102076e-09      -23.025851       -23.025851       -4132.443                                                   -4132.443
              1      -2089.2376      0.28634318   1.8975305e-09      -23.025851       -23.025851      -4132.4236                                                  -4132.4236
              6      -2089.4503      0.34690847   1.6058006e-09      -23.025851       -23.025851      -4132.8488                                                  -4132.8488
              4      -2087.5191      0.36474732   1.9041577e-09      -23.025851       -23.025851      -4128.9865                                                  -4128.9865
              1      -2089.4763      0.32067434   1.6812695e-09      -23.025851       -23.025851      -4132.9009                                                  -4132.9009
              2      -2089.4976      0.33045576   1.6557059e-09      -23.025851       -23.025851      -4132.9435                                                  -4132.9435
              3      -2089.3389      0.30533096   1.7027404e-09      -23.025851       -23.025851      -4132.6262                                                  -4132.6262
              1      -2089.3336      0.31027941   1.6319397e-09      -23.025851       -23.025851      -4132.6155                                                  -4132.6155
              1      -2089.4221      0.33378049   1.7293664e-09      -23.025851       -23.025851      -4132.7925                                                  -4132.7925
              1      -2089.3067      0.31937181   1.9435755e-09      -23.025851       -23.025851      -4132.5616                                                  -4132.5616
              2      -2089.3899       0.3146282   1.9270931e-09      -23.025851       -23.025851      -4132.7282                                                  -4132.7282
              3      -2089.2365      0.27231804   2.5893432e-09      -23.025851       -23.025851      -4132.4213                                                  -4132.4213
              1      -2089.3857      0.32084079   1.8726369e-09      -23.025851       -23.025851      -4132.7197                                                  -4132.7197
              1      -2088.8557      0.31462896    2.193608e-09      -23.025851       -23.025851      -4131.6596                                                  -4131.6596
              1       -2089.328      0.28148172   2.3426061e-09      -23.025851       -23.025851      -4132.6044                                                  -4132.6044
              2      -2089.3973      0.29236968   2.0717979e-09      -23.025851       -23.025851      -4132.7429                                                  -4132.7429
              1      -2089.4041      0.29542638   2.0546034e-09      -23.025851       -23.025851      -4132.7566                                                  -4132.7566
              1      -2089.2399      0.29329876   2.2936474e-09      -23.025851       -23.025851      -4132.4282                                                  -4132.4282
              1       -2088.567      0.30148292   2.4677115e-09      -23.025851       -23.025851      -4131.0823                                                  -4131.0823
              1      -2088.6653      0.29620483   2.5188092e-09      -23.025851       -23.025851      -4131.2789                                                  -4131.2789
              1      -2089.3241      0.27256862   2.3771905e-09      -23.025851       -23.025851      -4132.5965                                                  -4132.5965
              1      -2089.4385      0.30708321   1.9070285e-09      -23.025851       -23.025851      -4132.8253                                                  -4132.8253
              2      -2088.2683      0.35615117   1.8722457e-09      -23.025851       -23.025851      -4130.4849                                                  -4130.4849
              3      -2089.3724      0.30885211   2.0005224e-09      -23.025851       -23.025851      -4132.6931                                                  -4132.6931
              1       -2089.231      0.28682516   1.8836845e-09      -23.025851       -23.025851      -4132.4102                                                  -4132.4102
              4       -2089.335      0.28640782   2.0103189e-09      -23.025851       -23.025851      -4132.6183                                                  -4132.6183
              1      -2089.1634      0.30693559   2.1658368e-09      -23.025851       -23.025851       -4132.275                                                   -4132.275
              1      -2089.1806       0.2885715   2.4011702e-09      -23.025851       -23.025851      -4132.3096                                                  -4132.3096
              4      -2089.2872      0.27990453   2.0695068e-09      -23.025851       -23.025851      -4132.5227                                                  -4132.5227
              2       -2089.262      0.27442748   2.1499408e-09      -23.025851       -23.025851      -4132.4722                                                  -4132.4722
              2      -2089.0485      0.31956946   2.0647397e-09      -23.025851       -23.025851      -4132.0452                                                  -4132.0452
              2      -2089.2597      0.29588501   1.7676037e-09      -23.025851       -23.025851      -4132.4678                                                  -4132.4678
              4      -2089.3042      0.29761669   1.7812529e-09      -23.025851       -23.025851      -4132.5567                                                  -4132.5567
              2      -2089.4105      0.30031835   2.0190765e-09      -23.025851       -23.025851      -4132.7693                                                  -4132.7693
              1      -2089.4037      0.29710712   2.0531595e-09      -23.025851       -23.025851      -4132.7556                                                  -4132.7556
              2      -2089.3778      0.29203876     1.97698e-09      -23.025851       -23.025851       -4132.704                                                   -4132.704
              1      -2089.4174      0.30468496   1.9758555e-09      -23.025851       -23.025851      -4132.7831                                                  -4132.7831
              2      -2089.3691      0.29614338   2.1307222e-09      -23.025851       -23.025851      -4132.6865                                                  -4132.6865
              3      -2089.4269      0.31416249   1.8879132e-09      -23.025851       -23.025851      -4132.8021                                                  -4132.8021
              1      -2089.3147      0.32149779   1.9169077e-09      -23.025851       -23.025851      -4132.5778                                                  -4132.5778
              4      -2089.4353      0.31977897   1.6128536e-09      -23.025851       -23.025851      -4132.8189                                                  -4132.8189
              1      -2089.1277      0.35888177   1.6540443e-09      -23.025851       -23.025851      -4132.2036                                                  -4132.2036
              1      -2089.0676      0.35709179   1.6868375e-09      -23.025851       -23.025851      -4132.0834                                                  -4132.0834
              6      -2089.1492      0.35854986   1.6499897e-09      -23.025851       -23.025851      -4132.2466                                                  -4132.2466
              1      -2088.1317       0.3406344   2.0572188e-09      -23.025851       -23.025851      -4130.2117                                                  -4130.2117
              1      -2089.0314       0.3189478   2.0786001e-09      -23.025851       -23.025851      -4132.0111                                                  -4132.0111
              2      -2089.3907      0.31463728    1.628859e-09      -23.025851       -23.025851      -4132.7298                                                  -4132.7298
              1      -2089.1297      0.30932487   2.1528852e-09      -23.025851       -23.025851      -4132.2077                                                  -4132.2077
              2      -2089.3142      0.29134278   2.2517858e-09      -23.025851       -23.025851      -4132.5766                                                  -4132.5766
              1      -2089.4871      0.33129708   1.6750853e-09      -23.025851       -23.025851      -4132.9225                                                  -4132.9225
              3      -2089.4421      0.31331271   1.7184519e-09      -23.025851       -23.025851      -4132.8326                                                  -4132.8326
              1      -2089.2711      0.31835956   1.9754423e-09      -23.025851       -23.025851      -4132.4904                                                  -4132.4904
              2      -2088.8944      0.29350378   2.4763013e-09      -23.025851       -23.025851      -4131.7371                                                  -4131.7371
              1      -2088.9498       0.2851927   2.5843646e-09      -23.025851       -23.025851      -4131.8478                                                  -4131.8478
              1      -2089.3078       0.2699875   2.4752952e-09      -23.025851       -23.025851      -4132.5639                                                  -4132.5639
              1      -2089.3197      0.27723818   2.1854398e-09      -23.025851       -23.025851      -4132.5876                                                  -4132.5876
              4        -2089.34      0.27966274     2.17621e-09      -23.025851       -23.025851      -4132.6282                                                  -4132.6282
              1      -2089.2816       0.2765516   2.1322025e-09      -23.025851       -23.025851      -4132.5116                                                  -4132.5116
              1      -2089.3577      0.28390204   2.1167365e-09      -23.025851       -23.025851      -4132.6638                                                  -4132.6638
              1      -2089.3461       0.2781426   2.2716581e-09      -23.025851       -23.025851      -4132.6404                                                  -4132.6404
              1      -2089.3082      0.31902613   1.9462455e-09      -23.025851       -23.025851      -4132.5646                                                  -4132.5646
              3      -2088.4306       0.3237084   2.1956316e-09      -23.025851       -23.025851      -4130.8096                                                  -4130.8096
              1      -2088.5117      0.30632419   2.4111191e-09      -23.025851       -23.025851      -4130.9717                                                  -4130.9717
              2      -2088.7267       0.3035341   2.3872104e-09      -23.025851       -23.025851      -4131.4017                                                  -4131.4017
              1      -2089.3715      0.29450756   2.1423729e-09      -23.025851       -23.025851      -4132.6912                                                  -4132.6912
              4      -2089.2906       0.2685233    2.352785e-09      -23.025851       -23.025851      -4132.5295                                                  -4132.5295
              5      -2089.1146      0.31352187   2.1087597e-09      -23.025851       -23.025851      -4132.1775                                                  -4132.1775
              1      -2089.3714      0.31133832   1.9767935e-09      -23.025851       -23.025851       -4132.691                                                   -4132.691
              1      -2089.1121      0.27059758   2.0695488e-09      -23.025851       -23.025851      -4132.1726                                                  -4132.1726
              2      -2088.9602       0.2805687   1.7929456e-09      -23.025851       -23.025851      -4131.8686                                                  -4131.8686
              2       -2089.333        0.287399   1.9877275e-09      -23.025851       -23.025851      -4132.6142                                                  -4132.6142
              1      -2089.2507       0.2875448   1.8898574e-09      -23.025851       -23.025851      -4132.4497                                                  -4132.4497
              4      -2089.4299      0.32621146   1.7854104e-09      -23.025851       -23.025851      -4132.8081                                                  -4132.8081
              1      -2089.1852      0.32784607    1.918283e-09      -23.025851       -23.025851      -4132.3187                                                  -4132.3187
              1      -2089.2981      0.26909384   2.3579186e-09      -23.025851       -23.025851      -4132.5445                                                  -4132.5445
              1      -2089.2706      0.26863825    2.301108e-09      -23.025851       -23.025851      -4132.4895                                                  -4132.4895
              1       -2089.376      0.28659594   2.1727702e-09      -23.025851       -23.025851      -4132.7002                                                  -4132.7002
              5      -2089.3231      0.27353942   2.3051643e-09      -23.025851       -23.025851      -4132.5945                                                  -4132.5945
              3      -2089.3127      0.27289221   2.2863395e-09      -23.025851       -23.025851      -4132.5737                                                  -4132.5737
              1       -2089.313      0.27343744   2.2706724e-09      -23.025851       -23.025851      -4132.5742                                                  -4132.5742
              1      -2089.3381      0.29063738   2.2308199e-09      -23.025851       -23.025851      -4132.6246                                                  -4132.6246
              1      -2089.4306      0.30360648   1.9395738e-09      -23.025851       -23.025851      -4132.8095                                                  -4132.8095
              1      -2089.4005      0.31281432   1.9328091e-09      -23.025851       -23.025851      -4132.7494                                                  -4132.7494
              2       -2089.294      0.31418708   2.0063851e-09      -23.025851       -23.025851      -4132.5364                                                  -4132.5364
              1       -2089.448      0.31086494   1.8660288e-09      -23.025851       -23.025851      -4132.8443                                                  -4132.8443
              5       -2089.468      0.32650063   1.7372511e-09      -23.025851       -23.025851      -4132.8844                                                  -4132.8844
              2      -2089.4998       0.3299382   1.6477811e-09      -23.025851       -23.025851       -4132.948                                                   -4132.948
              1      -2088.0929      0.35486523   1.9149365e-09      -23.025851       -23.025851      -4130.1341                                                  -4130.1341
              1      -2088.0156      0.34510491   2.0289081e-09      -23.025851       -23.025851      -4129.9795                                                  -4129.9795
              1       -2089.062      0.34005851   1.8424146e-09      -23.025851       -23.025851      -4132.0723                                                  -4132.0723
              1      -2089.0346      0.34992196   1.7589309e-09      -23.025851       -23.025851      -4132.0175                                                  -4132.0175
              1      -2089.2192      0.33104081   1.8710042e-09      -23.025851       -23.025851      -4132.3867                                                  -4132.3867
              3      -2089.4924      0.33201495   1.6620221e-09      -23.025851       -23.025851      -4132.9331                                                  -4132.9331
              2      -2089.3519      0.29473035   1.8809911e-09      -23.025851       -23.025851       -4132.652                                                   -4132.652
              1      -2089.2116        0.326533   1.9200341e-09      -23.025851       -23.025851      -4132.3714                                                  -4132.3714
              2      -2088.9298      0.30903616   2.2402789e-09      -23.025851       -23.025851      -4131.8079                                                  -4131.8079
              1      -2089.2505      0.28083283   2.0074908e-09      -23.025851       -23.025851      -4132.4493                                                  -4132.4493
              1      -2089.3349       0.2851493   2.2938891e-09      -23.025851       -23.025851      -4132.6181                                                  -4132.6181
              4      -2089.3349      0.27693107   2.3564964e-09      -23.025851       -23.025851       -4132.618                                                   -4132.618
              2      -2089.2906      0.26878937   2.3435009e-09      -23.025851       -23.025851      -4132.5294                                                  -4132.5294
              3      -2089.3452      0.27812122   2.2566791e-09      -23.025851       -23.025851      -4132.6388                                                  -4132.6388
              3      -2089.2607      0.30098561   2.1806774e-09      -23.025851       -23.025851      -4132.4696                                                  -4132.4696
              1      -2088.1705      0.30841857   2.4663045e-09      -23.025851       -23.025851      -4130.2894                                                  -4130.2894
              1      -2089.3398      0.33325393   1.7893032e-09      -23.025851       -23.025851       -4132.628                                                   -4132.628
              1      -2088.8514      0.35758712    1.739891e-09      -23.025851       -23.025851      -4131.6511                                                  -4131.6511
              1      -2088.9349      0.33516437   1.9316321e-09      -23.025851       -23.025851      -4131.8182                                                  -4131.8182
              4      -2089.3154      0.33187449   1.8157561e-09      -23.025851       -23.025851      -4132.5792                                                  -4132.5792
              7      -2089.3468      0.27827576   2.2637364e-09      -23.025851       -23.025851      -4132.6419                                                  -4132.6419
              4      -2089.4992      0.32930079   1.6487738e-09      -23.025851       -23.025851      -4132.9466                                                  -4132.9466
              5      -2089.3279      0.27948071   2.1485602e-09      -23.025851       -23.025851      -4132.6041                                                  -4132.6041
              1      -2089.3268      0.30378953   2.0963647e-09      -23.025851       -23.025851       -4132.602                                                   -4132.602
              2      -2089.0026      0.28404549   2.5766088e-09      -23.025851       -23.025851      -4131.9536                                                  -4131.9536
              2      -2088.9539      0.29090432   2.4908793e-09      -23.025851       -23.025851       -4131.856                                                   -4131.856
              3      -2088.3541      0.29759919   2.5899006e-09      -23.025851       -23.025851      -4130.6566                                                  -4130.6566
              2      -2088.6217      0.29860657   2.4952425e-09      -23.025851       -23.025851      -4131.1916                                                  -4131.1916
              2      -2089.0756      0.27690993   1.9263145e-09      -23.025851       -23.025851      -4132.0995                                                  -4132.0995
              3      -2089.0537      0.27568131   1.9316135e-09      -23.025851       -23.025851      -4132.0557                                                  -4132.0557
              2      -2089.3205      0.27948497   2.1331615e-09      -23.025851       -23.025851      -4132.5893                                                  -4132.5893
              2      -2089.2027      0.26938469   2.1837091e-09      -23.025851       -23.025851      -4132.3537                                                  -4132.3537
              1      -2089.1051      0.27708838   1.9451046e-09      -23.025851       -23.025851      -4132.1585                                                  -4132.1585
              1      -2089.2531      0.33920814   1.7782631e-09      -23.025851       -23.025851      -4132.4544                                                  -4132.4544
              1      -2089.2149      0.33008223   1.8825046e-09      -23.025851       -23.025851       -4132.378                                                   -4132.378
              2        -2089.44      0.31425827   1.6992903e-09      -23.025851       -23.025851      -4132.8283                                                  -4132.8283
              1       -2089.381      0.28837868   2.0806112e-09      -23.025851       -23.025851      -4132.7102                                                  -4132.7102
              1      -2089.3416      0.29890743    1.799908e-09      -23.025851       -23.025851      -4132.6314                                                  -4132.6314
              1      -2089.3691      0.33872256   1.7241591e-09      -23.025851       -23.025851      -4132.6865                                                  -4132.6865
              1      -2088.3501      0.33011516   2.1351418e-09      -23.025851       -23.025851      -4130.6486                                                  -4130.6486
              1      -2089.3065      0.26930695   2.3893191e-09      -23.025851       -23.025851      -4132.5614                                                  -4132.5614
              7      -2089.1957      0.28030022   2.5112036e-09      -23.025851       -23.025851      -4132.3397                                                  -4132.3397
              3      -2089.3537      0.28064104   2.2703318e-09      -23.025851       -23.025851      -4132.6557                                                  -4132.6557
              4      -2089.1041      0.29071624   2.4178847e-09      -23.025851       -23.025851      -4132.1565                                                  -4132.1565
              3      -2089.3124      0.31181487   2.0195784e-09      -23.025851       -23.025851      -4132.5732                                                  -4132.5732
              1      -2088.7932      0.32205666   2.1210065e-09      -23.025851       -23.025851      -4131.5347                                                  -4131.5347
              1      -2089.3103      0.28624444   2.3169485e-09      -23.025851       -23.025851      -4132.5689                                                  -4132.5689
              2      -2089.3232      0.28987411   1.9281289e-09      -23.025851       -23.025851      -4132.5946                                                  -4132.5946
              2      -2089.4522      0.32798768   1.7473615e-09      -23.025851       -23.025851      -4132.8527                                                  -4132.8527
              2      -2089.4169      0.31055437   1.9322257e-09      -23.025851       -23.025851       -4132.782                                                   -4132.782
              1      -2089.4283       0.3050729   1.8356464e-09      -23.025851       -23.025851       -4132.805                                                   -4132.805
              2      -2089.1863       0.2906572   1.7875176e-09      -23.025851       -23.025851      -4132.3209                                                  -4132.3209
              4      -2089.4715      0.31972268   1.6824481e-09      -23.025851       -23.025851      -4132.8913                                                  -4132.8913
              4      -2089.4854      0.32334133   1.6675813e-09      -23.025851       -23.025851       -4132.919                                                   -4132.919
              3       -2089.217      0.33898687    1.795674e-09      -23.025851       -23.025851      -4132.3822                                                  -4132.3822
              2      -2087.4402       0.3376499   2.2067184e-09      -23.025851       -23.025851      -4128.8286                                                  -4128.8286
             10      -2089.2828      0.26693323   2.5764034e-09      -23.025851       -23.025851      -4132.5139                                                  -4132.5139
              3      -2089.2351      0.28320173   2.4350894e-09      -23.025851       -23.025851      -4132.4185                                                  -4132.4185
              1      -2089.2694      0.27921672    2.454778e-09      -23.025851       -23.025851       -4132.487                                                   -4132.487
              1      -2088.9104      0.29123337   1.6166502e-09      -23.025851       -23.025851      -4131.7692                                                  -4131.7692
              5      -2089.2511      0.29697629   1.7447488e-09      -23.025851       -23.025851      -4132.4504                                                  -4132.4504
              1      -2089.4198      0.31388189   1.6733427e-09      -23.025851       -23.025851       -4132.788                                                   -4132.788
              6      -2089.3308      0.30019605   1.7688251e-09      -23.025851       -23.025851        -4132.61                                                    -4132.61
              2      -2089.4139      0.31371804   1.9092045e-09      -23.025851       -23.025851      -4132.7761                                                  -4132.7761
              3      -2089.4129      0.30018237   2.0129431e-09      -23.025851       -23.025851      -4132.7741                                                  -4132.7741
              1      -2089.3664      0.33009299   1.8017275e-09      -23.025851       -23.025851      -4132.6811                                                  -4132.6811
              2      -2089.4175      0.30860328   1.9468367e-09      -23.025851       -23.025851      -4132.7833                                                  -4132.7833
              4      -2089.4503      0.31613742   1.8350366e-09      -23.025851       -23.025851      -4132.8489                                                  -4132.8489
              1      -2089.4216      0.31653451   1.8756637e-09      -23.025851       -23.025851      -4132.7915                                                  -4132.7915
              1      -2089.4243      0.31334221   1.8986659e-09      -23.025851       -23.025851       -4132.797                                                   -4132.797
              2      -2089.0159      0.26518291   2.0971919e-09      -23.025851       -23.025851      -4131.9801                                                  -4131.9801
              1      -2089.4456      0.31633849   1.6772284e-09      -23.025851       -23.025851      -4132.8394                                                  -4132.8394
              3      -2089.4698       0.3182197   1.7730724e-09      -23.025851       -23.025851       -4132.888                                                   -4132.888
              1       -2089.382      0.32766887   1.8129182e-09      -23.025851       -23.025851      -4132.7123                                                  -4132.7123
              1      -2089.2492      0.30710078   2.1149978e-09      -23.025851       -23.025851      -4132.4467                                                  -4132.4467
              1       -2089.277      0.30484014   2.1231602e-09      -23.025851       -23.025851      -4132.5023                                                  -4132.5023
              1      -2089.2932      0.30533819   2.1057523e-09      -23.025851       -23.025851      -4132.5346                                                  -4132.5346
              1      -2089.3391      0.32221887   1.8940005e-09      -23.025851       -23.025851      -4132.6264                                                  -4132.6264
              1      -2089.2663      0.32457853   1.9133881e-09      -23.025851       -23.025851      -4132.4808                                                  -4132.4808
              2      -2089.2961      0.32531039   1.8896601e-09      -23.025851       -23.025851      -4132.5404                                                  -4132.5404
              2      -2089.4214      0.32055402   1.8417519e-09      -23.025851       -23.025851      -4132.7911                                                  -4132.7911
              1       -2089.342      0.29633312   2.1639981e-09      -23.025851       -23.025851      -4132.6324                                                  -4132.6324
              1      -2089.1945      0.27636254   2.0341889e-09      -23.025851       -23.025851      -4132.3373                                                  -4132.3373
              1      -2088.9834      0.30990775    2.208483e-09      -23.025851       -23.025851      -4131.9152                                                  -4131.9152
              1      -2088.9759       0.3065754    2.255233e-09      -23.025851       -23.025851      -4131.9001                                                  -4131.9001
              3      -2089.4219      0.31280275   1.9063595e-09      -23.025851       -23.025851      -4132.7921                                                  -4132.7921
              2      -2089.2976      0.31574685   1.9873673e-09      -23.025851       -23.025851      -4132.5435                                                  -4132.5435
              1       -2088.916      0.35614455   1.7364584e-09      -23.025851       -23.025851      -4131.7803                                                  -4131.7803
              2      -2088.9378      0.35800533   1.7147664e-09      -23.025851       -23.025851      -4131.8238                                                  -4131.8238
              2      -2089.5074      0.33227908   1.6126621e-09      -23.025851       -23.025851       -4132.963                                                   -4132.963
              1      -2089.4669      0.32200552   1.7669896e-09      -23.025851       -23.025851      -4132.8822                                                  -4132.8822
              1      -2089.4737      0.31950287   1.7575354e-09      -23.025851       -23.025851      -4132.8957                                                  -4132.8957
              3      -2089.4312      0.31373387   1.8853824e-09      -23.025851       -23.025851      -4132.8107                                                  -4132.8107
              1      -2089.3465      0.28306057   2.2896785e-09      -23.025851       -23.025851      -4132.6413                                                  -4132.6413
              2      -2088.8626      0.30078965   2.3796574e-09      -23.025851       -23.025851      -4131.6736                                                  -4131.6736
              1      -2088.8841      0.30098245   2.3687441e-09      -23.025851       -23.025851      -4131.7165                                                  -4131.7165
              2      -2087.2493      0.34448743   2.1534133e-09      -23.025851       -23.025851      -4128.4469                                                  -4128.4469
              1      -2087.5718      0.32401311   2.3612322e-09      -23.025851       -23.025851      -4129.0918                                                  -4129.0918
              1      -2089.2739      0.26860082   2.3092138e-09      -23.025851       -23.025851       -4132.496                                                   -4132.496
              1      -2089.3173       0.2928385   1.8700983e-09      -23.025851       -23.025851       -4132.583                                                   -4132.583
              4      -2089.3701      0.29087526   1.9841397e-09      -23.025851       -23.025851      -4132.6885                                                  -4132.6885
              1      -2089.3647      0.30420142   1.7464354e-09      -23.025851       -23.025851      -4132.6777                                                  -4132.6777
              3      -2089.2006      0.34057489   1.7875522e-09      -23.025851       -23.025851      -4132.3494                                                  -4132.3494
              2      -2089.3794      0.34699875   1.6499432e-09      -23.025851       -23.025851      -4132.7072                                                  -4132.7072
              2      -2089.4273      0.33677232   1.7012503e-09      -23.025851       -23.025851      -4132.8029                                                  -4132.8029
              2      -2089.4275      0.33637492   1.7042891e-09      -23.025851       -23.025851      -4132.8033                                                  -4132.8033
              2      -2089.4718      0.33309667   1.6867615e-09      -23.025851       -23.025851      -4132.8918                                                  -4132.8918
              3      -2089.0803      0.35137626   1.7320718e-09      -23.025851       -23.025851      -4132.1089                                                  -4132.1089
              1      -2089.1665      0.29313876   1.7374126e-09      -23.025851       -23.025851      -4132.2812                                                  -4132.2812
              1      -2089.1788      0.29390242   1.7350334e-09      -23.025851       -23.025851      -4132.3058                                                  -4132.3058
              6      -2089.3201      0.27202073   2.4143506e-09      -23.025851       -23.025851      -4132.5886                                                  -4132.5886
              1      -2089.3411      0.29228472   2.2090492e-09      -23.025851       -23.025851      -4132.6305                                                  -4132.6305
              2      -2089.4036      0.30032245   2.0349589e-09      -23.025851       -23.025851      -4132.7555                                                  -4132.7555
              2      -2089.3886        0.298725   2.0762225e-09      -23.025851       -23.025851      -4132.7255                                                  -4132.7255
              2      -2089.3185      0.27162399   2.4212498e-09      -23.025851       -23.025851      -4132.5852                                                  -4132.5852
              1      -2089.3125      0.26987583   2.4102201e-09      -23.025851       -23.025851      -4132.5733                                                  -4132.5733
              1      -2089.3891      0.29152386   2.1201075e-09      -23.025851       -23.025851      -4132.7265                                                  -4132.7265
              3      -2089.3892      0.29191282   2.1188502e-09      -23.025851       -23.025851      -4132.7266                                                  -4132.7266
              1      -2089.2239      0.26685793   2.2686098e-09      -23.025851       -23.025851       -4132.396                                                   -4132.396
              6      -2089.2164      0.26649228    2.266347e-09      -23.025851       -23.025851       -4132.381                                                   -4132.381
              2      -2089.3736      0.28585347   2.1282482e-09      -23.025851       -23.025851      -4132.6955                                                  -4132.6955
              2      -2089.3554      0.28135708   2.2650769e-09      -23.025851       -23.025851       -4132.659                                                   -4132.659
              4      -2089.3504      0.28645575   2.2532801e-09      -23.025851       -23.025851       -4132.649                                                   -4132.649
              1      -2089.4031      0.29559708   2.0591858e-09      -23.025851       -23.025851      -4132.7545                                                  -4132.7545
              1      -2088.6307      0.33340395   2.0328031e-09      -23.025851       -23.025851      -4131.2097                                                  -4131.2097
              1      -2088.6778      0.33180112    2.039076e-09      -23.025851       -23.025851      -4131.3038                                                  -4131.3038
              2      -2089.3412       0.3399507   1.7291636e-09      -23.025851       -23.025851      -4132.6307                                                  -4132.6307
              1      -2088.9321      0.35321049   1.7582348e-09      -23.025851       -23.025851      -4131.8125                                                  -4131.8125
              1      -2088.4924      0.35849798   1.8088921e-09      -23.025851       -23.025851      -4130.9332                                                  -4130.9332
              1      -2088.4053      0.30706155   2.4289041e-09      -23.025851       -23.025851      -4130.7589                                                  -4130.7589
              2      -2088.0065       0.3321583   2.1791086e-09      -23.025851       -23.025851      -4129.9613                                                  -4129.9613
              1      -2088.3002      0.32730741   2.1800268e-09      -23.025851       -23.025851      -4130.5488                                                  -4130.5488
              2      -2088.4942      0.33254283   2.0748125e-09      -23.025851       -23.025851      -4130.9366                                                  -4130.9366
              1      -2088.2078      0.32404281   2.2408068e-09      -23.025851       -23.025851       -4130.364                                                   -4130.364
              1      -2089.3076      0.28686407   1.9626587e-09      -23.025851       -23.025851      -4132.5634                                                  -4132.5634
              4        -2089.36       0.3044326   1.7369537e-09      -23.025851       -23.025851      -4132.6683                                                  -4132.6683
              2      -2089.2211       0.2808335   1.9774688e-09      -23.025851       -23.025851      -4132.3905                                                  -4132.3905
              1      -2088.8139      0.27545183   1.7896451e-09      -23.025851       -23.025851       -4131.576                                                   -4131.576
              2       -2088.985      0.27354259   1.9215358e-09      -23.025851       -23.025851      -4131.9183                                                  -4131.9183
              1      -2088.8929      0.27551253   1.8325369e-09      -23.025851       -23.025851      -4131.7341                                                  -4131.7341
              1      -2089.3229      0.30399935   1.7063172e-09      -23.025851       -23.025851       -4132.594                                                   -4132.594
              2      -2089.4641      0.34474161   1.6104635e-09      -23.025851       -23.025851      -4132.8766                                                  -4132.8766
              1      -2087.9203      0.35901299     1.90206e-09      -23.025851       -23.025851      -4129.7888                                                  -4129.7888
              1      -2088.3181      0.31465593   2.3416869e-09      -23.025851       -23.025851      -4130.5846                                                  -4130.5846
              7      -2088.5516      0.31985008   2.2149008e-09      -23.025851       -23.025851      -4131.0514                                                  -4131.0514
              2        -2089.32       0.2867209   2.2987478e-09      -23.025851       -23.025851      -4132.5882                                                  -4132.5882
              1       -2089.288      0.29193386    2.271124e-09      -23.025851       -23.025851      -4132.5242                                                  -4132.5242
              2      -2088.6162      0.30959041   2.3347239e-09      -23.025851       -23.025851      -4131.1807                                                  -4131.1807
              3       -2088.911      0.28689229   2.5744629e-09      -23.025851       -23.025851      -4131.7704                                                  -4131.7704
              5      -2088.9523      0.28516111   2.5835906e-09      -23.025851       -23.025851       -4131.853                                                   -4131.853
              1      -2089.3321      0.28802404   2.2674556e-09      -23.025851       -23.025851      -4132.6125                                                  -4132.6125
              1      -2089.1717      0.30709449   2.1594902e-09      -23.025851       -23.025851      -4132.2918                                                  -4132.2918
              1      -2089.3949      0.29494225   2.0894116e-09      -23.025851       -23.025851      -4132.7381                                                  -4132.7381
              4      -2089.4524      0.31374894   1.8428102e-09      -23.025851       -23.025851      -4132.8532                                                  -4132.8532
              2      -2089.4439      0.32746544   1.7609845e-09      -23.025851       -23.025851       -4132.836                                                   -4132.836
              1       -2089.404      0.31030633   1.7036711e-09      -23.025851       -23.025851      -4132.7563                                                  -4132.7563
              1      -2089.2312      0.31475442   2.0372283e-09      -23.025851       -23.025851      -4132.4107                                                  -4132.4107
              2      -2089.3531      0.28638235   2.2484401e-09      -23.025851       -23.025851      -4132.6544                                                  -4132.6544
              1      -2089.3159      0.27276949   2.3012096e-09      -23.025851       -23.025851        -4132.58                                                    -4132.58
              5      -2088.9415      0.27078889   1.9407875e-09      -23.025851       -23.025851      -4131.8313                                                  -4131.8313
              2      -2088.9786      0.27128704   1.9564098e-09      -23.025851       -23.025851      -4131.9055                                                  -4131.9055
              1      -2089.0812      0.29810705   1.6182928e-09      -23.025851       -23.025851      -4132.1107                                                  -4132.1107
              1      -2089.1538      0.29712475   1.6741947e-09      -23.025851       -23.025851      -4132.2559                                                  -4132.2559
              2      -2088.6933      0.27060164   1.8023278e-09      -23.025851       -23.025851      -4131.3349                                                  -4131.3349
              2      -2088.8051      0.27068621   1.8608653e-09      -23.025851       -23.025851      -4131.5585                                                  -4131.5585
              1      -2089.4349      0.30891632   1.9108921e-09      -23.025851       -23.025851      -4132.8182                                                  -4132.8182
              2      -2088.1752      0.34903075   1.9595907e-09      -23.025851       -23.025851      -4130.2986                                                  -4130.2986
              3      -2088.9265      0.33237765   1.9636537e-09      -23.025851       -23.025851      -4131.8013                                                  -4131.8013
              2      -2089.2109      0.27721335   2.5441067e-09      -23.025851       -23.025851        -4132.37                                                    -4132.37
              3      -2088.8368      0.31216507    2.231761e-09      -23.025851       -23.025851      -4131.6218                                                  -4131.6218
              2      -2087.4407      0.35438756   2.0181619e-09      -23.025851       -23.025851      -4128.8297                                                  -4128.8297
              1      -2088.6481      0.31343221   2.2728633e-09      -23.025851       -23.025851      -4131.2446                                                  -4131.2446
              1      -2089.3909      0.31436873   1.9286261e-09      -23.025851       -23.025851      -4132.7301                                                  -4132.7301
              2      -2089.3718      0.30396427   2.0499898e-09      -23.025851       -23.025851       -4132.692                                                   -4132.692
              1      -2089.3813      0.29373719   2.1303957e-09      -23.025851       -23.025851      -4132.7108                                                  -4132.7108
              1      -2089.3224      0.28978408   1.9288111e-09      -23.025851       -23.025851      -4132.5931                                                  -4132.5931
              1       -2089.411      0.30101591   1.8709049e-09      -23.025851       -23.025851      -4132.7702                                                  -4132.7702
              2      -2089.4216      0.29998665   1.9425579e-09      -23.025851       -23.025851      -4132.7915                                                  -4132.7915
              2      -2088.9899       0.3102868   2.2010391e-09      -23.025851       -23.025851      -4131.9281                                                  -4131.9281
              1      -2088.9738       0.3097631   2.2141014e-09      -23.025851       -23.025851       -4131.896                                                   -4131.896
              1      -2089.1436      0.29986104   2.2675462e-09      -23.025851       -23.025851      -4132.2355                                                  -4132.2355
              1      -2089.4311      0.30376992   1.9384054e-09      -23.025851       -23.025851      -4132.8106                                                  -4132.8106
              4      -2088.6082      0.31715245   2.2349209e-09      -23.025851       -23.025851      -4131.1647                                                  -4131.1647
              1       -2089.048       0.3085932   2.1990592e-09      -23.025851       -23.025851      -4132.0443                                                  -4132.0443
              1      -2089.1451      0.32569178   1.9579489e-09      -23.025851       -23.025851      -4132.2384                                                  -4132.2384
              1      -2089.2166      0.34795636   1.7153698e-09      -23.025851       -23.025851      -4132.3815                                                  -4132.3815
              1      -2089.0325       0.3509284   1.7505875e-09      -23.025851       -23.025851      -4132.0134                                                  -4132.0134
              1      -2089.4299      0.30727072   1.7972621e-09      -23.025851       -23.025851      -4132.8082                                                  -4132.8082
              1      -2089.4154      0.31211491   1.6926661e-09      -23.025851       -23.025851      -4132.7792                                                  -4132.7792
              2      -2087.8781       0.3237694   2.3098624e-09      -23.025851       -23.025851      -4129.7045                                                  -4129.7045
              1      -2088.9287      0.34147048   1.8693946e-09      -23.025851       -23.025851      -4131.8057                                                  -4131.8057
              2      -2088.2403      0.36124572    1.829277e-09      -23.025851       -23.025851      -4130.4289                                                  -4130.4289
              1      -2088.9818      0.35249849   1.7510945e-09      -23.025851       -23.025851      -4131.9118                                                  -4131.9118
              1      -2088.9709      0.29753312   2.3833463e-09      -23.025851       -23.025851      -4131.8901                                                  -4131.8901
              3       -2089.255      0.29063633   2.3167735e-09      -23.025851       -23.025851      -4132.4582                                                  -4132.4582
              1       -2089.384      0.28994593   2.0461331e-09      -23.025851       -23.025851      -4132.7162                                                  -4132.7162
              3      -2089.4199      0.32089345   1.8403683e-09      -23.025851       -23.025851      -4132.7881                                                  -4132.7881
              1      -2089.4126      0.29721696   2.0123374e-09      -23.025851       -23.025851      -4132.7736                                                  -4132.7736
              1      -2089.1691      0.29412971   1.7252308e-09      -23.025851       -23.025851      -4132.2866                                                  -4132.2866
              1      -2089.4656       0.3161935   1.7908025e-09      -23.025851       -23.025851      -4132.8796                                                  -4132.8796
              2       -2089.341      0.28142899   2.3154511e-09      -23.025851       -23.025851      -4132.6302                                                  -4132.6302
              4      -2089.3645      0.29369741   2.1610459e-09      -23.025851       -23.025851      -4132.6773                                                  -4132.6773
              3      -2089.3338      0.27498697    2.342718e-09      -23.025851       -23.025851      -4132.6159                                                  -4132.6159
              2      -2089.3326      0.28255414     2.32357e-09      -23.025851       -23.025851      -4132.6136                                                  -4132.6136
              1       -2089.238       0.3461208   1.7229491e-09      -23.025851       -23.025851      -4132.4243                                                  -4132.4243
              1      -2087.5355      0.35799079   1.9681689e-09      -23.025851       -23.025851      -4129.0193                                                  -4129.0193
              1      -2087.8732      0.34392223   2.0657866e-09      -23.025851       -23.025851      -4129.6946                                                  -4129.6946
              4      -2089.4122      0.34145066   1.6745362e-09      -23.025851       -23.025851      -4132.7726                                                  -4132.7726
              3      -2089.2847      0.35033482   1.6680813e-09      -23.025851       -23.025851      -4132.5176                                                  -4132.5176
              1       -2089.219      0.28706429   1.8693623e-09      -23.025851       -23.025851      -4132.3864                                                  -4132.3864
              2      -2089.0759      0.29305042   1.6814182e-09      -23.025851       -23.025851      -4132.1001                                                  -4132.1001
              4      -2089.4483      0.31032957   1.7918248e-09      -23.025851       -23.025851      -4132.8449                                                  -4132.8449
              2      -2089.0431      0.33553794   1.8934245e-09      -23.025851       -23.025851      -4132.0345                                                  -4132.0345
              1      -2089.3595       0.3207553   1.8940098e-09      -23.025851       -23.025851      -4132.6673                                                  -4132.6673
              1      -2088.0779      0.34954784   1.9712265e-09      -23.025851       -23.025851      -4130.1041                                                  -4130.1041
              1      -2087.5006      0.31037878   2.5731121e-09      -23.025851       -23.025851      -4128.9496                                                  -4128.9496
              3      -2087.4719      0.31490592   2.5088274e-09      -23.025851       -23.025851      -4128.8921                                                  -4128.8921
              2      -2089.3268      0.27894583   2.3690644e-09      -23.025851       -23.025851       -4132.602                                                   -4132.602
              4       -2088.955      0.27652596   1.8531022e-09      -23.025851       -23.025851      -4131.8584                                                  -4131.8584
              3       -2088.352       0.2690324   1.6665392e-09      -23.025851       -23.025851      -4130.6523                                                  -4130.6523
              6      -2089.2133      0.28128963   1.9620391e-09      -23.025851       -23.025851       -4132.375                                                   -4132.375
              2      -2089.1419      0.28212148   1.8880989e-09      -23.025851       -23.025851       -4132.232                                                   -4132.232
              1      -2089.1744      0.28797043   1.8194874e-09      -23.025851       -23.025851       -4132.297                                                   -4132.297
              1      -2089.3462      0.30978028   2.0148798e-09      -23.025851       -23.025851      -4132.6408                                                  -4132.6408
              2      -2089.4399      0.32561947   1.7797963e-09      -23.025851       -23.025851      -4132.8281                                                  -4132.8281
              1      -2089.0362      0.26729495   2.0715898e-09      -23.025851       -23.025851      -4132.0207                                                  -4132.0207
              1      -2088.9199      0.26913219   1.9559758e-09      -23.025851       -23.025851       -4131.788                                                   -4131.788
              5      -2088.7266      0.28103706   1.6641657e-09      -23.025851       -23.025851      -4131.4014                                                  -4131.4014
              1      -2089.3481      0.28104269     2.16379e-09      -23.025851       -23.025851      -4132.6445                                                  -4132.6445
              1      -2089.2633      0.29167727   1.8346185e-09      -23.025851       -23.025851      -4132.4749                                                  -4132.4749
              1      -2089.4634       0.3267443   1.7422727e-09      -23.025851       -23.025851      -4132.8752                                                  -4132.8752
              2      -2089.4933      0.33172505   1.6613676e-09      -23.025851       -23.025851      -4132.9349                                                  -4132.9349
              2      -2089.5034      0.33149191   1.6331625e-09      -23.025851       -23.025851      -4132.9551                                                  -4132.9551
              2      -2089.4887      0.33151579   1.6714435e-09      -23.025851       -23.025851      -4132.9257                                                  -4132.9257
              1      -2089.4363       0.3390106   1.6764117e-09      -23.025851       -23.025851      -4132.8209                                                  -4132.8209
              1      -2089.0057      0.31380365   2.1505509e-09      -23.025851       -23.025851      -4131.9596                                                  -4131.9596
              1      -2089.4482      0.32996713   1.7366425e-09      -23.025851       -23.025851      -4132.8447                                                  -4132.8447
              2      -2089.3782      0.33821758    1.722901e-09      -23.025851       -23.025851      -4132.7048                                                  -4132.7048
              1      -2089.1854      0.33817767   1.8160435e-09      -23.025851       -23.025851      -4132.3191                                                  -4132.3191
              5      -2089.4114       0.3118006   1.9288022e-09      -23.025851       -23.025851      -4132.7711                                                  -4132.7711
              2       -2089.361      0.28193323    2.216301e-09      -23.025851       -23.025851      -4132.6702                                                  -4132.6702
              1      -2089.2626      0.30032261   1.7067481e-09      -23.025851       -23.025851      -4132.4735                                                  -4132.4735
              1      -2089.4125      0.29757749   1.9603969e-09      -23.025851       -23.025851      -4132.7734                                                  -4132.7734
              3       -2089.142      0.27055697   2.0968114e-09      -23.025851       -23.025851      -4132.2322                                                  -4132.2322
              2      -2089.1868      0.27856288    1.986377e-09      -23.025851       -23.025851      -4132.3219                                                  -4132.3219
              1      -2089.2548      0.29906841   1.7181097e-09      -23.025851       -23.025851      -4132.4579                                                  -4132.4579
              3      -2089.3581       0.3036652   1.7462108e-09      -23.025851       -23.025851      -4132.6645                                                  -4132.6645
              2      -2089.3154      0.28322367   2.3455117e-09      -23.025851       -23.025851      -4132.5791                                                  -4132.5791
              1      -2089.2535      0.27170863   2.1980248e-09      -23.025851       -23.025851      -4132.4553                                                  -4132.4553
              2       -2089.489      0.32630452   1.6203504e-09      -23.025851       -23.025851      -4132.9264                                                  -4132.9264
              1      -2089.3859      0.33617434   1.7355397e-09      -23.025851       -23.025851      -4132.7201                                                  -4132.7201
              3      -2089.3205      0.27882644    2.148434e-09      -23.025851       -23.025851      -4132.5894                                                  -4132.5894
              2      -2089.4159      0.29850158   1.9512615e-09      -23.025851       -23.025851      -4132.7801                                                  -4132.7801
              6      -2089.1301      0.33779384    1.840586e-09      -23.025851       -23.025851      -4132.2086                                                  -4132.2086
              1      -2088.9015      0.33929968   1.8989617e-09      -23.025851       -23.025851      -4131.7513                                                  -4131.7513
              1      -2089.3826      0.29335443   1.9597752e-09      -23.025851       -23.025851      -4132.7134                                                  -4132.7134
              2       -2089.354       0.3002121   1.7938958e-09      -23.025851       -23.025851      -4132.6564                                                  -4132.6564
              1      -2089.0052      0.29204592    1.655091e-09      -23.025851       -23.025851      -4131.9587                                                  -4131.9587
              3      -2089.0981      0.28894588   1.7524811e-09      -23.025851       -23.025851      -4132.1446                                                  -4132.1446
              7      -2089.3212      0.32698445   1.8588688e-09      -23.025851       -23.025851      -4132.5906                                                  -4132.5906
              4      -2089.4572      0.33271156   1.7058466e-09      -23.025851       -23.025851      -4132.8628                                                  -4132.8628
              3      -2089.1998       0.3518517   1.6883533e-09      -23.025851       -23.025851      -4132.3479                                                  -4132.3479
              1      -2088.9716      0.35080882   1.7691123e-09      -23.025851       -23.025851      -4131.8916                                                  -4131.8916
              3      -2089.1164      0.34828262    1.747994e-09      -23.025851       -23.025851       -4132.181                                                   -4132.181
              4      -2089.3812      0.34025987   1.7039871e-09      -23.025851       -23.025851      -4132.7106                                                  -4132.7106
              2      -2088.8978      0.33135137   1.9833806e-09      -23.025851       -23.025851      -4131.7439                                                  -4131.7439
              2      -2089.0189      0.32223021   2.0451985e-09      -23.025851       -23.025851       -4131.986                                                   -4131.986
              2      -2088.3602      0.30131304   2.5285853e-09      -23.025851       -23.025851      -4130.6687                                                  -4130.6687
              3      -2088.0519      0.30323336   2.5741128e-09      -23.025851       -23.025851      -4130.0521                                                  -4130.0521
              3      -2088.8427       0.3093128   2.2676195e-09      -23.025851       -23.025851      -4131.6337                                                  -4131.6337
              2      -2088.8091      0.30488503   2.3402337e-09      -23.025851       -23.025851      -4131.5665                                                  -4131.5665
              7      -2089.2918      0.27325096    2.496049e-09      -23.025851       -23.025851      -4132.5319                                                  -4132.5319
              1      -2089.2834      0.27872335   2.4436601e-09      -23.025851       -23.025851      -4132.5152                                                  -4132.5152
              1      -2089.2605      0.27961374   2.4598497e-09      -23.025851       -23.025851      -4132.4694                                                  -4132.4694
              1      -2089.2492      0.30300836   2.1640514e-09      -23.025851       -23.025851      -4132.4468                                                  -4132.4468
              2      -2089.0883      0.30750632   2.1951805e-09      -23.025851       -23.025851      -4132.1249                                                  -4132.1249
              3      -2089.2991      0.27538758   2.1876696e-09      -23.025851       -23.025851      -4132.5465                                                  -4132.5465
              3      -2089.2196      0.34246118   1.7627224e-09      -23.025851       -23.025851      -4132.3875                                                  -4132.3875
              4      -2088.8907      0.34206835   1.8742372e-09      -23.025851       -23.025851      -4131.7296                                                  -4131.7296
              2      -2088.9436      0.29549643   2.4253686e-09      -23.025851       -23.025851      -4131.8355                                                  -4131.8355
              1      -2089.3071      0.30040886   2.1518559e-09      -23.025851       -23.025851      -4132.5624                                                  -4132.5624
              5      -2089.2877      0.27700869   2.1316304e-09      -23.025851       -23.025851      -4132.5238                                                  -4132.5238
              1      -2089.2037      0.30689902   2.1444809e-09      -23.025851       -23.025851      -4132.3557                                                  -4132.3557
              1      -2089.3853      0.28869104   2.1147721e-09      -23.025851       -23.025851      -4132.7188                                                  -4132.7188
              2      -2089.3985       0.2926542   2.0466168e-09      -23.025851       -23.025851      -4132.7452                                                  -4132.7452
              1      -2089.3648      0.28634715   2.0744284e-09      -23.025851       -23.025851      -4132.6778                                                  -4132.6778
              1      -2089.4089      0.29811905   1.9276583e-09      -23.025851       -23.025851      -4132.7661                                                  -4132.7661
              2      -2088.8786      0.32169192   2.0991656e-09      -23.025851       -23.025851      -4131.7054                                                  -4131.7054
              2      -2089.3443      0.31862422    1.925993e-09      -23.025851       -23.025851       -4132.637                                                   -4132.637
              1      -2089.3088      0.29806839   2.1776966e-09      -23.025851       -23.025851      -4132.5658                                                  -4132.5658
              1      -2089.1942      0.26509575   2.2699619e-09      -23.025851       -23.025851      -4132.3366                                                  -4132.3366
              3      -2088.8592      0.28229386   1.7119597e-09      -23.025851       -23.025851      -4131.6666                                                  -4131.6666
              2      -2089.1631      0.27988985     1.94252e-09      -23.025851       -23.025851      -4132.2745                                                  -4132.2745
              2      -2088.6411      0.26844437   1.8101922e-09      -23.025851       -23.025851      -4131.2305                                                  -4131.2305
              1      -2089.0981      0.28984196   2.4341213e-09      -23.025851       -23.025851      -4132.1445                                                  -4132.1445
              1      -2089.2197      0.27636557    2.548285e-09      -23.025851       -23.025851      -4132.3877                                                  -4132.3877
              2      -2089.3625      0.28338599   2.1524683e-09      -23.025851       -23.025851      -4132.6734                                                  -4132.6734
              2      -2089.2994      0.28696981   2.3210117e-09      -23.025851       -23.025851       -4132.547                                                   -4132.547
              5      -2089.4258      0.30564823   1.8193564e-09      -23.025851       -23.025851      -4132.7999                                                  -4132.7999
              3      -2089.4254      0.30433716   1.9584721e-09      -23.025851       -23.025851      -4132.7992                                                  -4132.7992
              6        -2089.42      0.29967335   1.9814723e-09      -23.025851       -23.025851      -4132.7883                                                  -4132.7883
              1       -2089.321      0.29046769   1.9146816e-09      -23.025851       -23.025851      -4132.5904                                                  -4132.5904
              2       -2089.371      0.30931985   1.6794517e-09      -23.025851       -23.025851      -4132.6902                                                  -4132.6902
              3       -2089.382       0.3109263   1.6690285e-09      -23.025851       -23.025851      -4132.7122                                                  -4132.7122
              1       -2089.468      0.32255359   1.6262615e-09      -23.025851       -23.025851      -4132.8842                                                  -4132.8842
              1      -2089.4152      0.31646365   1.8837722e-09      -23.025851       -23.025851      -4132.7788                                                  -4132.7788
              2      -2089.3584      0.28572926   2.2415309e-09      -23.025851       -23.025851       -4132.665                                                   -4132.665
              5      -2089.3577      0.28555547   2.2443816e-09      -23.025851       -23.025851      -4132.6636                                                  -4132.6636
              2      -2089.4292        0.302755   1.9426599e-09      -23.025851       -23.025851      -4132.8066                                                  -4132.8066
              2      -2089.3508      0.28044876    2.194154e-09      -23.025851       -23.025851        -4132.65                                                    -4132.65
              1      -2089.3506      0.28209479   2.1427639e-09      -23.025851       -23.025851      -4132.6496                                                  -4132.6496
              4      -2089.1129      0.28150754   1.8766312e-09      -23.025851       -23.025851       -4132.174                                                   -4132.174
              2      -2089.3346      0.27529336   2.3085728e-09      -23.025851       -23.025851      -4132.6175                                                  -4132.6175
              2      -2089.0673      0.31424325    2.120437e-09      -23.025851       -23.025851      -4132.0829                                                  -4132.0829
              1      -2089.1334      0.26781435   2.1442496e-09      -23.025851       -23.025851      -4132.2151                                                  -4132.2151
              5      -2089.0673      0.28239446   1.8310346e-09      -23.025851       -23.025851      -4132.0828                                                  -4132.0828
              3      -2089.3382      0.29881391   2.1408132e-09      -23.025851       -23.025851      -4132.6246                                                  -4132.6246
              1      -2089.3077      0.26933957   2.4717769e-09      -23.025851       -23.025851      -4132.5636                                                  -4132.5636
              1      -2089.3218      0.27559662    2.234897e-09      -23.025851       -23.025851       -4132.592                                                   -4132.592
              1      -2089.3706       0.2859103   2.1999917e-09      -23.025851       -23.025851      -4132.6895                                                  -4132.6895
              2      -2089.4835       0.3223136   1.7119179e-09      -23.025851       -23.025851      -4132.9153                                                  -4132.9153
              1      -2089.4056      0.30927376   1.9583254e-09      -23.025851       -23.025851      -4132.7595                                                  -4132.7595
              1      -2089.3926      0.29499881   1.9495949e-09      -23.025851       -23.025851      -4132.7335                                                  -4132.7335
              1      -2089.1755      0.32095895   1.9958892e-09      -23.025851       -23.025851      -4132.2992                                                  -4132.2992
              2      -2089.0225      0.30765272   2.2219418e-09      -23.025851       -23.025851      -4131.9933                                                  -4131.9933
              1      -2088.7879       0.2963945   2.4730945e-09      -23.025851       -23.025851      -4131.5241                                                  -4131.5241
              4      -2089.4283      0.30207458   1.9374654e-09      -23.025851       -23.025851      -4132.8049                                                  -4132.8049
              1      -2089.3151      0.28460076   2.3298285e-09      -23.025851       -23.025851      -4132.5785                                                  -4132.5785
              1       -2089.335      0.27529542   2.3376794e-09      -23.025851       -23.025851      -4132.6183                                                  -4132.6183
              2      -2089.3259      0.27527572   2.3949492e-09      -23.025851       -23.025851      -4132.6002                                                  -4132.6002
              6       -2089.321      0.28442309   2.0279161e-09      -23.025851       -23.025851      -4132.5903                                                  -4132.5903
              1      -2089.2424      0.28654272   1.8987142e-09      -23.025851       -23.025851      -4132.4331                                                  -4132.4331
              1      -2089.3188      0.29296896   1.8696618e-09      -23.025851       -23.025851      -4132.5859                                                  -4132.5859
              2       -2089.323      0.29244055   1.8834312e-09      -23.025851       -23.025851      -4132.5943                                                  -4132.5943
              2      -2089.3416      0.32535682   1.8619468e-09      -23.025851       -23.025851      -4132.6315                                                  -4132.6315
              2      -2089.3636      0.32600562   1.8412135e-09      -23.025851       -23.025851      -4132.6754                                                  -4132.6754
              1       -2089.358      0.30572037    2.046775e-09      -23.025851       -23.025851      -4132.6643                                                  -4132.6643
              1      -2089.2932      0.29259361   1.8485247e-09      -23.025851       -23.025851      -4132.5348                                                  -4132.5348
              2      -2088.8188      0.26526091   1.9622365e-09      -23.025851       -23.025851      -4131.5859                                                  -4131.5859
              1       -2088.682      0.27194462   1.7756137e-09      -23.025851       -23.025851      -4131.3123                                                  -4131.3123
              1      -2089.1146      0.29091606   1.7347139e-09      -23.025851       -23.025851      -4132.1774                                                  -4132.1774
              3      -2088.9463      0.27708445   1.8388436e-09      -23.025851       -23.025851      -4131.8409                                                  -4131.8409
              3      -2089.1124      0.28486773   1.8228963e-09      -23.025851       -23.025851      -4132.1731                                                  -4132.1731
              1      -2089.0471      0.28763339   1.7398432e-09      -23.025851       -23.025851      -4132.0424                                                  -4132.0424
              3      -2089.3945      0.31106435   1.6812256e-09      -23.025851       -23.025851      -4132.7374                                                  -4132.7374
              1      -2088.9524      0.31010761   2.2177564e-09      -23.025851       -23.025851       -4131.853                                                   -4131.853
              1      -2089.3064      0.27984099   2.3972296e-09      -23.025851       -23.025851       -4132.561                                                   -4132.561
              1        -2089.17      0.26580291   2.2250461e-09      -23.025851       -23.025851      -4132.2883                                                  -4132.2883
              1      -2089.3378      0.28769581   1.9894866e-09      -23.025851       -23.025851      -4132.6239                                                  -4132.6239
              2      -2088.8585      0.27244397   1.8624539e-09      -23.025851       -23.025851      -4131.6653                                                  -4131.6653
              6      -2089.1796      0.28251935   1.9113087e-09      -23.025851       -23.025851      -4132.3075                                                  -4132.3075
              6      -2088.9852      0.29046549   1.6653565e-09      -23.025851       -23.025851      -4131.9188                                                  -4131.9188
              1      -2089.2752      0.30165382    1.698389e-09      -23.025851       -23.025851      -4132.4987                                                  -4132.4987
              1      -2089.2146      0.26892559   2.2082223e-09      -23.025851       -23.025851      -4132.3774                                                  -4132.3774
              4      -2088.9869      0.28839831   1.6944487e-09      -23.025851       -23.025851      -4131.9222                                                  -4131.9222
              2      -2089.3118      0.28679433   1.9693311e-09      -23.025851       -23.025851      -4132.5719                                                  -4132.5719
              2      -2089.2246      0.28717628   2.3884437e-09      -23.025851       -23.025851      -4132.3974                                                  -4132.3974
              1      -2089.1505       0.2844092   1.8575503e-09      -23.025851       -23.025851      -4132.2494                                                  -4132.2494
              2      -2089.1889      0.28755691   1.8370342e-09      -23.025851       -23.025851      -4132.3262                                                  -4132.3262
              2        -2089.45      0.32018269   1.8085871e-09      -23.025851       -23.025851      -4132.8482                                                  -4132.8482
              4      -2089.4888      0.32469188   1.6548722e-09      -23.025851       -23.025851       -4132.926                                                   -4132.926
              1      -2089.3948      0.30794669   1.9843066e-09      -23.025851       -23.025851      -4132.7379                                                  -4132.7379
              1      -2089.2744      0.32110123   1.9446929e-09      -23.025851       -23.025851      -4132.4971                                                  -4132.4971
              1      -2088.9987      0.31563004   2.1307232e-09      -23.025851       -23.025851      -4131.9456                                                  -4131.9456
              2       -2089.396      0.29637922   2.0785616e-09      -23.025851       -23.025851      -4132.7402                                                  -4132.7402
              2      -2089.3527      0.29845476   2.1288832e-09      -23.025851       -23.025851      -4132.6536                                                  -4132.6536
              3      -2089.4033      0.31023449   1.9529402e-09      -23.025851       -23.025851       -4132.755                                                   -4132.755
              3      -2089.3988       0.3158039    1.907275e-09      -23.025851       -23.025851      -4132.7459                                                  -4132.7459
              2      -2089.3716      0.31779621   1.9133284e-09      -23.025851       -23.025851      -4132.6914                                                  -4132.6914
              2      -2088.7306      0.34461999   1.8901129e-09      -23.025851       -23.025851      -4131.4094                                                  -4131.4094
              1      -2089.3776      0.29627927   1.8928447e-09      -23.025851       -23.025851      -4132.7036                                                  -4132.7036
              4      -2089.3105      0.30965891   1.6210164e-09      -23.025851       -23.025851      -4132.5692                                                  -4132.5692
              2      -2089.4275       0.3017859   1.9405645e-09      -23.025851       -23.025851      -4132.8033                                                  -4132.8033
              1      -2088.5707      0.35811702    1.796903e-09      -23.025851       -23.025851      -4131.0896                                                  -4131.0896
              1      -2087.7074      0.36050691   1.9191498e-09      -23.025851       -23.025851      -4129.3631                                                  -4129.3631
              1      -2088.6784      0.31140205   2.2915255e-09      -23.025851       -23.025851      -4131.3052                                                  -4131.3052
              3      -2088.6409      0.31952292   2.1954389e-09      -23.025851       -23.025851      -4131.2301                                                  -4131.2301
              1      -2088.7617      0.31707289   2.1920925e-09      -23.025851       -23.025851      -4131.4717                                                  -4131.4717
              1       -2089.458       0.3169652   1.8137993e-09      -23.025851       -23.025851      -4132.8643                                                  -4132.8643
              5      -2089.4043      0.35025719   1.6104259e-09      -23.025851       -23.025851      -4132.7568                                                  -4132.7568
              1      -2089.2863       0.3435148   1.7250842e-09      -23.025851       -23.025851       -4132.521                                                   -4132.521
              1       -2089.486      0.32760407   1.6969068e-09      -23.025851       -23.025851      -4132.9204                                                  -4132.9204
              1      -2088.8583      0.33878335   1.9163038e-09      -23.025851       -23.025851       -4131.665                                                   -4131.665
              2      -2089.1886      0.28994224   2.3764487e-09      -23.025851       -23.025851      -4132.3254                                                  -4132.3254
              2      -2089.3489      0.28540838   2.2656991e-09      -23.025851       -23.025851       -4132.646                                                   -4132.646
              1      -2089.3202      0.29537848   2.1983595e-09      -23.025851       -23.025851      -4132.5887                                                  -4132.5887
              2      -2088.9887      0.30156642   2.3183747e-09      -23.025851       -23.025851      -4131.9257                                                  -4131.9257
              3      -2089.3707      0.30952474   1.9952905e-09      -23.025851       -23.025851      -4132.6897                                                  -4132.6897
              3      -2089.2789      0.32458161   1.9064393e-09      -23.025851       -23.025851      -4132.5062                                                  -4132.5062
              1      -2089.1679       0.3089614   2.1385451e-09      -23.025851       -23.025851      -4132.2841                                                  -4132.2841
              2       -2089.013      0.27084439   1.9880248e-09      -23.025851       -23.025851      -4131.9743                                                  -4131.9743
              3      -2089.2474       0.3287423   1.8808216e-09      -23.025851       -23.025851      -4132.4431                                                  -4132.4431
              2      -2089.3447      0.30767738   1.6760645e-09      -23.025851       -23.025851      -4132.6377                                                  -4132.6377
              1      -2088.9383      0.33626999   1.9191753e-09      -23.025851       -23.025851      -4131.8248                                                  -4131.8248
              1       -2088.947      0.30411477   2.3001337e-09      -23.025851       -23.025851      -4131.8422                                                  -4131.8422
              3      -2089.2331      0.32829867   1.8920787e-09      -23.025851       -23.025851      -4132.4145                                                  -4132.4145
              1      -2089.1707      0.32869798   1.9156788e-09      -23.025851       -23.025851      -4132.2896                                                  -4132.2896
              7      -2088.8506      0.27193561   1.8661445e-09      -23.025851       -23.025851      -4131.6495                                                  -4131.6495
              1      -2089.4117      0.30582093   1.7851684e-09      -23.025851       -23.025851      -4132.7717                                                  -4132.7717
              2      -2089.4836      0.34140204   1.6155045e-09      -23.025851       -23.025851      -4132.9156                                                  -4132.9156
              4      -2089.4919      0.32853549   1.6784474e-09      -23.025851       -23.025851       -4132.932                                                   -4132.932
              3       -2089.432      0.32897429   1.7605349e-09      -23.025851       -23.025851      -4132.8124                                                  -4132.8124
              6      -2087.4947      0.30847076   2.6044666e-09      -23.025851       -23.025851      -4128.9377                                                  -4128.9377
              2      -2088.0856      0.32918624    2.200612e-09      -23.025851       -23.025851      -4130.1195                                                  -4130.1195
              4      -2087.5787      0.32325433    2.370392e-09      -23.025851       -23.025851      -4129.1057                                                  -4129.1057
              1      -2088.5283      0.30381185   2.4437777e-09      -23.025851       -23.025851      -4131.0048                                                  -4131.0048
              2      -2089.1246      0.31989561   2.0301908e-09      -23.025851       -23.025851      -4132.1975                                                  -4132.1975
              2      -2089.0386      0.32952026   1.9575323e-09      -23.025851       -23.025851      -4132.0256                                                  -4132.0256
              2      -2088.9547       0.3335941   1.9420162e-09      -23.025851       -23.025851      -4131.8577                                                  -4131.8577
              3      -2089.4676      0.31760654   1.7829386e-09      -23.025851       -23.025851      -4132.8836                                                  -4132.8836
              2      -2089.0346      0.29554067   1.6253737e-09      -23.025851       -23.025851      -4132.0176                                                  -4132.0176
              3      -2089.1996      0.29129286   1.7880686e-09      -23.025851       -23.025851      -4132.3475                                                  -4132.3475
              1      -2089.1901      0.29228059   1.7663487e-09      -23.025851       -23.025851      -4132.3284                                                  -4132.3284
              1      -2089.4191      0.30821726   1.7581891e-09      -23.025851       -23.025851      -4132.7865                                                  -4132.7865
              1      -2089.4449      0.31156515   1.7552968e-09      -23.025851       -23.025851      -4132.8381                                                  -4132.8381
              3      -2089.3705      0.29495766   2.1394276e-09      -23.025851       -23.025851      -4132.6894                                                  -4132.6894
              1       -2089.424      0.30302385   1.8660041e-09      -23.025851       -23.025851      -4132.7962                                                  -4132.7962
              3      -2089.3378      0.33459802   1.7783437e-09      -23.025851       -23.025851       -4132.624                                                   -4132.624
              2      -2089.2753      0.33186452     1.83654e-09      -23.025851       -23.025851       -4132.499                                                   -4132.499
              1      -2089.0756      0.29965243   2.3053087e-09      -23.025851       -23.025851      -4132.0996                                                  -4132.0996
              2      -2089.1374      0.26667521   2.1719342e-09      -23.025851       -23.025851      -4132.2231                                                  -4132.2231
              1      -2089.3162      0.27868258   2.1431647e-09      -23.025851       -23.025851      -4132.5807                                                  -4132.5807
              3      -2089.3441      0.27751401   2.2897794e-09      -23.025851       -23.025851      -4132.6365                                                  -4132.6365
              2      -2089.3415      0.27720253   2.2702295e-09      -23.025851       -23.025851      -4132.6314                                                  -4132.6314
              1      -2089.4631      0.32175174   1.6286678e-09      -23.025851       -23.025851      -4132.8746                                                  -4132.8746
              3      -2089.2404      0.29582195    1.752894e-09      -23.025851       -23.025851      -4132.4291                                                  -4132.4291
              1       -2089.189      0.29712217    1.697262e-09      -23.025851       -23.025851      -4132.3262                                                  -4132.3262
              5      -2088.5961      0.27644291   1.6680559e-09      -23.025851       -23.025851      -4131.1406                                                  -4131.1406
              1      -2089.4804      0.32572769   1.7187986e-09      -23.025851       -23.025851       -4132.909                                                   -4132.909
              1      -2089.1992      0.32120925   1.9822077e-09      -23.025851       -23.025851      -4132.3466                                                  -4132.3466
              1      -2089.3932      0.29573584   2.0893066e-09      -23.025851       -23.025851      -4132.7347                                                  -4132.7347
              4      -2089.4681      0.31687345   1.7799075e-09      -23.025851       -23.025851      -4132.8844                                                  -4132.8844
              1      -2089.4706      0.31703391   1.7560734e-09      -23.025851       -23.025851      -4132.8896                                                  -4132.8896
              1      -2089.4834      0.33159311   1.6797448e-09      -23.025851       -23.025851      -4132.9151                                                  -4132.9151
              3      -2089.4106      0.30216446    1.847542e-09      -23.025851       -23.025851      -4132.7696                                                  -4132.7696
              3       -2089.345      0.30574489   1.7028331e-09      -23.025851       -23.025851      -4132.6383                                                  -4132.6383
              2      -2089.3695      0.30494339   1.7400473e-09      -23.025851       -23.025851      -4132.6872                                                  -4132.6872
              2      -2089.2651      0.28782187   1.8989776e-09      -23.025851       -23.025851      -4132.4784                                                  -4132.4784
              2      -2089.3849      0.28908146   2.1336409e-09      -23.025851       -23.025851       -4132.718                                                   -4132.718
              1      -2089.4697      0.31831428   1.7742052e-09      -23.025851       -23.025851      -4132.8877                                                  -4132.8877
              7      -2089.4466      0.32184589    1.800712e-09      -23.025851       -23.025851      -4132.8415                                                  -4132.8415
              1      -2089.4968       0.3336889   1.6446688e-09      -23.025851       -23.025851      -4132.9418                                                  -4132.9418
              5      -2089.0626       0.3506009   1.7444826e-09      -23.025851       -23.025851      -4132.0734                                                  -4132.0734
              1      -2088.9874      0.28683966   2.5391998e-09      -23.025851       -23.025851       -4131.923                                                   -4131.923
              1       -2089.279      0.27711918   2.4695434e-09      -23.025851       -23.025851      -4132.5062                                                  -4132.5062
              2      -2089.2883      0.27449374    2.488016e-09      -23.025851       -23.025851      -4132.5249                                                  -4132.5249
              1      -2089.3178      0.27111478   2.4009884e-09      -23.025851       -23.025851       -4132.584                                                   -4132.584
              3      -2089.1435      0.34630813   1.7565051e-09      -23.025851       -23.025851      -4132.2353                                                  -4132.2353
              3      -2089.1518      0.34623191   1.7542597e-09      -23.025851       -23.025851      -4132.2519                                                  -4132.2519
              1      -2087.8128      0.32995781   2.2413935e-09      -23.025851       -23.025851      -4129.5739                                                  -4129.5739
              1      -2088.9185      0.32011136   2.1050277e-09      -23.025851       -23.025851      -4131.7854                                                  -4131.7854
              1      -2088.8739      0.34612051   1.8392584e-09      -23.025851       -23.025851      -4131.6962                                                  -4131.6962
              1      -2089.1708      0.31460269   2.0699374e-09      -23.025851       -23.025851      -4132.2899                                                  -4132.2899
              1      -2089.2416      0.30599616    1.617075e-09      -23.025851       -23.025851      -4132.4315                                                  -4132.4315
              2      -2089.3273      0.29206145    1.894971e-09      -23.025851       -23.025851      -4132.6028                                                  -4132.6028
              2       -2089.318      0.27114536   2.3914868e-09      -23.025851       -23.025851      -4132.5842                                                  -4132.5842
              3      -2089.3894      0.30719231   1.9979988e-09      -23.025851       -23.025851       -4132.727                                                   -4132.727
              3      -2089.3852      0.28891954   2.0903778e-09      -23.025851       -23.025851      -4132.7187                                                  -4132.7187
              5      -2088.9939      0.35066023    1.764176e-09      -23.025851       -23.025851      -4131.9361                                                  -4131.9361
              1      -2089.1795      0.30623709   2.1659205e-09      -23.025851       -23.025851      -4132.3072                                                  -4132.3072
              1      -2088.9261      0.34157546   1.8692219e-09      -23.025851       -23.025851      -4131.8004                                                  -4131.8004
              2      -2086.2331      0.35278627   2.1822906e-09      -23.025851       -23.025851      -4126.4146                                                  -4126.4146
              4      -2089.2228      0.34007957   1.7828983e-09      -23.025851       -23.025851       -4132.394                                                   -4132.394
              1      -2089.2608      0.30101988   2.1801528e-09      -23.025851       -23.025851        -4132.47                                                    -4132.47
              6      -2089.1883      0.32540698   1.9422538e-09      -23.025851       -23.025851      -4132.3248                                                  -4132.3248
              2      -2088.2993      0.34884134   1.9388553e-09      -23.025851       -23.025851      -4130.5469                                                  -4130.5469
              4      -2089.0094      0.33049471   1.9571455e-09      -23.025851       -23.025851      -4131.9671                                                  -4131.9671
              4      -2089.2695      0.32124329   1.9459014e-09      -23.025851       -23.025851      -4132.4873                                                  -4132.4873
              1      -2088.9697      0.29541229   2.4154764e-09      -23.025851       -23.025851      -4131.8877                                                  -4131.8877
              4      -2089.3197      0.27150289   2.3883077e-09      -23.025851       -23.025851      -4132.5878                                                  -4132.5878
              6       -2089.324      0.27255756   2.3774366e-09      -23.025851       -23.025851      -4132.5964                                                  -4132.5964
              1       -2089.315      0.27066595   2.3839213e-09      -23.025851       -23.025851      -4132.5784                                                  -4132.5784
              1      -2089.2512      0.28919202   2.3386247e-09      -23.025851       -23.025851      -4132.4507                                                  -4132.4507
              1      -2089.1099      0.28386044   2.5181462e-09      -23.025851       -23.025851      -4132.1682                                                  -4132.1682
              3      -2089.3098      0.32829734   1.8526836e-09      -23.025851       -23.025851       -4132.568                                                   -4132.568
              5      -2087.4163       0.3447394   2.1269616e-09      -23.025851       -23.025851      -4128.7809                                                  -4128.7809
              1      -2086.5617      0.34487859   2.2373181e-09      -23.025851       -23.025851      -4127.0717                                                  -4127.0717
              4      -2086.5685      0.34475008    2.238053e-09      -23.025851       -23.025851      -4127.0853                                                  -4127.0853
              1      -2086.7804      0.34026787   2.2663939e-09      -23.025851       -23.025851      -4127.5092                                                  -4127.5092
              3      -2087.0244      0.34324614   2.1984809e-09      -23.025851       -23.025851       -4127.997                                                   -4127.997
              2      -2088.9202      0.31349232   2.1859898e-09      -23.025851       -23.025851      -4131.7887                                                  -4131.7887
              1      -2087.3018      0.36090908   1.9699845e-09      -23.025851       -23.025851       -4128.552                                                   -4128.552
              1      -2089.4673      0.31606018    1.778854e-09      -23.025851       -23.025851      -4132.8829                                                  -4132.8829
              2      -2089.4691      0.31664226   1.7703553e-09      -23.025851       -23.025851      -4132.8864                                                  -4132.8864
              3      -2088.8764      0.33178788   1.9849985e-09      -23.025851       -23.025851      -4131.7011                                                  -4131.7011
              2      -2089.2938       0.2664595   2.4382596e-09      -23.025851       -23.025851      -4132.5359                                                  -4132.5359
              2      -2089.3358       0.2828895   2.3144065e-09      -23.025851       -23.025851      -4132.6198                                                  -4132.6198
              1      -2089.2436      0.32353382   1.9358324e-09      -23.025851       -23.025851      -4132.4354                                                  -4132.4354
              1      -2089.0238        0.326679   1.9935033e-09      -23.025851       -23.025851      -4131.9959                                                  -4131.9959
              1      -2089.1026      0.29962648   2.2922323e-09      -23.025851       -23.025851      -4132.1535                                                  -4132.1535
              1      -2089.2107      0.27661128   2.0454518e-09      -23.025851       -23.025851      -4132.3698                                                  -4132.3698
              4      -2089.2108      0.27615237    2.054338e-09      -23.025851       -23.025851      -4132.3699                                                  -4132.3699
              3      -2089.3731      0.28526471    2.160149e-09      -23.025851       -23.025851      -4132.6946                                                  -4132.6946
              1       -2089.447       0.3189237   1.8220894e-09      -23.025851       -23.025851      -4132.8422                                                  -4132.8422
              2      -2089.3928      0.29993391   1.8532012e-09      -23.025851       -23.025851      -4132.7338                                                  -4132.7338
              3      -2089.2566      0.29512043   2.2572852e-09      -23.025851       -23.025851      -4132.4615                                                  -4132.4615
              1      -2089.3995      0.29383302   2.0036113e-09      -23.025851       -23.025851      -4132.7472                                                  -4132.7472
              1      -2088.8934      0.31385087   2.1908294e-09      -23.025851       -23.025851      -4131.7351                                                  -4131.7351
              3      -2088.9523      0.30189926    2.328754e-09      -23.025851       -23.025851       -4131.853                                                   -4131.853
              1      -2089.2625      0.27991949   2.4532568e-09      -23.025851       -23.025851      -4132.4733                                                  -4132.4733
              1      -2089.3404      0.27974065   2.1750147e-09      -23.025851       -23.025851       -4132.629                                                   -4132.629
              4      -2089.3655      0.28414413   2.2205858e-09      -23.025851       -23.025851      -4132.6794                                                  -4132.6794
              1      -2088.9955      0.29473867   2.4135125e-09      -23.025851       -23.025851      -4131.9393                                                  -4131.9393
              9      -2089.0816      0.28713206   2.4845123e-09      -23.025851       -23.025851      -4132.1115                                                  -4132.1115
              1      -2089.2106      0.28499671   2.4303159e-09      -23.025851       -23.025851      -4132.3695                                                  -4132.3695
              2      -2089.1687      0.29015373   2.3866271e-09      -23.025851       -23.025851      -4132.2857                                                  -4132.2857
              1      -2089.2787      0.28463221   1.9689625e-09      -23.025851       -23.025851      -4132.5058                                                  -4132.5058
              4      -2089.0307      0.28981075    1.699524e-09      -23.025851       -23.025851      -4132.0096                                                  -4132.0096
              1      -2089.3837      0.29966967   1.8425636e-09      -23.025851       -23.025851      -4132.7156                                                  -4132.7156
              5       -2089.236      0.27650368    2.074678e-09      -23.025851       -23.025851      -4132.4204                                                  -4132.4204
              1      -2089.2672      0.29166068   1.8384548e-09      -23.025851       -23.025851      -4132.4827                                                  -4132.4827
              1      -2089.1698      0.32549135   1.9496826e-09      -23.025851       -23.025851      -4132.2879                                                  -4132.2879
              3      -2089.4916      0.32542605   1.6735755e-09      -23.025851       -23.025851      -4132.9315                                                  -4132.9315
              4      -2089.2633      0.33101051   1.8509333e-09      -23.025851       -23.025851      -4132.4749                                                  -4132.4749
              2      -2088.6452      0.26751281   1.8273337e-09      -23.025851       -23.025851      -4131.2386                                                  -4131.2386
              4       -2088.659      0.27546056   1.7114447e-09      -23.025851       -23.025851      -4131.2663                                                  -4131.2663
              1      -2088.8828      0.27215581   1.8812703e-09      -23.025851       -23.025851      -4131.7139                                                  -4131.7139
              3      -2088.8958      0.27204599   1.8908655e-09      -23.025851       -23.025851      -4131.7399                                                  -4131.7399
              2      -2088.9267      0.28532669    1.704536e-09      -23.025851       -23.025851      -4131.8017                                                  -4131.8017
              1      -2089.3613      0.29323258   1.9222661e-09      -23.025851       -23.025851      -4132.6709                                                  -4132.6709
              1       -2089.429      0.30792588   1.7826674e-09      -23.025851       -23.025851      -4132.8064                                                  -4132.8064
              2      -2088.9436      0.32372231    2.054195e-09      -23.025851       -23.025851      -4131.8355                                                  -4131.8355
              3      -2089.0649       0.2938775   2.3926277e-09      -23.025851       -23.025851      -4132.0781                                                  -4132.0781
              8      -2088.9853        0.294432   1.6135446e-09      -23.025851       -23.025851      -4131.9189                                                  -4131.9189
              1      -2089.4963      0.32814748   1.6620483e-09      -23.025851       -23.025851      -4132.9408                                                  -4132.9408
              1      -2089.4811      0.32493872    1.720459e-09      -23.025851       -23.025851      -4132.9105                                                  -4132.9105
              7      -2089.4781       0.3199265   1.7219272e-09      -23.025851       -23.025851      -4132.9045                                                  -4132.9045
              3       -2089.029      0.28769737   2.5042105e-09      -23.025851       -23.025851      -4132.0064                                                  -4132.0064
              1       -2089.313      0.28112201   2.3722103e-09      -23.025851       -23.025851      -4132.5743                                                  -4132.5743
              2      -2089.0824      0.35874285   1.6687037e-09      -23.025851       -23.025851      -4132.1132                                                  -4132.1132
              1      -2089.3232      0.33980409   1.7397743e-09      -23.025851       -23.025851      -4132.5946                                                  -4132.5946
              2      -2089.1669       0.2837937   1.8799961e-09      -23.025851       -23.025851      -4132.2821                                                  -4132.2821
              1      -2089.1068      0.29402129   1.6867398e-09      -23.025851       -23.025851      -4132.1619                                                  -4132.1619
              2      -2089.1329      0.34804436   1.7446328e-09      -23.025851       -23.025851       -4132.214                                                   -4132.214
              1        -2089.01       0.3541885   1.7283292e-09      -23.025851       -23.025851      -4131.9684                                                  -4131.9684
              5      -2089.1119      0.34945677   1.7390541e-09      -23.025851       -23.025851      -4132.1721                                                  -4132.1721
              3       -2089.376       0.3306378   1.7905062e-09      -23.025851       -23.025851      -4132.7002                                                  -4132.7002
              1      -2089.0769       0.3327775   1.9098683e-09      -23.025851       -23.025851      -4132.1021                                                  -4132.1021
              1      -2089.2892      0.30651046   2.0951369e-09      -23.025851       -23.025851      -4132.5268                                                  -4132.5268
              1      -2089.2754      0.27171412   2.2326113e-09      -23.025851       -23.025851      -4132.4991                                                  -4132.4991
              2      -2088.8964      0.27947856    1.773126e-09      -23.025851       -23.025851      -4131.7411                                                  -4131.7411
              3      -2088.9235      0.28356959   1.7278027e-09      -23.025851       -23.025851      -4131.7953                                                  -4131.7953
              1      -2089.4534      0.31493485   1.8350584e-09      -23.025851       -23.025851      -4132.8551                                                  -4132.8551
              3      -2089.3102      0.27686014   2.4229098e-09      -23.025851       -23.025851      -4132.5686                                                  -4132.5686
              1      -2089.3696      0.30786814   1.6982074e-09      -23.025851       -23.025851      -4132.6875                                                  -4132.6875
              1        -2089.48      0.32116393   1.6900797e-09      -23.025851       -23.025851      -4132.9083                                                  -4132.9083
              1      -2088.1384      0.32202404   2.2817233e-09      -23.025851       -23.025851       -4130.225                                                   -4130.225
              3      -2089.2756      0.26612535   2.6023342e-09      -23.025851       -23.025851      -4132.4996                                                  -4132.4996
              3       -2088.475      0.29809013   2.5478758e-09      -23.025851       -23.025851      -4130.8983                                                  -4130.8983
              1       -2089.241      0.27715617   2.5149323e-09      -23.025851       -23.025851      -4132.4303                                                  -4132.4303
              3      -2089.0193       0.2934878   1.6436951e-09      -23.025851       -23.025851      -4131.9869                                                  -4131.9869
              2      -2088.3176      0.30424082   2.4940719e-09      -23.025851       -23.025851      -4130.5835                                                  -4130.5835
              1      -2089.0155       0.2839062   2.5720684e-09      -23.025851       -23.025851      -4131.9793                                                  -4131.9793
              1      -2089.3859      0.30988529   1.6876517e-09      -23.025851       -23.025851        -4132.72                                                    -4132.72
              1      -2089.4936      0.33858756   1.6216833e-09      -23.025851       -23.025851      -4132.9355                                                  -4132.9355
              1      -2089.4647      0.31484836   1.7842111e-09      -23.025851       -23.025851      -4132.8777                                                  -4132.8777
              3      -2089.4559      0.31408025   1.7396815e-09      -23.025851       -23.025851      -4132.8602                                                  -4132.8602
              5      -2089.3709      0.30932656   1.6793565e-09      -23.025851       -23.025851      -4132.6902                                                  -4132.6902
              3      -2089.4097      0.34262733   1.6668141e-09      -23.025851       -23.025851      -4132.7676                                                  -4132.7676
              2        -2089.41      0.34253385   1.6672986e-09      -23.025851       -23.025851      -4132.7682                                                  -4132.7682
              5      -2089.3695      0.33873198    1.723838e-09      -23.025851       -23.025851      -4132.6872                                                  -4132.6872
              1      -2089.3743      0.28566509   2.1687563e-09      -23.025851       -23.025851       -4132.697                                                   -4132.697
              1      -2089.3862      0.28932241   2.0810173e-09      -23.025851       -23.025851      -4132.7207                                                  -4132.7207
              2      -2089.3957      0.29688014   2.0764779e-09      -23.025851       -23.025851      -4132.7396                                                  -4132.7396
              1      -2089.2079      0.28202074   2.4755562e-09      -23.025851       -23.025851      -4132.3641                                                  -4132.3641
              1      -2089.3169      0.27201775   2.3325434e-09      -23.025851       -23.025851       -4132.582                                                   -4132.582
              1      -2089.3451      0.27784034   2.2744516e-09      -23.025851       -23.025851      -4132.6385                                                  -4132.6385
              1      -2089.3234      0.27659287   2.2108657e-09      -23.025851       -23.025851       -4132.595                                                   -4132.595
              1      -2089.2684      0.33931514   1.7704353e-09      -23.025851       -23.025851      -4132.4852                                                  -4132.4852
              1      -2089.0612      0.31683847   2.0917979e-09      -23.025851       -23.025851      -4132.0707                                                  -4132.0707
              2      -2088.9462      0.27389666    1.890757e-09      -23.025851       -23.025851      -4131.8407                                                  -4131.8407
              1      -2088.6737      0.27526085   1.7214451e-09      -23.025851       -23.025851      -4131.2958                                                  -4131.2958
              1      -2089.2774      0.27344365   2.1951709e-09      -23.025851       -23.025851      -4132.5031                                                  -4132.5031
              1       -2089.272      0.27295778   2.1976396e-09      -23.025851       -23.025851      -4132.4924                                                  -4132.4924
              2      -2089.3252      0.27893505   2.3723678e-09      -23.025851       -23.025851      -4132.5987                                                  -4132.5987
              7      -2089.3116      0.27802759   2.4085281e-09      -23.025851       -23.025851      -4132.5714                                                  -4132.5714
              5      -2089.3067      0.26900568   2.4750983e-09      -23.025851       -23.025851      -4132.5616                                                  -4132.5616
              1      -2089.3209      0.27197971   2.4042153e-09      -23.025851       -23.025851      -4132.5901                                                  -4132.5901
              1      -2088.7551      0.30292311   2.3868972e-09      -23.025851       -23.025851      -4131.4585                                                  -4131.4585
              4      -2088.3474      0.32678025   2.1762765e-09      -23.025851       -23.025851       -4130.643                                                   -4130.643
              3      -2089.2373      0.32473784   1.9263121e-09      -23.025851       -23.025851      -4132.4229                                                  -4132.4229
              4      -2089.3547      0.29938415     2.11675e-09      -23.025851       -23.025851      -4132.6577                                                  -4132.6577
              1      -2089.3162      0.27782539   2.4014622e-09      -23.025851       -23.025851      -4132.5807                                                  -4132.5807
              1      -2089.3103      0.27076404   2.3478952e-09      -23.025851       -23.025851      -4132.5689                                                  -4132.5689
              1      -2089.4566       0.3128913   1.8288949e-09      -23.025851       -23.025851      -4132.8615                                                  -4132.8615
              4      -2089.2056       0.3331284   1.8563595e-09      -23.025851       -23.025851      -4132.3595                                                  -4132.3595
              1      -2089.3667      0.28654766   2.0752594e-09      -23.025851       -23.025851      -4132.6817                                                  -4132.6817
              1      -2089.2277      0.28825042   1.8576865e-09      -23.025851       -23.025851      -4132.4037                                                  -4132.4037
             13      -2089.1347      0.29239412   1.7267973e-09      -23.025851       -23.025851      -4132.2178                                                  -4132.2178
              3      -2089.3414      0.27685327   2.3045814e-09      -23.025851       -23.025851      -4132.6312                                                  -4132.6312
              3      -2088.7826      0.32788397   2.0555363e-09      -23.025851       -23.025851      -4131.5134                                                  -4131.5134
              2      -2088.7486      0.32834215   2.0597377e-09      -23.025851       -23.025851      -4131.4455                                                  -4131.4455
              2      -2088.0231      0.30865057   2.4959346e-09      -23.025851       -23.025851      -4129.9945                                                  -4129.9945
              3      -2087.6609      0.33839219   2.1636202e-09      -23.025851       -23.025851      -4129.2701                                                  -4129.2701
              7      -2088.9746      0.35977458   1.6901523e-09      -23.025851       -23.025851      -4131.8974                                                  -4131.8974
              3      -2089.2447      0.30777789   2.1098233e-09      -23.025851       -23.025851      -4132.4377                                                  -4132.4377
              5      -2089.3174      0.27745734   2.4026287e-09      -23.025851       -23.025851       -4132.583                                                   -4132.583
              2      -2089.4383      0.31045008   1.8945139e-09      -23.025851       -23.025851      -4132.8249                                                  -4132.8249
              4      -2089.0577      0.34869908   1.7629547e-09      -23.025851       -23.025851      -4132.0638                                                  -4132.0638
              3      -2088.8761      0.29427401   2.4720101e-09      -23.025851       -23.025851      -4131.7006                                                  -4131.7006
              1      -2088.8452      0.31012079    2.255938e-09      -23.025851       -23.025851      -4131.6387                                                  -4131.6387
              1      -2088.5516      0.31475005   2.2813924e-09      -23.025851       -23.025851      -4131.0515                                                  -4131.0515
              3      -2089.0802       0.3565834   1.6874497e-09      -23.025851       -23.025851      -4132.1087                                                  -4132.1087
              3      -2088.4197        0.364652    1.767161e-09      -23.025851       -23.025851      -4130.7878                                                  -4130.7878
              1      -2089.3084       0.3090833   2.0523611e-09      -23.025851       -23.025851       -4132.565                                                   -4132.565
              4      -2089.3305      0.31048122     1.62676e-09      -23.025851       -23.025851      -4132.6093                                                  -4132.6093
              1      -2089.3331      0.31136132   1.6178097e-09      -23.025851       -23.025851      -4132.6145                                                  -4132.6145
              3      -2089.3461       0.2841603   2.2818858e-09      -23.025851       -23.025851      -4132.6405                                                  -4132.6405
              1      -2089.2938      0.26939541   2.5276432e-09      -23.025851       -23.025851      -4132.5359                                                  -4132.5359
              8      -2089.2817      0.27241715   2.5237014e-09      -23.025851       -23.025851      -4132.5118                                                  -4132.5118
              2      -2089.1503      0.31749171   2.0462579e-09      -23.025851       -23.025851      -4132.2488                                                  -4132.2488
              3      -2089.0288      0.31406646   2.1382001e-09      -23.025851       -23.025851      -4132.0059                                                  -4132.0059
              2      -2089.4142      0.31981544   1.8556931e-09      -23.025851       -23.025851      -4132.7767                                                  -4132.7767
              2      -2089.0273      0.36449181   1.6375647e-09      -23.025851       -23.025851      -4132.0029                                                  -4132.0029
              1      -2089.0179      0.36386941   1.6450812e-09      -23.025851       -23.025851      -4131.9841                                                  -4131.9841
              3      -2089.4863       0.3398065   1.6231733e-09      -23.025851       -23.025851      -4132.9209                                                  -4132.9209
              1      -2088.0876      0.35106798    1.953959e-09      -23.025851       -23.025851      -4130.1234                                                  -4130.1234
              1      -2089.0777      0.29695041   2.3419135e-09      -23.025851       -23.025851      -4132.1037                                                  -4132.1037
              6      -2089.3892      0.29064621   2.0506417e-09      -23.025851       -23.025851      -4132.7267                                                  -4132.7267
              1       -2089.281      0.29633617   1.7791727e-09      -23.025851       -23.025851      -4132.5104                                                  -4132.5104
              2      -2088.8765      0.26810348   1.9468661e-09      -23.025851       -23.025851      -4131.7012                                                  -4131.7012
              1       -2089.023      0.27537978   1.9156535e-09      -23.025851       -23.025851      -4131.9944                                                  -4131.9944
              1       -2089.294      0.27090046   2.2914875e-09      -23.025851       -23.025851      -4132.5363                                                  -4132.5363
              1      -2089.3201       0.2755937   2.2293429e-09      -23.025851       -23.025851      -4132.5884                                                  -4132.5884
              1      -2089.3453      0.27830609   2.2457522e-09      -23.025851       -23.025851      -4132.6389                                                  -4132.6389
              1       -2089.168      0.27082151   2.1164585e-09      -23.025851       -23.025851      -4132.2844                                                  -4132.2844
              2      -2089.2879      0.28382606    1.994463e-09      -23.025851       -23.025851       -4132.524                                                   -4132.524
              5      -2089.2478      0.29984337   1.7020731e-09      -23.025851       -23.025851      -4132.4439                                                  -4132.4439
              1      -2089.4224      0.31852573   1.6133309e-09      -23.025851       -23.025851      -4132.7932                                                  -4132.7932
              6      -2089.4383      0.31678827   1.8511325e-09      -23.025851       -23.025851       -4132.825                                                   -4132.825
              1      -2088.8794      0.26906919   1.9317729e-09      -23.025851       -23.025851      -4131.7071                                                  -4131.7071
              1      -2088.7738       0.2771082   1.7436547e-09      -23.025851       -23.025851      -4131.4958                                                  -4131.4958
              1      -2089.1787      0.29407239   1.7325645e-09      -23.025851       -23.025851      -4132.3057                                                  -4132.3057
              6      -2089.3166      0.27116412   2.4266501e-09      -23.025851       -23.025851      -4132.5814                                                  -4132.5814
              2      -2089.3982       0.2931807   2.0775547e-09      -23.025851       -23.025851      -4132.7448                                                  -4132.7448
              1      -2089.3696      0.29566005   2.1344812e-09      -23.025851       -23.025851      -4132.6875                                                  -4132.6875
              2      -2089.3693      0.28925036   2.1899016e-09      -23.025851       -23.025851      -4132.6869                                                  -4132.6869
              1      -2088.8988       0.2659221   2.0004651e-09      -23.025851       -23.025851      -4131.7459                                                  -4131.7459
              3       -2089.471      0.31739635   1.7358308e-09      -23.025851       -23.025851      -4132.8902                                                  -4132.8902
              1      -2089.4751      0.32141898   1.7492591e-09      -23.025851       -23.025851      -4132.8985                                                  -4132.8985
              3      -2089.4282      0.32089994   1.8312289e-09      -23.025851       -23.025851      -4132.8048                                                  -4132.8048
              3      -2089.3179      0.31322321   2.0006317e-09      -23.025851       -23.025851       -4132.584                                                   -4132.584
              3      -2089.1981      0.35535204   1.6597525e-09      -23.025851       -23.025851      -4132.3446                                                  -4132.3446
              1      -2089.4008      0.33301453   1.7522273e-09      -23.025851       -23.025851      -4132.7499                                                  -4132.7499
              1      -2088.8066      0.33209795   2.0015576e-09      -23.025851       -23.025851      -4131.5615                                                  -4131.5615
              1       -2089.338      0.29287516   2.2072304e-09      -23.025851       -23.025851      -4132.6244                                                  -4132.6244
              1      -2089.2374      0.30758822   2.1166396e-09      -23.025851       -23.025851      -4132.4231                                                  -4132.4231
              2      -2089.0245       0.3082568   2.2132545e-09      -23.025851       -23.025851      -4131.9972                                                  -4131.9972
              1      -2089.0899      0.30411577   2.2383975e-09      -23.025851       -23.025851      -4132.1281                                                  -4132.1281
              3      -2089.0585      0.31134545   2.1595948e-09      -23.025851       -23.025851      -4132.0654                                                  -4132.0654
              1      -2089.3618      0.28949387   1.9959031e-09      -23.025851       -23.025851      -4132.6719                                                  -4132.6719
              1      -2089.3299      0.30794869   2.0481853e-09      -23.025851       -23.025851      -4132.6081                                                  -4132.6081
              1      -2089.2756      0.29825985   2.2032619e-09      -23.025851       -23.025851      -4132.4994                                                  -4132.4994
              3      -2089.2625      0.30007419   2.1907633e-09      -23.025851       -23.025851      -4132.4732                                                  -4132.4732
              3      -2089.1882      0.28431498   2.4575333e-09      -23.025851       -23.025851      -4132.3248                                                  -4132.3248
              4      -2089.4953      0.32684187   1.6528066e-09      -23.025851       -23.025851      -4132.9389                                                  -4132.9389
              1      -2089.3673      0.28433203    2.214669e-09      -23.025851       -23.025851      -4132.6829                                                  -4132.6829
              1       -2089.233      0.27280447   2.1466658e-09      -23.025851       -23.025851      -4132.4144                                                  -4132.4144
              3      -2089.0865      0.26989047   2.0617175e-09      -23.025851       -23.025851      -4132.1214                                                  -4132.1214
              1       -2089.088      0.27420384    1.983041e-09      -23.025851       -23.025851      -4132.1243                                                  -4132.1243
              6      -2089.3726      0.29213184   2.1606433e-09      -23.025851       -23.025851      -4132.6936                                                  -4132.6936
              2      -2088.9516      0.32811472   2.0021037e-09      -23.025851       -23.025851      -4131.8515                                                  -4131.8515
              2      -2088.9517      0.34882222   1.7928098e-09      -23.025851       -23.025851      -4131.8517                                                  -4131.8517
              3      -2089.0669      0.33488928    1.891864e-09      -23.025851       -23.025851      -4132.0821                                                  -4132.0821
              1      -2089.0748       0.3295901    1.943859e-09      -23.025851       -23.025851      -4132.0978                                                  -4132.0978
              1      -2088.7695      0.33450595   1.9853838e-09      -23.025851       -23.025851      -4131.4873                                                  -4131.4873
              2      -2088.8061      0.30746445   2.3052296e-09      -23.025851       -23.025851      -4131.5604                                                  -4131.5604
              3      -2089.3792      0.28790488   2.1613376e-09      -23.025851       -23.025851      -4132.7067                                                  -4132.7067
              1      -2089.3803      0.28737565   2.1467204e-09      -23.025851       -23.025851      -4132.7089                                                  -4132.7089
              1       -2089.399      0.29723702   2.0657104e-09      -23.025851       -23.025851      -4132.7463                                                  -4132.7463
              4      -2089.4964      0.32800379    1.618658e-09      -23.025851       -23.025851      -4132.9411                                                  -4132.9411
              1        -2089.31      0.28292673   2.3563354e-09      -23.025851       -23.025851      -4132.5683                                                  -4132.5683
              2      -2089.3377      0.27635263   2.3395499e-09      -23.025851       -23.025851      -4132.6238                                                  -4132.6238
              1      -2089.2838      0.28498147    1.968359e-09      -23.025851       -23.025851       -4132.516                                                   -4132.516
              2      -2089.1816      0.27872341   1.9788667e-09      -23.025851       -23.025851      -4132.3116                                                  -4132.3116
              3       -2089.186      0.28897914   2.3917583e-09      -23.025851       -23.025851      -4132.3202                                                  -4132.3202
              1      -2089.3006      0.29067309   2.2743363e-09      -23.025851       -23.025851      -4132.5496                                                  -4132.5496
              1      -2089.3335      0.27942268   2.1638098e-09      -23.025851       -23.025851      -4132.6153                                                  -4132.6153
              1      -2089.4238      0.30098631   1.9208197e-09      -23.025851       -23.025851       -4132.796                                                   -4132.796
              2      -2089.4066      0.29866993   1.9078203e-09      -23.025851       -23.025851      -4132.7614                                                  -4132.7614
              1      -2089.4083      0.29893702   1.9070026e-09      -23.025851       -23.025851      -4132.7649                                                  -4132.7649
              1      -2089.4131      0.29740621   1.9689915e-09      -23.025851       -23.025851      -4132.7745                                                  -4132.7745
              2      -2089.3352      0.31124386   2.0086563e-09      -23.025851       -23.025851      -4132.6188                                                  -4132.6188
              3      -2089.0634      0.28662667   1.7644145e-09      -23.025851       -23.025851      -4132.0752                                                  -4132.0752
              1      -2089.3671      0.28771736   2.0476648e-09      -23.025851       -23.025851      -4132.6826                                                  -4132.6826
              1      -2089.3412      0.30565499   1.7004287e-09      -23.025851       -23.025851      -4132.6307                                                  -4132.6307
              3      -2089.4833      0.32240646   1.7136431e-09      -23.025851       -23.025851      -4132.9149                                                  -4132.9149
              7      -2089.3682      0.34717239   1.6545744e-09      -23.025851       -23.025851      -4132.6847                                                  -4132.6847
              1      -2089.3624      0.28911863   2.0051882e-09      -23.025851       -23.025851      -4132.6731                                                  -4132.6731
              1      -2089.0749      0.34113834   1.8277039e-09      -23.025851       -23.025851      -4132.0982                                                  -4132.0982
              2       -2088.336      0.33586358   2.0711605e-09      -23.025851       -23.025851      -4130.6203                                                  -4130.6203
              1      -2088.1229      0.34562984   2.0044622e-09      -23.025851       -23.025851      -4130.1941                                                  -4130.1941
              2      -2089.0417      0.31714861     2.09586e-09      -23.025851       -23.025851      -4132.0317                                                  -4132.0317
              1      -2088.8563      0.32418548   2.0767372e-09      -23.025851       -23.025851      -4131.6609                                                  -4131.6609
              1      -2088.5196      0.32031893   2.2170401e-09      -23.025851       -23.025851      -4130.9875                                                  -4130.9875
              3      -2089.2491       0.3084867     2.09881e-09      -23.025851       -23.025851      -4132.4465                                                  -4132.4465
              1      -2088.6664      0.34047444   1.9478333e-09      -23.025851       -23.025851       -4131.281                                                   -4131.281
              1      -2089.3917      0.31103633   1.9591431e-09      -23.025851       -23.025851      -4132.7316                                                  -4132.7316
              7       -2089.488      0.32606088   1.6214737e-09      -23.025851       -23.025851      -4132.9244                                                  -4132.9244
              1      -2089.2111      0.35575072   1.6519387e-09      -23.025851       -23.025851      -4132.3705                                                  -4132.3705
              2       -2088.282      0.32799612   2.1754556e-09      -23.025851       -23.025851      -4130.5122                                                  -4130.5122
              2      -2088.8624      0.30913161   2.2632076e-09      -23.025851       -23.025851      -4131.6731                                                  -4131.6731
              1      -2089.3917      0.31844091   1.8897719e-09      -23.025851       -23.025851      -4132.7317                                                  -4132.7317
              1      -2089.4268      0.30205246   1.9538313e-09      -23.025851       -23.025851      -4132.8019                                                  -4132.8019
              2      -2089.3064      0.30729933   1.6480724e-09      -23.025851       -23.025851      -4132.5612                                                  -4132.5612
              2      -2089.0021      0.30707708   2.2379616e-09      -23.025851       -23.025851      -4131.9524                                                  -4131.9524
              1      -2088.8968      0.28874878   2.5506657e-09      -23.025851       -23.025851      -4131.7419                                                  -4131.7419
              2      -2089.0493       0.2857957   2.5234568e-09      -23.025851       -23.025851       -4132.047                                                   -4132.047
              1      -2089.3399      0.27643335   2.3127918e-09      -23.025851       -23.025851      -4132.6281                                                  -4132.6281
              2      -2089.3644      0.29157242   2.1811334e-09      -23.025851       -23.025851      -4132.6771                                                  -4132.6771
              3      -2089.3694      0.29244731   2.1642706e-09      -23.025851       -23.025851       -4132.687                                                   -4132.687
              4      -2089.3754      0.29218828   2.1546049e-09      -23.025851       -23.025851      -4132.6991                                                  -4132.6991
              1      -2089.3374      0.28200651   2.1098208e-09      -23.025851       -23.025851      -4132.6232                                                  -4132.6232
              2      -2089.4048      0.30886637   1.7258443e-09      -23.025851       -23.025851      -4132.7578                                                  -4132.7578
              1      -2089.3816      0.29693539   2.1030376e-09      -23.025851       -23.025851      -4132.7116                                                  -4132.7116
              1      -2089.3252      0.29549302    1.835696e-09      -23.025851       -23.025851      -4132.5987                                                  -4132.5987
              2      -2089.4618      0.31694999   1.7033959e-09      -23.025851       -23.025851      -4132.8718                                                  -4132.8718
              1      -2088.0293      0.32645629   2.2459227e-09      -23.025851       -23.025851      -4130.0069                                                  -4130.0069
              1      -2087.4439      0.33285157   2.2657771e-09      -23.025851       -23.025851       -4128.836                                                   -4128.836
              1      -2087.2689      0.31758948   2.5031849e-09      -23.025851       -23.025851       -4128.486                                                   -4128.486
              3      -2087.6173      0.31177467    2.530027e-09      -23.025851       -23.025851      -4129.1828                                                  -4129.1828
              4      -2088.3377      0.30023384   2.5516807e-09      -23.025851       -23.025851      -4130.6238                                                  -4130.6238
              1      -2088.9249       0.2912261   2.4988281e-09      -23.025851       -23.025851       -4131.798                                                   -4131.798
              1      -2089.2408      0.28767402   2.3681957e-09      -23.025851       -23.025851        -4132.43                                                    -4132.43
              1      -2089.1456      0.29857025   2.2837045e-09      -23.025851       -23.025851      -4132.2395                                                  -4132.2395
              1      -2088.2244      0.31872202   2.3073848e-09      -23.025851       -23.025851       -4130.397                                                   -4130.397
              2      -2088.0129       0.3064692   2.5317744e-09      -23.025851       -23.025851      -4129.9742                                                  -4129.9742
              2      -2089.3111      0.28159397   2.0702627e-09      -23.025851       -23.025851      -4132.5705                                                  -4132.5705
              4      -2089.2338      0.28179629   1.9724865e-09      -23.025851       -23.025851      -4132.4158                                                  -4132.4158
              1      -2088.3912      0.30714181   2.4313795e-09      -23.025851       -23.025851      -4130.7307                                                  -4130.7307
              4      -2089.1176      0.34962768    1.735707e-09      -23.025851       -23.025851      -4132.1834                                                  -4132.1834
              1      -2088.9711       0.3252812   2.0272961e-09      -23.025851       -23.025851      -4131.8905                                                  -4131.8905
              1      -2089.4398      0.30927809    1.897022e-09      -23.025851       -23.025851       -4132.828                                                   -4132.828
              5      -2088.8683      0.27603832   1.8103032e-09      -23.025851       -23.025851      -4131.6849                                                  -4131.6849
              2      -2088.9767      0.32070586   2.0779448e-09      -23.025851       -23.025851      -4131.9017                                                  -4131.9017
              1      -2088.9042      0.34483475    1.843494e-09      -23.025851       -23.025851      -4131.7567                                                  -4131.7567
              3      -2088.9504      0.34217506   1.8562965e-09      -23.025851       -23.025851       -4131.849                                                   -4131.849
              1      -2089.3403      0.29485359   1.8637305e-09      -23.025851       -23.025851      -4132.6289                                                  -4132.6289
              1      -2089.4658      0.32546392   1.7475915e-09      -23.025851       -23.025851      -4132.8798                                                  -4132.8798
              2      -2088.3773      0.31387494   2.3382893e-09      -23.025851       -23.025851      -4130.7029                                                  -4130.7029
              1      -2087.3893      0.31351679   2.5443627e-09      -23.025851       -23.025851      -4128.7268                                                  -4128.7268
              1      -2087.4055      0.31174802   2.5688023e-09      -23.025851       -23.025851      -4128.7592                                                  -4128.7592
              1      -2088.9365      0.29255892   2.4729517e-09      -23.025851       -23.025851      -4131.8214                                                  -4131.8214
              1      -2089.2629      0.27422282   2.5297431e-09      -23.025851       -23.025851      -4132.4741                                                  -4132.4741
              8      -2089.3036      0.27657043   2.4384053e-09      -23.025851       -23.025851      -4132.5555                                                  -4132.5555
              5       -2089.323      0.28926469   2.2659957e-09      -23.025851       -23.025851      -4132.5943                                                  -4132.5943
              2       -2089.313      0.27758424   2.4101281e-09      -23.025851       -23.025851      -4132.5744                                                  -4132.5744
              3      -2088.7762      0.32299857   2.1146262e-09      -23.025851       -23.025851      -4131.5006                                                  -4131.5006
              2      -2088.7682      0.32313817   2.1153052e-09      -23.025851       -23.025851      -4131.4846                                                  -4131.4846
              4      -2089.2578      0.27381269   2.5416879e-09      -23.025851       -23.025851       -4132.464                                                   -4132.464
              2      -2089.4792      0.32032016   1.7200626e-09      -23.025851       -23.025851      -4132.9066                                                  -4132.9066
              2      -2089.3834      0.30415027    2.034276e-09      -23.025851       -23.025851       -4132.715                                                   -4132.715
              3      -2089.2306      0.27203607   2.6005303e-09      -23.025851       -23.025851      -4132.4095                                                  -4132.4095
              1      -2089.4027      0.29777756   1.9166506e-09      -23.025851       -23.025851      -4132.7536                                                  -4132.7536
              2      -2089.3582      0.32247882   1.8783534e-09      -23.025851       -23.025851      -4132.6647                                                  -4132.6647
              2      -2089.3082      0.28883072   1.9281291e-09      -23.025851       -23.025851      -4132.5647                                                  -4132.5647
              1      -2088.1944      0.35622574   1.8845275e-09      -23.025851       -23.025851      -4130.3372                                                  -4130.3372
              3      -2088.6929      0.35183728   1.8289341e-09      -23.025851       -23.025851      -4131.3341                                                  -4131.3341
              6      -2088.7268      0.33560353    1.984661e-09      -23.025851       -23.025851      -4131.4019                                                  -4131.4019
              2      -2088.8105      0.32302698   2.1043262e-09      -23.025851       -23.025851      -4131.5692                                                  -4131.5692
              2      -2089.0481      0.29158248   1.6851988e-09      -23.025851       -23.025851      -4132.0445                                                  -4132.0445
              2      -2089.0856      0.29268527   1.6921416e-09      -23.025851       -23.025851      -4132.1196                                                  -4132.1196
              4      -2088.9691      0.29269013   1.6275132e-09      -23.025851       -23.025851      -4131.8865                                                  -4131.8865
              1      -2089.3873      0.30762089     1.72173e-09      -23.025851       -23.025851      -4132.7229                                                  -4132.7229
              3      -2089.3734      0.30544689   1.7370318e-09      -23.025851       -23.025851       -4132.695                                                   -4132.695
              1      -2089.4331      0.30362968    1.915555e-09      -23.025851       -23.025851      -4132.8145                                                  -4132.8145
              1      -2089.1109      0.35042852   1.7307897e-09      -23.025851       -23.025851      -4132.1701                                                  -4132.1701
              1      -2088.9143      0.34917327   1.7997304e-09      -23.025851       -23.025851      -4131.7769                                                  -4131.7769
              3      -2089.4731      0.31799975   1.7365969e-09      -23.025851       -23.025851      -4132.8945                                                  -4132.8945
              1      -2089.4882      0.32439571    1.657992e-09      -23.025851       -23.025851      -4132.9247                                                  -4132.9247
              3      -2089.1416      0.28003241   1.9228787e-09      -23.025851       -23.025851      -4132.2315                                                  -4132.2315
              1      -2089.3989      0.29870622   2.0567699e-09      -23.025851       -23.025851      -4132.7462                                                  -4132.7462
              2      -2089.2268       0.2885921   2.3670318e-09      -23.025851       -23.025851      -4132.4019                                                  -4132.4019
              2      -2089.2279      0.27510434   2.5584976e-09      -23.025851       -23.025851      -4132.4041                                                  -4132.4041
              1      -2089.3317      0.27816927   2.3618832e-09      -23.025851       -23.025851      -4132.6118                                                  -4132.6118
              1      -2088.4612      0.32603776   2.1595648e-09      -23.025851       -23.025851      -4130.8706                                                  -4130.8706
              3      -2088.5887      0.32345671   2.1600593e-09      -23.025851       -23.025851      -4131.1256                                                  -4131.1256
              2      -2087.5826      0.36200235   1.9220862e-09      -23.025851       -23.025851      -4129.1136                                                  -4129.1136
              2      -2088.9305      0.28595653   2.5809728e-09      -23.025851       -23.025851      -4131.8092                                                  -4131.8092
              3      -2089.1068      0.30089962   2.2728944e-09      -23.025851       -23.025851      -4132.1619                                                  -4132.1619
              1      -2089.1523      0.29767348   2.2920758e-09      -23.025851       -23.025851       -4132.253                                                   -4132.253
              4      -2089.1385      0.29599662   1.6796894e-09      -23.025851       -23.025851      -4132.2254                                                  -4132.2254
              1      -2089.3115      0.29299125   1.8612737e-09      -23.025851       -23.025851      -4132.5714                                                  -4132.5714
              2      -2089.3304      0.27975888   2.1476098e-09      -23.025851       -23.025851      -4132.6091                                                  -4132.6091
              1      -2089.3719      0.29056403   1.9949504e-09      -23.025851       -23.025851      -4132.6922                                                  -4132.6922
              2      -2089.0427      0.31583957   2.1111989e-09      -23.025851       -23.025851      -4132.0336                                                  -4132.0336
              2      -2088.5747      0.31449802   2.2786976e-09      -23.025851       -23.025851      -4131.0976                                                  -4131.0976
              1       -2089.492      0.32562621   1.6732519e-09      -23.025851       -23.025851      -4132.9323                                                  -4132.9323
              3      -2088.9208      0.28039355   1.7729269e-09      -23.025851       -23.025851      -4131.7898                                                  -4131.7898
              2      -2088.3693      0.26867059   1.6793195e-09      -23.025851       -23.025851       -4130.687                                                   -4130.687
              1      -2089.4671      0.31720254   1.7170522e-09      -23.025851       -23.025851      -4132.8825                                                  -4132.8825
              1      -2089.4752      0.32329248    1.742319e-09      -23.025851       -23.025851      -4132.8987                                                  -4132.8987
              1      -2089.3848      0.30288867   2.0444597e-09      -23.025851       -23.025851      -4132.7178                                                  -4132.7178
              2      -2089.2395      0.30469979   2.1498259e-09      -23.025851       -23.025851      -4132.4273                                                  -4132.4273
              5      -2086.4032      0.35624282   2.1250833e-09      -23.025851       -23.025851      -4126.7548                                                  -4126.7548
              3      -2086.9418      0.34951573   2.1365502e-09      -23.025851       -23.025851      -4127.8318                                                  -4127.8318
              1       -2086.986       0.3437871   2.1971246e-09      -23.025851       -23.025851      -4127.9203                                                  -4127.9203
              1      -2088.6428      0.33183669   2.0474776e-09      -23.025851       -23.025851      -4131.2339                                                  -4131.2339
              7      -2088.9912      0.36083115   1.6770037e-09      -23.025851       -23.025851      -4131.9308                                                  -4131.9308
              2      -2088.3372      0.35569073   1.8643358e-09      -23.025851       -23.025851      -4130.6227                                                  -4130.6227
              1      -2088.8881      0.33196743   1.9795921e-09      -23.025851       -23.025851      -4131.7245                                                  -4131.7245
              1      -2088.8881      0.30932313   2.2516775e-09      -23.025851       -23.025851      -4131.7244                                                  -4131.7244
              1      -2089.2464      0.30143412   2.1852152e-09      -23.025851       -23.025851      -4132.4411                                                  -4132.4411
              3      -2088.7454      0.28128448   1.6696888e-09      -23.025851       -23.025851      -4131.4392                                                  -4131.4392
              1      -2089.0751      0.27768329   1.9128535e-09      -23.025851       -23.025851      -4132.0985                                                  -4132.0985
              1      -2089.3971      0.31018767   1.6967139e-09      -23.025851       -23.025851      -4132.7424                                                  -4132.7424
              1      -2089.0918      0.31508535    2.100061e-09      -23.025851       -23.025851      -4132.1318                                                  -4132.1318
              2      -2089.0003       0.3396204   1.8663383e-09      -23.025851       -23.025851      -4131.9488                                                  -4131.9488
              1      -2089.1409      0.33872453   1.8277514e-09      -23.025851       -23.025851      -4132.2301                                                  -4132.2301
              1      -2089.0942      0.34754971   1.7618064e-09      -23.025851       -23.025851      -4132.1368                                                  -4132.1368
             22      -2088.9018      0.35070598   1.7889271e-09      -23.025851       -23.025851      -4131.7519                                                  -4131.7519
              1      -2088.9429      0.33056529   1.9780366e-09      -23.025851       -23.025851      -4131.8342                                                  -4131.8342
              1      -2089.4543      0.31566501   1.7062409e-09      -23.025851       -23.025851      -4132.8569                                                  -4132.8569
              5      -2089.1048      0.36233724   1.6331195e-09      -23.025851       -23.025851      -4132.1578                                                  -4132.1578
              1      -2088.9085       0.3142521   2.1804947e-09      -23.025851       -23.025851      -4131.7652                                                  -4131.7652
              3      -2089.3003      0.28558401   1.9770472e-09      -23.025851       -23.025851      -4132.5489                                                  -4132.5489
              1        -2089.36      0.28783253   2.0276861e-09      -23.025851       -23.025851      -4132.6683                                                  -4132.6683
              1       -2089.097      0.28745105   1.7735995e-09      -23.025851       -23.025851      -4132.1423                                                  -4132.1423
              3      -2089.3146      0.30668747   1.6627385e-09      -23.025851       -23.025851      -4132.5775                                                  -4132.5775
              1      -2089.3546      0.28037802   2.2246812e-09      -23.025851       -23.025851      -4132.6574                                                  -4132.6574
              3      -2089.3469      0.27904735   2.2245795e-09      -23.025851       -23.025851      -4132.6421                                                  -4132.6421
              4      -2089.3574      0.28104645    2.240044e-09      -23.025851       -23.025851      -4132.6632                                                  -4132.6632
              2      -2088.9819      0.28564319   2.5612137e-09      -23.025851       -23.025851      -4131.9121                                                  -4131.9121
             11      -2088.9616      0.28567617   2.5706611e-09      -23.025851       -23.025851      -4131.8716                                                  -4131.8716
              4      -2088.9915      0.28388017   2.5851276e-09      -23.025851       -23.025851      -4131.9314                                                  -4131.9314
              2      -2089.2618      0.27125238   2.2214388e-09      -23.025851       -23.025851      -4132.4718                                                  -4132.4718
              1      -2089.2094      0.28911625   1.8289145e-09      -23.025851       -23.025851      -4132.3672                                                  -4132.3672
              1      -2089.4494      0.31691456   1.6753916e-09      -23.025851       -23.025851       -4132.847                                                   -4132.847
              1      -2089.4249       0.3166843   1.8703442e-09      -23.025851       -23.025851      -4132.7981                                                  -4132.7981
              2      -2089.3533       0.2800551   2.2249855e-09      -23.025851       -23.025851      -4132.6549                                                  -4132.6549
              2      -2089.3525      0.27997892   2.2255726e-09      -23.025851       -23.025851      -4132.6533                                                  -4132.6533
              2      -2089.4092      0.33620963   1.7193013e-09      -23.025851       -23.025851      -4132.7667                                                  -4132.7667
              2      -2088.9041      0.28033632   1.7645197e-09      -23.025851       -23.025851      -4131.7566                                                  -4131.7566
              2      -2089.4607      0.31874455   1.6697953e-09      -23.025851       -23.025851      -4132.8696                                                  -4132.8696
              2      -2088.6725      0.27471633    1.728912e-09      -23.025851       -23.025851      -4131.2933                                                  -4131.2933
              4      -2088.6986      0.27607711   1.7215181e-09      -23.025851       -23.025851      -4131.3455                                                  -4131.3455
              2      -2088.4047      0.33244728   2.0958362e-09      -23.025851       -23.025851      -4130.7577                                                  -4130.7577
              1      -2089.1332      0.29993617   2.2721137e-09      -23.025851       -23.025851      -4132.2148                                                  -4132.2148
              2      -2089.3118      0.30021497   2.1498898e-09      -23.025851       -23.025851       -4132.572                                                   -4132.572
              2      -2089.2903      0.26679411   2.4078483e-09      -23.025851       -23.025851      -4132.5289                                                  -4132.5289
              1      -2088.9123      0.27243893   1.8942809e-09      -23.025851       -23.025851       -4131.773                                                   -4131.773
              3      -2088.9399      0.27219931   1.9153833e-09      -23.025851       -23.025851       -4131.828                                                   -4131.828
              5      -2089.2106      0.28421698   1.9090377e-09      -23.025851       -23.025851      -4132.3694                                                  -4132.3694
              5      -2089.2595      0.34206131   1.7497713e-09      -23.025851       -23.025851      -4132.4673                                                  -4132.4673
              3      -2089.4031      0.32682348   1.8041729e-09      -23.025851       -23.025851      -4132.7546                                                  -4132.7546
              3      -2089.2029      0.35324675   1.6755147e-09      -23.025851       -23.025851      -4132.3541                                                  -4132.3541
              2      -2088.7574      0.33506425   1.9824951e-09      -23.025851       -23.025851      -4131.4632                                                  -4131.4632
              1      -2089.3093      0.30711781   2.0734918e-09      -23.025851       -23.025851      -4132.5669                                                  -4132.5669
              1      -2089.3094      0.30711132   2.0734719e-09      -23.025851       -23.025851      -4132.5671                                                  -4132.5671
              3      -2089.4683      0.32946895    1.716671e-09      -23.025851       -23.025851      -4132.8849                                                  -4132.8849
              4       -2089.487      0.33403633   1.6595101e-09      -23.025851       -23.025851      -4132.9224                                                  -4132.9224
              1       -2089.271      0.29889826   2.1988906e-09      -23.025851       -23.025851      -4132.4903                                                  -4132.4903
              2      -2089.3567      0.29316279   2.1782231e-09      -23.025851       -23.025851      -4132.6617                                                  -4132.6617
              2      -2089.4219      0.30916788   1.9352302e-09      -23.025851       -23.025851      -4132.7921                                                  -4132.7921
              2      -2089.3671      0.28466154   2.2142043e-09      -23.025851       -23.025851      -4132.6826                                                  -4132.6826
              2      -2089.0354       0.2703366   2.0135113e-09      -23.025851       -23.025851      -4132.0191                                                  -4132.0191
              1      -2089.0382      0.27041701   2.0141113e-09      -23.025851       -23.025851      -4132.0247                                                  -4132.0247
              1      -2089.4648      0.31489806   1.7837724e-09      -23.025851       -23.025851       -4132.878                                                   -4132.878
              1      -2089.4079      0.31427495   1.9112569e-09      -23.025851       -23.025851      -4132.7642                                                  -4132.7642
              1      -2089.4823       0.3249711   1.7171973e-09      -23.025851       -23.025851      -4132.9128                                                  -4132.9128
              1      -2089.3055      0.34062572   1.7413519e-09      -23.025851       -23.025851      -4132.5592                                                  -4132.5592
              5       -2089.376      0.33296368   1.7698182e-09      -23.025851       -23.025851      -4132.7002                                                  -4132.7002
              2      -2089.4155      0.31595013   1.8879392e-09      -23.025851       -23.025851      -4132.7793                                                  -4132.7793
              1      -2089.2447      0.29100582   1.8287172e-09      -23.025851       -23.025851      -4132.4377                                                  -4132.4377
              2      -2088.9288      0.33170466   1.9700854e-09      -23.025851       -23.025851       -4131.806                                                   -4131.806
              1       -2088.885      0.30934134   2.2525095e-09      -23.025851       -23.025851      -4131.7184                                                  -4131.7184
              1      -2089.3726      0.28678515   2.0902564e-09      -23.025851       -23.025851      -4132.6934                                                  -4132.6934
              1       -2089.283      0.28097136   2.0430981e-09      -23.025851       -23.025851      -4132.5142                                                  -4132.5142
              1      -2089.3489      0.29495053   1.8730946e-09      -23.025851       -23.025851       -4132.646                                                   -4132.646
              2      -2088.7935      0.31791443   2.1716773e-09      -23.025851       -23.025851      -4131.5353                                                  -4131.5353
              3      -2087.9449      0.30434257   2.5802631e-09      -23.025851       -23.025851      -4129.8382                                                  -4129.8382
              1      -2089.1337      0.28974405   2.4146082e-09      -23.025851       -23.025851      -4132.2156                                                  -4132.2156
              2      -2089.3245      0.28060693   2.1150865e-09      -23.025851       -23.025851      -4132.5973                                                  -4132.5973
              1      -2089.4738      0.31978099   1.7567471e-09      -23.025851       -23.025851       -4132.896                                                   -4132.896
              1      -2088.9135      0.33154244   1.9765886e-09      -23.025851       -23.025851      -4131.7753                                                  -4131.7753
              4       -2089.346      0.34110991   1.7166507e-09      -23.025851       -23.025851      -4132.6402                                                  -4132.6402
              3      -2089.4559      0.32190429   1.6139261e-09      -23.025851       -23.025851      -4132.8602                                                  -4132.8602
              4      -2089.4902      0.32598629   1.6305395e-09      -23.025851       -23.025851      -4132.9286                                                  -4132.9286
              2      -2088.4255      0.32318858   2.2033606e-09      -23.025851       -23.025851      -4130.7992                                                  -4130.7992
              5      -2089.2842      0.28023701    2.059169e-09      -23.025851       -23.025851      -4132.5166                                                  -4132.5166
              2      -2089.2137      0.26930399   2.1987587e-09      -23.025851       -23.025851      -4132.3757                                                  -4132.3757
              1      -2089.4168      0.31749383   1.6202612e-09      -23.025851       -23.025851       -4132.782                                                   -4132.782
              1       -2089.105      0.34169283   1.8122949e-09      -23.025851       -23.025851      -4132.1582                                                  -4132.1582
              1      -2088.4298      0.33471197   2.0643578e-09      -23.025851       -23.025851      -4130.8079                                                  -4130.8079
              2      -2089.3611      0.28198841   2.2075075e-09      -23.025851       -23.025851      -4132.6706                                                  -4132.6706
              5      -2089.3667      0.28376556    2.208651e-09      -23.025851       -23.025851      -4132.6817                                                  -4132.6817
              1      -2089.4085      0.29585487   2.0256078e-09      -23.025851       -23.025851      -4132.7654                                                  -4132.7654
              1      -2088.8043      0.32205381   2.1177289e-09      -23.025851       -23.025851      -4131.5568                                                  -4131.5568
              1      -2088.8213      0.32090325   2.1264701e-09      -23.025851       -23.025851      -4131.5908                                                  -4131.5908
              1      -2089.4102      0.31489693   1.9032599e-09      -23.025851       -23.025851      -4132.7687                                                  -4132.7687
              2      -2089.4368      0.31230064    1.886152e-09      -23.025851       -23.025851      -4132.8219                                                  -4132.8219
              2      -2089.4176       0.3098646   1.7296332e-09      -23.025851       -23.025851      -4132.7835                                                  -4132.7835
              2      -2088.7706      0.26992021    1.854366e-09      -23.025851       -23.025851      -4131.4895                                                  -4131.4895
              3      -2089.0668       0.2809442   1.8536213e-09      -23.025851       -23.025851      -4132.0819                                                  -4132.0819
              2       -2089.261      0.32965961   1.8650458e-09      -23.025851       -23.025851      -4132.4704                                                  -4132.4704
              2      -2089.3183      0.28532315   2.0061236e-09      -23.025851       -23.025851      -4132.5849                                                  -4132.5849
              2      -2089.3492      0.29135102   1.9375325e-09      -23.025851       -23.025851      -4132.6466                                                  -4132.6466
              2      -2089.3078       0.2883266   1.9366588e-09      -23.025851       -23.025851      -4132.5639                                                  -4132.5639
              3      -2089.4012      0.31071933   1.6940661e-09      -23.025851       -23.025851      -4132.7506                                                  -4132.7506
              1      -2089.4758      0.31995263   1.6954529e-09      -23.025851       -23.025851      -4132.8999                                                  -4132.8999
              1      -2089.2423      0.28759336   2.3680576e-09      -23.025851       -23.025851      -4132.4329                                                  -4132.4329
              2      -2087.7893      0.34144422   2.1074473e-09      -23.025851       -23.025851      -4129.5268                                                  -4129.5268
              1      -2088.4695      0.32041601   2.2281628e-09      -23.025851       -23.025851      -4130.8873                                                  -4130.8873
              1      -2089.3723      0.31972168    1.894141e-09      -23.025851       -23.025851       -4132.693                                                   -4132.693
              1      -2089.3132      0.32777818   1.8558575e-09      -23.025851       -23.025851      -4132.5747                                                  -4132.5747
              1      -2089.1763      0.32712558   1.9295416e-09      -23.025851       -23.025851      -4132.3009                                                  -4132.3009
              6      -2089.2584      0.32597088   1.9031113e-09      -23.025851       -23.025851      -4132.4652                                                  -4132.4652
              1       -2089.189      0.27098758    2.134654e-09      -23.025851       -23.025851      -4132.3263                                                  -4132.3263
              1      -2088.6827      0.27724775   1.6968306e-09      -23.025851       -23.025851      -4131.3137                                                  -4131.3137
              2      -2089.2203      0.28470586   1.9093298e-09      -23.025851       -23.025851      -4132.3888                                                  -4132.3888
              3      -2088.6969      0.27335966    1.761356e-09      -23.025851       -23.025851      -4131.3422                                                  -4131.3422
              6      -2089.2497      0.27183007   2.1898852e-09      -23.025851       -23.025851      -4132.4478                                                  -4132.4478
              2      -2089.3538      0.28449168   2.0901163e-09      -23.025851       -23.025851      -4132.6559                                                  -4132.6559
              1       -2088.966      0.30737958   2.2485097e-09      -23.025851       -23.025851      -4131.8803                                                  -4131.8803
              1      -2088.0882      0.30808984   2.4900344e-09      -23.025851       -23.025851      -4130.1246                                                  -4130.1246
              4      -2088.5565      0.29568169   2.5621699e-09      -23.025851       -23.025851      -4131.0614                                                  -4131.0614
              2       -2088.766      0.28911074    2.598053e-09      -23.025851       -23.025851      -4131.4804                                                  -4131.4804
              1      -2088.9699      0.30023996   2.3450322e-09      -23.025851       -23.025851      -4131.8881                                                  -4131.8881
              1      -2089.0613      0.29452504   2.3848598e-09      -23.025851       -23.025851      -4132.0709                                                  -4132.0709
              1      -2089.3051      0.29215581   2.2516196e-09      -23.025851       -23.025851      -4132.5585                                                  -4132.5585
              4      -2089.3156      0.27068781    2.427189e-09      -23.025851       -23.025851      -4132.5794                                                  -4132.5794
              2      -2089.2516      0.27123301    2.585656e-09      -23.025851       -23.025851      -4132.4515                                                  -4132.4515
              3      -2089.1814      0.27954561   2.5343354e-09      -23.025851       -23.025851       -4132.311                                                   -4132.311
              1      -2088.9947      0.34550319   1.8114287e-09      -23.025851       -23.025851      -4131.9378                                                  -4131.9378
              1      -2088.9643      0.34408872    1.833735e-09      -23.025851       -23.025851       -4131.877                                                   -4131.877
              2      -2089.2676      0.30070269   1.7054571e-09      -23.025851       -23.025851      -4132.4834                                                  -4132.4834
              2      -2089.2885      0.30199788   1.7044645e-09      -23.025851       -23.025851      -4132.5254                                                  -4132.5254
              1      -2089.2214      0.31354698    2.056286e-09      -23.025851       -23.025851      -4132.3912                                                  -4132.3912
              1      -2088.2819      0.33241676   2.1222145e-09      -23.025851       -23.025851      -4130.5121                                                  -4130.5121
              3      -2088.0842      0.30692117   2.5088437e-09      -23.025851       -23.025851      -4130.1167                                                  -4130.1167
              2      -2088.7165       0.3308195   2.0401312e-09      -23.025851       -23.025851      -4131.3813                                                  -4131.3813
              2       -2089.337      0.32933717   1.8271462e-09      -23.025851       -23.025851      -4132.6223                                                  -4132.6223
              4      -2089.4559      0.31154716   1.8160425e-09      -23.025851       -23.025851        -4132.86                                                    -4132.86
              2      -2089.4558      0.31268308   1.8326174e-09      -23.025851       -23.025851        -4132.86                                                    -4132.86
              3      -2089.3009       0.2804997   2.0774888e-09      -23.025851       -23.025851      -4132.5501                                                  -4132.5501
              1       -2088.834      0.27515767    1.805109e-09      -23.025851       -23.025851      -4131.6163                                                  -4131.6163
              3      -2089.4073      0.33323775   1.7455961e-09      -23.025851       -23.025851      -4132.7629                                                  -4132.7629
              2      -2089.3705      0.33330809   1.7703178e-09      -23.025851       -23.025851      -4132.6893                                                  -4132.6893
              1      -2089.3928      0.34159527    1.685822e-09      -23.025851       -23.025851      -4132.7338                                                  -4132.7338
              6      -2089.4465      0.34733122   1.6054155e-09      -23.025851       -23.025851      -4132.8412                                                  -4132.8412
              1      -2089.4366      0.34820814   1.6057803e-09      -23.025851       -23.025851      -4132.8215                                                  -4132.8215
              9      -2089.1412      0.33573517   1.8565947e-09      -23.025851       -23.025851      -4132.2308                                                  -4132.2308
              2      -2089.2185      0.33575525   1.8254411e-09      -23.025851       -23.025851      -4132.3853                                                  -4132.3853
              4       -2089.345      0.29469679   1.8723383e-09      -23.025851       -23.025851      -4132.6384                                                  -4132.6384
              1      -2089.4648      0.31774428    1.792278e-09      -23.025851       -23.025851      -4132.8778                                                  -4132.8778
              1      -2089.4168      0.31570433   1.8885721e-09      -23.025851       -23.025851      -4132.7819                                                  -4132.7819
              3      -2089.0648      0.29822318   1.6077659e-09      -23.025851       -23.025851      -4132.0778                                                  -4132.0778
              1       -2089.476      0.32029052   1.7476354e-09      -23.025851       -23.025851      -4132.9003                                                  -4132.9003
              1      -2089.3881      0.29058524   2.1231948e-09      -23.025851       -23.025851      -4132.7245                                                  -4132.7245
              1       -2088.929       0.2684409   1.9744096e-09      -23.025851       -23.025851      -4131.8063                                                  -4131.8063
              2      -2089.2549      0.33160329   1.8490812e-09      -23.025851       -23.025851      -4132.4582                                                  -4132.4582
             12      -2089.3527      0.31605156   1.9455698e-09      -23.025851       -23.025851      -4132.6536                                                  -4132.6536
              5      -2089.4408      0.31020311   1.7697669e-09      -23.025851       -23.025851      -4132.8299                                                  -4132.8299
              1      -2089.3855      0.30947552    1.693002e-09      -23.025851       -23.025851      -4132.7192                                                  -4132.7192
              4      -2089.4325      0.31024116    1.908113e-09      -23.025851       -23.025851      -4132.8133                                                  -4132.8133
              2      -2089.1538      0.35186626   1.7042141e-09      -23.025851       -23.025851      -4132.2559                                                  -4132.2559
              2      -2089.2864      0.26728492   2.3771489e-09      -23.025851       -23.025851       -4132.521                                                   -4132.521
              1      -2089.2235      0.26737169   2.2556299e-09      -23.025851       -23.025851      -4132.3954                                                  -4132.3954
              1      -2089.3897      0.29394611   2.1089736e-09      -23.025851       -23.025851      -4132.7278                                                  -4132.7278
              3      -2089.2817      0.26597929   2.5859342e-09      -23.025851       -23.025851      -4132.5117                                                  -4132.5117
              1      -2089.3396      0.28437759   2.2945455e-09      -23.025851       -23.025851      -4132.6275                                                  -4132.6275
              2      -2089.3642      0.29271997   2.1710931e-09      -23.025851       -23.025851      -4132.6766                                                  -4132.6766
              2      -2088.3445      0.29761294   2.5923101e-09      -23.025851       -23.025851      -4130.6373                                                  -4130.6373
              4      -2089.1512      0.31596644   2.0634267e-09      -23.025851       -23.025851      -4132.2506                                                  -4132.2506
              4      -2088.4575      0.34013558   1.9984097e-09      -23.025851       -23.025851      -4130.8634                                                  -4130.8634
              4      -2089.3492      0.29741177   2.1445869e-09      -23.025851       -23.025851      -4132.6467                                                  -4132.6467
              1      -2089.4226      0.30070735   1.9717217e-09      -23.025851       -23.025851      -4132.7935                                                  -4132.7935
              4        -2088.83      0.35458496   1.7717152e-09      -23.025851       -23.025851      -4131.6084                                                  -4131.6084
              1      -2089.2974      0.31799973   1.9635657e-09      -23.025851       -23.025851      -4132.5431                                                  -4132.5431
              1      -2088.7205      0.30742917   2.3335332e-09      -23.025851       -23.025851      -4131.3893                                                  -4131.3893
              1      -2088.8999      0.30203749   2.3475688e-09      -23.025851       -23.025851       -4131.748                                                   -4131.748
              2      -2089.4541      0.31092339   1.8277348e-09      -23.025851       -23.025851      -4132.8565                                                  -4132.8565
              1      -2089.4622      0.31690816   1.8027555e-09      -23.025851       -23.025851      -4132.8727                                                  -4132.8727
              1      -2089.1396      0.31235855   2.1113212e-09      -23.025851       -23.025851      -4132.2275                                                  -4132.2275
              6      -2089.3312      0.30583816   1.6888022e-09      -23.025851       -23.025851      -4132.6108                                                  -4132.6108
              1      -2089.3836      0.32033826   1.8791169e-09      -23.025851       -23.025851      -4132.7156                                                  -4132.7156
              2      -2089.3539      0.28195464    2.273135e-09      -23.025851       -23.025851       -4132.656                                                   -4132.656
              4      -2089.1471      0.29309663   2.3584655e-09      -23.025851       -23.025851      -4132.2425                                                  -4132.2425
              4      -2089.3284       0.2911418   1.9124104e-09      -23.025851       -23.025851      -4132.6051                                                  -4132.6051
              1      -2089.3144      0.29877698   1.7736409e-09      -23.025851       -23.025851      -4132.5771                                                  -4132.5771
              1      -2089.1767      0.28520697   1.8647537e-09      -23.025851       -23.025851      -4132.3016                                                  -4132.3016
              2      -2089.0846      0.28445272   1.8106242e-09      -23.025851       -23.025851      -4132.1175                                                  -4132.1175
              2      -2089.2803      0.28894987   1.8952322e-09      -23.025851       -23.025851      -4132.5089                                                  -4132.5089
              3      -2089.2092      0.27867646    2.005257e-09      -23.025851       -23.025851      -4132.3668                                                  -4132.3668
              1      -2088.5021       0.2715693    1.695651e-09      -23.025851       -23.025851      -4130.9524                                                  -4130.9524
              1      -2088.6269      0.27984978   1.6346704e-09      -23.025851       -23.025851      -4131.2021                                                  -4131.2021
              1      -2088.9783      0.29348758   1.6220018e-09      -23.025851       -23.025851       -4131.905                                                   -4131.905
              5      -2089.2231      0.27011662   2.1925657e-09      -23.025851       -23.025851      -4132.3945                                                  -4132.3945
              2      -2089.0005       0.3020449   2.3066147e-09      -23.025851       -23.025851      -4131.9493                                                  -4131.9493
              2      -2089.3141      0.32347602   1.8975168e-09      -23.025851       -23.025851      -4132.5764                                                  -4132.5764
              1      -2088.3666      0.34709081   1.9438501e-09      -23.025851       -23.025851      -4130.6816                                                  -4130.6816
              3      -2088.1337      0.34029426   2.0607255e-09      -23.025851       -23.025851      -4130.2158                                                  -4130.2158
              1      -2088.9755      0.31187901   2.1860792e-09      -23.025851       -23.025851      -4131.8993                                                  -4131.8993
              1      -2089.0786      0.31248753   2.1371135e-09      -23.025851       -23.025851      -4132.1054                                                  -4132.1054
              1       -2089.282      0.28860161   1.9029686e-09      -23.025851       -23.025851      -4132.5124                                                  -4132.5124
              4      -2089.3198      0.29648421   1.8140782e-09      -23.025851       -23.025851      -4132.5878                                                  -4132.5878
              1      -2087.9589      0.30412718   2.5807104e-09      -23.025851       -23.025851       -4129.866                                                   -4129.866
              1      -2089.3042      0.27097464   2.3180815e-09      -23.025851       -23.025851      -4132.5567                                                  -4132.5567
              4       -2089.485      0.32262432   1.6946676e-09      -23.025851       -23.025851      -4132.9183                                                  -4132.9183
              1      -2089.1487      0.34270174   1.7873579e-09      -23.025851       -23.025851      -4132.2456                                                  -4132.2456
              3       -2089.272        0.344264   1.7249753e-09      -23.025851       -23.025851      -4132.4923                                                  -4132.4923
              4      -2089.1754       0.2947501   1.7207245e-09      -23.025851       -23.025851       -4132.299                                                   -4132.299
              5      -2089.3845      0.28844362   2.1160564e-09      -23.025851       -23.025851      -4132.7172                                                  -4132.7172
              1      -2089.2129      0.28964665   1.8234501e-09      -23.025851       -23.025851       -4132.374                                                   -4132.374
              3      -2089.4032      0.30891961   1.7229835e-09      -23.025851       -23.025851      -4132.7547                                                  -4132.7547
              1      -2089.4656      0.31666317    1.722063e-09      -23.025851       -23.025851      -4132.8795                                                  -4132.8795
              3      -2089.4032      0.30314469   2.0143433e-09      -23.025851       -23.025851      -4132.7548                                                  -4132.7548
              3      -2089.4358      0.31228994   1.8879889e-09      -23.025851       -23.025851        -4132.82                                                    -4132.82
              1      -2089.4319      0.31171529   1.8990496e-09      -23.025851       -23.025851      -4132.8121                                                  -4132.8121
              2      -2089.4805      0.32441345   1.7241051e-09      -23.025851       -23.025851      -4132.9093                                                  -4132.9093
              1      -2089.3852      0.28878712    2.098171e-09      -23.025851       -23.025851      -4132.7187                                                  -4132.7187
              3      -2089.0616      0.27566354   1.9376257e-09      -23.025851       -23.025851      -4132.0715                                                  -4132.0715
              1      -2089.2808      0.29678167    1.772393e-09      -23.025851       -23.025851        -4132.51                                                    -4132.51
              1      -2089.4255      0.30245773   1.9624625e-09      -23.025851       -23.025851      -4132.7994                                                  -4132.7994
              1      -2089.4302      0.30286406   1.9348784e-09      -23.025851       -23.025851      -4132.8087                                                  -4132.8087
              1      -2089.4339      0.30488399   1.9264447e-09      -23.025851       -23.025851      -4132.8161                                                  -4132.8161
              2      -2088.6515      0.29506608   2.5415649e-09      -23.025851       -23.025851      -4131.2512                                                  -4131.2512
              4      -2089.1876      0.31943785   2.0070718e-09      -23.025851       -23.025851      -4132.3236                                                  -4132.3236
             17      -2089.2009      0.27599552   2.5718597e-09      -23.025851       -23.025851        -4132.35                                                    -4132.35
              1      -2089.3476      0.27848257   2.2619038e-09      -23.025851       -23.025851      -4132.6435                                                  -4132.6435
              3      -2089.3207      0.27411701   2.2755308e-09      -23.025851       -23.025851      -4132.5897                                                  -4132.5897
              2      -2088.9306      0.27360841   1.8859377e-09      -23.025851       -23.025851      -4131.8096                                                  -4131.8096
              2      -2089.2403      0.28971217   1.8452435e-09      -23.025851       -23.025851      -4132.4288                                                  -4132.4288
              2      -2089.4296      0.31387749   1.6875324e-09      -23.025851       -23.025851      -4132.8075                                                  -4132.8075
              1       -2088.732       0.3222297   2.1365713e-09      -23.025851       -23.025851      -4131.4122                                                  -4131.4122
              2       -2088.561      0.29515189   2.5693889e-09      -23.025851       -23.025851      -4131.0704                                                  -4131.0704
              1      -2088.0515      0.34267037   2.0492114e-09      -23.025851       -23.025851      -4130.0513                                                  -4130.0513
              2       -2086.098       0.3545415   2.1768103e-09      -23.025851       -23.025851      -4126.1443                                                  -4126.1443
              1      -2088.8279      0.30987111    2.265136e-09      -23.025851       -23.025851      -4131.6041                                                  -4131.6041
              3      -2089.2358       0.3050065   2.1484009e-09      -23.025851       -23.025851      -4132.4199                                                  -4132.4199
              3      -2089.1328      0.28840714   2.4348523e-09      -23.025851       -23.025851       -4132.214                                                   -4132.214
              1      -2089.4224      0.30368866   1.9698483e-09      -23.025851       -23.025851      -4132.7931                                                  -4132.7931
              2      -2089.3162      0.31921143   1.9391735e-09      -23.025851       -23.025851      -4132.5808                                                  -4132.5808
              2      -2089.3416      0.28545901   2.2789618e-09      -23.025851       -23.025851      -4132.6316                                                  -4132.6316
             10      -2089.2501      0.27258123   2.5687721e-09      -23.025851       -23.025851      -4132.4485                                                  -4132.4485
              1      -2089.3241      0.27314156   2.3288569e-09      -23.025851       -23.025851      -4132.5965                                                  -4132.5965
              1      -2089.4103      0.29803294   2.0285525e-09      -23.025851       -23.025851       -4132.769                                                   -4132.769
              3      -2089.2305      0.30824821   2.1127597e-09      -23.025851       -23.025851      -4132.4094                                                  -4132.4094
              1      -2088.7816      0.32093262   2.1380868e-09      -23.025851       -23.025851      -4131.5114                                                  -4131.5114
              1      -2088.7335      0.31808525   2.1876487e-09      -23.025851       -23.025851      -4131.4153                                                  -4131.4153
              1      -2088.7025      0.29799799   2.4782998e-09      -23.025851       -23.025851      -4131.3533                                                  -4131.3533
              1      -2089.1236      0.28868525    2.436377e-09      -23.025851       -23.025851      -4132.1955                                                  -4132.1955
              1      -2089.4441      0.31206157   1.8721146e-09      -23.025851       -23.025851      -4132.8365                                                  -4132.8365
              2      -2088.3954      0.35734158   1.8380075e-09      -23.025851       -23.025851      -4130.7391                                                  -4130.7391
              3      -2087.2217      0.33412364   2.2831176e-09      -23.025851       -23.025851      -4128.3917                                                  -4128.3917
              2      -2088.4424      0.35514492   1.8497864e-09      -23.025851       -23.025851      -4130.8332                                                  -4130.8332
              5      -2089.2975       0.3557643   1.6189771e-09      -23.025851       -23.025851      -4132.5433                                                  -4132.5433
              5      -2089.2695      0.35463631   1.6392708e-09      -23.025851       -23.025851      -4132.4873                                                  -4132.4873
              2      -2089.3657      0.31005509   1.6640994e-09      -23.025851       -23.025851      -4132.6796                                                  -4132.6796
              3      -2089.3988      0.29625329   2.0718164e-09      -23.025851       -23.025851      -4132.7458                                                  -4132.7458
              3      -2089.1132      0.27426363   2.0018239e-09      -23.025851       -23.025851      -4132.1747                                                  -4132.1747
              2       -2089.426      0.31226533   1.9045076e-09      -23.025851       -23.025851      -4132.8004                                                  -4132.8004
              1      -2089.1626      0.31030212   2.1248788e-09      -23.025851       -23.025851      -4132.2736                                                  -4132.2736
              1      -2089.2621      0.26687296   2.3308553e-09      -23.025851       -23.025851      -4132.4724                                                  -4132.4724
              1      -2089.4649      0.31564372   1.7931197e-09      -23.025851       -23.025851      -4132.8782                                                  -4132.8782
              1      -2089.4584      0.31729698   1.8111108e-09      -23.025851       -23.025851       -4132.865                                                   -4132.865
              1      -2089.2195      0.27622602   2.0619462e-09      -23.025851       -23.025851      -4132.3873                                                  -4132.3873
              2      -2089.2191      0.27622378   2.0615762e-09      -23.025851       -23.025851      -4132.3865                                                  -4132.3865
              3      -2088.6863      0.31183594   2.2833208e-09      -23.025851       -23.025851      -4131.3209                                                  -4131.3209
              1      -2088.9435       0.3033131   2.3126065e-09      -23.025851       -23.025851      -4131.8353                                                  -4131.8353
              1      -2089.4176      0.31155356   1.9226121e-09      -23.025851       -23.025851      -4132.7834                                                  -4132.7834
              2      -2089.5023      0.32997774    1.630925e-09      -23.025851       -23.025851      -4132.9529                                                  -4132.9529
              6      -2089.1778       0.2862855   2.4361876e-09      -23.025851       -23.025851       -4132.304                                                   -4132.304
              3      -2089.0836      0.31106583   2.1524771e-09      -23.025851       -23.025851      -4132.1155                                                  -4132.1155
              1      -2088.9763      0.30062608   2.3366316e-09      -23.025851       -23.025851       -4131.901                                                   -4131.901
              2      -2088.3891      0.32664573   2.1686449e-09      -23.025851       -23.025851      -4130.7265                                                  -4130.7265
              3       -2088.677      0.34415262   1.9076048e-09      -23.025851       -23.025851      -4131.3024                                                  -4131.3024
              2      -2088.0896      0.35060804   1.9583104e-09      -23.025851       -23.025851      -4130.1274                                                  -4130.1274
              2       -2088.929      0.32958787   1.9930821e-09      -23.025851       -23.025851      -4131.8062                                                  -4131.8062
              2      -2089.3177      0.29641831   2.1884982e-09      -23.025851       -23.025851      -4132.5838                                                  -4132.5838
              2      -2089.1042      0.34016947   1.8270022e-09      -23.025851       -23.025851      -4132.1566                                                  -4132.1566
              1      -2089.1969       0.2833662   2.4647547e-09      -23.025851       -23.025851      -4132.3422                                                  -4132.3422
              5      -2089.0883      0.34706768   1.7681126e-09      -23.025851       -23.025851      -4132.1249                                                  -4132.1249
              2      -2088.2279      0.34449932   1.9973985e-09      -23.025851       -23.025851      -4130.4041                                                  -4130.4041
              2       -2089.439      0.30558556   1.8870956e-09      -23.025851       -23.025851      -4132.8264                                                  -4132.8264
              4      -2089.4482      0.30989912   1.8653751e-09      -23.025851       -23.025851      -4132.8446                                                  -4132.8446
              1      -2088.6131      0.27239281   1.7350103e-09      -23.025851       -23.025851      -4131.1745                                                  -4131.1745
              3      -2088.9554      0.27174177   1.9331682e-09      -23.025851       -23.025851       -4131.859                                                   -4131.859
              5       -2089.046      0.29466372   1.6429741e-09      -23.025851       -23.025851      -4132.0403                                                  -4132.0403
              2      -2089.2023       0.2920669   1.7786321e-09      -23.025851       -23.025851       -4132.353                                                   -4132.353
              3      -2089.0619      0.28758806   1.7494816e-09      -23.025851       -23.025851      -4132.0721                                                  -4132.0721
              2      -2088.6954      0.27806844   1.6914734e-09      -23.025851       -23.025851      -4131.3391                                                  -4131.3391
              2      -2089.4929      0.32621546   1.6725974e-09      -23.025851       -23.025851      -4132.9341                                                  -4132.9341
              2      -2089.4485      0.31076241   1.7827453e-09      -23.025851       -23.025851      -4132.8453                                                  -4132.8453
              1      -2089.4034      0.31142375   1.6868325e-09      -23.025851       -23.025851      -4132.7551                                                  -4132.7551
              4      -2089.3975      0.31718208   1.8959236e-09      -23.025851       -23.025851      -4132.7433                                                  -4132.7433
              1      -2089.3723      0.31602727    1.930002e-09      -23.025851       -23.025851      -4132.6929                                                  -4132.6929
              1      -2089.4014      0.29539534   1.9679139e-09      -23.025851       -23.025851       -4132.751                                                   -4132.751
              2      -2089.3971      0.29460459   1.9724651e-09      -23.025851       -23.025851      -4132.7426                                                  -4132.7426
              1      -2089.1614      0.31834201   2.0314558e-09      -23.025851       -23.025851      -4132.2711                                                  -4132.2711
              3      -2089.0694      0.30967583   2.1760985e-09      -23.025851       -23.025851      -4132.0871                                                  -4132.0871
              1       -2088.563       0.3155287   2.2683817e-09      -23.025851       -23.025851      -4131.0743                                                  -4131.0743
              1      -2088.6541      0.30891417   2.3330746e-09      -23.025851       -23.025851      -4131.2566                                                  -4131.2566
              2      -2089.0929      0.34537269   1.7820857e-09      -23.025851       -23.025851      -4132.1341                                                  -4132.1341
              2      -2089.1446      0.34266869   1.7892964e-09      -23.025851       -23.025851      -4132.2374                                                  -4132.2374
              8      -2089.3476      0.34957979   1.6457523e-09      -23.025851       -23.025851      -4132.6435                                                  -4132.6435
              4      -2089.4053      0.33957461   1.6943857e-09      -23.025851       -23.025851      -4132.7588                                                  -4132.7588
              4       -2089.422      0.30117351   1.9772899e-09      -23.025851       -23.025851      -4132.7923                                                  -4132.7923
              1      -2089.1765      0.32054914   1.9999724e-09      -23.025851       -23.025851      -4132.3013                                                  -4132.3013
              1      -2088.8001      0.29217665   2.5348599e-09      -23.025851       -23.025851      -4131.5484                                                  -4131.5484
              2       -2089.165      0.30510519   2.1878524e-09      -23.025851       -23.025851      -4132.2783                                                  -4132.2783
              1      -2089.3756      0.28703383   2.1777426e-09      -23.025851       -23.025851      -4132.6994                                                  -4132.6994
              1      -2089.4188       0.3007715   1.9006156e-09      -23.025851       -23.025851       -4132.786                                                   -4132.786
              2      -2089.3441       0.3028362    1.743501e-09      -23.025851       -23.025851      -4132.6366                                                  -4132.6366
              2      -2089.3731      0.28616654   2.1118795e-09      -23.025851       -23.025851      -4132.6946                                                  -4132.6946
              1      -2089.3865      0.28970682   2.1275087e-09      -23.025851       -23.025851      -4132.7213                                                  -4132.7213
              2      -2089.3249       0.2727443    2.374258e-09      -23.025851       -23.025851      -4132.5981                                                  -4132.5981
              1      -2089.2753      0.30428946   1.6631231e-09      -23.025851       -23.025851       -4132.499                                                   -4132.499
              2      -2089.3338        0.293838   2.2009896e-09      -23.025851       -23.025851      -4132.6158                                                  -4132.6158
              4      -2089.1944      0.35335755   1.6776004e-09      -23.025851       -23.025851      -4132.3371                                                  -4132.3371
              3         -2089.1      0.28024081   1.8880679e-09      -23.025851       -23.025851      -4132.1483                                                  -4132.1483
              2      -2088.9481      0.28741412   2.5489434e-09      -23.025851       -23.025851      -4131.8445                                                  -4131.8445
              1      -2089.0359      0.29495782   2.3911883e-09      -23.025851       -23.025851        -4132.02                                                    -4132.02
              2      -2088.9827      0.26599287   2.0566181e-09      -23.025851       -23.025851      -4131.9137                                                  -4131.9137
              1      -2089.1007      0.27863701   1.9152787e-09      -23.025851       -23.025851      -4132.1496                                                  -4132.1496
              1      -2089.2312      0.30326254   2.1726029e-09      -23.025851       -23.025851      -4132.4107                                                  -4132.4107
              2      -2089.2553      0.30732316   2.1086086e-09      -23.025851       -23.025851      -4132.4588                                                  -4132.4588
              1      -2089.3975      0.31548419   1.9115412e-09      -23.025851       -23.025851      -4132.7432                                                  -4132.7432
              2      -2088.4272      0.35210313   1.8819613e-09      -23.025851       -23.025851      -4130.8026                                                  -4130.8026
              4      -2088.3117      0.35146033   1.9102219e-09      -23.025851       -23.025851      -4130.5718                                                  -4130.5718
              2      -2088.3415      0.34667934   1.9529494e-09      -23.025851       -23.025851      -4130.6312                                                  -4130.6312
              1      -2086.9348      0.35456331   2.0818074e-09      -23.025851       -23.025851      -4127.8178                                                  -4127.8178
              2      -2089.3226      0.32221254   1.9048298e-09      -23.025851       -23.025851      -4132.5935                                                  -4132.5935
              1      -2089.2483      0.32727333   1.8950965e-09      -23.025851       -23.025851      -4132.4449                                                  -4132.4449
              1      -2088.5888      0.31450367   2.2746879e-09      -23.025851       -23.025851      -4131.1259                                                  -4131.1259
              1      -2088.2086      0.31506682   2.3611721e-09      -23.025851       -23.025851      -4130.3655                                                  -4130.3655
              4      -2088.4815      0.30681402   2.4122341e-09      -23.025851       -23.025851      -4130.9114                                                  -4130.9114
              2      -2089.2962      0.26720582   2.5256117e-09      -23.025851       -23.025851      -4132.5407                                                  -4132.5407
              2      -2089.4333      0.30440059   1.8730111e-09      -23.025851       -23.025851      -4132.8149                                                  -4132.8149
              3      -2089.4835      0.32201344   1.7011027e-09      -23.025851       -23.025851      -4132.9152                                                  -4132.9152
              2      -2089.4549      0.31971941   1.6434265e-09      -23.025851       -23.025851      -4132.8582                                                  -4132.8582
              3      -2089.2688      0.28248159   2.4120379e-09      -23.025851       -23.025851      -4132.4858                                                  -4132.4858
              2      -2089.3694      0.28567658   2.2053484e-09      -23.025851       -23.025851       -4132.687                                                   -4132.687
              1      -2089.3817      0.28815936   2.1470523e-09      -23.025851       -23.025851      -4132.7117                                                  -4132.7117
              3       -2089.443      0.30703663    1.860082e-09      -23.025851       -23.025851      -4132.8343                                                  -4132.8343
              2      -2089.0529      0.29383702   2.3991676e-09      -23.025851       -23.025851       -4132.054                                                   -4132.054
              1      -2089.0915      0.29527733   2.3586496e-09      -23.025851       -23.025851      -4132.1314                                                  -4132.1314
              2      -2089.3658      0.29786506    1.846784e-09      -23.025851       -23.025851      -4132.6798                                                  -4132.6798
              1      -2089.3623      0.29725055    1.851691e-09      -23.025851       -23.025851      -4132.6729                                                  -4132.6729
              4      -2089.1588      0.29341734   1.7282122e-09      -23.025851       -23.025851      -4132.2658                                                  -4132.2658
              5      -2089.1551      0.29042497   2.3914042e-09      -23.025851       -23.025851      -4132.2586                                                  -4132.2586
              3      -2089.3914      0.29265629   2.1090525e-09      -23.025851       -23.025851      -4132.7311                                                  -4132.7311
              1      -2089.2529      0.28784031   1.8869819e-09      -23.025851       -23.025851      -4132.4541                                                  -4132.4541
              1      -2089.2033      0.28679145   1.8606238e-09      -23.025851       -23.025851      -4132.3549                                                  -4132.3549
              8      -2089.2954      0.29837871   1.7618033e-09      -23.025851       -23.025851       -4132.539                                                   -4132.539
              1      -2089.4022      0.30925528   1.9625836e-09      -23.025851       -23.025851      -4132.7527                                                  -4132.7527
              2      -2089.4294      0.31411292   1.8844233e-09      -23.025851       -23.025851      -4132.8072                                                  -4132.8072
              2      -2089.1699      0.30640661   2.1689986e-09      -23.025851       -23.025851      -4132.2881                                                  -4132.2881
              2      -2089.2468      0.30821772   2.1033161e-09      -23.025851       -23.025851      -4132.4418                                                  -4132.4418
              1      -2089.4606      0.31381289   1.7677611e-09      -23.025851       -23.025851      -4132.8695                                                  -4132.8695
              4      -2089.4755      0.32986843   1.7037897e-09      -23.025851       -23.025851      -4132.8993                                                  -4132.8993
              1      -2089.1979      0.27205268   2.1221927e-09      -23.025851       -23.025851      -4132.3441                                                  -4132.3441
              7      -2089.3547      0.31854817   1.9192378e-09      -23.025851       -23.025851      -4132.6576                                                  -4132.6576
              2      -2089.4286      0.31552566   1.8748924e-09      -23.025851       -23.025851      -4132.8054                                                  -4132.8054
              1      -2089.4298      0.31926515    1.843085e-09      -23.025851       -23.025851      -4132.8078                                                  -4132.8078
              2      -2089.4809      0.33989532   1.6287988e-09      -23.025851       -23.025851        -4132.91                                                    -4132.91
              2      -2089.4613      0.31616256    1.716762e-09      -23.025851       -23.025851      -4132.8709                                                  -4132.8709
             13      -2089.4411      0.31504536   1.6890072e-09      -23.025851       -23.025851      -4132.8305                                                  -4132.8305
              2      -2089.4557      0.31489361   1.7233927e-09      -23.025851       -23.025851      -4132.8598                                                  -4132.8598
              5       -2089.373      0.30994775   1.9890726e-09      -23.025851       -23.025851      -4132.6942                                                  -4132.6942
              2      -2088.0286      0.31900233   2.3450219e-09      -23.025851       -23.025851      -4130.0055                                                  -4130.0055
              9      -2086.9883      0.33988536   2.2437349e-09      -23.025851       -23.025851      -4127.9249                                                  -4127.9249
              1      -2088.1618      0.32144208   2.2844543e-09      -23.025851       -23.025851       -4130.272                                                   -4130.272
              1      -2088.9052      0.29899268   2.3893913e-09      -23.025851       -23.025851      -4131.7587                                                  -4131.7587
              5       -2089.432      0.30361391   1.9302686e-09      -23.025851       -23.025851      -4132.8123                                                  -4132.8123
              1      -2089.3088      0.31001408   2.0406918e-09      -23.025851       -23.025851       -4132.566                                                   -4132.566
              2      -2089.3221      0.30407764   2.0972505e-09      -23.025851       -23.025851      -4132.5925                                                  -4132.5925
              1      -2089.2841      0.28326287   2.3848737e-09      -23.025851       -23.025851      -4132.5164                                                  -4132.5164
              1      -2089.3128      0.27035225   2.4472485e-09      -23.025851       -23.025851      -4132.5739                                                  -4132.5739
              1      -2089.1755       0.2735578   2.0695063e-09      -23.025851       -23.025851      -4132.2993                                                  -4132.2993
              2      -2088.2435      0.26797881   1.6356402e-09      -23.025851       -23.025851      -4130.4354                                                  -4130.4354
              2      -2089.0991       0.2743579   1.9886554e-09      -23.025851       -23.025851      -4132.1465                                                  -4132.1465
              1      -2089.3672      0.28394957   2.1613011e-09      -23.025851       -23.025851      -4132.6827                                                  -4132.6827
              4       -2089.315      0.27428866   2.2521538e-09      -23.025851       -23.025851      -4132.5784                                                  -4132.5784
              1      -2089.1896      0.29109469   2.3594283e-09      -23.025851       -23.025851      -4132.3274                                                  -4132.3274
              3      -2089.3834      0.28908581   2.1423772e-09      -23.025851       -23.025851      -4132.7151                                                  -4132.7151
              1      -2089.3487      0.31874455   1.9217036e-09      -23.025851       -23.025851      -4132.6457                                                  -4132.6457
              2      -2089.4396      0.31528653   1.6827516e-09      -23.025851       -23.025851      -4132.8275                                                  -4132.8275
              2      -2089.4979      0.32830906   1.6519058e-09      -23.025851       -23.025851      -4132.9441                                                  -4132.9441
              1      -2089.4421      0.31102614   1.8824488e-09      -23.025851       -23.025851      -4132.8324                                                  -4132.8324
              1      -2089.2984      0.29633745    1.795125e-09      -23.025851       -23.025851      -4132.5452                                                  -4132.5452
              2      -2089.2643      0.28986901   1.8639967e-09      -23.025851       -23.025851      -4132.4769                                                  -4132.4769
              2      -2089.2509      0.27368288   2.1510517e-09      -23.025851       -23.025851      -4132.4501                                                  -4132.4501
              3      -2089.2636      0.29254633   2.2847603e-09      -23.025851       -23.025851      -4132.4755                                                  -4132.4755
              3      -2089.2938      0.28144054   2.3959426e-09      -23.025851       -23.025851       -4132.536                                                   -4132.536
              1      -2089.2958      0.28141868   2.3936596e-09      -23.025851       -23.025851      -4132.5399                                                  -4132.5399
              5       -2089.198      0.29415189    2.311692e-09      -23.025851       -23.025851      -4132.3444                                                  -4132.3444
              2      -2089.1554      0.29098078   2.3833119e-09      -23.025851       -23.025851      -4132.2591                                                  -4132.2591
              2       -2089.333      0.27988185   2.1507882e-09      -23.025851       -23.025851      -4132.6142                                                  -4132.6142
              1      -2089.1614      0.27258795   2.0749319e-09      -23.025851       -23.025851       -4132.271                                                   -4132.271
              2      -2089.3066      0.29546262   1.8165231e-09      -23.025851       -23.025851      -4132.5614                                                  -4132.5614
              2      -2089.3802      0.29329837   1.9555989e-09      -23.025851       -23.025851      -4132.7086                                                  -4132.7086
              1       -2089.166      0.29215552   2.3599317e-09      -23.025851       -23.025851      -4132.2804                                                  -4132.2804
              6      -2088.1446       0.3040067    2.540259e-09      -23.025851       -23.025851      -4130.2375                                                  -4130.2375
              1      -2088.2977      0.30266582   2.5237298e-09      -23.025851       -23.025851      -4130.5437                                                  -4130.5437
              5      -2087.8706      0.32999812   2.2306184e-09      -23.025851       -23.025851      -4129.6895                                                  -4129.6895
              1      -2087.9133       0.3331719   2.1837127e-09      -23.025851       -23.025851      -4129.7749                                                  -4129.7749
              2      -2087.0857      0.34097988   2.2173219e-09      -23.025851       -23.025851      -4128.1197                                                  -4128.1197
              2      -2086.8581      0.33522258   2.3199093e-09      -23.025851       -23.025851      -4127.6645                                                  -4127.6645
              1      -2084.5201      0.33899312    2.527652e-09      -23.025851       -23.025851      -4122.9885                                                  -4122.9885
              2      -2087.6787      0.33568432   2.1932311e-09      -23.025851       -23.025851      -4129.3056                                                  -4129.3056
              1      -2089.1154      0.34600203   1.7688102e-09      -23.025851       -23.025851       -4132.179                                                   -4132.179
              9      -2088.7359      0.36367803   1.7137344e-09      -23.025851       -23.025851      -4131.4201                                                  -4131.4201
              1      -2088.8844      0.35739835   1.7335018e-09      -23.025851       -23.025851      -4131.7172                                                  -4131.7172
              6      -2089.1908      0.36001517   1.6246854e-09      -23.025851       -23.025851      -4132.3298                                                  -4132.3298
              4      -2089.1003      0.32910763   1.9394895e-09      -23.025851       -23.025851      -4132.1489                                                  -4132.1489
              4      -2089.0151      0.32990198   1.9615859e-09      -23.025851       -23.025851      -4131.9784                                                  -4131.9784
              1      -2089.3128      0.29760281   2.1794839e-09      -23.025851       -23.025851       -4132.574                                                   -4132.574
              1      -2089.1644      0.27076896   2.1139362e-09      -23.025851       -23.025851      -4132.2771                                                  -4132.2771
              2      -2089.1344      0.29903292   1.6372487e-09      -23.025851       -23.025851      -4132.2171                                                  -4132.2171
              1      -2089.2676      0.29279558   1.8208801e-09      -23.025851       -23.025851      -4132.4836                                                  -4132.4836
              2      -2089.3655      0.28882893   2.0180119e-09      -23.025851       -23.025851      -4132.6793                                                  -4132.6793
              2      -2089.4426      0.30760067   1.8346056e-09      -23.025851       -23.025851      -4132.8336                                                  -4132.8336
              2      -2088.7799      0.29254163   2.5366784e-09      -23.025851       -23.025851      -4131.5081                                                  -4131.5081
              1      -2089.0705      0.31366589   2.1261151e-09      -23.025851       -23.025851      -4132.0893                                                  -4132.0893
              3       -2088.371      0.32928569   2.1405735e-09      -23.025851       -23.025851      -4130.6903                                                  -4130.6903
              2      -2089.3394      0.30441151   2.0783228e-09      -23.025851       -23.025851       -4132.627                                                   -4132.627
              2      -2089.2809      0.29088749   1.8638777e-09      -23.025851       -23.025851      -4132.5101                                                  -4132.5101
              2      -2089.4405      0.34776896   1.6063953e-09      -23.025851       -23.025851      -4132.8293                                                  -4132.8293
              1      -2089.2999      0.27385177    2.474191e-09      -23.025851       -23.025851       -4132.548                                                   -4132.548
              3       -2089.311      0.26945278   2.4332407e-09      -23.025851       -23.025851      -4132.5703                                                  -4132.5703
              6       -2089.196       0.2702862   2.1567643e-09      -23.025851       -23.025851      -4132.3402                                                  -4132.3402
              1       -2089.329       0.2894174   1.9439278e-09      -23.025851       -23.025851      -4132.6063                                                  -4132.6063
              1      -2089.1077      0.30933402   2.1630345e-09      -23.025851       -23.025851      -4132.1638                                                  -4132.1638
              2      -2089.0608      0.30860443   2.1934102e-09      -23.025851       -23.025851      -4132.0698                                                  -4132.0698
              1      -2089.3718      0.28787149    2.191281e-09      -23.025851       -23.025851       -4132.692                                                   -4132.692
              1      -2089.4244      0.30374561   1.8516684e-09      -23.025851       -23.025851      -4132.7971                                                  -4132.7971
              2      -2089.2126      0.29383443   1.7603455e-09      -23.025851       -23.025851      -4132.3735                                                  -4132.3735
              1      -2089.2658      0.29593364   1.7719784e-09      -23.025851       -23.025851        -4132.48                                                    -4132.48
              2      -2089.2612      0.29288948   1.8139135e-09      -23.025851       -23.025851      -4132.4707                                                  -4132.4707
              2      -2089.4605      0.31638877    1.809501e-09      -23.025851       -23.025851      -4132.8694                                                  -4132.8694
              1      -2088.4212      0.34052782   2.0018239e-09      -23.025851       -23.025851      -4130.7907                                                  -4130.7907
              4      -2088.9375      0.32824903   2.0051038e-09      -23.025851       -23.025851      -4131.8233                                                  -4131.8233
              1      -2089.1939      0.31130854   2.0968699e-09      -23.025851       -23.025851      -4132.3362                                                  -4132.3362
              6      -2089.4184      0.31181018   1.9195304e-09      -23.025851       -23.025851       -4132.785                                                   -4132.785
              1      -2089.4459      0.31257345   1.8652561e-09      -23.025851       -23.025851      -4132.8401                                                  -4132.8401
              1       -2089.381        0.346764   1.6509792e-09      -23.025851       -23.025851      -4132.7103                                                  -4132.7103
              3      -2088.8411      0.34796936   1.8300626e-09      -23.025851       -23.025851      -4131.6306                                                  -4131.6306
              1      -2088.7532      0.34201117   1.9108175e-09      -23.025851       -23.025851      -4131.4547                                                  -4131.4547
              2      -2089.3938      0.30862126   1.7152232e-09      -23.025851       -23.025851      -4132.7359                                                  -4132.7359
              2      -2089.4427      0.31026057   1.8843765e-09      -23.025851       -23.025851      -4132.8336                                                  -4132.8336
              2      -2089.3665       0.2854794   2.1041636e-09      -23.025851       -23.025851      -4132.6814                                                  -4132.6814
              4      -2089.3265      0.28086995   2.1130578e-09      -23.025851       -23.025851      -4132.6013                                                  -4132.6013
              1      -2089.4315      0.30323318   1.9274617e-09      -23.025851       -23.025851      -4132.8113                                                  -4132.8113
              2      -2088.0629      0.35231479   1.9454721e-09      -23.025851       -23.025851       -4130.074                                                   -4130.074
              1      -2087.4445      0.34809302   2.0852876e-09      -23.025851       -23.025851      -4128.8373                                                  -4128.8373
              1      -2088.5247      0.32675012   2.1358102e-09      -23.025851       -23.025851      -4130.9978                                                  -4130.9978
              1      -2088.3316      0.30053996   2.5483541e-09      -23.025851       -23.025851      -4130.6116                                                  -4130.6116
              1      -2089.3134      0.27085323   2.4488649e-09      -23.025851       -23.025851      -4132.5751                                                  -4132.5751
              1      -2089.2318      0.27178813   2.1670326e-09      -23.025851       -23.025851      -4132.4119                                                  -4132.4119
              1      -2089.2664      0.33107709    1.848592e-09      -23.025851       -23.025851       -4132.481                                                   -4132.481
              3      -2089.1012       0.3161586   2.0832847e-09      -23.025851       -23.025851      -4132.1508                                                  -4132.1508
              1      -2088.8373      0.33419574   1.9702814e-09      -23.025851       -23.025851      -4131.6228                                                  -4131.6228
              2      -2089.2598      0.28455531   1.9498832e-09      -23.025851       -23.025851      -4132.4679                                                  -4132.4679
              5      -2089.2062      0.28042541   1.9707247e-09      -23.025851       -23.025851      -4132.3607                                                  -4132.3607
              5      -2089.3763      0.30143259   2.0698146e-09      -23.025851       -23.025851      -4132.7008                                                  -4132.7008
              1      -2088.7912      0.26541235    1.943113e-09      -23.025851       -23.025851      -4131.5307                                                  -4131.5307
              1      -2088.7955      0.26663201   1.9241376e-09      -23.025851       -23.025851      -4131.5392                                                  -4131.5392
              1      -2089.1522      0.30051063   1.6291379e-09      -23.025851       -23.025851      -4132.2528                                                  -4132.2528
              5      -2089.4357      0.31141113   1.8941491e-09      -23.025851       -23.025851      -4132.8197                                                  -4132.8197
              3      -2089.4287       0.3112458   1.9078734e-09      -23.025851       -23.025851      -4132.8056                                                  -4132.8056
              2      -2089.3309      0.30047858   2.1295054e-09      -23.025851       -23.025851      -4132.6102                                                  -4132.6102
              4      -2089.2505      0.27614475   2.0988084e-09      -23.025851       -23.025851      -4132.4492                                                  -4132.4492
              1      -2088.7768      0.26552455   1.9326948e-09      -23.025851       -23.025851      -4131.5019                                                  -4131.5019
              7      -2088.8555      0.26911993   1.9163904e-09      -23.025851       -23.025851      -4131.6593                                                  -4131.6593
              1      -2088.8622      0.28714892   1.6464755e-09      -23.025851       -23.025851      -4131.6728                                                  -4131.6728
              5      -2088.7758      0.26595056   1.9246563e-09      -23.025851       -23.025851      -4131.4998                                                  -4131.4998
              5      -2089.1811      0.29639344   1.7018764e-09      -23.025851       -23.025851      -4132.3104                                                  -4132.3104
              1      -2089.3803      0.31280704   1.6421364e-09      -23.025851       -23.025851       -4132.709                                                   -4132.709
              2      -2089.1972        0.301358   2.2174078e-09      -23.025851       -23.025851      -4132.3427                                                  -4132.3427
              1      -2089.0607      0.29486051   2.3802932e-09      -23.025851       -23.025851      -4132.0697                                                  -4132.0697
              4      -2087.9335      0.31015028   2.4923295e-09      -23.025851       -23.025851      -4129.8152                                                  -4129.8152
              1      -2089.2886      0.30238846   2.1435222e-09      -23.025851       -23.025851      -4132.5255                                                  -4132.5255
              3      -2089.0467      0.33152589   1.9335037e-09      -23.025851       -23.025851      -4132.0416                                                  -4132.0416
              1      -2089.0902      0.31202209   2.1377134e-09      -23.025851       -23.025851      -4132.1287                                                  -4132.1287
              1      -2089.4187      0.29890782   1.9780493e-09      -23.025851       -23.025851      -4132.7856                                                  -4132.7856
              3      -2089.2993      0.28392488   2.0070645e-09      -23.025851       -23.025851       -4132.547                                                   -4132.547
              5      -2088.8287      0.28018477   1.7266249e-09      -23.025851       -23.025851      -4131.6058                                                  -4131.6058
              1      -2089.3898      0.30223778   1.8087509e-09      -23.025851       -23.025851      -4132.7279                                                  -4132.7279
              1       -2089.344      0.28322768   2.0956317e-09      -23.025851       -23.025851      -4132.6363                                                  -4132.6363
              2      -2088.8942      0.27739646   1.8036799e-09      -23.025851       -23.025851      -4131.7366                                                  -4131.7366
              5      -2089.2238      0.27154825   2.1623151e-09      -23.025851       -23.025851      -4132.3959                                                  -4132.3959
              1      -2089.0398      0.27362807   1.9575579e-09      -23.025851       -23.025851      -4132.0278                                                  -4132.0278
              1      -2089.3842      0.33421191   1.7534698e-09      -23.025851       -23.025851      -4132.7166                                                  -4132.7166
              1      -2088.7988      0.32803681   2.0492247e-09      -23.025851       -23.025851       -4131.546                                                   -4131.546
              4      -2089.4857      0.32396939   1.7075002e-09      -23.025851       -23.025851      -4132.9197                                                  -4132.9197
              1      -2089.4938      0.33327113   1.6526693e-09      -23.025851       -23.025851      -4132.9359                                                  -4132.9359
              1      -2088.7781      0.33494453   1.9783745e-09      -23.025851       -23.025851      -4131.5046                                                  -4131.5046
              1        -2088.49      0.31124287   2.3463666e-09      -23.025851       -23.025851      -4130.9284                                                  -4130.9284
              1      -2088.6268      0.30905617   2.3390899e-09      -23.025851       -23.025851      -4131.2019                                                  -4131.2019
              1      -2088.6435      0.30486365   2.3941707e-09      -23.025851       -23.025851      -4131.2352                                                  -4131.2352
              2      -2089.3556      0.28327766   2.2634421e-09      -23.025851       -23.025851      -4132.6596                                                  -4132.6596
              1      -2089.3247      0.27311941   2.3339103e-09      -23.025851       -23.025851      -4132.5976                                                  -4132.5976
              1      -2089.2102      0.27247628   2.1269218e-09      -23.025851       -23.025851      -4132.3686                                                  -4132.3686
              1      -2089.3742      0.32989469    1.798323e-09      -23.025851       -23.025851      -4132.6967                                                  -4132.6967
              4      -2089.4105      0.29630579   2.0150174e-09      -23.025851       -23.025851      -4132.7693                                                  -4132.7693
              4      -2088.6975      0.30270254   2.4089139e-09      -23.025851       -23.025851      -4131.3433                                                  -4131.3433
              3      -2088.9804      0.35694225    1.712573e-09      -23.025851       -23.025851      -4131.9091                                                  -4131.9091
              1      -2089.4483      0.31936828   1.6371857e-09      -23.025851       -23.025851       -4132.845                                                   -4132.845
              2      -2089.3611      0.30193623   1.7754319e-09      -23.025851       -23.025851      -4132.6704                                                  -4132.6704
              1      -2089.4668      0.31797201   1.7851005e-09      -23.025851       -23.025851      -4132.8819                                                  -4132.8819
              2      -2089.2154      0.28837948   2.3786856e-09      -23.025851       -23.025851      -4132.3791                                                  -4132.3791
              3      -2089.2621      0.28647072    2.365594e-09      -23.025851       -23.025851      -4132.4724                                                  -4132.4724
              7      -2089.2557      0.27922749   2.4699723e-09      -23.025851       -23.025851      -4132.4597                                                  -4132.4597
              5      -2089.2733      0.26774076   2.5923321e-09      -23.025851       -23.025851      -4132.4949                                                  -4132.4949
              5      -2089.2526      0.27027671   2.5966995e-09      -23.025851       -23.025851      -4132.4534                                                  -4132.4534
              3      -2089.1821      0.26647638   2.2238169e-09      -23.025851       -23.025851      -4132.3125                                                  -4132.3125
              2      -2089.4067      0.30484974   1.7924543e-09      -23.025851       -23.025851      -4132.7617                                                  -4132.7617
              1      -2089.4529      0.31146783   1.7858189e-09      -23.025851       -23.025851      -4132.8541                                                  -4132.8541
              1      -2089.2156      0.28767769   2.3883849e-09      -23.025851       -23.025851      -4132.3794                                                  -4132.3794
              4       -2089.198      0.29187788   2.3428606e-09      -23.025851       -23.025851      -4132.3443                                                  -4132.3443
              3      -2089.2425      0.32549849   1.9159356e-09      -23.025851       -23.025851      -4132.4333                                                  -4132.4333
              1      -2089.1813      0.34635436   1.7425873e-09      -23.025851       -23.025851      -4132.3109                                                  -4132.3109
              6      -2089.1849      0.34621983   1.7424814e-09      -23.025851       -23.025851      -4132.3181                                                  -4132.3181
              2      -2089.3301      0.32736421   1.8499307e-09      -23.025851       -23.025851      -4132.6085                                                  -4132.6085
              5      -2089.4732      0.32075139   1.7579856e-09      -23.025851       -23.025851      -4132.8947                                                  -4132.8947
              6      -2089.2958      0.26633602   2.4598745e-09      -23.025851       -23.025851      -4132.5398                                                  -4132.5398
              1      -2089.0676      0.32124688   2.0380828e-09      -23.025851       -23.025851      -4132.0834                                                  -4132.0834
              3      -2089.0147      0.27495562   1.9172228e-09      -23.025851       -23.025851      -4131.9778                                                  -4131.9778
              4       -2088.621      0.27067007   1.7651883e-09      -23.025851       -23.025851      -4131.1902                                                  -4131.1902
              5      -2089.3089      0.29355071    2.231036e-09      -23.025851       -23.025851      -4132.5661                                                  -4132.5661
              1      -2089.2496      0.27337834   2.1558658e-09      -23.025851       -23.025851      -4132.4476                                                  -4132.4476
              3      -2089.2908      0.28377724   1.9989621e-09      -23.025851       -23.025851      -4132.5299                                                  -4132.5299
              4      -2089.2975      0.28305783   2.0212866e-09      -23.025851       -23.025851      -4132.5433                                                  -4132.5433
              4      -2089.3857      0.28902361   2.1264112e-09      -23.025851       -23.025851      -4132.7196                                                  -4132.7196
              5      -2089.2957      0.26859975     2.36704e-09      -23.025851       -23.025851      -4132.5397                                                  -4132.5397
              1      -2089.3041      0.27017843   2.3431312e-09      -23.025851       -23.025851      -4132.5564                                                  -4132.5564
              1      -2089.2891      0.26852654   2.3482781e-09      -23.025851       -23.025851      -4132.5264                                                  -4132.5264
              2      -2088.9434      0.28211087    1.760061e-09      -23.025851       -23.025851      -4131.8351                                                  -4131.8351
              1      -2089.3006      0.33998835   1.7492657e-09      -23.025851       -23.025851      -4132.5496                                                  -4132.5496
              5      -2089.3196      0.34294547   1.7144854e-09      -23.025851       -23.025851      -4132.5875                                                  -4132.5875
              1      -2089.2527      0.35216536    1.665865e-09      -23.025851       -23.025851      -4132.4537                                                  -4132.4537
              1      -2089.4179      0.32862375    1.776225e-09      -23.025851       -23.025851      -4132.7841                                                  -4132.7841
              1      -2089.4406      0.32880982   1.7536906e-09      -23.025851       -23.025851      -4132.8295                                                  -4132.8295
              1      -2089.3134      0.30750696   2.0660634e-09      -23.025851       -23.025851       -4132.575                                                   -4132.575
              1      -2089.3806      0.30308168   2.0476986e-09      -23.025851       -23.025851      -4132.7095                                                  -4132.7095
              3       -2089.218      0.35252079   1.6761089e-09      -23.025851       -23.025851      -4132.3843                                                  -4132.3843
              1      -2089.5005      0.33524052   1.6293838e-09      -23.025851       -23.025851      -4132.9494                                                  -4132.9494
              1      -2089.1336      0.32651731   1.9538704e-09      -23.025851       -23.025851      -4132.2154                                                  -4132.2154
              1      -2089.3575      0.28607431   2.0617114e-09      -23.025851       -23.025851      -4132.6633                                                  -4132.6633
              2      -2087.9492       0.3312654   2.2004877e-09      -23.025851       -23.025851      -4129.8467                                                  -4129.8467
              4      -2088.0317       0.3460476   2.0159993e-09      -23.025851       -23.025851      -4130.0118                                                  -4130.0118
              1      -2089.0384       0.3229887   2.0295113e-09      -23.025851       -23.025851      -4132.0251                                                  -4132.0251
              3      -2089.1766      0.32729602    1.927743e-09      -23.025851       -23.025851      -4132.3016                                                  -4132.3016
              1      -2089.3085      0.30161338   2.1366369e-09      -23.025851       -23.025851      -4132.5654                                                  -4132.5654
              3      -2089.3968      0.29883068   2.0600075e-09      -23.025851       -23.025851      -4132.7419                                                  -4132.7419
              1      -2087.9962      0.32440283   2.2789886e-09      -23.025851       -23.025851      -4129.9406                                                  -4129.9406
              2      -2088.1886      0.30694971   2.4842926e-09      -23.025851       -23.025851      -4130.3255                                                  -4130.3255
              1      -2088.2504      0.30797263   2.4541311e-09      -23.025851       -23.025851      -4130.4492                                                  -4130.4492
              1      -2088.0345      0.31057984   2.4644914e-09      -23.025851       -23.025851      -4130.0172                                                  -4130.0172
              1      -2088.0439      0.30625077   2.5283401e-09      -23.025851       -23.025851      -4130.0361                                                  -4130.0361
              3      -2089.1817       0.2980654   1.6796822e-09      -23.025851       -23.025851      -4132.3117                                                  -4132.3117
              1      -2088.7483      0.36068295   1.7367115e-09      -23.025851       -23.025851      -4131.4449                                                  -4131.4449
              4      -2088.7389      0.35697526   1.7714546e-09      -23.025851       -23.025851      -4131.4261                                                  -4131.4261
              1       -2088.922      0.35314706   1.7614605e-09      -23.025851       -23.025851      -4131.7924                                                  -4131.7924
              4      -2089.0658      0.35836342    1.676832e-09      -23.025851       -23.025851      -4132.0798                                                  -4132.0798
              2      -2089.0778      0.36102015   1.6515505e-09      -23.025851       -23.025851      -4132.1038                                                  -4132.1038
              1      -2089.2781      0.32843126   1.8685163e-09      -23.025851       -23.025851      -4132.5046                                                  -4132.5046
             11      -2089.5024      0.33100123   1.6370429e-09      -23.025851       -23.025851      -4132.9531                                                  -4132.9531
              1      -2088.9759      0.32288026   2.0529486e-09      -23.025851       -23.025851      -4131.9001                                                  -4131.9001
              2      -2089.2845      0.31348347   2.0201836e-09      -23.025851       -23.025851      -4132.5173                                                  -4132.5173
              2      -2089.4071      0.30714153   1.7559771e-09      -23.025851       -23.025851      -4132.7626                                                  -4132.7626
              3      -2089.1323      0.34936991   1.7331304e-09      -23.025851       -23.025851      -4132.2128                                                  -4132.2128
              4      -2089.2997      0.28336453   2.3648428e-09      -23.025851       -23.025851      -4132.5477                                                  -4132.5477
              1      -2089.1574      0.29437245   1.7139788e-09      -23.025851       -23.025851      -4132.2631                                                  -4132.2631
              6      -2089.4144      0.29818965   2.0092559e-09      -23.025851       -23.025851      -4132.7771                                                  -4132.7771
              4       -2089.417      0.29877981   1.9953456e-09      -23.025851       -23.025851      -4132.7824                                                  -4132.7824
              1      -2089.4164      0.29863842   1.9987725e-09      -23.025851       -23.025851       -4132.781                                                   -4132.781
              1      -2089.2929      0.28324323    2.011526e-09      -23.025851       -23.025851       -4132.534                                                   -4132.534
              2      -2089.2904      0.28313676   2.0105219e-09      -23.025851       -23.025851      -4132.5291                                                  -4132.5291
              1       -2089.439      0.30743856   1.8216546e-09      -23.025851       -23.025851      -4132.8262                                                  -4132.8262
              3      -2089.3342      0.31279653   1.9929614e-09      -23.025851       -23.025851      -4132.6167                                                  -4132.6167
              2      -2089.4071      0.29870388   1.9086928e-09      -23.025851       -23.025851      -4132.7625                                                  -4132.7625
              3      -2089.3345      0.29709043   1.8204957e-09      -23.025851       -23.025851      -4132.6174                                                  -4132.6174
              2      -2089.2537      0.27324874   2.1640822e-09      -23.025851       -23.025851      -4132.4557                                                  -4132.4557
              2      -2089.2362      0.28054864     1.99761e-09      -23.025851       -23.025851      -4132.4207                                                  -4132.4207
              1      -2089.3434      0.31482011   1.9651836e-09      -23.025851       -23.025851      -4132.6352                                                  -4132.6352
              3      -2089.4607      0.32304493   1.6059237e-09      -23.025851       -23.025851      -4132.8697                                                  -4132.8697
              3      -2089.3315      0.31903242   1.9309084e-09      -23.025851       -23.025851      -4132.6113                                                  -4132.6113
              3      -2089.4351      0.33340898   1.7214962e-09      -23.025851       -23.025851      -4132.8184                                                  -4132.8184
              1      -2089.4124       0.3077931   1.9614382e-09      -23.025851       -23.025851      -4132.7731                                                  -4132.7731
              3       -2089.359       0.2982411   1.8314211e-09      -23.025851       -23.025851      -4132.6664                                                  -4132.6664
              1       -2089.373      0.30011569   2.0866294e-09      -23.025851       -23.025851      -4132.6942                                                  -4132.6942
              2       -2089.091      0.30756751   2.1931407e-09      -23.025851       -23.025851      -4132.1304                                                  -4132.1304
              1       -2089.395      0.31305501   1.9366813e-09      -23.025851       -23.025851      -4132.7383                                                  -4132.7383
              1      -2088.6806      0.35603829   1.7927949e-09      -23.025851       -23.025851      -4131.3096                                                  -4131.3096
              4      -2089.3936       0.2991863   2.0632348e-09      -23.025851       -23.025851      -4132.7355                                                  -4132.7355
              1      -2089.2672      0.28318475    1.982432e-09      -23.025851       -23.025851      -4132.4828                                                  -4132.4828
              3      -2089.2688      0.28355292   1.9773801e-09      -23.025851       -23.025851      -4132.4858                                                  -4132.4858
              3      -2089.2909      0.28162679   2.0405649e-09      -23.025851       -23.025851      -4132.5302                                                  -4132.5302
              1      -2089.3532      0.31293532   1.6150478e-09      -23.025851       -23.025851      -4132.6547                                                  -4132.6547
              2      -2089.3472      0.31225266   1.6184672e-09      -23.025851       -23.025851      -4132.6427                                                  -4132.6427
              3      -2089.3306      0.31133754   1.6160204e-09      -23.025851       -23.025851      -4132.6095                                                  -4132.6095
              1      -2089.4091      0.32896368   1.7806818e-09      -23.025851       -23.025851      -4132.7666                                                  -4132.7666
              3      -2088.6615      0.26926914    1.807554e-09      -23.025851       -23.025851      -4131.2712                                                  -4131.2712
              1      -2089.4206      0.30670076   1.7865322e-09      -23.025851       -23.025851      -4132.7896                                                  -4132.7896
              1      -2089.4156      0.30616188   1.7862296e-09      -23.025851       -23.025851      -4132.7794                                                  -4132.7794
              1      -2089.4147      0.30665073   1.7765038e-09      -23.025851       -23.025851      -4132.7777                                                  -4132.7777
              3      -2089.4734      0.31868611   1.7554618e-09      -23.025851       -23.025851      -4132.8952                                                  -4132.8952
              2      -2089.4449      0.33919331   1.6680939e-09      -23.025851       -23.025851      -4132.8381                                                  -4132.8381
              1      -2089.2457      0.35050478   1.6824344e-09      -23.025851       -23.025851      -4132.4396                                                  -4132.4396
              2      -2088.9979      0.36093365   1.6743858e-09      -23.025851       -23.025851       -4131.944                                                   -4131.944
              3      -2089.4479      0.32712839    1.758981e-09      -23.025851       -23.025851       -4132.844                                                   -4132.844
              2      -2089.1443      0.26709944   2.1698096e-09      -23.025851       -23.025851       -4132.237                                                   -4132.237
              1      -2089.3027      0.30698828   1.6490996e-09      -23.025851       -23.025851      -4132.5537                                                  -4132.5537
              2      -2089.4377      0.31370257   1.7036688e-09      -23.025851       -23.025851      -4132.8237                                                  -4132.8237
              4      -2089.5041      0.33054171   1.6180899e-09      -23.025851       -23.025851      -4132.9564                                                  -4132.9564
              1      -2089.4719       0.3238709   1.7463588e-09      -23.025851       -23.025851      -4132.8922                                                  -4132.8922
              1      -2089.1182      0.29216886   1.7193342e-09      -23.025851       -23.025851      -4132.1847                                                  -4132.1847
              2      -2089.3372       0.3004802   1.7712329e-09      -23.025851       -23.025851      -4132.6228                                                  -4132.6228
              2      -2089.1889      0.33860122   1.8106314e-09      -23.025851       -23.025851      -4132.3262                                                  -4132.3262
              3       -2089.305      0.32030446   1.9349821e-09      -23.025851       -23.025851      -4132.5582                                                  -4132.5582
              2      -2089.3292      0.27423896   2.3138352e-09      -23.025851       -23.025851      -4132.6066                                                  -4132.6066
              1      -2089.3106      0.28618688   1.9789792e-09      -23.025851       -23.025851      -4132.5695                                                  -4132.5695
              2      -2089.2223      0.28342266   1.9330968e-09      -23.025851       -23.025851      -4132.3929                                                  -4132.3929
              2      -2088.7847      0.27477501   1.7846481e-09      -23.025851       -23.025851      -4131.5178                                                  -4131.5178
              1      -2088.7952      0.27436238   1.7965561e-09      -23.025851       -23.025851      -4131.5386                                                  -4131.5386
              5      -2088.6117      0.26764453   1.8082516e-09      -23.025851       -23.025851      -4131.1717                                                  -4131.1717
              7      -2088.6626      0.26782151   1.8313053e-09      -23.025851       -23.025851      -4131.2735                                                  -4131.2735
              1      -2089.3503      0.32040361   1.9041879e-09      -23.025851       -23.025851      -4132.6489                                                  -4132.6489
              3      -2089.3378      0.33927917   1.7369029e-09      -23.025851       -23.025851      -4132.6239                                                  -4132.6239
              1      -2089.2853      0.32805776   1.8684711e-09      -23.025851       -23.025851      -4132.5189                                                  -4132.5189
              1      -2089.3371      0.31731368    1.944422e-09      -23.025851       -23.025851      -4132.6225                                                  -4132.6225
              4      -2089.4567      0.31486358    1.826268e-09      -23.025851       -23.025851      -4132.8617                                                  -4132.8617
              1       -2089.233      0.28062505   1.9930104e-09      -23.025851       -23.025851      -4132.4144                                                  -4132.4144
              5      -2089.4846      0.32239157    1.698227e-09      -23.025851       -23.025851      -4132.9174                                                  -4132.9174
              2      -2088.6369      0.34507092   1.9075894e-09      -23.025851       -23.025851      -4131.2221                                                  -4131.2221
              2      -2088.6187      0.34656612   1.8967002e-09      -23.025851       -23.025851      -4131.1857                                                  -4131.1857
              2      -2087.6504      0.34045383   2.1410842e-09      -23.025851       -23.025851      -4129.2492                                                  -4129.2492
