#        weight    minuslogpost         Omega_m             A_s   minuslogprior minuslogprior__0            chi2 chi2__functions_and_classes.SO_x_DESI_Likelihood_w_emulator
              1      -2088.8708      0.31845544   2.1408094e-09      -23.025851       -23.025851      -4131.6899                                                  -4131.6899
              1      -2088.8939      0.31567118   2.1676763e-09      -23.025851       -23.025851       -4131.736                                                   -4131.736
              1      -2088.8662      0.32326202   2.0844728e-09      -23.025851       -23.025851      -4131.6808                                                  -4131.6808
              1      -2088.5424      0.32747354   2.1228954e-09      -23.025851       -23.025851      -4131.0331                                                  -4131.0331
              1      -2089.1908      0.30768616   2.1419132e-09      -23.025851       -23.025851        -4132.33                                                    -4132.33
              1      -2089.3059      0.30705951   2.0767127e-09      -23.025851       -23.025851      -4132.5601                                                  -4132.5601
              1      -2089.3835      0.29830157   2.0883192e-09      -23.025851       -23.025851      -4132.7154                                                  -4132.7154
              2      -2089.4046      0.29776404   2.0477588e-09      -23.025851       -23.025851      -4132.7575                                                  -4132.7575
              1      -2089.4084       0.2985189    2.033461e-09      -23.025851       -23.025851       -4132.765                                                   -4132.765
              1      -2089.4035      0.29507274   2.0564739e-09      -23.025851       -23.025851      -4132.7553                                                  -4132.7553
              1      -2089.3977      0.29290533   2.0240172e-09      -23.025851       -23.025851      -4132.7436                                                  -4132.7436
              1      -2089.4024      0.29435132   2.0043874e-09      -23.025851       -23.025851      -4132.7531                                                  -4132.7531
              1      -2089.3303       0.3048452   2.0816885e-09      -23.025851       -23.025851      -4132.6089                                                  -4132.6089
              1      -2089.1524      0.30954348   2.1392184e-09      -23.025851       -23.025851      -4132.2532                                                  -4132.2532
              1      -2089.1752      0.30673148   2.1621831e-09      -23.025851       -23.025851      -4132.2987                                                  -4132.2987
              1      -2088.6031      0.31211578   2.3034965e-09      -23.025851       -23.025851      -4131.1546                                                  -4131.1546
              1      -2088.7157       0.3087836   2.3161927e-09      -23.025851       -23.025851      -4131.3796                                                  -4131.3796
              1      -2087.4202      0.32476962     2.37606e-09      -23.025851       -23.025851      -4128.7887                                                  -4128.7887
              1      -2087.3661      0.32409295   2.3941287e-09      -23.025851       -23.025851      -4128.6805                                                  -4128.6805
              2      -2087.2819      0.32853872   2.3469043e-09      -23.025851       -23.025851      -4128.5121                                                  -4128.5121
              1      -2087.1073       0.3249905   2.4219557e-09      -23.025851       -23.025851      -4128.1629                                                  -4128.1629
              1      -2088.2798      0.31345982   2.3674418e-09      -23.025851       -23.025851      -4130.5079                                                  -4130.5079
              1      -2087.9106      0.31135237   2.4789633e-09      -23.025851       -23.025851      -4129.7696                                                  -4129.7696
              2      -2088.0599      0.30947191   2.4754098e-09      -23.025851       -23.025851      -4130.0681                                                  -4130.0681
              1      -2088.0413      0.30940175   2.4806048e-09      -23.025851       -23.025851      -4130.0309                                                  -4130.0309
              1      -2086.5324      0.32272304   2.5366067e-09      -23.025851       -23.025851      -4127.0131                                                  -4127.0131
              1      -2086.4776      0.32188887   2.5564491e-09      -23.025851       -23.025851      -4126.9034                                                  -4126.9034
              2      -2085.8318      0.32424851   2.6030555e-09      -23.025851       -23.025851      -4125.6119                                                  -4125.6119
              1      -2086.4796      0.32247322   2.5474626e-09      -23.025851       -23.025851      -4126.9075                                                  -4126.9075
              1      -2086.0814      0.32691217   2.5332873e-09      -23.025851       -23.025851      -4126.1111                                                  -4126.1111
              2      -2085.9824      0.32841426   2.5235339e-09      -23.025851       -23.025851      -4125.9132                                                  -4125.9132
              1      -2087.4873      0.32162376   2.4086594e-09      -23.025851       -23.025851      -4128.9228                                                  -4128.9228
              1      -2087.3974      0.32346445   2.3977786e-09      -23.025851       -23.025851      -4128.7432                                                  -4128.7432
              2       -2087.391      0.33005478   2.3100033e-09      -23.025851       -23.025851      -4128.7303                                                  -4128.7303
              1      -2088.0929      0.32737304   2.2218707e-09      -23.025851       -23.025851      -4130.1342                                                  -4130.1342
              2      -2087.8867       0.3314522   2.2094584e-09      -23.025851       -23.025851      -4129.7217                                                  -4129.7217
              1      -2088.1584        0.324654   2.2433169e-09      -23.025851       -23.025851       -4130.265                                                   -4130.265
              2      -2088.6612      0.32150996   2.1650641e-09      -23.025851       -23.025851      -4131.2707                                                  -4131.2707
              1      -2089.2599       0.3164657   2.0023554e-09      -23.025851       -23.025851       -4132.468                                                   -4132.468
              1      -2089.2045      0.32018188   1.9908346e-09      -23.025851       -23.025851      -4132.3573                                                  -4132.3573
              1      -2089.3985      0.31370997    1.927125e-09      -23.025851       -23.025851      -4132.7454                                                  -4132.7454
              1      -2089.4068      0.32143397    1.848661e-09      -23.025851       -23.025851      -4132.7618                                                  -4132.7618
              1      -2089.3643      0.31934324   1.9040919e-09      -23.025851       -23.025851      -4132.6769                                                  -4132.6769
              1      -2089.4448      0.31135201   1.8739509e-09      -23.025851       -23.025851      -4132.8379                                                  -4132.8379
              1      -2089.4359      0.30490565   1.8728833e-09      -23.025851       -23.025851      -4132.8201                                                  -4132.8201
              1      -2089.3923      0.30508133   1.7668063e-09      -23.025851       -23.025851       -4132.733                                                   -4132.733
              1       -2089.425      0.31616939    1.874507e-09      -23.025851       -23.025851      -4132.7982                                                  -4132.7982
              2       -2089.421      0.31358386   1.9011257e-09      -23.025851       -23.025851      -4132.7903                                                  -4132.7903
              1      -2089.4117      0.31183005   1.9281965e-09      -23.025851       -23.025851      -4132.7717                                                  -4132.7717
              1      -2089.2222      0.31296065   2.0624946e-09      -23.025851       -23.025851      -4132.3927                                                  -4132.3927
              1      -2089.3699       0.3020034    2.071719e-09      -23.025851       -23.025851      -4132.6881                                                  -4132.6881
              2      -2089.3612      0.30387214   2.0626236e-09      -23.025851       -23.025851      -4132.6707                                                  -4132.6707
              1      -2089.3298      0.30086341   2.1262412e-09      -23.025851       -23.025851      -4132.6079                                                  -4132.6079
              1      -2089.3367      0.30044183   2.1242474e-09      -23.025851       -23.025851      -4132.6217                                                  -4132.6217
              1      -2089.4096      0.30039719   2.0208999e-09      -23.025851       -23.025851      -4132.7675                                                  -4132.7675
              1      -2089.2268      0.31649833   2.0202044e-09      -23.025851       -23.025851      -4132.4018                                                  -4132.4018
              1      -2089.2093       0.3164238   2.0300035e-09      -23.025851       -23.025851      -4132.3669                                                  -4132.3669
              1      -2089.3996      0.30319095   2.0199391e-09      -23.025851       -23.025851      -4132.7475                                                  -4132.7475
              1      -2089.4111      0.29932225   2.0218702e-09      -23.025851       -23.025851      -4132.7706                                                  -4132.7706
              1      -2089.4188      0.29912679   1.9827119e-09      -23.025851       -23.025851       -4132.786                                                   -4132.786
              1      -2089.4083      0.29594732   2.0311512e-09      -23.025851       -23.025851       -4132.765                                                   -4132.765
              1      -2089.3115      0.28670787   1.9705052e-09      -23.025851       -23.025851      -4132.5712                                                  -4132.5712
              1      -2089.4004      0.29576477   1.9552173e-09      -23.025851       -23.025851      -4132.7492                                                  -4132.7492
              1      -2089.4099      0.29632623   1.9884796e-09      -23.025851       -23.025851      -4132.7681                                                  -4132.7681
              1      -2089.1325      0.30853762   2.1614011e-09      -23.025851       -23.025851      -4132.2132                                                  -4132.2132
              1       -2089.227      0.29900865   2.2286928e-09      -23.025851       -23.025851      -4132.4023                                                  -4132.4023
              1      -2089.4085      0.29825615   2.0341326e-09      -23.025851       -23.025851      -4132.7652                                                  -4132.7652
              1      -2089.3656      0.30651817   2.0309371e-09      -23.025851       -23.025851      -4132.6794                                                  -4132.6794
              1      -2089.2444      0.31358239   2.0430604e-09      -23.025851       -23.025851       -4132.437                                                   -4132.437
              1      -2088.7981      0.30952015   2.2797673e-09      -23.025851       -23.025851      -4131.5445                                                  -4131.5445
              1       -2089.082      0.29797154   2.3254645e-09      -23.025851       -23.025851      -4132.1122                                                  -4132.1122
              1      -2089.3858      0.29040332   2.1342002e-09      -23.025851       -23.025851      -4132.7199                                                  -4132.7199
              1      -2089.3859      0.29050522   2.1334716e-09      -23.025851       -23.025851      -4132.7201                                                  -4132.7201
              1      -2089.2057      0.29863925   2.2472279e-09      -23.025851       -23.025851      -4132.3598                                                  -4132.3598
              1      -2089.2443      0.29620033   2.2527108e-09      -23.025851       -23.025851       -4132.437                                                   -4132.437
              1      -2089.3801      0.29077543   2.0113962e-09      -23.025851       -23.025851      -4132.7085                                                  -4132.7085
              1      -2089.3839      0.28832903   2.1224962e-09      -23.025851       -23.025851      -4132.7161                                                  -4132.7161
              1      -2089.3247      0.28101372    2.106388e-09      -23.025851       -23.025851      -4132.5977                                                  -4132.5977
              1      -2089.3848      0.28856911   2.1159289e-09      -23.025851       -23.025851      -4132.7179                                                  -4132.7179
              1       -2089.383      0.28829897   2.1373214e-09      -23.025851       -23.025851      -4132.7144                                                  -4132.7144
              1      -2089.3436      0.29400716   2.1872903e-09      -23.025851       -23.025851      -4132.6354                                                  -4132.6354
              1      -2089.3462       0.2893365   2.2327944e-09      -23.025851       -23.025851      -4132.6408                                                  -4132.6408
              1      -2089.3611      0.28624116   2.2306045e-09      -23.025851       -23.025851      -4132.6706                                                  -4132.6706
              1      -2089.3473      0.28323662   2.1036571e-09      -23.025851       -23.025851       -4132.643                                                   -4132.643
              1      -2089.3682       0.2879856   2.2011058e-09      -23.025851       -23.025851      -4132.6848                                                  -4132.6848
              1      -2089.3679      0.28719652   2.2063752e-09      -23.025851       -23.025851      -4132.6842                                                  -4132.6842
              2      -2089.4046      0.29825417   2.0459804e-09      -23.025851       -23.025851      -4132.7574                                                  -4132.7574
              1      -2089.4473      0.31093408   1.8686335e-09      -23.025851       -23.025851      -4132.8429                                                  -4132.8429
              1      -2089.3634      0.31570717   1.9404177e-09      -23.025851       -23.025851      -4132.6751                                                  -4132.6751
              1      -2089.4171      0.29843332   1.9839794e-09      -23.025851       -23.025851      -4132.7825                                                  -4132.7825
              1      -2089.3096      0.29360817   1.8490435e-09      -23.025851       -23.025851      -4132.5675                                                  -4132.5675
              1      -2089.3714      0.28855001   2.0388411e-09      -23.025851       -23.025851      -4132.6912                                                  -4132.6912
              1      -2089.0968      0.27761787   1.9297884e-09      -23.025851       -23.025851       -4132.142                                                   -4132.142
              1      -2088.9624      0.27658348   1.8566691e-09      -23.025851       -23.025851       -4131.873                                                   -4131.873
              1      -2089.1696       0.2840284    1.878315e-09      -23.025851       -23.025851      -4132.2875                                                  -4132.2875
              1      -2089.2929      0.29465197   1.8157363e-09      -23.025851       -23.025851      -4132.5341                                                  -4132.5341
              2      -2089.4251      0.30104362   1.9532949e-09      -23.025851       -23.025851      -4132.7986                                                  -4132.7986
              1      -2089.4324      0.30789704   1.9226006e-09      -23.025851       -23.025851      -4132.8132                                                  -4132.8132
              1      -2089.4196      0.31019968    1.930776e-09      -23.025851       -23.025851      -4132.7876                                                  -4132.7876
              1      -2089.4045      0.31041202   1.9498489e-09      -23.025851       -23.025851      -4132.7574                                                  -4132.7574
              1      -2089.2875      0.31609164   1.9899981e-09      -23.025851       -23.025851      -4132.5232                                                  -4132.5232
              2      -2088.8832      0.31461297    2.184607e-09      -23.025851       -23.025851      -4131.7147                                                  -4131.7147
              1      -2087.8644      0.31623992   2.4165823e-09      -23.025851       -23.025851      -4129.6771                                                  -4129.6771
              1      -2088.8272      0.31481386   2.2005729e-09      -23.025851       -23.025851      -4131.6026                                                  -4131.6026
              1        -2088.19      0.32420057   2.2425649e-09      -23.025851       -23.025851      -4130.3283                                                  -4130.3283
              1      -2088.5397      0.33136178   2.0778633e-09      -23.025851       -23.025851      -4131.0277                                                  -4131.0277
              1      -2086.5141      0.34493342   2.2423527e-09      -23.025851       -23.025851      -4126.9764                                                  -4126.9764
              1      -2087.9479      0.33390069   2.1686909e-09      -23.025851       -23.025851      -4129.8441                                                  -4129.8441
              1      -2088.8267      0.33498118   1.9648053e-09      -23.025851       -23.025851      -4131.6018                                                  -4131.6018
              1      -2087.8685      0.34597004   2.0441228e-09      -23.025851       -23.025851      -4129.6853                                                  -4129.6853
              1      -2085.4817      0.34313273   2.3784482e-09      -23.025851       -23.025851      -4124.9117                                                  -4124.9117
              2      -2086.2772      0.34272314   2.2971903e-09      -23.025851       -23.025851      -4126.5027                                                  -4126.5027
              1      -2088.4913      0.32472314   2.1685632e-09      -23.025851       -23.025851       -4130.931                                                   -4130.931
              1      -2088.9302      0.32579998   2.0348943e-09      -23.025851       -23.025851      -4131.8087                                                  -4131.8087
              1      -2087.6688      0.32648296   2.3114445e-09      -23.025851       -23.025851      -4129.2859                                                  -4129.2859
              1      -2088.5086      0.31708827   2.2619058e-09      -23.025851       -23.025851      -4130.9656                                                  -4130.9656
              1      -2088.5243      0.31696164   2.2595309e-09      -23.025851       -23.025851      -4130.9968                                                  -4130.9968
              4      -2088.3285      0.32754534   2.1710531e-09      -23.025851       -23.025851      -4130.6052                                                  -4130.6052
              1      -2088.2396      0.32368232   2.2387699e-09      -23.025851       -23.025851      -4130.4275                                                  -4130.4275
              1      -2089.3011      0.31392684   2.0045532e-09      -23.025851       -23.025851      -4132.5505                                                  -4132.5505
              1      -2089.2548      0.31823261   1.9860005e-09      -23.025851       -23.025851      -4132.4579                                                  -4132.4579
              1      -2088.6027      0.31923272   2.2093984e-09      -23.025851       -23.025851      -4131.1537                                                  -4131.1537
              1      -2089.3458       0.3002821   2.1167382e-09      -23.025851       -23.025851      -4132.6399                                                  -4132.6399
              1      -2089.4167      0.29823549   1.9831107e-09      -23.025851       -23.025851      -4132.7817                                                  -4132.7817
              1       -2089.365      0.30857754   2.0105327e-09      -23.025851       -23.025851      -4132.6783                                                  -4132.6783
              1      -2089.2336      0.31802209    1.999737e-09      -23.025851       -23.025851      -4132.4154                                                  -4132.4154
              1       -2088.169       0.3252377   2.2336904e-09      -23.025851       -23.025851      -4130.2863                                                  -4130.2863
              1      -2088.3528      0.31881432   2.2769408e-09      -23.025851       -23.025851      -4130.6539                                                  -4130.6539
              1      -2089.0683      0.31230651   2.1438281e-09      -23.025851       -23.025851       -4132.085                                                   -4132.085
              1      -2089.1631      0.27862312   1.9646362e-09      -23.025851       -23.025851      -4132.2746                                                  -4132.2746
              3      -2089.0426      0.27843077   1.8780386e-09      -23.025851       -23.025851      -4132.0336                                                  -4132.0336
              1      -2089.1965      0.28599813   1.8678044e-09      -23.025851       -23.025851      -4132.3412                                                  -4132.3412
              1      -2089.3536      0.28952783   1.9794647e-09      -23.025851       -23.025851      -4132.6555                                                  -4132.6555
              1      -2089.3755      0.28912705   2.0376787e-09      -23.025851       -23.025851      -4132.6992                                                  -4132.6992
              1      -2089.1698      0.27885116   1.9662791e-09      -23.025851       -23.025851      -4132.2878                                                  -4132.2878
              1      -2089.0053       0.2728055   1.9478871e-09      -23.025851       -23.025851       -4131.959                                                   -4131.959
              2      -2088.5748      0.27014158    1.750917e-09      -23.025851       -23.025851      -4131.0979                                                  -4131.0979
              2      -2088.6255       0.2735936   1.7230204e-09      -23.025851       -23.025851      -4131.1994                                                  -4131.1994
              1      -2088.3168      0.26889686   1.6533824e-09      -23.025851       -23.025851      -4130.5818                                                  -4130.5818
              1       -2088.928      0.28927122   1.6512324e-09      -23.025851       -23.025851      -4131.8043                                                  -4131.8043
              1      -2089.3728      0.30081115   2.0801304e-09      -23.025851       -23.025851      -4132.6939                                                  -4132.6939
              2      -2089.2964       0.3167049   1.9779183e-09      -23.025851       -23.025851      -4132.5411                                                  -4132.5411
              1      -2089.2656      0.32602456   1.8989617e-09      -23.025851       -23.025851      -4132.4794                                                  -4132.4794
              2      -2088.4944      0.33434684   2.0541909e-09      -23.025851       -23.025851      -4130.9371                                                  -4130.9371
              2       -2088.652      0.33134669   2.0507365e-09      -23.025851       -23.025851      -4131.2523                                                  -4131.2523
              1      -2088.6906      0.32663899   2.0951678e-09      -23.025851       -23.025851      -4131.3295                                                  -4131.3295
              1      -2088.9653      0.31714316   2.1245525e-09      -23.025851       -23.025851      -4131.8789                                                  -4131.8789
              2      -2089.4346      0.30615157   1.8330245e-09      -23.025851       -23.025851      -4132.8174                                                  -4132.8174
              1       -2089.292      0.32637501   1.8813697e-09      -23.025851       -23.025851      -4132.5324                                                  -4132.5324
              1       -2089.289      0.32583711   1.8883769e-09      -23.025851       -23.025851      -4132.5262                                                  -4132.5262
              3      -2089.3499      0.32438316   1.8658182e-09      -23.025851       -23.025851      -4132.6482                                                  -4132.6482
              1      -2089.3365      0.33272869   1.7961753e-09      -23.025851       -23.025851      -4132.6212                                                  -4132.6212
              1      -2088.3096       0.3432998   1.9945836e-09      -23.025851       -23.025851      -4130.5676                                                  -4130.5676
              1      -2087.8237      0.33934297   2.1259302e-09      -23.025851       -23.025851      -4129.5956                                                  -4129.5956
              2      -2089.4438       0.3088645   1.8075176e-09      -23.025851       -23.025851       -4132.836                                                   -4132.836
              1      -2089.4537      0.31132349   1.7940574e-09      -23.025851       -23.025851      -4132.8556                                                  -4132.8556
              2      -2089.0466      0.29012651   1.7043563e-09      -23.025851       -23.025851      -4132.0415                                                  -4132.0415
              1      -2089.0228      0.28532927   1.7587377e-09      -23.025851       -23.025851      -4131.9939                                                  -4131.9939
              2      -2088.5876      0.27815446   1.6404641e-09      -23.025851       -23.025851      -4131.1236                                                  -4131.1236
              1      -2089.0434      0.29320566   1.6606746e-09      -23.025851       -23.025851      -4132.0351                                                  -4132.0351
              1      -2089.2177      0.30523324   2.1566616e-09      -23.025851       -23.025851      -4132.3836                                                  -4132.3836
              1      -2089.3369      0.29794869   2.1516561e-09      -23.025851       -23.025851      -4132.6221                                                  -4132.6221
              2       -2089.344      0.29986389   2.1232847e-09      -23.025851       -23.025851      -4132.6363                                                  -4132.6363
              1       -2087.002       0.3325967   2.3343146e-09      -23.025851       -23.025851      -4127.9523                                                  -4127.9523
              1      -2086.9532      0.33183018   2.3512353e-09      -23.025851       -23.025851      -4127.8547                                                  -4127.8547
              2      -2087.9766      0.32977162   2.2140907e-09      -23.025851       -23.025851      -4129.9014                                                  -4129.9014
              1      -2089.3513       0.3189106   1.9182929e-09      -23.025851       -23.025851      -4132.6509                                                  -4132.6509
              1      -2089.0906      0.33045105   1.9290474e-09      -23.025851       -23.025851      -4132.1296                                                  -4132.1296
              1      -2088.9009      0.32903682   2.0078606e-09      -23.025851       -23.025851      -4131.7501                                                  -4131.7501
              1        -2089.44      0.30617244   1.8942753e-09      -23.025851       -23.025851      -4132.8282                                                  -4132.8282
              3       -2088.689      0.33627622   1.9869242e-09      -23.025851       -23.025851      -4131.3262                                                  -4131.3262
              1      -2089.3694      0.31501428   1.9422205e-09      -23.025851       -23.025851      -4132.6872                                                  -4132.6872
              1      -2089.0608      0.28083318   1.8513656e-09      -23.025851       -23.025851      -4132.0699                                                  -4132.0699
              2      -2088.8343      0.27911349   1.7452044e-09      -23.025851       -23.025851       -4131.617                                                   -4131.617
              2      -2088.8947      0.28048888    1.757061e-09      -23.025851       -23.025851      -4131.7376                                                  -4131.7376
              1      -2088.5943      0.27931548   1.6274311e-09      -23.025851       -23.025851      -4131.1369                                                  -4131.1369
              1      -2088.5955      0.27935757   1.6273841e-09      -23.025851       -23.025851      -4131.1392                                                  -4131.1392
              1      -2089.0642      0.28693765   1.7603406e-09      -23.025851       -23.025851      -4132.0767                                                  -4132.0767
              1      -2089.1957      0.31331487   2.0724545e-09      -23.025851       -23.025851      -4132.3397                                                  -4132.3397
              1      -2089.3703      0.29057039   2.1780724e-09      -23.025851       -23.025851      -4132.6889                                                  -4132.6889
              1      -2089.2737      0.27777805   2.0951087e-09      -23.025851       -23.025851      -4132.4957                                                  -4132.4957
              2      -2089.2565      0.28492939   1.9399216e-09      -23.025851       -23.025851      -4132.4612                                                  -4132.4612
              1      -2089.1596      0.31699066   2.0476956e-09      -23.025851       -23.025851      -4132.2675                                                  -4132.2675
              1      -2089.3024      0.31626804   1.9786967e-09      -23.025851       -23.025851      -4132.5531                                                  -4132.5531
              1      -2089.0994      0.32344545   2.0008699e-09      -23.025851       -23.025851       -4132.147                                                   -4132.147
              1      -2089.1653      0.28751131   1.8198888e-09      -23.025851       -23.025851      -4132.2789                                                  -4132.2789
              1      -2089.0678      0.28924226   1.7292908e-09      -23.025851       -23.025851      -4132.0838                                                  -4132.0838
              3      -2089.4558      0.32493536   1.7657019e-09      -23.025851       -23.025851      -4132.8598                                                  -4132.8598
              2      -2089.4167      0.31763955   1.8721875e-09      -23.025851       -23.025851      -4132.7816                                                  -4132.7816
              2       -2089.359      0.30661281   2.0365172e-09      -23.025851       -23.025851      -4132.6663                                                  -4132.6663
              1      -2088.2121       0.3160319   2.3465549e-09      -23.025851       -23.025851      -4130.3725                                                  -4130.3725
              1      -2089.1027      0.26781803    2.116116e-09      -23.025851       -23.025851      -4132.1537                                                  -4132.1537
              1      -2088.7777      0.27217888   1.8216388e-09      -23.025851       -23.025851      -4131.5037                                                  -4131.5037
              2      -2088.7604      0.26982794   1.8503163e-09      -23.025851       -23.025851       -4131.469                                                   -4131.469
              3      -2088.9647      0.26861148   1.9952875e-09      -23.025851       -23.025851      -4131.8777                                                  -4131.8777
              4      -2088.7811      0.26916678   1.8726501e-09      -23.025851       -23.025851      -4131.5104                                                  -4131.5104
              1      -2088.9107      0.28018526   1.7704463e-09      -23.025851       -23.025851      -4131.7697                                                  -4131.7697
              1      -2089.3567       0.2978233   1.8353281e-09      -23.025851       -23.025851      -4132.6618                                                  -4132.6618
              1      -2089.4072      0.29801932   1.9243064e-09      -23.025851       -23.025851      -4132.7627                                                  -4132.7627
              2      -2089.3557      0.29706002   1.8466195e-09      -23.025851       -23.025851      -4132.6598                                                  -4132.6598
              1      -2089.4036       0.3059926   1.7687556e-09      -23.025851       -23.025851      -4132.7554                                                  -4132.7554
              1      -2089.4168      0.30686865   1.7768452e-09      -23.025851       -23.025851       -4132.782                                                   -4132.782
              1      -2089.1009       0.2870569   1.7819924e-09      -23.025851       -23.025851      -4132.1502                                                  -4132.1502
              2      -2088.9485      0.28445205   1.7288185e-09      -23.025851       -23.025851      -4131.8454                                                  -4131.8454
              2      -2089.3794      0.29997005   1.8309529e-09      -23.025851       -23.025851      -4132.7071                                                  -4132.7071
              2      -2089.3968      0.30714942   1.7409624e-09      -23.025851       -23.025851      -4132.7418                                                  -4132.7418
              1      -2089.4244      0.30311774   1.8658106e-09      -23.025851       -23.025851      -4132.7971                                                  -4132.7971
              3       -2089.267      0.28675582   1.9188996e-09      -23.025851       -23.025851      -4132.4823                                                  -4132.4823
              1      -2089.3544      0.28861781   1.9992442e-09      -23.025851       -23.025851       -4132.657                                                   -4132.657
              4      -2088.9807      0.31896517   2.0971408e-09      -23.025851       -23.025851      -4131.9096                                                  -4131.9096
              1      -2089.4013      0.29798627   2.0550584e-09      -23.025851       -23.025851       -4132.751                                                   -4132.751
              1      -2089.3871      0.29505619   1.9348586e-09      -23.025851       -23.025851      -4132.7226                                                  -4132.7226
              2      -2089.4235      0.30518225   1.9595511e-09      -23.025851       -23.025851      -4132.7952                                                  -4132.7952
              1      -2089.4848      0.32711128   1.7022149e-09      -23.025851       -23.025851      -4132.9179                                                  -4132.9179
              2      -2089.4335      0.33152936    1.738382e-09      -23.025851       -23.025851      -4132.8153                                                  -4132.8153
              1      -2089.3193      0.30363605   1.7081777e-09      -23.025851       -23.025851      -4132.5868                                                  -4132.5868
              4      -2089.4428      0.31622845   1.6739769e-09      -23.025851       -23.025851      -4132.8338                                                  -4132.8338
              1      -2089.4879      0.32394192   1.6894072e-09      -23.025851       -23.025851      -4132.9241                                                  -4132.9241
             12      -2089.4732      0.32510307   1.7369106e-09      -23.025851       -23.025851      -4132.8947                                                  -4132.8947
              2      -2089.3134      0.33270849   1.8090892e-09      -23.025851       -23.025851      -4132.5751                                                  -4132.5751
              2      -2089.0354      0.34876375     1.76913e-09      -23.025851       -23.025851      -4132.0192                                                  -4132.0192
              2      -2088.4985      0.35385925   1.8509919e-09      -23.025851       -23.025851      -4130.9454                                                  -4130.9454
              1        -2088.44      0.35245034   1.8760898e-09      -23.025851       -23.025851      -4130.8284                                                  -4130.8284
              1      -2089.4992      0.32915054   1.6495868e-09      -23.025851       -23.025851      -4132.9466                                                  -4132.9466
              1      -2089.5086      0.33414871   1.6112009e-09      -23.025851       -23.025851      -4132.9656                                                  -4132.9656
              1      -2089.4848      0.32534124   1.7086169e-09      -23.025851       -23.025851      -4132.9179                                                  -4132.9179
              1       -2089.368      0.31406126   1.6140513e-09      -23.025851       -23.025851      -4132.6843                                                  -4132.6843
              1      -2089.4552      0.31351437   1.7480925e-09      -23.025851       -23.025851      -4132.8586                                                  -4132.8586
              1      -2089.2912      0.30232158   1.7021842e-09      -23.025851       -23.025851      -4132.5307                                                  -4132.5307
              3      -2089.4131      0.30813923   1.9575594e-09      -23.025851       -23.025851      -4132.7745                                                  -4132.7745
              1      -2089.3796      0.32176534   1.8689537e-09      -23.025851       -23.025851      -4132.7076                                                  -4132.7076
              1      -2089.3937      0.32126955   1.8620493e-09      -23.025851       -23.025851      -4132.7357                                                  -4132.7357
              3      -2089.3142       0.3295752   1.8380706e-09      -23.025851       -23.025851      -4132.5767                                                  -4132.5767
              1      -2089.3246      0.32081111   1.9175199e-09      -23.025851       -23.025851      -4132.5975                                                  -4132.5975
              2      -2089.4512      0.31001182   1.8193735e-09      -23.025851       -23.025851      -4132.8506                                                  -4132.8506
              1      -2089.2718      0.32757582   1.8802525e-09      -23.025851       -23.025851      -4132.4918                                                  -4132.4918
              1      -2088.3823      0.33165845   2.1099206e-09      -23.025851       -23.025851       -4130.713                                                   -4130.713
              2      -2089.4109      0.29697348   2.0219707e-09      -23.025851       -23.025851      -4132.7702                                                  -4132.7702
              1       -2089.419       0.2989696   1.9660691e-09      -23.025851       -23.025851      -4132.7863                                                  -4132.7863
              1      -2088.9206      0.31192937   2.2057292e-09      -23.025851       -23.025851      -4131.7896                                                  -4131.7896
              3      -2089.2979      0.29544572   2.2188408e-09      -23.025851       -23.025851      -4132.5441                                                  -4132.5441
              1      -2089.2029      0.29575343    2.287208e-09      -23.025851       -23.025851       -4132.354                                                   -4132.354
              6      -2089.3215      0.27544551    2.238163e-09      -23.025851       -23.025851      -4132.5913                                                  -4132.5913
              3      -2089.3486      0.28395105    2.089895e-09      -23.025851       -23.025851      -4132.6455                                                  -4132.6455
              2      -2089.3523      0.28406132   2.0966415e-09      -23.025851       -23.025851      -4132.6529                                                  -4132.6529
              1      -2089.0225      0.29499052   2.3972559e-09      -23.025851       -23.025851      -4131.9933                                                  -4131.9933
              2      -2089.2255      0.28670055   2.3942451e-09      -23.025851       -23.025851      -4132.3994                                                  -4132.3994
              3      -2089.3435        0.285297    2.276879e-09      -23.025851       -23.025851      -4132.6354                                                  -4132.6354
              2      -2089.2073      0.27678444   2.0386481e-09      -23.025851       -23.025851      -4132.3628                                                  -4132.3628
              6      -2089.2892      0.27570615   2.1627843e-09      -23.025851       -23.025851      -4132.5267                                                  -4132.5267
              3      -2089.3337      0.28007096   2.1480468e-09      -23.025851       -23.025851      -4132.6158                                                  -4132.6158
              2      -2089.2967      0.27852211    2.112724e-09      -23.025851       -23.025851      -4132.5416                                                  -4132.5416
              1       -2089.331      0.27439321     2.32515e-09      -23.025851       -23.025851      -4132.6102                                                  -4132.6102
              2      -2089.3408      0.27713158   2.3221711e-09      -23.025851       -23.025851      -4132.6298                                                  -4132.6298
              1      -2088.8295       0.2729218   1.8380658e-09      -23.025851       -23.025851      -4131.6073                                                  -4131.6073
              1      -2089.4256       0.3019579   1.9009386e-09      -23.025851       -23.025851      -4132.7995                                                  -4132.7995
              1      -2089.4317      0.30325485   1.9027664e-09      -23.025851       -23.025851      -4132.8116                                                  -4132.8116
              2      -2089.4327      0.30371497   1.9248518e-09      -23.025851       -23.025851      -4132.8137                                                  -4132.8137
              2      -2089.3844      0.29794597   2.0901217e-09      -23.025851       -23.025851       -4132.717                                                   -4132.717
              1      -2089.3832      0.29754248   2.0952767e-09      -23.025851       -23.025851      -4132.7147                                                  -4132.7147
              3      -2089.1472      0.31946427   2.0252416e-09      -23.025851       -23.025851      -4132.2428                                                  -4132.2428
              3      -2089.3377      0.30861277   2.0345763e-09      -23.025851       -23.025851      -4132.6238                                                  -4132.6238
              1      -2089.4169      0.30200536   1.9930301e-09      -23.025851       -23.025851      -4132.7822                                                  -4132.7822
              2      -2089.4171       0.3020423   1.9925413e-09      -23.025851       -23.025851      -4132.7824                                                  -4132.7824
              1      -2089.4228      0.30401869   1.9673689e-09      -23.025851       -23.025851       -4132.794                                                   -4132.794
              2      -2089.1981      0.34981518   1.7062619e-09      -23.025851       -23.025851      -4132.3445                                                  -4132.3445
              2      -2089.3349      0.33948686   1.7366042e-09      -23.025851       -23.025851      -4132.6181                                                  -4132.6181
              1      -2089.1915      0.34541625   1.7471149e-09      -23.025851       -23.025851      -4132.3313                                                  -4132.3313
              5      -2089.1796      0.34547563    1.751047e-09      -23.025851       -23.025851      -4132.3076                                                  -4132.3076
              3      -2089.2306      0.34709138   1.7174106e-09      -23.025851       -23.025851      -4132.4094                                                  -4132.4094
              2      -2089.4387      0.30663693    1.839068e-09      -23.025851       -23.025851      -4132.8256                                                  -4132.8256
              1      -2088.8357      0.27351171    1.832033e-09      -23.025851       -23.025851      -4131.6196                                                  -4131.6196
              2       -2089.129      0.28863048    1.777339e-09      -23.025851       -23.025851      -4132.2064                                                  -4132.2064
              3      -2089.3065      0.28891749   1.9244515e-09      -23.025851       -23.025851      -4132.5613                                                  -4132.5613
              2      -2089.2471      0.28770629   1.8837712e-09      -23.025851       -23.025851      -4132.4425                                                  -4132.4425
              1       -2089.371       0.2954777   1.8962903e-09      -23.025851       -23.025851      -4132.6903                                                  -4132.6903
              1      -2088.8401      0.32554943   2.0657729e-09      -23.025851       -23.025851      -4131.6284                                                  -4131.6284
              1      -2088.5526      0.29869405   2.5152006e-09      -23.025851       -23.025851      -4131.0535                                                  -4131.0535
              3      -2088.3371      0.32978339   2.1419511e-09      -23.025851       -23.025851      -4130.6226                                                  -4130.6226
              1      -2089.4032      0.29558102    2.058815e-09      -23.025851       -23.025851      -4132.7547                                                  -4132.7547
              1      -2089.3715      0.28791689   2.0551351e-09      -23.025851       -23.025851      -4132.6913                                                  -4132.6913
              3       -2089.167      0.28255374   1.9005286e-09      -23.025851       -23.025851      -4132.2823                                                  -4132.2823
              1      -2089.3923      0.29121974   2.1005722e-09      -23.025851       -23.025851      -4132.7329                                                  -4132.7329
              1       -2089.372       0.2863483    2.101245e-09      -23.025851       -23.025851      -4132.6924                                                  -4132.6924
              3      -2089.4126      0.30582325   1.9768702e-09      -23.025851       -23.025851      -4132.7734                                                  -4132.7734
              1      -2089.2544      0.29974154    2.200712e-09      -23.025851       -23.025851       -4132.457                                                   -4132.457
              1      -2089.3075      0.27896348    2.120802e-09      -23.025851       -23.025851      -4132.5633                                                  -4132.5633
              1      -2089.0826        0.286255   1.7820605e-09      -23.025851       -23.025851      -4132.1135                                                  -4132.1135
              1      -2089.3519      0.30839709    2.024607e-09      -23.025851       -23.025851      -4132.6521                                                  -4132.6521
              1      -2089.2456      0.27204032   2.1795984e-09      -23.025851       -23.025851      -4132.4395                                                  -4132.4395
              2      -2089.3642      0.28613054   2.0783826e-09      -23.025851       -23.025851      -4132.6767                                                  -4132.6767
              1      -2089.1151      0.27739349   1.9474308e-09      -23.025851       -23.025851      -4132.1785                                                  -4132.1785
              1      -2089.3756       0.3235488   1.8556226e-09      -23.025851       -23.025851      -4132.6995                                                  -4132.6995
              1      -2089.4728      0.31833165    1.757764e-09      -23.025851       -23.025851      -4132.8939                                                  -4132.8939
              2      -2089.2147       0.3460214   1.7329678e-09      -23.025851       -23.025851      -4132.3777                                                  -4132.3777
              1      -2089.4605      0.33157553   1.7110376e-09      -23.025851       -23.025851      -4132.8694                                                  -4132.8694
              2      -2089.2576      0.34771904   1.7012573e-09      -23.025851       -23.025851      -4132.4635                                                  -4132.4635
              4      -2089.3975      0.34323723   1.6696071e-09      -23.025851       -23.025851      -4132.7433                                                  -4132.7433
              2      -2089.4861       0.3231563   1.6814765e-09      -23.025851       -23.025851      -4132.9206                                                  -4132.9206
              3      -2088.9902      0.28023553   1.8158497e-09      -23.025851       -23.025851      -4131.9286                                                  -4131.9286
              3      -2089.2051      0.29008797   1.8105599e-09      -23.025851       -23.025851      -4132.3586                                                  -4132.3586
              1      -2089.2718      0.35294816   1.6518654e-09      -23.025851       -23.025851      -4132.4919                                                  -4132.4919
              7      -2088.7228      0.35998206   1.7483756e-09      -23.025851       -23.025851      -4131.3939                                                  -4131.3939
              4      -2088.9705      0.35311486   1.7487681e-09      -23.025851       -23.025851      -4131.8893                                                  -4131.8893
              3      -2089.4433      0.33882461   1.6722197e-09      -23.025851       -23.025851      -4132.8349                                                  -4132.8349
              3      -2089.4745      0.32779508   1.7184191e-09      -23.025851       -23.025851      -4132.8974                                                  -4132.8974
              1       -2089.429      0.31076621   1.7346617e-09      -23.025851       -23.025851      -4132.8064                                                  -4132.8064
              1       -2089.424      0.31051277   1.7299734e-09      -23.025851       -23.025851      -4132.7964                                                  -4132.7964
              3      -2089.4477      0.31251695    1.861063e-09      -23.025851       -23.025851      -4132.8438                                                  -4132.8438
              1      -2089.3407      0.30595617   2.0604534e-09      -23.025851       -23.025851      -4132.6297                                                  -4132.6297
              1      -2089.3145      0.29467615   1.8371865e-09      -23.025851       -23.025851      -4132.5774                                                  -4132.5774
              1      -2089.4569      0.31245227   1.8251116e-09      -23.025851       -23.025851      -4132.8621                                                  -4132.8621
              1       -2089.222      0.31926442   1.9920831e-09      -23.025851       -23.025851      -4132.3923                                                  -4132.3923
              1      -2089.3864      0.29241482   1.9908516e-09      -23.025851       -23.025851       -4132.721                                                   -4132.721
              2      -2089.1535      0.33125528    1.896586e-09      -23.025851       -23.025851      -4132.2554                                                  -4132.2554
              1       -2089.481      0.32851505    1.702871e-09      -23.025851       -23.025851      -4132.9102                                                  -4132.9102
              6      -2089.1016      0.34956323   1.7414357e-09      -23.025851       -23.025851      -4132.1516                                                  -4132.1516
              1      -2089.3717      0.33873939   1.7224731e-09      -23.025851       -23.025851      -4132.6916                                                  -4132.6916
              1      -2088.4635      0.35219564   1.8739371e-09      -23.025851       -23.025851      -4130.8753                                                  -4130.8753
              1      -2089.0425      0.32819555   1.9703893e-09      -23.025851       -23.025851      -4132.0332                                                  -4132.0332
              1       -2087.902       0.3379988   2.1281186e-09      -23.025851       -23.025851      -4129.7523                                                  -4129.7523
              3      -2088.6061      0.31637546   2.2455768e-09      -23.025851       -23.025851      -4131.1605                                                  -4131.1605
              1      -2089.3488      0.29921782   1.8032661e-09      -23.025851       -23.025851      -4132.6459                                                  -4132.6459
              3      -2089.4722      0.31761278   1.7429227e-09      -23.025851       -23.025851      -4132.8926                                                  -4132.8926
              5      -2089.1758      0.29480164   1.7202969e-09      -23.025851       -23.025851      -4132.2998                                                  -4132.2998
              1      -2089.2359      0.31875672   1.9904734e-09      -23.025851       -23.025851      -4132.4202                                                  -4132.4202
              2      -2089.4303      0.30263789   1.9221602e-09      -23.025851       -23.025851      -4132.8089                                                  -4132.8089
              1      -2089.3637      0.30505422    2.047732e-09      -23.025851       -23.025851      -4132.6757                                                  -4132.6757
              3      -2089.2396      0.27466116   2.1159414e-09      -23.025851       -23.025851      -4132.4275                                                  -4132.4275
              1      -2089.0529      0.26576899    2.115022e-09      -23.025851       -23.025851      -4132.0541                                                  -4132.0541
              4      -2088.8975      0.26986048   1.9291628e-09      -23.025851       -23.025851      -4131.7434                                                  -4131.7434
              1      -2089.2577      0.29293607   1.8101894e-09      -23.025851       -23.025851      -4132.4637                                                  -4132.4637
              5      -2089.3043      0.28138339    2.064196e-09      -23.025851       -23.025851      -4132.5569                                                  -4132.5569
              4      -2088.6993      0.28058418   1.6576029e-09      -23.025851       -23.025851      -4131.3468                                                  -4131.3468
              3      -2088.7581      0.28257299   1.6579829e-09      -23.025851       -23.025851      -4131.4645                                                  -4131.4645
              4      -2088.7507      0.27230726   1.8052242e-09      -23.025851       -23.025851      -4131.4496                                                  -4131.4496
              2      -2088.8006      0.26775492   1.9076679e-09      -23.025851       -23.025851      -4131.5495                                                  -4131.5495
              1      -2089.4002      0.29712534   1.9236737e-09      -23.025851       -23.025851      -4132.7486                                                  -4132.7486
              3      -2089.1927       0.2794256   2.5269422e-09      -23.025851       -23.025851      -4132.3336                                                  -4132.3336
              1       -2089.142      0.26773874   2.1541465e-09      -23.025851       -23.025851      -4132.2323                                                  -4132.2323
              1      -2089.2491      0.27431228   2.1351398e-09      -23.025851       -23.025851      -4132.4465                                                  -4132.4465
              1      -2089.3608      0.29385572   2.1652529e-09      -23.025851       -23.025851      -4132.6699                                                  -4132.6699
              1      -2089.3396      0.29121384   2.2234512e-09      -23.025851       -23.025851      -4132.6275                                                  -4132.6275
              1      -2089.3785      0.29188826   2.1499458e-09      -23.025851       -23.025851      -4132.7052                                                  -4132.7052
              1      -2089.2804      0.30296552   2.1427247e-09      -23.025851       -23.025851      -4132.5092                                                  -4132.5092
              3      -2089.0752      0.29551791   2.3636567e-09      -23.025851       -23.025851      -4132.0988                                                  -4132.0988
              1      -2089.2473      0.29366267   2.2832713e-09      -23.025851       -23.025851       -4132.443                                                   -4132.443
              3       -2089.012      0.34071082   1.8521205e-09      -23.025851       -23.025851      -4131.9722                                                  -4131.9722
              1      -2088.6351      0.33493372   2.0147704e-09      -23.025851       -23.025851      -4131.2184                                                  -4131.2184
              1      -2089.4488      0.31422738   1.7177543e-09      -23.025851       -23.025851       -4132.846                                                   -4132.846
              1      -2089.4843      0.32277949   1.6764514e-09      -23.025851       -23.025851      -4132.9169                                                  -4132.9169
              1      -2089.4968      0.32764797   1.6317902e-09      -23.025851       -23.025851      -4132.9419                                                  -4132.9419
              2      -2089.3486      0.34138275   1.7129839e-09      -23.025851       -23.025851      -4132.6455                                                  -4132.6455
              1      -2089.3335      0.33306506   1.7947067e-09      -23.025851       -23.025851      -4132.6152                                                  -4132.6152
              6      -2089.4759      0.32147882   1.7463347e-09      -23.025851       -23.025851      -4132.9002                                                  -4132.9002
              4      -2089.4971      0.33546009   1.6349844e-09      -23.025851       -23.025851      -4132.9424                                                  -4132.9424
              1      -2089.2926      0.33860405   1.7656455e-09      -23.025851       -23.025851      -4132.5334                                                  -4132.5334
              3      -2089.2837      0.28957015   1.8884267e-09      -23.025851       -23.025851      -4132.5157                                                  -4132.5157
              3      -2088.4764      0.34765906   1.9161242e-09      -23.025851       -23.025851       -4130.901                                                   -4130.901
              1       -2088.644      0.33006922   2.0673524e-09      -23.025851       -23.025851      -4131.2363                                                  -4131.2363
              7      -2089.3244      0.32040069   1.9217916e-09      -23.025851       -23.025851      -4132.5972                                                  -4132.5972
              1      -2089.1618      0.27995936   2.5431539e-09      -23.025851       -23.025851       -4132.272                                                   -4132.272
              2      -2089.1843      0.27730657   2.5663858e-09      -23.025851       -23.025851      -4132.3169                                                  -4132.3169
              3      -2088.0739      0.30701034   2.5097644e-09      -23.025851       -23.025851       -4130.096                                                   -4130.096
              3      -2088.5472       0.3020413   2.4650351e-09      -23.025851       -23.025851      -4131.0428                                                  -4131.0428
              1      -2089.2653      0.27549595   2.1314367e-09      -23.025851       -23.025851      -4132.4789                                                  -4132.4789
              1      -2089.4176      0.30177149   1.9921312e-09      -23.025851       -23.025851      -4132.7834                                                  -4132.7834
              1      -2089.3287       0.2975429   1.8070005e-09      -23.025851       -23.025851      -4132.6057                                                  -4132.6057
              1      -2089.4564      0.32990369   1.7280896e-09      -23.025851       -23.025851       -4132.861                                                   -4132.861
              5      -2089.4772      0.34273563   1.6124602e-09      -23.025851       -23.025851      -4132.9028                                                  -4132.9028
              1      -2089.1373      0.35381371   1.6930929e-09      -23.025851       -23.025851      -4132.2228                                                  -4132.2228
              1      -2088.9316      0.31857414    2.118955e-09      -23.025851       -23.025851      -4131.8115                                                  -4131.8115
              1      -2089.3327      0.28712611   1.9925545e-09      -23.025851       -23.025851      -4132.6137                                                  -4132.6137
              4      -2089.2581      0.27183201   2.2020069e-09      -23.025851       -23.025851      -4132.4645                                                  -4132.4645
              1      -2089.2798       0.2983924   2.1982674e-09      -23.025851       -23.025851      -4132.5079                                                  -4132.5079
              3      -2088.9103      0.29354309   2.4690847e-09      -23.025851       -23.025851      -4131.7689                                                  -4131.7689
              1         -2089.3       0.2704979   2.5023591e-09      -23.025851       -23.025851      -4132.5483                                                  -4132.5483
              2      -2089.1403      0.26874704   2.1316273e-09      -23.025851       -23.025851      -4132.2288                                                  -4132.2288
              1      -2089.2478      0.27578392   2.1033278e-09      -23.025851       -23.025851       -4132.444                                                   -4132.444
              2      -2089.3136      0.30581451    2.084716e-09      -23.025851       -23.025851      -4132.5756                                                  -4132.5756
              1       -2089.323      0.30287759   2.1098957e-09      -23.025851       -23.025851      -4132.5943                                                  -4132.5943
              1       -2089.345      0.28732137   2.0089873e-09      -23.025851       -23.025851      -4132.6383                                                  -4132.6383
              1      -2089.2303      0.28326022   1.9433901e-09      -23.025851       -23.025851      -4132.4089                                                  -4132.4089
              3      -2089.4463      0.30850807   1.8310743e-09      -23.025851       -23.025851      -4132.8409                                                  -4132.8409
              1      -2089.4352      0.30454697   1.9134464e-09      -23.025851       -23.025851      -4132.8187                                                  -4132.8187
              3      -2089.3157      0.29148622   1.8910889e-09      -23.025851       -23.025851      -4132.5798                                                  -4132.5798
              1        -2089.19       0.2819522   1.9296163e-09      -23.025851       -23.025851      -4132.3282                                                  -4132.3282
              2      -2088.8809      0.27597483    1.818326e-09      -23.025851       -23.025851        -4131.71                                                    -4131.71
              1      -2089.4179      0.30751528   1.9545721e-09      -23.025851       -23.025851      -4132.7842                                                  -4132.7842
              1      -2089.4335       0.3059264   1.9275285e-09      -23.025851       -23.025851      -4132.8152                                                  -4132.8152
              2        -2089.21      0.34160179    1.774392e-09      -23.025851       -23.025851      -4132.3683                                                  -4132.3683
              4      -2088.5951      0.26930474    1.773683e-09      -23.025851       -23.025851      -4131.1386                                                  -4131.1386
              2      -2088.6345      0.27325178   1.7323786e-09      -23.025851       -23.025851      -4131.2173                                                  -4131.2173
              3      -2088.9055      0.28208252   1.7395406e-09      -23.025851       -23.025851      -4131.7593                                                  -4131.7593
              1       -2088.835      0.28326272   1.6859967e-09      -23.025851       -23.025851      -4131.6184                                                  -4131.6184
              2      -2089.2602      0.30156323   1.6879194e-09      -23.025851       -23.025851      -4132.4687                                                  -4132.4687
              2      -2089.3332      0.30744086   1.6687741e-09      -23.025851       -23.025851      -4132.6147                                                  -4132.6147
              2      -2089.3966      0.31318333   1.6544954e-09      -23.025851       -23.025851      -4132.7415                                                  -4132.7415
              2      -2088.9965      0.28395048   1.7634058e-09      -23.025851       -23.025851      -4131.9413                                                  -4131.9413
              1      -2089.4443      0.30799893   1.8333163e-09      -23.025851       -23.025851      -4132.8369                                                  -4132.8369
              2       -2089.414      0.29760382   2.0030419e-09      -23.025851       -23.025851      -4132.7764                                                  -4132.7764
              2      -2089.4216      0.30063257   1.9779374e-09      -23.025851       -23.025851      -4132.7915                                                  -4132.7915
              2      -2089.4266      0.31249218   1.9018609e-09      -23.025851       -23.025851      -4132.8015                                                  -4132.8015
              1      -2089.1537      0.31747707   2.0448852e-09      -23.025851       -23.025851      -4132.2556                                                  -4132.2556
              1       -2089.327      0.30306314   2.1043734e-09      -23.025851       -23.025851      -4132.6022                                                  -4132.6022
              2      -2089.2033      0.33488487   1.8402505e-09      -23.025851       -23.025851       -4132.355                                                   -4132.355
              1      -2087.6805      0.33940292   2.1485711e-09      -23.025851       -23.025851      -4129.3093                                                  -4129.3093
              5      -2087.8054      0.33712362    2.154984e-09      -23.025851       -23.025851       -4129.559                                                   -4129.559
              1      -2088.5649      0.30077014   2.4792765e-09      -23.025851       -23.025851      -4131.0781                                                  -4131.0781
              3      -2088.6122      0.30015313   2.4742401e-09      -23.025851       -23.025851      -4131.1727                                                  -4131.1727
              3      -2087.6468      0.32058044   2.3955863e-09      -23.025851       -23.025851      -4129.2418                                                  -4129.2418
              1      -2088.1557      0.30345439   2.5462947e-09      -23.025851       -23.025851      -4130.2598                                                  -4130.2598
              2      -2089.1155      0.30931537   2.1596601e-09      -23.025851       -23.025851      -4132.1793                                                  -4132.1793
              1      -2089.1732      0.29791577   2.2766414e-09      -23.025851       -23.025851      -4132.2948                                                  -4132.2948
              1      -2089.1206      0.26983528   2.0917846e-09      -23.025851       -23.025851      -4132.1896                                                  -4132.1896
              1      -2088.9022      0.27432732   1.8570043e-09      -23.025851       -23.025851      -4131.7526                                                  -4131.7526
              1      -2089.4249      0.32044612   1.8387831e-09      -23.025851       -23.025851       -4132.798                                                   -4132.798
              3      -2089.2781      0.30836276   1.6129558e-09      -23.025851       -23.025851      -4132.5044                                                  -4132.5044
              2      -2089.2867      0.34375977   1.7228597e-09      -23.025851       -23.025851      -4132.5217                                                  -4132.5217
              2      -2089.2879      0.33796439   1.7737256e-09      -23.025851       -23.025851       -4132.524                                                   -4132.524
              1      -2088.7339      0.34157349   1.9201098e-09      -23.025851       -23.025851      -4131.4162                                                  -4131.4162
              2      -2089.4627      0.32408614   1.7614138e-09      -23.025851       -23.025851      -4132.8737                                                  -4132.8737
              1      -2089.4867       0.3233053   1.6837929e-09      -23.025851       -23.025851      -4132.9216                                                  -4132.9216
              1      -2089.4867      0.33483399   1.6549521e-09      -23.025851       -23.025851      -4132.9218                                                  -4132.9218
              2      -2089.4318      0.33509438   1.7110927e-09      -23.025851       -23.025851      -4132.8118                                                  -4132.8118
              2       -2089.472      0.32400796    1.745649e-09      -23.025851       -23.025851      -4132.8923                                                  -4132.8923
              2      -2088.9003      0.35927215   1.7133899e-09      -23.025851       -23.025851      -4131.7489                                                  -4131.7489
              2      -2089.0557      0.29694885   1.6188961e-09      -23.025851       -23.025851      -4132.0597                                                  -4132.0597
              3      -2088.9926      0.28717272   1.7147187e-09      -23.025851       -23.025851      -4131.9335                                                  -4131.9335
              6        -2089.07      0.28831812   1.7439365e-09      -23.025851       -23.025851      -4132.0883                                                  -4132.0883
              1      -2089.1818      0.31901912   2.0144947e-09      -23.025851       -23.025851      -4132.3119                                                  -4132.3119
              3      -2088.7637      0.34469976   1.8812697e-09      -23.025851       -23.025851      -4131.4756                                                  -4131.4756
              6      -2088.5643       0.3649221   1.7379462e-09      -23.025851       -23.025851       -4131.077                                                   -4131.077
              2      -2089.2414      0.30986837   2.0873361e-09      -23.025851       -23.025851      -4132.4311                                                  -4132.4311
              2      -2088.4707      0.27389974   1.6481856e-09      -23.025851       -23.025851      -4130.8898                                                  -4130.8898
              8      -2088.7146      0.28186019   1.6472559e-09      -23.025851       -23.025851      -4131.3775                                                  -4131.3775
              1      -2089.4137      0.30294961   1.9955717e-09      -23.025851       -23.025851      -4132.7757                                                  -4132.7757
              2      -2089.4073       0.3125301   1.9275761e-09      -23.025851       -23.025851      -4132.7628                                                  -4132.7628
              1       -2088.655      0.33108769   2.0529485e-09      -23.025851       -23.025851      -4131.2582                                                  -4131.2582
              1      -2089.0747      0.28564425   2.5115205e-09      -23.025851       -23.025851      -4132.0977                                                  -4132.0977
              1      -2089.1135      0.28398553   2.5140588e-09      -23.025851       -23.025851      -4132.1752                                                  -4132.1752
              2      -2089.2894      0.28456053   2.3622487e-09      -23.025851       -23.025851      -4132.5271                                                  -4132.5271
              2       -2089.351      0.27960838   2.2768469e-09      -23.025851       -23.025851      -4132.6503                                                  -4132.6503
              4      -2089.0907       0.2659275   2.1439479e-09      -23.025851       -23.025851      -4132.1296                                                  -4132.1296
              3      -2089.1732      0.27000347    2.138387e-09      -23.025851       -23.025851      -4132.2948                                                  -4132.2948
              5      -2088.9216      0.28533842   2.5953131e-09      -23.025851       -23.025851      -4131.7915                                                  -4131.7915
              3      -2088.3611      0.31864435   2.2773621e-09      -23.025851       -23.025851      -4130.6705                                                  -4130.6705
              2       -2088.499      0.35425367   1.8471357e-09      -23.025851       -23.025851      -4130.9462                                                  -4130.9462
              3      -2088.8552      0.35559616   1.7565255e-09      -23.025851       -23.025851      -4131.6587                                                  -4131.6587
              1      -2087.2116      0.33155941   2.3176727e-09      -23.025851       -23.025851      -4128.3714                                                  -4128.3714
              1      -2088.9941      0.31535251   2.1358071e-09      -23.025851       -23.025851      -4131.9366                                                  -4131.9366
              1      -2088.4938      0.35182829   1.8714265e-09      -23.025851       -23.025851      -4130.9359                                                  -4130.9359
              2      -2089.1703      0.28439135   2.4696201e-09      -23.025851       -23.025851      -4132.2888                                                  -4132.2888
              1      -2089.1547      0.28417453    1.864095e-09      -23.025851       -23.025851      -4132.2577                                                  -4132.2577
              1      -2089.2075      0.34384626   1.7551262e-09      -23.025851       -23.025851      -4132.3633                                                  -4132.3633
              2      -2089.3789      0.34263114    1.685654e-09      -23.025851       -23.025851      -4132.7061                                                  -4132.7061
              2      -2089.3376      0.35297971   1.6234781e-09      -23.025851       -23.025851      -4132.6235                                                  -4132.6235
              5      -2089.3255      0.35217804   1.6352725e-09      -23.025851       -23.025851      -4132.5994                                                  -4132.5994
              2      -2089.2465      0.32109602    1.959794e-09      -23.025851       -23.025851      -4132.4413                                                  -4132.4413
              3      -2088.5732      0.31511453   2.2710997e-09      -23.025851       -23.025851      -4131.0948                                                  -4131.0948
              2      -2088.8409      0.31384525   2.2085548e-09      -23.025851       -23.025851        -4131.63                                                    -4131.63
              1      -2089.4012      0.29973983     2.04399e-09      -23.025851       -23.025851      -4132.7508                                                  -4132.7508
              1      -2089.3415      0.32498807   1.8655354e-09      -23.025851       -23.025851      -4132.6314                                                  -4132.6314
              2      -2089.1504      0.26821863   2.1524148e-09      -23.025851       -23.025851      -4132.2491                                                  -4132.2491
              1       -2089.058      0.27069655   2.0238679e-09      -23.025851       -23.025851      -4132.0643                                                  -4132.0643
              1      -2089.3916       0.3055589   2.0104745e-09      -23.025851       -23.025851      -4132.7315                                                  -4132.7315
              2      -2089.0704      0.26783074   2.0883882e-09      -23.025851       -23.025851       -4132.089                                                   -4132.089
              1       -2088.928      0.27330732    1.889354e-09      -23.025851       -23.025851      -4131.8044                                                  -4131.8044
              2      -2089.1269      0.28123711   1.8913593e-09      -23.025851       -23.025851      -4132.2021                                                  -4132.2021
              1      -2089.2861      0.28813935   1.9151847e-09      -23.025851       -23.025851      -4132.5205                                                  -4132.5205
              2      -2089.3268      0.27429818   2.2951894e-09      -23.025851       -23.025851      -4132.6019                                                  -4132.6019
              2      -2089.2545      0.30300159   2.1606007e-09      -23.025851       -23.025851      -4132.4573                                                  -4132.4573
              2      -2089.2895      0.28630526   2.3402627e-09      -23.025851       -23.025851      -4132.5273                                                  -4132.5273
              2      -2088.3652      0.31629578   2.3079342e-09      -23.025851       -23.025851      -4130.6786                                                  -4130.6786
              2      -2088.5791      0.32790154   2.1088041e-09      -23.025851       -23.025851      -4131.1066                                                  -4131.1066
              1       -2089.393      0.31087741   1.9591853e-09      -23.025851       -23.025851      -4132.7344                                                  -4132.7344
              6      -2089.3889       0.3154755   1.9201034e-09      -23.025851       -23.025851      -4132.7262                                                  -4132.7262
              2      -2089.4618      0.31423325   1.7629924e-09      -23.025851       -23.025851      -4132.8719                                                  -4132.8719
              1      -2089.4889      0.32785387   1.6887068e-09      -23.025851       -23.025851      -4132.9261                                                  -4132.9261
              2       -2089.456      0.31207293   1.7882688e-09      -23.025851       -23.025851      -4132.8603                                                  -4132.8603
              1       -2089.211      0.36103829   1.6098501e-09      -23.025851       -23.025851      -4132.3703                                                  -4132.3703
              7      -2089.0923      0.36184304   1.6406967e-09      -23.025851       -23.025851      -4132.1328                                                  -4132.1328
              2      -2088.9054      0.35663162   1.7349522e-09      -23.025851       -23.025851       -4131.759                                                   -4131.759
              4      -2088.8749      0.27670458   1.8035658e-09      -23.025851       -23.025851       -4131.698                                                   -4131.698
              1      -2088.8648       0.2766686   1.7985551e-09      -23.025851       -23.025851      -4131.6779                                                  -4131.6779
              1      -2089.4817      0.32208925   1.6758702e-09      -23.025851       -23.025851      -4132.9116                                                  -4132.9116
              3      -2089.3856      0.28950776   2.0682384e-09      -23.025851       -23.025851      -4132.7194                                                  -4132.7194
              1      -2089.3021      0.26823889   2.4974433e-09      -23.025851       -23.025851      -4132.5526                                                  -4132.5526
              2      -2089.2871      0.27050731   2.2857197e-09      -23.025851       -23.025851      -4132.5225                                                  -4132.5225
              3      -2089.3539      0.28006247   2.2312016e-09      -23.025851       -23.025851       -4132.656                                                   -4132.656
              2      -2089.1303      0.27425747   2.0157577e-09      -23.025851       -23.025851      -4132.2089                                                  -4132.2089
              2      -2089.0984      0.27457897   1.9841622e-09      -23.025851       -23.025851       -4132.145                                                   -4132.145
              1      -2089.3654      0.28506039   2.1120011e-09      -23.025851       -23.025851      -4132.6792                                                  -4132.6792
              1      -2089.2935       0.2963016   1.7909999e-09      -23.025851       -23.025851      -4132.5352                                                  -4132.5352
              1      -2089.4618      0.31590193   1.8071539e-09      -23.025851       -23.025851      -4132.8718                                                  -4132.8718
              1      -2089.3334      0.31433823   1.9776669e-09      -23.025851       -23.025851       -4132.615                                                   -4132.615
              2      -2089.3666      0.28916244   2.0132288e-09      -23.025851       -23.025851      -4132.6814                                                  -4132.6814
              1      -2089.3841      0.29136676   2.0095445e-09      -23.025851       -23.025851      -4132.7165                                                  -4132.7165
              4      -2089.3423      0.28731697    2.004378e-09      -23.025851       -23.025851      -4132.6328                                                  -4132.6328
              5      -2089.2681      0.28006052   2.0423163e-09      -23.025851       -23.025851      -4132.4846                                                  -4132.4846
              3       -2089.019      0.27947943   1.8456192e-09      -23.025851       -23.025851      -4131.9862                                                  -4131.9862
              1      -2089.0197      0.29075814   1.6803188e-09      -23.025851       -23.025851      -4131.9876                                                  -4131.9876
              1      -2089.4281      0.32304202   1.8134872e-09      -23.025851       -23.025851      -4132.8044                                                  -4132.8044
              1      -2089.3904      0.29349087   1.9774909e-09      -23.025851       -23.025851       -4132.729                                                   -4132.729
              1      -2089.3776      0.29270872   1.9611405e-09      -23.025851       -23.025851      -4132.7035                                                  -4132.7035
              1      -2089.1591      0.29645311   1.6866229e-09      -23.025851       -23.025851      -4132.2666                                                  -4132.2666
              5      -2089.4462      0.34298901   1.6380351e-09      -23.025851       -23.025851      -4132.8407                                                  -4132.8407
              2      -2089.4826      0.32172745   1.7091383e-09      -23.025851       -23.025851      -4132.9134                                                  -4132.9134
              1      -2089.2486      0.28967931   1.8531268e-09      -23.025851       -23.025851      -4132.4455                                                  -4132.4455
              1      -2088.9946      0.28587981   1.7342489e-09      -23.025851       -23.025851      -4131.9376                                                  -4131.9376
              2      -2089.4377      0.30907905   1.7825529e-09      -23.025851       -23.025851      -4132.8237                                                  -4132.8237
              3      -2089.4561      0.31295897   1.7648482e-09      -23.025851       -23.025851      -4132.8605                                                  -4132.8605
              3      -2089.4359      0.31853708   1.6304157e-09      -23.025851       -23.025851        -4132.82                                                    -4132.82
              2      -2088.4974      0.27645428    1.624253e-09      -23.025851       -23.025851      -4130.9432                                                  -4130.9432
              1      -2089.2487      0.32042421   1.9657651e-09      -23.025851       -23.025851      -4132.4457                                                  -4132.4457
              3      -2089.2768      0.30530982   2.1178181e-09      -23.025851       -23.025851      -4132.5018                                                  -4132.5018
              3      -2089.1807      0.29720661   2.2816655e-09      -23.025851       -23.025851      -4132.3097                                                  -4132.3097
              1      -2089.2492      0.27964594   2.4712509e-09      -23.025851       -23.025851      -4132.4466                                                  -4132.4466
              4      -2089.2748      0.27347439    2.522151e-09      -23.025851       -23.025851      -4132.4979                                                  -4132.4979
              6      -2089.1819      0.27692519   2.5739793e-09      -23.025851       -23.025851       -4132.312                                                   -4132.312
              1       -2089.314      0.27098936    2.445861e-09      -23.025851       -23.025851      -4132.5763                                                  -4132.5763
              4      -2089.2937      0.28248665   2.3831732e-09      -23.025851       -23.025851      -4132.5358                                                  -4132.5358
              1      -2089.3815       0.2926748   2.1375065e-09      -23.025851       -23.025851      -4132.7113                                                  -4132.7113
              1      -2088.4211      0.33184089   2.0993296e-09      -23.025851       -23.025851      -4130.7904                                                  -4130.7904
              1      -2087.0995      0.32769574   2.3857687e-09      -23.025851       -23.025851      -4128.1472                                                  -4128.1472
              1      -2089.4112      0.30055237   2.0157584e-09      -23.025851       -23.025851      -4132.7708                                                  -4132.7708
              2      -2089.3648      0.32875559   1.8149906e-09      -23.025851       -23.025851      -4132.6779                                                  -4132.6779
              3      -2088.6329      0.33881811   1.9732532e-09      -23.025851       -23.025851       -4131.214                                                   -4131.214
              1      -2089.2291      0.30583883   2.1424689e-09      -23.025851       -23.025851      -4132.4065                                                  -4132.4065
              1      -2089.4139      0.30031191   2.0090512e-09      -23.025851       -23.025851      -4132.7762                                                  -4132.7762
              2       -2089.442      0.30729048   1.8899353e-09      -23.025851       -23.025851      -4132.8323                                                  -4132.8323
              4      -2089.3903      0.29843212   2.0754116e-09      -23.025851       -23.025851      -4132.7289                                                  -4132.7289
              1      -2089.0939      0.28583129   1.7957691e-09      -23.025851       -23.025851      -4132.1361                                                  -4132.1361
              4      -2089.3557      0.30866267   1.6731703e-09      -23.025851       -23.025851      -4132.6597                                                  -4132.6597
              1      -2089.1996      0.31864973   2.0100426e-09      -23.025851       -23.025851      -4132.3475                                                  -4132.3475
              2      -2088.9533       0.3185851   2.1113179e-09      -23.025851       -23.025851      -4131.8548                                                  -4131.8548
              5       -2088.087      0.32945447   2.1970276e-09      -23.025851       -23.025851      -4130.1223                                                  -4130.1223
              1      -2089.3257      0.28066976   2.1163071e-09      -23.025851       -23.025851      -4132.5998                                                  -4132.5998
              3      -2089.3401      0.28145942   2.1294587e-09      -23.025851       -23.025851      -4132.6286                                                  -4132.6286
              3      -2089.1586      0.27608049   2.0064133e-09      -23.025851       -23.025851      -4132.2654                                                  -4132.2654
              3      -2089.2484      0.27997717   2.0210942e-09      -23.025851       -23.025851      -4132.4452                                                  -4132.4452
              6      -2088.8237      0.28791399   1.6177009e-09      -23.025851       -23.025851      -4131.5956                                                  -4131.5956
              1      -2089.0139      0.29448433   1.6278717e-09      -23.025851       -23.025851      -4131.9762                                                  -4131.9762
              4      -2089.0689      0.29183264    1.693906e-09      -23.025851       -23.025851      -4132.0861                                                  -4132.0861
              4       -2088.464       0.2727188   1.6619946e-09      -23.025851       -23.025851      -4130.8763                                                  -4130.8763
              5       -2088.945      0.26746204   2.0026664e-09      -23.025851       -23.025851      -4131.8383                                                  -4131.8383
              1      -2089.4156      0.30217123   1.8594858e-09      -23.025851       -23.025851      -4132.7796                                                  -4132.7796
              1       -2088.944      0.30744105   2.2561746e-09      -23.025851       -23.025851      -4131.8362                                                  -4131.8362
              2       -2089.319      0.28408641    2.329969e-09      -23.025851       -23.025851      -4132.5863                                                  -4132.5863
              1      -2089.2738      0.30102222   1.7059617e-09      -23.025851       -23.025851      -4132.4959                                                  -4132.4959
              2      -2089.2605      0.30008755   1.7084262e-09      -23.025851       -23.025851      -4132.4694                                                  -4132.4694
              1      -2089.2847      0.30673606   1.6384118e-09      -23.025851       -23.025851      -4132.5176                                                  -4132.5176
              1      -2089.3927      0.31151093   1.6728406e-09      -23.025851       -23.025851      -4132.7336                                                  -4132.7336
              1      -2088.5546      0.35250391   1.8525255e-09      -23.025851       -23.025851      -4131.0574                                                  -4131.0574
              1      -2088.1651      0.32794028   2.2003696e-09      -23.025851       -23.025851      -4130.2785                                                  -4130.2785
              1      -2088.4353      0.31626969   2.2912617e-09      -23.025851       -23.025851      -4130.8189                                                  -4130.8189
              1      -2088.5309      0.26945054   1.7407031e-09      -23.025851       -23.025851      -4131.0101                                                  -4131.0101
              3      -2088.4755      0.26666566   1.7577766e-09      -23.025851       -23.025851      -4130.8994                                                  -4130.8994
              1      -2089.4159      0.30641242   1.9664803e-09      -23.025851       -23.025851      -4132.7801                                                  -4132.7801
              1      -2089.3652      0.31271453   1.9687199e-09      -23.025851       -23.025851      -4132.6786                                                  -4132.6786
              1       -2089.361      0.31256518    1.973724e-09      -23.025851       -23.025851      -4132.6704                                                  -4132.6704
              2      -2089.3162      0.28903862   1.9341153e-09      -23.025851       -23.025851      -4132.5807                                                  -4132.5807
              2      -2089.2564       0.3320965   1.8435713e-09      -23.025851       -23.025851      -4132.4612                                                  -4132.4612
              1       -2089.275      0.31198472    2.042716e-09      -23.025851       -23.025851      -4132.4984                                                  -4132.4984
              4      -2089.4008      0.30601886   1.9937031e-09      -23.025851       -23.025851      -4132.7499                                                  -4132.7499
              1      -2089.0372      0.31622142   2.1086778e-09      -23.025851       -23.025851      -4132.0227                                                  -4132.0227
              2      -2089.4061      0.31487373   1.9081105e-09      -23.025851       -23.025851      -4132.7604                                                  -4132.7604
              2      -2089.1047       0.2851803   1.8128774e-09      -23.025851       -23.025851      -4132.1577                                                  -4132.1577
              1      -2089.3721      0.32357368   1.8579619e-09      -23.025851       -23.025851      -4132.6925                                                  -4132.6925
              1      -2088.8593        0.299202   2.4041476e-09      -23.025851       -23.025851       -4131.667                                                   -4131.667
              1      -2088.4479      0.29765547   2.5627225e-09      -23.025851       -23.025851       -4130.844                                                   -4130.844
              2      -2089.0294      0.28208083   2.5943558e-09      -23.025851       -23.025851      -4132.0071                                                  -4132.0071
              3      -2089.2364      0.27880691   2.4960513e-09      -23.025851       -23.025851      -4132.4212                                                  -4132.4212
              3      -2088.9474       0.2853755   2.5825315e-09      -23.025851       -23.025851       -4131.843                                                   -4131.843
              1      -2089.3072      0.27050968   2.4781971e-09      -23.025851       -23.025851      -4132.5626                                                  -4132.5626
              1      -2089.3535      0.29712394   1.8426428e-09      -23.025851       -23.025851      -4132.6553                                                  -4132.6553
              3      -2089.4099      0.30211086    1.847111e-09      -23.025851       -23.025851      -4132.7681                                                  -4132.7681
              1       -2089.487      0.33153918   1.6744024e-09      -23.025851       -23.025851      -4132.9224                                                  -4132.9224
              1      -2088.9731      0.34011675   1.8698286e-09      -23.025851       -23.025851      -4131.8946                                                  -4131.8946
              1      -2087.3207      0.34009228   2.1949028e-09      -23.025851       -23.025851      -4128.5898                                                  -4128.5898
              3      -2088.7419      0.31110346   2.2763353e-09      -23.025851       -23.025851      -4131.4321                                                  -4131.4321
              1       -2089.346      0.28689397    2.257294e-09      -23.025851       -23.025851      -4132.6404                                                  -4132.6404
              1      -2089.3924      0.29313077   2.1043647e-09      -23.025851       -23.025851      -4132.7331                                                  -4132.7331
              9      -2089.3033       0.2677499   2.4758636e-09      -23.025851       -23.025851      -4132.5548                                                  -4132.5548
              1      -2089.3615      0.28320652   2.1526626e-09      -23.025851       -23.025851      -4132.6713                                                  -4132.6713
              3      -2089.3467      0.28691855   2.2559062e-09      -23.025851       -23.025851      -4132.6416                                                  -4132.6416
              3      -2089.4064      0.29565366   1.9855995e-09      -23.025851       -23.025851      -4132.7611                                                  -4132.7611
              2      -2089.3315      0.29508628   1.8493898e-09      -23.025851       -23.025851      -4132.6113                                                  -4132.6113
              4       -2089.255      0.28995679   1.8543601e-09      -23.025851       -23.025851      -4132.4583                                                  -4132.4583
              3      -2089.3682      0.29972172   2.0966946e-09      -23.025851       -23.025851      -4132.6847                                                  -4132.6847
              2      -2089.3513      0.29960024   2.1182347e-09      -23.025851       -23.025851      -4132.6509                                                  -4132.6509
              1      -2088.9364      0.27686094   1.8369133e-09      -23.025851       -23.025851      -4131.8212                                                  -4131.8212
              1      -2089.3305      0.28736135    1.984704e-09      -23.025851       -23.025851      -4132.6094                                                  -4132.6094
              1      -2089.2963      0.28332141   2.0147748e-09      -23.025851       -23.025851      -4132.5409                                                  -4132.5409
              1      -2088.9425      0.27243113   1.9131269e-09      -23.025851       -23.025851      -4131.8333                                                  -4131.8333
              2      -2088.9824      0.27580502   1.8819199e-09      -23.025851       -23.025851      -4131.9132                                                  -4131.9132
              4      -2088.4253       0.2675491   1.7209855e-09      -23.025851       -23.025851      -4130.7989                                                  -4130.7989
              2      -2089.4284       0.3172765   1.8610869e-09      -23.025851       -23.025851      -4132.8051                                                  -4132.8051
              1      -2089.3841      0.31925237   1.8889053e-09      -23.025851       -23.025851      -4132.7165                                                  -4132.7165
              3      -2089.4857       0.3253689   1.6261823e-09      -23.025851       -23.025851      -4132.9198                                                  -4132.9198
              1      -2089.4969      0.32764695    1.633572e-09      -23.025851       -23.025851      -4132.9422                                                  -4132.9422
              2      -2089.4163      0.30804076   1.7562582e-09      -23.025851       -23.025851      -4132.7809                                                  -4132.7809
              5      -2088.8664      0.28241332   1.7139626e-09      -23.025851       -23.025851      -4131.6812                                                  -4131.6812
              2      -2089.3023      0.29331332    1.846244e-09      -23.025851       -23.025851       -4132.553                                                   -4132.553
              1      -2088.7337       0.3360876   1.9776943e-09      -23.025851       -23.025851      -4131.4157                                                  -4131.4157
              1      -2087.7356      0.33079737   2.2441809e-09      -23.025851       -23.025851      -4129.4194                                                  -4129.4194
              1      -2088.6265      0.31462244   2.2631261e-09      -23.025851       -23.025851      -4131.2013                                                  -4131.2013
              1      -2089.3041      0.28947572   2.2852909e-09      -23.025851       -23.025851      -4132.5564                                                  -4132.5564
              4      -2089.3959      0.29399211   2.0899839e-09      -23.025851       -23.025851        -4132.74                                                    -4132.74
              1      -2089.4387      0.31764533    1.844121e-09      -23.025851       -23.025851      -4132.8256                                                  -4132.8256
              1       -2089.229      0.27599452   2.0768056e-09      -23.025851       -23.025851      -4132.4063                                                  -4132.4063
              1         -2088.7      0.26738423   1.8581895e-09      -23.025851       -23.025851      -4131.3484                                                  -4131.3484
              1       -2089.133      0.28608307    1.818589e-09      -23.025851       -23.025851      -4132.2144                                                  -4132.2144
              1      -2089.3591      0.28329866   2.1386319e-09      -23.025851       -23.025851      -4132.6665                                                  -4132.6665
              3       -2089.465      0.31913158   1.7861099e-09      -23.025851       -23.025851      -4132.8783                                                  -4132.8783
              1      -2089.1907      0.33230903   1.8708223e-09      -23.025851       -23.025851      -4132.3297                                                  -4132.3297
              2      -2089.3389      0.27908415   2.3341976e-09      -23.025851       -23.025851      -4132.6261                                                  -4132.6261
              1       -2089.228      0.29066252   2.3378694e-09      -23.025851       -23.025851      -4132.4044                                                  -4132.4044
              3      -2089.1135      0.28475598   2.5019139e-09      -23.025851       -23.025851      -4132.1754                                                  -4132.1754
              1      -2089.1072      0.28531779   2.4972736e-09      -23.025851       -23.025851      -4132.1627                                                  -4132.1627
              5      -2088.7667      0.29113816   2.5644588e-09      -23.025851       -23.025851      -4131.4816                                                  -4131.4816
              2      -2088.3876      0.32564715   2.1813084e-09      -23.025851       -23.025851      -4130.7235                                                  -4130.7235
              1      -2089.3026      0.30895228   2.0579642e-09      -23.025851       -23.025851      -4132.5536                                                  -4132.5536
              2      -2089.3574      0.34603209   1.6694941e-09      -23.025851       -23.025851      -4132.6632                                                  -4132.6632
              2      -2088.3767      0.33695635    2.050367e-09      -23.025851       -23.025851      -4130.7016                                                  -4130.7016
              2      -2089.1317      0.34470567   1.7751162e-09      -23.025851       -23.025851      -4132.2117                                                  -4132.2117
              3      -2088.6802       0.3439571   1.9088152e-09      -23.025851       -23.025851      -4131.3087                                                  -4131.3087
              3      -2089.3647      0.28624705    2.077127e-09      -23.025851       -23.025851      -4132.6777                                                  -4132.6777
              3       -2089.422      0.31153582   1.7108006e-09      -23.025851       -23.025851      -4132.7922                                                  -4132.7922
              2      -2089.3942      0.31099797   1.6818093e-09      -23.025851       -23.025851      -4132.7368                                                  -4132.7368
              2      -2089.1001      0.29869769   1.6214887e-09      -23.025851       -23.025851      -4132.1486                                                  -4132.1486
              1      -2089.1464      0.32821776   1.9306943e-09      -23.025851       -23.025851      -4132.2411                                                  -4132.2411
              1      -2089.2792      0.30090812   2.1682143e-09      -23.025851       -23.025851      -4132.5068                                                  -4132.5068
              4      -2088.8676      0.31261622   2.2155171e-09      -23.025851       -23.025851      -4131.6834                                                  -4131.6834
              5      -2088.1198      0.30349121    2.554159e-09      -23.025851       -23.025851       -4130.188                                                   -4130.188
              2      -2089.0091      0.29965262   2.3362661e-09      -23.025851       -23.025851      -4131.9665                                                  -4131.9665
              2      -2088.9417      0.28712664   2.5565898e-09      -23.025851       -23.025851      -4131.8316                                                  -4131.8316
              2      -2089.3018      0.27656086   2.4416229e-09      -23.025851       -23.025851      -4132.5519                                                  -4132.5519
              2      -2088.9427      0.30549236   2.2829205e-09      -23.025851       -23.025851      -4131.8336                                                  -4131.8336
              1      -2089.3509      0.27930011   2.2609535e-09      -23.025851       -23.025851      -4132.6501                                                  -4132.6501
              3      -2089.2959      0.27763694   2.1311926e-09      -23.025851       -23.025851      -4132.5401                                                  -4132.5401
              1      -2088.7724      0.30103897   2.4084782e-09      -23.025851       -23.025851      -4131.4932                                                  -4131.4932
              1      -2088.8137      0.26884882   1.8965357e-09      -23.025851       -23.025851      -4131.5757                                                  -4131.5757
              6      -2089.1629      0.29858291   1.6606846e-09      -23.025851       -23.025851      -4132.2742                                                  -4132.2742
              1      -2089.3936      0.30242334   1.8116179e-09      -23.025851       -23.025851      -4132.7355                                                  -4132.7355
              1      -2088.4891      0.30664043   2.4127155e-09      -23.025851       -23.025851      -4130.9265                                                  -4130.9265
              1      -2088.6296      0.30291261   2.4271748e-09      -23.025851       -23.025851      -4131.2075                                                  -4131.2075
              3      -2088.2856      0.31354852   2.3649046e-09      -23.025851       -23.025851      -4130.5195                                                  -4130.5195
              1      -2088.6178      0.30551695    2.392359e-09      -23.025851       -23.025851      -4131.1839                                                  -4131.1839
              1      -2088.7754      0.31529043   2.2106818e-09      -23.025851       -23.025851      -4131.4991                                                  -4131.4991
              2      -2088.4719      0.32065745   2.2244895e-09      -23.025851       -23.025851      -4130.8922                                                  -4130.8922
              2      -2088.7771      0.30930673   2.2894895e-09      -23.025851       -23.025851      -4131.5025                                                  -4131.5025
              1      -2089.2281      0.31433562   2.0436517e-09      -23.025851       -23.025851      -4132.4044                                                  -4132.4044
              3      -2089.3891      0.29276931   1.9907491e-09      -23.025851       -23.025851      -4132.7265                                                  -4132.7265
              1      -2089.4524      0.32204477   1.7915116e-09      -23.025851       -23.025851      -4132.8532                                                  -4132.8532
              1      -2089.0642      0.33192481   1.9232409e-09      -23.025851       -23.025851      -4132.0767                                                  -4132.0767
              1       -2089.099      0.32529887   1.9805874e-09      -23.025851       -23.025851      -4132.1462                                                  -4132.1462
              1      -2089.2294      0.31619742   2.0221525e-09      -23.025851       -23.025851      -4132.4071                                                  -4132.4071
              3      -2089.4589      0.31305493   1.8164425e-09      -23.025851       -23.025851       -4132.866                                                   -4132.866
              1       -2089.467      0.32240801   1.6264083e-09      -23.025851       -23.025851      -4132.8823                                                  -4132.8823
              2      -2089.1508      0.35381778   1.6886238e-09      -23.025851       -23.025851      -4132.2499                                                  -4132.2499
              2      -2089.1322       0.3535781   1.6967046e-09      -23.025851       -23.025851      -4132.2128                                                  -4132.2128
              1      -2088.0596      0.35561861   1.9130865e-09      -23.025851       -23.025851      -4130.0675                                                  -4130.0675
              1      -2087.4311      0.34702822   2.0990254e-09      -23.025851       -23.025851      -4128.8104                                                  -4128.8104
              2       -2089.054      0.27292022   1.9803073e-09      -23.025851       -23.025851      -4132.0563                                                  -4132.0563
              1      -2089.3917      0.29893871   2.0690306e-09      -23.025851       -23.025851      -4132.7317                                                  -4132.7317
              2      -2089.3522      0.29850041   2.1289199e-09      -23.025851       -23.025851      -4132.6527                                                  -4132.6527
              2      -2088.9255      0.29912294   2.3793941e-09      -23.025851       -23.025851      -4131.7993                                                  -4131.7993
              1       -2089.145       0.2894062   2.4127349e-09      -23.025851       -23.025851      -4132.2383                                                  -4132.2383
              2      -2089.2849      0.28921074   2.3080812e-09      -23.025851       -23.025851      -4132.5182                                                  -4132.5182
              4      -2089.2361      0.29936692   2.2180546e-09      -23.025851       -23.025851      -4132.4205                                                  -4132.4205
              3      -2089.2785      0.26758174   2.3472373e-09      -23.025851       -23.025851      -4132.5053                                                  -4132.5053
              2      -2089.2798      0.26759703   2.3499796e-09      -23.025851       -23.025851      -4132.5079                                                  -4132.5079
              1      -2089.2951      0.27279507   2.2434935e-09      -23.025851       -23.025851      -4132.5384                                                  -4132.5384
              1      -2089.3534       0.2840508   2.2652124e-09      -23.025851       -23.025851      -4132.6551                                                  -4132.6551
              3      -2089.3258      0.27947675   2.3653814e-09      -23.025851       -23.025851      -4132.5999                                                  -4132.5999
              1      -2089.2849      0.27748297   2.4570995e-09      -23.025851       -23.025851      -4132.5182                                                  -4132.5182
              2      -2089.3344      0.28191906   2.3258835e-09      -23.025851       -23.025851      -4132.6171                                                  -4132.6171
              1      -2089.2043      0.26719663   2.2343351e-09      -23.025851       -23.025851      -4132.3569                                                  -4132.3569
              2      -2089.3895      0.30965859   1.6951457e-09      -23.025851       -23.025851      -4132.7274                                                  -4132.7274
              8      -2089.1835      0.28369206   1.8948804e-09      -23.025851       -23.025851      -4132.3152                                                  -4132.3152
              2      -2089.4398      0.30623634   1.8573418e-09      -23.025851       -23.025851      -4132.8279                                                  -4132.8279
              3      -2089.4561      0.31338067   1.8315488e-09      -23.025851       -23.025851      -4132.8604                                                  -4132.8604
              8      -2089.4701      0.33388597   1.6833496e-09      -23.025851       -23.025851      -4132.8886                                                  -4132.8886
              1      -2089.4249      0.31728309    1.865224e-09      -23.025851       -23.025851      -4132.7981                                                  -4132.7981
              3      -2089.4494      0.31001329   1.8043829e-09      -23.025851       -23.025851      -4132.8471                                                  -4132.8471
              3      -2089.2932      0.33789226    1.771764e-09      -23.025851       -23.025851      -4132.5347                                                  -4132.5347
              1      -2089.3736       0.3231705   1.8606696e-09      -23.025851       -23.025851      -4132.6955                                                  -4132.6955
              1      -2089.2953      0.30891228   2.0636109e-09      -23.025851       -23.025851      -4132.5388                                                  -4132.5388
              3      -2088.7188      0.26774412   1.8622588e-09      -23.025851       -23.025851      -4131.3859                                                  -4131.3859
              2      -2089.3715      0.28711666   2.1964543e-09      -23.025851       -23.025851      -4132.6913                                                  -4132.6913
              1      -2089.3714      0.28666509   2.1967609e-09      -23.025851       -23.025851       -4132.691                                                   -4132.691
              1      -2089.3301      0.29647596   1.8253609e-09      -23.025851       -23.025851      -4132.6085                                                  -4132.6085
              2      -2089.3823      0.30289046   1.7874274e-09      -23.025851       -23.025851      -4132.7129                                                  -4132.7129
              1      -2089.4446        0.319154   1.6347617e-09      -23.025851       -23.025851      -4132.8376                                                  -4132.8376
              4      -2089.4762      0.32679461   1.7214656e-09      -23.025851       -23.025851      -4132.9007                                                  -4132.9007
              1      -2089.4087      0.33791946   1.7055246e-09      -23.025851       -23.025851      -4132.7658                                                  -4132.7658
              1      -2089.1883      0.32693324   1.9263691e-09      -23.025851       -23.025851       -4132.325                                                   -4132.325
              2      -2089.2409      0.32495397   1.9223155e-09      -23.025851       -23.025851      -4132.4301                                                  -4132.4301
              2      -2089.2607      0.30438038   2.1398531e-09      -23.025851       -23.025851      -4132.4697                                                  -4132.4697
              2      -2089.2437       0.3041622   2.1535991e-09      -23.025851       -23.025851      -4132.4357                                                  -4132.4357
              2      -2089.1957       0.3036054    2.189783e-09      -23.025851       -23.025851      -4132.3397                                                  -4132.3397
              2      -2089.3114      0.32404325   1.8934756e-09      -23.025851       -23.025851       -4132.571                                                   -4132.571
              1      -2089.2965      0.28986711   1.8965324e-09      -23.025851       -23.025851      -4132.5413                                                  -4132.5413
              1       -2089.043      0.31871646   2.0769154e-09      -23.025851       -23.025851      -4132.0342                                                  -4132.0342
              4      -2089.0398      0.30362088   2.2680887e-09      -23.025851       -23.025851      -4132.0279                                                  -4132.0279
              1      -2089.4394      0.31109203   1.8886255e-09      -23.025851       -23.025851       -4132.827                                                   -4132.827
              2      -2089.4101       0.2997413   1.8949701e-09      -23.025851       -23.025851      -4132.7685                                                  -4132.7685
              1      -2089.3929      0.30208402   1.8161876e-09      -23.025851       -23.025851       -4132.734                                                   -4132.734
              2      -2089.3822      0.32820543   1.8078556e-09      -23.025851       -23.025851      -4132.7127                                                  -4132.7127
              2      -2089.3432       0.2910978   2.2189332e-09      -23.025851       -23.025851      -4132.6346                                                  -4132.6346
              3      -2089.3056      0.26913511   2.3885957e-09      -23.025851       -23.025851      -4132.5596                                                  -4132.5596
              1      -2089.2652      0.27195357   2.2101625e-09      -23.025851       -23.025851      -4132.4788                                                  -4132.4788
              7      -2087.3118      0.35122164   2.0694353e-09      -23.025851       -23.025851      -4128.5719                                                  -4128.5719
              1      -2087.5426       0.3382771   2.1835125e-09      -23.025851       -23.025851      -4129.0335                                                  -4129.0335
              2      -2087.8014      0.33659661   2.1619008e-09      -23.025851       -23.025851      -4129.5511                                                  -4129.5511
              1      -2089.2807      0.26664239    2.381354e-09      -23.025851       -23.025851      -4132.5096                                                  -4132.5096
              1      -2089.3783      0.32475822      1.8423e-09      -23.025851       -23.025851       -4132.705                                                   -4132.705
              3      -2088.3326      0.34028066   2.0226526e-09      -23.025851       -23.025851      -4130.6134                                                  -4130.6134
              2      -2088.3459      0.33976474   2.0256008e-09      -23.025851       -23.025851      -4130.6401                                                  -4130.6401
              6      -2089.2018       0.3505823   1.6983354e-09      -23.025851       -23.025851       -4132.352                                                   -4132.352
              2      -2089.4211      0.31788311   1.6202643e-09      -23.025851       -23.025851      -4132.7906                                                  -4132.7906
              2       -2089.309      0.29938929   2.1620141e-09      -23.025851       -23.025851      -4132.5663                                                  -4132.5663
              1      -2089.2631      0.28706387   1.9098335e-09      -23.025851       -23.025851      -4132.4745                                                  -4132.4745
              1      -2089.4125      0.30725702   1.7628358e-09      -23.025851       -23.025851      -4132.7734                                                  -4132.7734
              1      -2088.8652      0.34537952   1.8487211e-09      -23.025851       -23.025851      -4131.6787                                                  -4131.6787
              1      -2088.1187      0.32122849   2.2963607e-09      -23.025851       -23.025851      -4130.1857                                                  -4130.1857
              1      -2089.1995      0.27523799   2.0608378e-09      -23.025851       -23.025851      -4132.3473                                                  -4132.3473
              2      -2089.2676      0.29277017   1.8214036e-09      -23.025851       -23.025851      -4132.4836                                                  -4132.4836
              3      -2088.8003      0.31867207   2.1602804e-09      -23.025851       -23.025851      -4131.5488                                                  -4131.5488
              1      -2089.3373      0.30455007   2.0787503e-09      -23.025851       -23.025851      -4132.6229                                                  -4132.6229
              3      -2089.3656      0.31426507   1.9528186e-09      -23.025851       -23.025851      -4132.6795                                                  -4132.6795
              2      -2087.7149      0.35694548   1.9532122e-09      -23.025851       -23.025851      -4129.3781                                                  -4129.3781
              1      -2087.6751      0.35425457   1.9863316e-09      -23.025851       -23.025851      -4129.2985                                                  -4129.2985
              1      -2089.3929      0.30974823   1.6977526e-09      -23.025851       -23.025851       -4132.734                                                   -4132.734
              3      -2089.3825        0.308602   1.7019693e-09      -23.025851       -23.025851      -4132.7133                                                  -4132.7133
              1      -2089.0327      0.29676587   1.6087814e-09      -23.025851       -23.025851      -4132.0137                                                  -4132.0137
              6      -2089.0962      0.29666812   1.6453017e-09      -23.025851       -23.025851      -4132.1407                                                  -4132.1407
              1      -2088.9512      0.31023085   2.2165808e-09      -23.025851       -23.025851      -4131.8507                                                  -4131.8507
              2        -2089.31       0.2692741   2.4441264e-09      -23.025851       -23.025851      -4132.5683                                                  -4132.5683
              1      -2089.3362      0.28099069   2.3301677e-09      -23.025851       -23.025851      -4132.6207                                                  -4132.6207
              8      -2089.4033      0.29487735   1.9922734e-09      -23.025851       -23.025851      -4132.7549                                                  -4132.7549
              3      -2089.2213      0.28489954   2.4229607e-09      -23.025851       -23.025851       -4132.391                                                   -4132.391
              4      -2089.3094      0.27150287   2.3185715e-09      -23.025851       -23.025851      -4132.5671                                                  -4132.5671
              3      -2089.3621      0.29934951   2.1082373e-09      -23.025851       -23.025851      -4132.6725                                                  -4132.6725
              3      -2089.2415      0.27457437   2.5513153e-09      -23.025851       -23.025851      -4132.4313                                                  -4132.4313
              1      -2089.3212      0.27582285   2.4067877e-09      -23.025851       -23.025851      -4132.5907                                                  -4132.5907
              3      -2089.2924      0.27868452   2.4319051e-09      -23.025851       -23.025851      -4132.5331                                                  -4132.5331
              4      -2089.3462      0.28825515   2.2437043e-09      -23.025851       -23.025851      -4132.6408                                                  -4132.6408
              1      -2089.0401       0.2873629   1.7395483e-09      -23.025851       -23.025851      -4132.0285                                                  -4132.0285
              2      -2089.2076      0.29036919   2.3569774e-09      -23.025851       -23.025851      -4132.3634                                                  -4132.3634
              1      -2089.2702      0.29180992   1.8387879e-09      -23.025851       -23.025851      -4132.4886                                                  -4132.4886
              1      -2089.4723      0.32942838   1.7112054e-09      -23.025851       -23.025851      -4132.8928                                                  -4132.8928
              2      -2089.4349      0.33629342   1.6989934e-09      -23.025851       -23.025851      -4132.8181                                                  -4132.8181
              4      -2089.3859      0.30706341   1.7282758e-09      -23.025851       -23.025851      -4132.7202                                                  -4132.7202
              2      -2089.2935      0.29457505   1.8173686e-09      -23.025851       -23.025851      -4132.5352                                                  -4132.5352
              3      -2089.0647      0.28929405   1.7267155e-09      -23.025851       -23.025851      -4132.0776                                                  -4132.0776
              1      -2088.8461      0.28414718   1.6792816e-09      -23.025851       -23.025851      -4131.6406                                                  -4131.6406
              2      -2089.1037      0.28462237   2.5101895e-09      -23.025851       -23.025851      -4132.1557                                                  -4132.1557
              1      -2089.2967      0.26972893   2.5177419e-09      -23.025851       -23.025851      -4132.5416                                                  -4132.5416
              2      -2089.3435      0.27750756    2.271414e-09      -23.025851       -23.025851      -4132.6353                                                  -4132.6353
              2      -2089.2858      0.27488107   2.1759144e-09      -23.025851       -23.025851      -4132.5199                                                  -4132.5199
              2      -2089.2008      0.27644936   2.0386324e-09      -23.025851       -23.025851      -4132.3499                                                  -4132.3499
              2      -2089.3114      0.28293382   2.0432317e-09      -23.025851       -23.025851      -4132.5712                                                  -4132.5712
              2      -2089.3069      0.27931474   2.4023159e-09      -23.025851       -23.025851       -4132.562                                                   -4132.562
              2      -2089.4731      0.32563027   1.7339897e-09      -23.025851       -23.025851      -4132.8945                                                  -4132.8945
              4      -2089.4344       0.3311092   1.7410693e-09      -23.025851       -23.025851       -4132.817                                                   -4132.817
              4      -2089.3935      0.33252331   1.7616647e-09      -23.025851       -23.025851      -4132.7354                                                  -4132.7354
              3      -2089.4321      0.30930611   1.9151275e-09      -23.025851       -23.025851      -4132.8124                                                  -4132.8124
              3      -2089.1643      0.29919033   2.2648551e-09      -23.025851       -23.025851      -4132.2769                                                  -4132.2769
              2      -2089.3966      0.29818389   2.0650267e-09      -23.025851       -23.025851      -4132.7415                                                  -4132.7415
              1      -2089.2147      0.27398164     2.10123e-09      -23.025851       -23.025851      -4132.3776                                                  -4132.3776
              1      -2089.1834      0.27190647   2.1099328e-09      -23.025851       -23.025851      -4132.3152                                                  -4132.3152
              4      -2088.8128       0.2703555    1.870694e-09      -23.025851       -23.025851      -4131.5739                                                  -4131.5739
              2      -2089.3563      0.29296331   2.1807573e-09      -23.025851       -23.025851       -4132.661                                                   -4132.661
              3      -2089.3721      0.30413554    2.047794e-09      -23.025851       -23.025851      -4132.6926                                                  -4132.6926
              2      -2088.0927      0.34623807   2.0033576e-09      -23.025851       -23.025851      -4130.1337                                                  -4130.1337
              1      -2086.9184      0.34371367   2.2068255e-09      -23.025851       -23.025851      -4127.7851                                                  -4127.7851
              1      -2089.3297      0.27750584   2.3721944e-09      -23.025851       -23.025851      -4132.6076                                                  -4132.6076
              1      -2089.2892      0.26920181   2.3274801e-09      -23.025851       -23.025851      -4132.5266                                                  -4132.5266
              2      -2089.4401      0.30837018   1.8040255e-09      -23.025851       -23.025851      -4132.8286                                                  -4132.8286
              1      -2089.4494      0.30971021   1.8145097e-09      -23.025851       -23.025851      -4132.8472                                                  -4132.8472
              1      -2089.4366      0.31217928   1.8873604e-09      -23.025851       -23.025851      -4132.8215                                                  -4132.8215
              1      -2089.4161      0.29804342   1.9762149e-09      -23.025851       -23.025851      -4132.7806                                                  -4132.7806
              2      -2089.4061      0.29508591   2.0362268e-09      -23.025851       -23.025851      -4132.7605                                                  -4132.7605
              1      -2089.3477      0.27852306   2.2812514e-09      -23.025851       -23.025851      -4132.6437                                                  -4132.6437
              1       -2089.342      0.27722579   2.2757658e-09      -23.025851       -23.025851      -4132.6323                                                  -4132.6323
              2      -2089.3541      0.28048822   2.2651034e-09      -23.025851       -23.025851      -4132.6565                                                  -4132.6565
              2      -2089.3883      0.28972137   2.1121463e-09      -23.025851       -23.025851       -4132.725                                                   -4132.725
              2       -2089.336      0.29914435   2.1396853e-09      -23.025851       -23.025851      -4132.6202                                                  -4132.6202
              3      -2089.3212      0.28605153   1.9962934e-09      -23.025851       -23.025851      -4132.5907                                                  -4132.5907
              2      -2089.2815      0.27498523   2.1665561e-09      -23.025851       -23.025851      -4132.5113                                                  -4132.5113
              3      -2089.3406      0.28330936   2.0866714e-09      -23.025851       -23.025851      -4132.6294                                                  -4132.6294
              3      -2089.3788      0.28685675   2.1454094e-09      -23.025851       -23.025851      -4132.7058                                                  -4132.7058
              2      -2089.3527       0.2845408   2.0861278e-09      -23.025851       -23.025851      -4132.6537                                                  -4132.6537
              4      -2089.3864      0.28959382   2.0707901e-09      -23.025851       -23.025851      -4132.7211                                                  -4132.7211
              1      -2089.3594      0.28320387   2.1430092e-09      -23.025851       -23.025851       -4132.667                                                   -4132.667
              4      -2089.2637      0.30106712   2.1775387e-09      -23.025851       -23.025851      -4132.4756                                                  -4132.4756
              2      -2089.1663      0.31238276    2.098228e-09      -23.025851       -23.025851      -4132.2808                                                  -4132.2808
              3      -2089.1879      0.27670191   2.5723111e-09      -23.025851       -23.025851      -4132.3241                                                  -4132.3241
              2      -2089.3572      0.28290765   2.2583872e-09      -23.025851       -23.025851      -4132.6626                                                  -4132.6626
              1      -2089.1882      0.28224671   2.4882042e-09      -23.025851       -23.025851      -4132.3246                                                  -4132.3246
              2        -2089.26      0.28865212   2.3384544e-09      -23.025851       -23.025851      -4132.4684                                                  -4132.4684
              5      -2089.2679      0.29138329   2.2959578e-09      -23.025851       -23.025851      -4132.4842                                                  -4132.4842
              1      -2089.3527       0.2820695   2.1504715e-09      -23.025851       -23.025851      -4132.6537                                                  -4132.6537
              2         -2089.3      0.28664503   1.9573701e-09      -23.025851       -23.025851      -4132.5484                                                  -4132.5484
              1      -2089.3582      0.31149207   1.6380517e-09      -23.025851       -23.025851      -4132.6648                                                  -4132.6648
              3      -2089.4817      0.32501191     1.71873e-09      -23.025851       -23.025851      -4132.9116                                                  -4132.9116
              1      -2089.0777      0.31297144   2.1315265e-09      -23.025851       -23.025851      -4132.1038                                                  -4132.1038
              3      -2089.2491      0.30499879   2.1399805e-09      -23.025851       -23.025851      -4132.4464                                                  -4132.4464
              1       -2088.654       0.3183863   2.2062502e-09      -23.025851       -23.025851      -4131.2562                                                  -4131.2562
              3      -2088.6403      0.30746211   2.3577008e-09      -23.025851       -23.025851      -4131.2288                                                  -4131.2288
              1      -2088.8324      0.29852586   2.4243845e-09      -23.025851       -23.025851       -4131.613                                                   -4131.613
              1       -2089.343      0.28312772   2.0961789e-09      -23.025851       -23.025851      -4132.6344                                                  -4132.6344
              1      -2089.2624      0.28421141   1.9582508e-09      -23.025851       -23.025851      -4132.4731                                                  -4132.4731
              1      -2089.4454      0.31287517   1.8649163e-09      -23.025851       -23.025851      -4132.8391                                                  -4132.8391
              1      -2089.3434      0.34101289   1.7184575e-09      -23.025851       -23.025851      -4132.6351                                                  -4132.6351
              2      -2088.8081      0.34343789   1.8823823e-09      -23.025851       -23.025851      -4131.5645                                                  -4131.5645
              9      -2089.3729      0.31170645   1.9717416e-09      -23.025851       -23.025851       -4132.694                                                   -4132.694
              2      -2088.9675       0.3635473   1.6607112e-09      -23.025851       -23.025851      -4131.8832                                                  -4131.8832
              2      -2089.4238      0.30968226   1.9284126e-09      -23.025851       -23.025851      -4132.7959                                                  -4132.7959
              1      -2089.4326      0.31610546   1.8648386e-09      -23.025851       -23.025851      -4132.8134                                                  -4132.8134
              1      -2089.4126      0.31737443   1.8786982e-09      -23.025851       -23.025851      -4132.7736                                                  -4132.7736
              1      -2088.8271      0.34434683     1.86868e-09      -23.025851       -23.025851      -4131.6025                                                  -4131.6025
              3      -2088.6032      0.34138317   1.9530966e-09      -23.025851       -23.025851      -4131.1548                                                  -4131.1548
              4      -2088.5437      0.34327969   1.9466069e-09      -23.025851       -23.025851      -4131.0357                                                  -4131.0357
              1      -2088.7278      0.32061295   2.1576379e-09      -23.025851       -23.025851       -4131.404                                                   -4131.404
              3      -2089.4272      0.30430903   1.9528474e-09      -23.025851       -23.025851      -4132.8027                                                  -4132.8027
              2      -2088.9981      0.34413124   1.8233853e-09      -23.025851       -23.025851      -4131.9445                                                  -4131.9445
              1      -2088.5834      0.33944497   1.9780857e-09      -23.025851       -23.025851       -4131.115                                                   -4131.115
              1      -2089.1355       0.3227641   1.9936451e-09      -23.025851       -23.025851      -4132.2192                                                  -4132.2192
              2        -2089.29      0.32164542   1.9301223e-09      -23.025851       -23.025851      -4132.5284                                                  -4132.5284
              1      -2089.0278      0.32185069   2.0463594e-09      -23.025851       -23.025851      -4132.0039                                                  -4132.0039
              1      -2089.2358      0.26747871   2.2707363e-09      -23.025851       -23.025851        -4132.42                                                    -4132.42
              2      -2088.0102      0.31892255   2.3498489e-09      -23.025851       -23.025851      -4129.9687                                                  -4129.9687
              5      -2088.7365      0.32064328   2.1548098e-09      -23.025851       -23.025851      -4131.4213                                                  -4131.4213
              3      -2088.6069       0.3165168   2.2435773e-09      -23.025851       -23.025851      -4131.1621                                                  -4131.1621
              1      -2088.9029      0.31032343   2.2331376e-09      -23.025851       -23.025851      -4131.7541                                                  -4131.7541
              1      -2089.3607      0.33394976    1.770734e-09      -23.025851       -23.025851      -4132.6698                                                  -4132.6698
              1      -2087.8675      0.33144286   2.2131031e-09      -23.025851       -23.025851      -4129.6833                                                  -4129.6833
              3      -2088.6765      0.31235478    2.279153e-09      -23.025851       -23.025851      -4131.3013                                                  -4131.3013
              1      -2088.8916      0.29491688   2.4558355e-09      -23.025851       -23.025851      -4131.7314                                                  -4131.7314
              4      -2089.1596      0.26765436   2.1735348e-09      -23.025851       -23.025851      -4132.2674                                                  -4132.2674
              1       -2089.131      0.27588025   1.9874165e-09      -23.025851       -23.025851      -4132.2103                                                  -4132.2103
              1      -2089.1319      0.27788128   1.9522882e-09      -23.025851       -23.025851      -4132.2121                                                  -4132.2121
              2      -2089.4073      0.29555508   1.9969229e-09      -23.025851       -23.025851       -4132.763                                                   -4132.763
              1      -2089.2828      0.27132502   2.2563316e-09      -23.025851       -23.025851      -4132.5138                                                  -4132.5138
              1      -2088.8578      0.26513744   1.9885533e-09      -23.025851       -23.025851      -4131.6638                                                  -4131.6638
              2       -2089.264      0.29184368   1.8325934e-09      -23.025851       -23.025851      -4132.4762                                                  -4132.4762
              2      -2089.3402      0.31134646   2.0036889e-09      -23.025851       -23.025851      -4132.6286                                                  -4132.6286
              1        -2089.17      0.27637105   2.0111936e-09      -23.025851       -23.025851      -4132.2882                                                  -4132.2882
              8      -2089.0988       0.2699654   2.0704885e-09      -23.025851       -23.025851       -4132.146                                                   -4132.146
              2      -2089.3276      0.27376278   2.3800808e-09      -23.025851       -23.025851      -4132.6035                                                  -4132.6035
              6      -2089.1289       0.2886047   2.4343823e-09      -23.025851       -23.025851      -4132.2062                                                  -4132.2062
              1      -2089.1096      0.28766741   1.7786547e-09      -23.025851       -23.025851      -4132.1675                                                  -4132.1675
              5      -2089.4817      0.32454976    1.627534e-09      -23.025851       -23.025851      -4132.9117                                                  -4132.9117
              3      -2089.4547      0.31250927   1.8389635e-09      -23.025851       -23.025851      -4132.8576                                                  -4132.8576
              1      -2089.4116      0.30656121    1.772528e-09      -23.025851       -23.025851      -4132.7716                                                  -4132.7716
              3      -2089.0016      0.27351775    1.933158e-09      -23.025851       -23.025851      -4131.9515                                                  -4131.9515
              1      -2089.4505      0.31003009   1.8126996e-09      -23.025851       -23.025851      -4132.8493                                                  -4132.8493
              1      -2089.5047      0.33081731   1.6085745e-09      -23.025851       -23.025851      -4132.9576                                                  -4132.9576
              2      -2089.4998      0.33352701   1.6387068e-09      -23.025851       -23.025851      -4132.9479                                                  -4132.9479
              6      -2089.4713      0.32316501   1.7514292e-09      -23.025851       -23.025851       -4132.891                                                   -4132.891
              6      -2089.4555      0.32671677   1.7530617e-09      -23.025851       -23.025851      -4132.8593                                                  -4132.8593
              1      -2089.0328       0.2967778   1.6087245e-09      -23.025851       -23.025851       -4132.014                                                   -4132.014
              8      -2088.7915       0.2815861   1.6877965e-09      -23.025851       -23.025851      -4131.5312                                                  -4131.5312
              5      -2089.2888      0.26800596   2.3621011e-09      -23.025851       -23.025851      -4132.5258                                                  -4132.5258
              1      -2088.7393       0.3174815   2.1935356e-09      -23.025851       -23.025851      -4131.4269                                                  -4131.4269
              2      -2087.1485      0.35467177   2.0539003e-09      -23.025851       -23.025851      -4128.2454                                                  -4128.2454
              3       -2089.008      0.33966784   1.8633182e-09      -23.025851       -23.025851      -4131.9643                                                  -4131.9643
              2      -2088.8243      0.32780073   2.0446317e-09      -23.025851       -23.025851      -4131.5968                                                  -4131.5968
              3      -2089.3007      0.26741176   2.4973055e-09      -23.025851       -23.025851      -4132.5496                                                  -4132.5496
              1      -2089.3565      0.28075454   2.2286692e-09      -23.025851       -23.025851      -4132.6612                                                  -4132.6612
              4      -2089.2642      0.29520857   2.2501901e-09      -23.025851       -23.025851      -4132.4767                                                  -4132.4767
              1       -2089.098      0.27506954   1.9751319e-09      -23.025851       -23.025851      -4132.1443                                                  -4132.1443
              2      -2089.2434      0.26863364   2.2545552e-09      -23.025851       -23.025851      -4132.4352                                                  -4132.4352
              5      -2089.2256      0.28238339   2.4551524e-09      -23.025851       -23.025851      -4132.3994                                                  -4132.3994
              1      -2089.0349      0.26667261   2.0827083e-09      -23.025851       -23.025851      -4132.0181                                                  -4132.0181
              2      -2089.2119      0.27628052   2.5571749e-09      -23.025851       -23.025851       -4132.372                                                   -4132.372
              5      -2089.3202      0.27584952   2.4091701e-09      -23.025851       -23.025851      -4132.5886                                                  -4132.5886
              2      -2089.3624      0.29246056   2.1766214e-09      -23.025851       -23.025851      -4132.6731                                                  -4132.6731
              1      -2089.3648      0.28555938   2.2230834e-09      -23.025851       -23.025851       -4132.678                                                   -4132.678
              2      -2089.4611      0.31506912   1.7375561e-09      -23.025851       -23.025851      -4132.8704                                                  -4132.8704
              5       -2089.391      0.32243927   1.8535438e-09      -23.025851       -23.025851      -4132.7302                                                  -4132.7302
              3      -2089.2131      0.31614876   2.0311818e-09      -23.025851       -23.025851      -4132.3746                                                  -4132.3746
              5      -2089.2598       0.2736354   2.5412923e-09      -23.025851       -23.025851       -4132.468                                                   -4132.468
              2      -2089.0226      0.30078559   2.3142143e-09      -23.025851       -23.025851      -4131.9936                                                  -4131.9936
              3      -2089.4304      0.32379153    1.804904e-09      -23.025851       -23.025851       -4132.809                                                   -4132.809
              2      -2089.0716       0.2787106   1.8932514e-09      -23.025851       -23.025851      -4132.0916                                                  -4132.0916
              2      -2089.2013      0.27753364   2.0185627e-09      -23.025851       -23.025851      -4132.3508                                                  -4132.3508
              1       -2089.319      0.28461567   2.0211202e-09      -23.025851       -23.025851      -4132.5864                                                  -4132.5864
              1      -2089.3208       0.2836326   2.0436767e-09      -23.025851       -23.025851        -4132.59                                                    -4132.59
              1      -2088.9344      0.26867832    1.973859e-09      -23.025851       -23.025851       -4131.817                                                   -4131.817
              3      -2088.9545      0.27222075   1.9243384e-09      -23.025851       -23.025851      -4131.8573                                                  -4131.8573
              1      -2089.4792      0.32057698   1.7236781e-09      -23.025851       -23.025851      -4132.9068                                                  -4132.9068
              2      -2089.3185      0.32024348   1.9272097e-09      -23.025851       -23.025851      -4132.5853                                                  -4132.5853
              1      -2089.1842      0.32797304   1.9173795e-09      -23.025851       -23.025851      -4132.3167                                                  -4132.3167
              1      -2089.1286      0.33090934   1.9099208e-09      -23.025851       -23.025851      -4132.2056                                                  -4132.2056
              1      -2087.5288      0.32182634    2.398765e-09      -23.025851       -23.025851      -4129.0059                                                  -4129.0059
              1      -2088.3079      0.31875006   2.2881597e-09      -23.025851       -23.025851       -4130.564                                                   -4130.564
              2       -2087.406      0.34635825   2.1100952e-09      -23.025851       -23.025851      -4128.7603                                                  -4128.7603
              5      -2088.7154      0.30921618   2.3102361e-09      -23.025851       -23.025851      -4131.3792                                                  -4131.3792
              3      -2089.1191      0.31230211   2.1214897e-09      -23.025851       -23.025851      -4132.1866                                                  -4132.1866
              2      -2089.4585      0.31510571   1.7280717e-09      -23.025851       -23.025851      -4132.8652                                                  -4132.8652
              2      -2089.4701      0.31978934   1.6771903e-09      -23.025851       -23.025851      -4132.8885                                                  -4132.8885
              2      -2089.4743      0.32037731   1.7545168e-09      -23.025851       -23.025851      -4132.8968                                                  -4132.8968
             11      -2088.6923      0.29259867   2.5675677e-09      -23.025851       -23.025851      -4131.3329                                                  -4131.3329
              4      -2088.6761      0.29367385   2.5558411e-09      -23.025851       -23.025851      -4131.3005                                                  -4131.3005
              2      -2088.8481      0.31033391    2.252165e-09      -23.025851       -23.025851      -4131.6445                                                  -4131.6445
              3       -2089.019      0.30465008   2.2631578e-09      -23.025851       -23.025851      -4131.9864                                                  -4131.9864
              3      -2089.3804      0.28773228   2.1015725e-09      -23.025851       -23.025851      -4132.7091                                                  -4132.7091
              1      -2089.3359      0.28302049   2.0835433e-09      -23.025851       -23.025851      -4132.6202                                                  -4132.6202
              1      -2089.3695       0.2945778   1.9103662e-09      -23.025851       -23.025851      -4132.6873                                                  -4132.6873
              4      -2089.4413      0.31139155   1.7490636e-09      -23.025851       -23.025851      -4132.8308                                                  -4132.8308
              3      -2089.1958      0.30087022   1.6519993e-09      -23.025851       -23.025851      -4132.3399                                                  -4132.3399
              1      -2089.3233      0.30450714   1.6996008e-09      -23.025851       -23.025851      -4132.5949                                                  -4132.5949
              1      -2089.4539      0.31573139   1.8296618e-09      -23.025851       -23.025851       -4132.856                                                   -4132.856
              1      -2089.4331      0.30549285   1.9295808e-09      -23.025851       -23.025851      -4132.8144                                                  -4132.8144
              1      -2088.8997      0.32943182    2.003788e-09      -23.025851       -23.025851      -4131.7477                                                  -4131.7477
              3      -2088.6952       0.3138419   2.2537715e-09      -23.025851       -23.025851      -4131.3387                                                  -4131.3387
              1      -2089.3518      0.28178479   2.2812511e-09      -23.025851       -23.025851      -4132.6519                                                  -4132.6519
              1      -2089.3779       0.2921545   1.9747329e-09      -23.025851       -23.025851      -4132.7041                                                  -4132.7041
              1       -2089.062      0.31785049   2.0795709e-09      -23.025851       -23.025851      -4132.0724                                                  -4132.0724
              1      -2089.0247      0.31218487   2.1626315e-09      -23.025851       -23.025851      -4131.9977                                                  -4131.9977
              1      -2089.3619      0.28319289   2.2365856e-09      -23.025851       -23.025851      -4132.6722                                                  -4132.6722
              1      -2089.3672      0.28572525    2.099526e-09      -23.025851       -23.025851      -4132.6826                                                  -4132.6826
              1       -2089.367        0.283842   2.1651115e-09      -23.025851       -23.025851      -4132.6823                                                  -4132.6823
              1      -2089.3671      0.28381547   2.1651499e-09      -23.025851       -23.025851      -4132.6824                                                  -4132.6824
              5      -2089.0553      0.33259065   1.9193799e-09      -23.025851       -23.025851       -4132.059                                                   -4132.059
              6      -2088.6887      0.34331083   1.9133676e-09      -23.025851       -23.025851      -4131.3257                                                  -4131.3257
              1      -2088.4091      0.31844118   2.2686635e-09      -23.025851       -23.025851      -4130.7666                                                  -4130.7666
              1      -2088.4494      0.31575087   2.2947538e-09      -23.025851       -23.025851       -4130.847                                                   -4130.847
              1      -2089.3407      0.30069653    2.117603e-09      -23.025851       -23.025851      -4132.6296                                                  -4132.6296
              1      -2089.4843      0.32495319   1.7111654e-09      -23.025851       -23.025851       -4132.917                                                   -4132.917
              1      -2089.1751      0.34433509   1.7629598e-09      -23.025851       -23.025851      -4132.2986                                                  -4132.2986
              3      -2089.2919      0.27750846   2.1276472e-09      -23.025851       -23.025851      -4132.5321                                                  -4132.5321
              1      -2089.2569       0.2959265   2.2469009e-09      -23.025851       -23.025851      -4132.4622                                                  -4132.4622
              1      -2088.7436      0.29921609   2.4457064e-09      -23.025851       -23.025851      -4131.4355                                                  -4131.4355
              5      -2089.1874      0.27671874   2.5724557e-09      -23.025851       -23.025851      -4132.3231                                                  -4132.3231
              2      -2089.0351      0.30354858   2.2710438e-09      -23.025851       -23.025851      -4132.0185                                                  -4132.0185
              3       -2089.241      0.33362862   1.8359463e-09      -23.025851       -23.025851      -4132.4303                                                  -4132.4303
              3      -2089.1765      0.34196301   1.7836665e-09      -23.025851       -23.025851      -4132.3014                                                  -4132.3014
              1      -2087.8184      0.35933144   1.9143884e-09      -23.025851       -23.025851      -4129.5851                                                  -4129.5851
              1       -2087.752      0.32665704   2.2946304e-09      -23.025851       -23.025851      -4129.4523                                                  -4129.4523
              1      -2088.6449      0.32280558   2.1534056e-09      -23.025851       -23.025851      -4131.2381                                                  -4131.2381
              2       -2088.506      0.32894527   2.1140372e-09      -23.025851       -23.025851      -4130.9602                                                  -4130.9602
              3      -2089.3298      0.30720746   2.0564591e-09      -23.025851       -23.025851      -4132.6079                                                  -4132.6079
              1      -2089.3441      0.27794612   2.2565226e-09      -23.025851       -23.025851      -4132.6366                                                  -4132.6366
              7      -2088.8964       0.2680229   1.9605574e-09      -23.025851       -23.025851       -4131.741                                                   -4131.741
              2      -2089.2333      0.28061755    1.993413e-09      -23.025851       -23.025851      -4132.4149                                                  -4132.4149
              2      -2089.0846      0.29948434   2.3032107e-09      -23.025851       -23.025851      -4132.1175                                                  -4132.1175
              2      -2088.8434      0.34308996   1.8769184e-09      -23.025851       -23.025851      -4131.6351                                                  -4131.6351
              1      -2088.5034      0.33808385   2.0107186e-09      -23.025851       -23.025851       -4130.955                                                   -4130.955
              2      -2089.4098      0.29906881   2.0272443e-09      -23.025851       -23.025851       -4132.768                                                   -4132.768
              2      -2089.2979      0.27952729   2.0931537e-09      -23.025851       -23.025851      -4132.5441                                                  -4132.5441
              1      -2088.9314       0.2896915   1.6473614e-09      -23.025851       -23.025851       -4131.811                                                   -4131.811
              1      -2088.9464      0.29225059   1.6215842e-09      -23.025851       -23.025851      -4131.8411                                                  -4131.8411
              2      -2088.9525      0.29238065   1.6229792e-09      -23.025851       -23.025851      -4131.8532                                                  -4131.8532
              4      -2089.3646      0.28378891   2.2267084e-09      -23.025851       -23.025851      -4132.6775                                                  -4132.6775
              4      -2089.2217      0.26566501   2.2937817e-09      -23.025851       -23.025851      -4132.3917                                                  -4132.3917
              2      -2089.3576      0.28798256   2.2255825e-09      -23.025851       -23.025851      -4132.6635                                                  -4132.6635
              1      -2089.3921      0.29088901   2.0996266e-09      -23.025851       -23.025851      -4132.7325                                                  -4132.7325
              5      -2089.3836      0.31584807   1.9215797e-09      -23.025851       -23.025851      -4132.7154                                                  -4132.7154
              3      -2089.3939      0.31268991   1.9412851e-09      -23.025851       -23.025851       -4132.736                                                   -4132.736
              1       -2089.277      0.30399514   2.1331265e-09      -23.025851       -23.025851      -4132.5023                                                  -4132.5023
              1      -2089.3838      0.28830372   2.1222823e-09      -23.025851       -23.025851       -4132.716                                                   -4132.716
              5      -2088.6721      0.33195245    2.038797e-09      -23.025851       -23.025851      -4131.2925                                                  -4131.2925
              4      -2088.1977      0.30140775   2.5687073e-09      -23.025851       -23.025851      -4130.3437                                                  -4130.3437
              2      -2089.3332       0.3113937   2.0085467e-09      -23.025851       -23.025851      -4132.6148                                                  -4132.6148
              1      -2088.9606      0.32889223   1.9905873e-09      -23.025851       -23.025851      -4131.8695                                                  -4131.8695
              2      -2089.3402       0.2807978   2.3217456e-09      -23.025851       -23.025851      -4132.6287                                                  -4132.6287
              1      -2089.4055      0.30854424   1.9636355e-09      -23.025851       -23.025851      -4132.7593                                                  -4132.7593
              1      -2088.9692      0.32309539   2.0527742e-09      -23.025851       -23.025851      -4131.8866                                                  -4131.8866
              2      -2089.3547      0.28842409   2.0041461e-09      -23.025851       -23.025851      -4132.6577                                                  -4132.6577
              1      -2089.3251      0.28477147   2.0274093e-09      -23.025851       -23.025851      -4132.5986                                                  -4132.5986
              1      -2089.1815      0.28211386   1.9197218e-09      -23.025851       -23.025851      -4132.3113                                                  -4132.3113
              1      -2089.3758      0.28694659    2.175885e-09      -23.025851       -23.025851         -4132.7                                                     -4132.7
              1      -2089.3179      0.27472079   2.2484408e-09      -23.025851       -23.025851      -4132.5842                                                  -4132.5842
              1      -2089.3904      0.30307414   1.7959388e-09      -23.025851       -23.025851      -4132.7291                                                  -4132.7291
              7      -2089.4456      0.31654826   1.8412043e-09      -23.025851       -23.025851      -4132.8395                                                  -4132.8395
              1      -2089.4649      0.31546576   1.7480331e-09      -23.025851       -23.025851      -4132.8781                                                  -4132.8781
              2      -2089.4939      0.33374714   1.6499749e-09      -23.025851       -23.025851      -4132.9361                                                  -4132.9361
              3      -2089.0874      0.35651178    1.685922e-09      -23.025851       -23.025851      -4132.1232                                                  -4132.1232
              3      -2089.3443      0.29080645   2.2203204e-09      -23.025851       -23.025851      -4132.6369                                                  -4132.6369
              2      -2089.1181      0.32822109   1.9419596e-09      -23.025851       -23.025851      -4132.1845                                                  -4132.1845
              1      -2088.7513        0.334184   1.9937038e-09      -23.025851       -23.025851      -4131.4508                                                  -4131.4508
              1      -2089.0266      0.33412716   1.9133184e-09      -23.025851       -23.025851      -4132.0015                                                  -4132.0015
              1      -2088.7665      0.34735389   1.8546392e-09      -23.025851       -23.025851      -4131.4813                                                  -4131.4813
              2      -2088.8977      0.34658698   1.8284964e-09      -23.025851       -23.025851      -4131.7437                                                  -4131.7437
              4      -2089.3494      0.33199017   1.7952107e-09      -23.025851       -23.025851      -4132.6471                                                  -4132.6471
              2      -2089.4837      0.33963623   1.6273114e-09      -23.025851       -23.025851      -4132.9156                                                  -4132.9156
              1       -2088.819      0.33128984   2.0070129e-09      -23.025851       -23.025851      -4131.5862                                                  -4131.5862
              2      -2089.3957      0.29490537   2.0868562e-09      -23.025851       -23.025851      -4132.7397                                                  -4132.7397
              1      -2089.3444      0.28110606   2.1500587e-09      -23.025851       -23.025851       -4132.637                                                   -4132.637
              2        -2089.19      0.29514092    2.303606e-09      -23.025851       -23.025851      -4132.3282                                                  -4132.3282
              1      -2089.0402      0.30849986   2.2035399e-09      -23.025851       -23.025851      -4132.0288                                                  -4132.0288
              1      -2088.0153      0.31608705   2.3884147e-09      -23.025851       -23.025851      -4129.9789                                                  -4129.9789
              1      -2088.3076      0.30755852   2.4463045e-09      -23.025851       -23.025851      -4130.5634                                                  -4130.5634
              2      -2089.3919      0.29656584   2.0864918e-09      -23.025851       -23.025851      -4132.7321                                                  -4132.7321
              1      -2089.4949      0.32855481   1.6677855e-09      -23.025851       -23.025851      -4132.9381                                                  -4132.9381
              2      -2089.4028       0.3276486   1.7971618e-09      -23.025851       -23.025851      -4132.7539                                                  -4132.7539
              2      -2089.1287      0.29949251   1.6278932e-09      -23.025851       -23.025851      -4132.2056                                                  -4132.2056
              3      -2088.9422      0.36407291   1.6629521e-09      -23.025851       -23.025851      -4131.8327                                                  -4131.8327
              1      -2088.8371      0.36204216   1.7050409e-09      -23.025851       -23.025851      -4131.6225                                                  -4131.6225
              2      -2089.4153      0.30507055   1.9777766e-09      -23.025851       -23.025851      -4132.7788                                                  -4132.7788
              2      -2089.0158      0.29288453   1.6496972e-09      -23.025851       -23.025851      -4131.9798                                                  -4131.9798
              1      -2089.3726      0.30213899   1.7864474e-09      -23.025851       -23.025851      -4132.6935                                                  -4132.6935
              4      -2089.3158      0.29256152   1.8731398e-09      -23.025851       -23.025851      -4132.5799                                                  -4132.5799
              2       -2089.442      0.31258121   1.7304522e-09      -23.025851       -23.025851      -4132.8324                                                  -4132.8324
              1      -2089.3587       0.3213448   1.8887755e-09      -23.025851       -23.025851      -4132.6657                                                  -4132.6657
              2      -2089.2625      0.32377997   1.9233715e-09      -23.025851       -23.025851      -4132.4734                                                  -4132.4734
              2       -2089.308      0.27581385   2.4377854e-09      -23.025851       -23.025851      -4132.5643                                                  -4132.5643
              4      -2089.2529      0.29250339   2.2939463e-09      -23.025851       -23.025851      -4132.4541                                                  -4132.4541
              9      -2089.2853        0.278927   2.4385666e-09      -23.025851       -23.025851      -4132.5189                                                  -4132.5189
              6       -2089.253      0.27173326   2.1967813e-09      -23.025851       -23.025851      -4132.4543                                                  -4132.4543
              1      -2089.4105      0.29862506   1.9216628e-09      -23.025851       -23.025851      -4132.7694                                                  -4132.7694
              1      -2089.2783      0.29265903   2.2707816e-09      -23.025851       -23.025851      -4132.5049                                                  -4132.5049
              3      -2089.2983      0.29069439   2.2761226e-09      -23.025851       -23.025851      -4132.5449                                                  -4132.5449
              1      -2089.2957      0.28521187   1.9782281e-09      -23.025851       -23.025851      -4132.5396                                                  -4132.5396
              1      -2089.3423      0.29018639   1.9488819e-09      -23.025851       -23.025851      -4132.6329                                                  -4132.6329
              2      -2089.0656      0.29303902   2.4043978e-09      -23.025851       -23.025851      -4132.0795                                                  -4132.0795
              1      -2089.2818      0.26906795   2.3132545e-09      -23.025851       -23.025851      -4132.5119                                                  -4132.5119
              1      -2089.3122       0.2752778   2.2180458e-09      -23.025851       -23.025851      -4132.5728                                                  -4132.5728
              2      -2088.8418      0.27554099   1.8034268e-09      -23.025851       -23.025851      -4131.6319                                                  -4131.6319
              2      -2089.0184      0.30758488   2.2246124e-09      -23.025851       -23.025851      -4131.9851                                                  -4131.9851
              1      -2089.2276      0.29348055   2.3003515e-09      -23.025851       -23.025851      -4132.4035                                                  -4132.4035
              2      -2089.3754      0.29012407   2.0133116e-09      -23.025851       -23.025851      -4132.6991                                                  -4132.6991
              1      -2088.9421      0.31732092   2.1305936e-09      -23.025851       -23.025851      -4131.8326                                                  -4131.8326
              2       -2088.813      0.35112637   1.8075476e-09      -23.025851       -23.025851      -4131.5743                                                  -4131.5743
              3       -2089.232      0.32699616   1.9057033e-09      -23.025851       -23.025851      -4132.4123                                                  -4132.4123
              2      -2089.3772      0.32806943   1.8126143e-09      -23.025851       -23.025851      -4132.7028                                                  -4132.7028
              3      -2089.4575      0.32519835   1.7616629e-09      -23.025851       -23.025851      -4132.8634                                                  -4132.8634
              1      -2089.2646      0.32457087    1.914336e-09      -23.025851       -23.025851      -4132.4775                                                  -4132.4775
              1      -2089.3345      0.31779136   1.9414425e-09      -23.025851       -23.025851      -4132.6173                                                  -4132.6173
              4      -2089.4059       0.3014816   1.8501937e-09      -23.025851       -23.025851      -4132.7601                                                  -4132.7601
              3      -2089.1899      0.28140668   1.9389278e-09      -23.025851       -23.025851      -4132.3281                                                  -4132.3281
              3      -2089.2506      0.28781468   1.8852457e-09      -23.025851       -23.025851      -4132.4495                                                  -4132.4495
              1      -2089.2456      0.30383632   1.6472747e-09      -23.025851       -23.025851      -4132.4394                                                  -4132.4394
              1      -2089.3017      0.33624328   1.7825974e-09      -23.025851       -23.025851      -4132.5517                                                  -4132.5517
              1      -2089.3907      0.33272185   1.7619078e-09      -23.025851       -23.025851      -4132.7296                                                  -4132.7296
              1       -2089.459      0.34290352   1.6283739e-09      -23.025851       -23.025851      -4132.8663                                                  -4132.8663
              1      -2088.9821      0.34442218   1.8253761e-09      -23.025851       -23.025851      -4131.9125                                                  -4131.9125
              1        -2089.38      0.30316545   2.0481321e-09      -23.025851       -23.025851      -4132.7084                                                  -4132.7084
              1      -2089.0616      0.27080208    2.024685e-09      -23.025851       -23.025851      -4132.0716                                                  -4132.0716
              1      -2088.9005      0.28916493   1.6386932e-09      -23.025851       -23.025851      -4131.7493                                                  -4131.7493
              3      -2089.4133      0.29806097   1.9474262e-09      -23.025851       -23.025851      -4132.7749                                                  -4132.7749
              2      -2089.1178      0.36242347   1.6284114e-09      -23.025851       -23.025851      -4132.1839                                                  -4132.1839
              1      -2088.7851      0.35138723   1.8118544e-09      -23.025851       -23.025851      -4131.5184                                                  -4131.5184
              2      -2088.7605      0.31295151   2.2458503e-09      -23.025851       -23.025851      -4131.4694                                                  -4131.4694
              2       -2088.654      0.31508029   2.2493348e-09      -23.025851       -23.025851      -4131.2563                                                  -4131.2563
              1       -2088.693      0.29661051   2.5032215e-09      -23.025851       -23.025851      -4131.3343                                                  -4131.3343
              1      -2089.2193       0.2839416   2.4381626e-09      -23.025851       -23.025851       -4132.387                                                   -4132.387
              2      -2089.0383      0.33812467   1.8691474e-09      -23.025851       -23.025851      -4132.0249                                                  -4132.0249
              2       -2088.912      0.34787402   1.8124654e-09      -23.025851       -23.025851      -4131.7724                                                  -4131.7724
              1      -2089.3896      0.29092442   2.0431671e-09      -23.025851       -23.025851      -4132.7274                                                  -4132.7274
              7      -2089.2261      0.29284499    1.785364e-09      -23.025851       -23.025851      -4132.4004                                                  -4132.4004
              2      -2088.8467       0.2834529   1.6892078e-09      -23.025851       -23.025851      -4131.6417                                                  -4131.6417
              1      -2089.2129      0.32932466   1.8909871e-09      -23.025851       -23.025851      -4132.3742                                                  -4132.3742
              2      -2089.0446      0.29093602   2.4465576e-09      -23.025851       -23.025851      -4132.0374                                                  -4132.0374
              1       -2088.871      0.29655017   2.4392669e-09      -23.025851       -23.025851      -4131.6903                                                  -4131.6903
              1      -2088.6814      0.31800851   2.2035723e-09      -23.025851       -23.025851       -4131.311                                                   -4131.311
              1      -2086.6381      0.33441269   2.3594384e-09      -23.025851       -23.025851      -4127.2246                                                  -4127.2246
              5       -2086.596      0.33725206    2.327883e-09      -23.025851       -23.025851      -4127.1403                                                  -4127.1403
              1      -2086.1284      0.33016709   2.4809677e-09      -23.025851       -23.025851      -4126.2051                                                  -4126.2051
              1      -2086.3541      0.32398536   2.5416797e-09      -23.025851       -23.025851      -4126.6565                                                  -4126.6565
              3       -2088.795      0.30663968   2.3203778e-09      -23.025851       -23.025851      -4131.5384                                                  -4131.5384
              1       -2088.813      0.30712421   2.3075904e-09      -23.025851       -23.025851      -4131.5744                                                  -4131.5744
              1      -2087.9536      0.32364739   2.2971738e-09      -23.025851       -23.025851      -4129.8555                                                  -4129.8555
              1      -2089.2565      0.29632531    2.242007e-09      -23.025851       -23.025851      -4132.4612                                                  -4132.4612
              3      -2089.3167      0.30430557   2.0991562e-09      -23.025851       -23.025851      -4132.5818                                                  -4132.5818
              8      -2088.9855      0.27968891   1.8213374e-09      -23.025851       -23.025851      -4131.9192                                                  -4131.9192
              2      -2089.2055      0.28171339   1.9473392e-09      -23.025851       -23.025851      -4132.3593                                                  -4132.3593
              6      -2089.3905      0.29019524   2.0882846e-09      -23.025851       -23.025851      -4132.7293                                                  -4132.7293
              1      -2089.3824      0.32076718   1.8760722e-09      -23.025851       -23.025851      -4132.7131                                                  -4132.7131
              1      -2088.9793      0.32501589   2.0274244e-09      -23.025851       -23.025851       -4131.907                                                   -4131.907
              1      -2089.2086        0.314526   2.0517793e-09      -23.025851       -23.025851      -4132.3655                                                  -4132.3655
              4      -2089.4822      0.32250071   1.7204311e-09      -23.025851       -23.025851      -4132.9126                                                  -4132.9126
              1      -2089.4853      0.32276056   1.6962639e-09      -23.025851       -23.025851      -4132.9188                                                  -4132.9188
              1      -2089.4723      0.31765878   1.7474851e-09      -23.025851       -23.025851      -4132.8928                                                  -4132.8928
              7      -2089.2254      0.30596052   1.6066765e-09      -23.025851       -23.025851      -4132.3992                                                  -4132.3992
              1      -2089.4699      0.31838682   1.7031609e-09      -23.025851       -23.025851      -4132.8881                                                  -4132.8881
              1      -2089.3412      0.28081113   2.1484945e-09      -23.025851       -23.025851      -4132.6307                                                  -4132.6307
              1      -2089.2968      0.31958736   1.9473859e-09      -23.025851       -23.025851       -4132.542                                                   -4132.542
              1      -2089.2335      0.31976046    1.980886e-09      -23.025851       -23.025851      -4132.4154                                                  -4132.4154
              1       -2089.025      0.31948034   2.0746801e-09      -23.025851       -23.025851      -4131.9983                                                  -4131.9983
              4      -2089.2539      0.26713885   2.3085609e-09      -23.025851       -23.025851      -4132.4561                                                  -4132.4561
              1      -2089.2724       0.2691368   2.2915344e-09      -23.025851       -23.025851       -4132.493                                                   -4132.493
              5      -2089.3137      0.28235881   2.3573572e-09      -23.025851       -23.025851      -4132.5757                                                  -4132.5757
              2      -2089.3814      0.29558058   2.1154285e-09      -23.025851       -23.025851      -4132.7111                                                  -4132.7111
              1      -2089.3564      0.28157224   2.2604284e-09      -23.025851       -23.025851      -4132.6611                                                  -4132.6611
              3        -2089.32      0.27166478   2.4034541e-09      -23.025851       -23.025851      -4132.5883                                                  -4132.5883
              3      -2088.8855      0.27239646   1.8788535e-09      -23.025851       -23.025851      -4131.7192                                                  -4131.7192
              4      -2089.4264       0.3104306   1.7352504e-09      -23.025851       -23.025851       -4132.801                                                   -4132.801
              1      -2089.3423      0.27914464   2.1990384e-09      -23.025851       -23.025851       -4132.633                                                   -4132.633
              2      -2089.1989      0.27017421    2.162439e-09      -23.025851       -23.025851       -4132.346                                                   -4132.346
              2       -2089.045      0.27933302   1.8649832e-09      -23.025851       -23.025851      -4132.0384                                                  -4132.0384
              3      -2089.1813      0.28674293   1.8439293e-09      -23.025851       -23.025851       -4132.311                                                   -4132.311
              3      -2089.2691      0.28020973   2.0405898e-09      -23.025851       -23.025851      -4132.4865                                                  -4132.4865
              6      -2089.0144       0.2783847   1.8603019e-09      -23.025851       -23.025851      -4131.9772                                                  -4131.9772
              1      -2088.9791      0.27815644   1.8417363e-09      -23.025851       -23.025851      -4131.9065                                                  -4131.9065
              4      -2088.9965      0.27328753   1.9337211e-09      -23.025851       -23.025851      -4131.9413                                                  -4131.9413
              6      -2089.0223      0.28408294   1.7768223e-09      -23.025851       -23.025851      -4131.9929                                                  -4131.9929
              1      -2089.3984       0.2975094   1.9110548e-09      -23.025851       -23.025851      -4132.7451                                                  -4132.7451
              3      -2089.3169      0.28132085   2.0854634e-09      -23.025851       -23.025851       -4132.582                                                   -4132.582
              2      -2089.4014      0.29878223   2.0505159e-09      -23.025851       -23.025851      -4132.7511                                                  -4132.7511
              1      -2089.0606      0.30959005   2.1808997e-09      -23.025851       -23.025851      -4132.0694                                                  -4132.0694
              2       -2089.249      0.27705126   2.5073062e-09      -23.025851       -23.025851      -4132.4464                                                  -4132.4464
              1      -2089.0628      0.32283719   2.0218821e-09      -23.025851       -23.025851       -4132.074                                                   -4132.074
              1      -2089.2339      0.27683666   2.5265175e-09      -23.025851       -23.025851      -4132.4161                                                  -4132.4161
              2      -2089.2889      0.27369176    2.496538e-09      -23.025851       -23.025851       -4132.526                                                   -4132.526
              4      -2089.3486      0.28074163   2.2961525e-09      -23.025851       -23.025851      -4132.6455                                                  -4132.6455
              1      -2089.3416      0.27766451   2.3249213e-09      -23.025851       -23.025851      -4132.6314                                                  -4132.6314
              1      -2089.3718      0.28508285   2.1847232e-09      -23.025851       -23.025851      -4132.6919                                                  -4132.6919
              1      -2089.3482      0.29259213   2.1963083e-09      -23.025851       -23.025851      -4132.6447                                                  -4132.6447
              2      -2089.4285      0.30444792   1.8494987e-09      -23.025851       -23.025851      -4132.8053                                                  -4132.8053
              3      -2089.4726      0.32008227   1.7612226e-09      -23.025851       -23.025851      -4132.8935                                                  -4132.8935
              1      -2089.4511      0.32452932   1.7750651e-09      -23.025851       -23.025851      -4132.8505                                                  -4132.8505
              3      -2088.4743      0.35214231   1.8722985e-09      -23.025851       -23.025851       -4130.897                                                   -4130.897
              1      -2087.9215      0.34306684   2.0672394e-09      -23.025851       -23.025851      -4129.7914                                                  -4129.7914
              1      -2089.0503      0.32999296   1.9483902e-09      -23.025851       -23.025851      -4132.0489                                                  -4132.0489
              2      -2089.0971      0.34324546   1.8003667e-09      -23.025851       -23.025851      -4132.1425                                                  -4132.1425
              1      -2088.3195       0.3105485   2.3995581e-09      -23.025851       -23.025851      -4130.5873                                                  -4130.5873
              1      -2089.3318       0.2993461   2.1412468e-09      -23.025851       -23.025851       -4132.612                                                   -4132.612
              1      -2089.1582      0.33313888   1.8757786e-09      -23.025851       -23.025851      -4132.2648                                                  -4132.2648
              1      -2089.3374      0.27614887   2.3371239e-09      -23.025851       -23.025851       -4132.623                                                   -4132.623
              1      -2089.1587      0.26805061   2.1650043e-09      -23.025851       -23.025851      -4132.2656                                                  -4132.2656
              1      -2089.3753       0.2888056   2.0451675e-09      -23.025851       -23.025851      -4132.6989                                                  -4132.6989
              3      -2089.3292      0.29161811     2.23131e-09      -23.025851       -23.025851      -4132.6067                                                  -4132.6067
              4      -2088.1618      0.31718698   2.3420215e-09      -23.025851       -23.025851      -4130.2719                                                  -4130.2719
              2      -2088.3045      0.34476333   1.9798099e-09      -23.025851       -23.025851      -4130.5574                                                  -4130.5574
              9      -2086.5178      0.35979344   2.0742916e-09      -23.025851       -23.025851      -4126.9838                                                  -4126.9838
              2      -2086.2476      0.33610979   2.3855138e-09      -23.025851       -23.025851      -4126.4435                                                  -4126.4435
              2      -2088.9611      0.28918731   2.5144996e-09      -23.025851       -23.025851      -4131.8706                                                  -4131.8706
              2      -2089.3344      0.27514123   2.3405309e-09      -23.025851       -23.025851      -4132.6171                                                  -4132.6171
              2       -2089.335      0.27520558    2.337183e-09      -23.025851       -23.025851      -4132.6183                                                  -4132.6183
              1      -2089.3569      0.29013727   2.2074894e-09      -23.025851       -23.025851      -4132.6622                                                  -4132.6622
              1       -2089.071      0.30293094   2.2630201e-09      -23.025851       -23.025851      -4132.0903                                                  -4132.0903
              1      -2089.0489      0.28996635   2.4590375e-09      -23.025851       -23.025851       -4132.046                                                   -4132.046
              1      -2089.2901      0.26978167   2.3130416e-09      -23.025851       -23.025851      -4132.5284                                                  -4132.5284
              1        -2089.46       0.3137966    1.763911e-09      -23.025851       -23.025851      -4132.8684                                                  -4132.8684
              4      -2088.8654      0.35282556    1.778802e-09      -23.025851       -23.025851      -4131.6792                                                  -4131.6792
              1      -2089.1632      0.35058459   1.7120071e-09      -23.025851       -23.025851      -4132.2746                                                  -4132.2746
              1      -2089.1372      0.35753702   1.6620605e-09      -23.025851       -23.025851      -4132.2228                                                  -4132.2228
              1      -2088.9293      0.36017795   1.6984482e-09      -23.025851       -23.025851      -4131.8068                                                  -4131.8068
              5      -2088.9043      0.35298434   1.7674496e-09      -23.025851       -23.025851      -4131.7568                                                  -4131.7568
              1      -2089.0345      0.33922097   1.8593395e-09      -23.025851       -23.025851      -4132.0172                                                  -4132.0172
              3      -2089.4717      0.33438629   1.6775433e-09      -23.025851       -23.025851      -4132.8918                                                  -4132.8918
              1      -2089.4964       0.3280807   1.6616112e-09      -23.025851       -23.025851      -4132.9411                                                  -4132.9411
              6      -2089.4968      0.32820109   1.6594567e-09      -23.025851       -23.025851      -4132.9418                                                  -4132.9418
              1        -2089.49      0.33469466   1.6511568e-09      -23.025851       -23.025851      -4132.9282                                                  -4132.9282
              3       -2089.324      0.27334993   2.4025021e-09      -23.025851       -23.025851      -4132.5964                                                  -4132.5964
              2      -2089.3707      0.28767349   2.0589749e-09      -23.025851       -23.025851      -4132.6896                                                  -4132.6896
              2      -2089.3743      0.28819239    2.057424e-09      -23.025851       -23.025851      -4132.6969                                                  -4132.6969
              2        -2089.43       0.3226475   1.8147672e-09      -23.025851       -23.025851      -4132.8084                                                  -4132.8084
              2      -2089.3201      0.27457443   2.2596258e-09      -23.025851       -23.025851      -4132.5885                                                  -4132.5885
              3      -2089.1349      0.27284074   2.0461744e-09      -23.025851       -23.025851       -4132.218                                                   -4132.218
              1       -2089.319      0.30374157   1.7065456e-09      -23.025851       -23.025851      -4132.5864                                                  -4132.5864
              2      -2089.4606      0.31438981   1.8117832e-09      -23.025851       -23.025851      -4132.8694                                                  -4132.8694
              1      -2089.3308      0.29175083   1.9048083e-09      -23.025851       -23.025851      -4132.6098                                                  -4132.6098
              2      -2089.2835      0.28172934   2.0289245e-09      -23.025851       -23.025851      -4132.5153                                                  -4132.5153
              2      -2089.2517      0.28046423   2.4572795e-09      -23.025851       -23.025851      -4132.4517                                                  -4132.4517
              2      -2089.0605      0.32754531    1.970896e-09      -23.025851       -23.025851      -4132.0693                                                  -4132.0693
              1      -2089.1187      0.31885372   2.0445822e-09      -23.025851       -23.025851      -4132.1857                                                  -4132.1857
              1      -2089.1221      0.31880611   2.0436865e-09      -23.025851       -23.025851      -4132.1924                                                  -4132.1924
              1      -2088.8936      0.26863954   1.9480388e-09      -23.025851       -23.025851      -4131.7355                                                  -4131.7355
              2      -2088.8631      0.27560479   1.8142454e-09      -23.025851       -23.025851      -4131.6746                                                  -4131.6746
              6       -2088.801      0.29258384   2.5279971e-09      -23.025851       -23.025851      -4131.5503                                                  -4131.5503
              1      -2089.3412      0.27688096   2.3136543e-09      -23.025851       -23.025851      -4132.6307                                                  -4132.6307
              5      -2089.3396      0.27659034   2.3242094e-09      -23.025851       -23.025851      -4132.6276                                                  -4132.6276
              3      -2089.4176      0.30318692    1.985212e-09      -23.025851       -23.025851      -4132.7834                                                  -4132.7834
              2      -2089.4446       0.3075362   1.8673352e-09      -23.025851       -23.025851      -4132.8374                                                  -4132.8374
              2      -2089.1141      0.33543031   1.8697046e-09      -23.025851       -23.025851      -4132.1765                                                  -4132.1765
              6      -2089.4162       0.2981322   1.9897068e-09      -23.025851       -23.025851      -4132.7808                                                  -4132.7808
              1      -2088.8243      0.32019795   2.1341029e-09      -23.025851       -23.025851       -4131.597                                                   -4131.597
              4      -2088.8196      0.30944179   2.2737125e-09      -23.025851       -23.025851      -4131.5874                                                  -4131.5874
              2      -2089.3712       0.2875203   2.1948859e-09      -23.025851       -23.025851      -4132.6907                                                  -4132.6907
              2      -2089.0803      0.27341599   1.9911305e-09      -23.025851       -23.025851      -4132.1089                                                  -4132.1089
              1      -2089.4124      0.29719666   2.0146185e-09      -23.025851       -23.025851       -4132.773                                                   -4132.773
              5      -2089.1296      0.28792404   2.4439856e-09      -23.025851       -23.025851      -4132.2075                                                  -4132.2075
              1        -2089.32      0.27194057   2.3575373e-09      -23.025851       -23.025851      -4132.5884                                                  -4132.5884
              1      -2089.2988      0.30786078   2.0729152e-09      -23.025851       -23.025851      -4132.5459                                                  -4132.5459
              2      -2087.8532      0.32053275   2.3583012e-09      -23.025851       -23.025851      -4129.6546                                                  -4129.6546
              1       -2088.537      0.29727407   2.5425391e-09      -23.025851       -23.025851      -4131.0222                                                  -4131.0222
              1      -2088.7612      0.31240482    2.252895e-09      -23.025851       -23.025851      -4131.4707                                                  -4131.4707
              4      -2086.0548      0.34347377   2.3130168e-09      -23.025851       -23.025851      -4126.0579                                                  -4126.0579
              3      -2089.1995      0.27887172   2.5296864e-09      -23.025851       -23.025851      -4132.3474                                                  -4132.3474
              1      -2088.9601      0.26843286   1.9953036e-09      -23.025851       -23.025851      -4131.8686                                                  -4131.8686
              2      -2089.0234      0.27210313   1.9727987e-09      -23.025851       -23.025851      -4131.9951                                                  -4131.9951
              1       -2089.071      0.27291026   1.9931704e-09      -23.025851       -23.025851      -4132.0903                                                  -4132.0903
              1      -2089.2948      0.28018129    2.409665e-09      -23.025851       -23.025851      -4132.5378                                                  -4132.5378
              4       -2089.309      0.27581252   2.4357264e-09      -23.025851       -23.025851      -4132.5663                                                  -4132.5663
              2      -2089.2995      0.29852395   2.1803966e-09      -23.025851       -23.025851      -4132.5473                                                  -4132.5473
              1      -2089.3408      0.27791957   2.2333352e-09      -23.025851       -23.025851        -4132.63                                                    -4132.63
              2      -2089.1921      0.32177729   1.9793446e-09      -23.025851       -23.025851      -4132.3325                                                  -4132.3325
              1      -2089.3323      0.27771151   2.2066819e-09      -23.025851       -23.025851      -4132.6129                                                  -4132.6129
              3      -2089.0337      0.27546687   1.9214045e-09      -23.025851       -23.025851      -4132.0157                                                  -4132.0157
              1      -2088.4695      0.32744411   2.1405229e-09      -23.025851       -23.025851      -4130.8874                                                  -4130.8874
              3      -2088.4503      0.32600207   2.1625476e-09      -23.025851       -23.025851      -4130.8488                                                  -4130.8488
              1      -2088.1441      0.31412022   2.3888208e-09      -23.025851       -23.025851      -4130.2365                                                  -4130.2365
              3       -2089.136      0.29419866    2.349407e-09      -23.025851       -23.025851      -4132.2203                                                  -4132.2203
              2      -2088.8649      0.32844386   2.0253414e-09      -23.025851       -23.025851      -4131.6781                                                  -4131.6781
              1      -2087.4655      0.33943912   2.1814543e-09      -23.025851       -23.025851      -4128.8793                                                  -4128.8793
              3      -2088.0541      0.31255717    2.430997e-09      -23.025851       -23.025851      -4130.0565                                                  -4130.0565
              1      -2086.2045       0.3343123   2.4147047e-09      -23.025851       -23.025851      -4126.3573                                                  -4126.3573
              3      -2085.9245      0.33222985   2.4762572e-09      -23.025851       -23.025851      -4125.7973                                                  -4125.7973
              2      -2089.4317      0.33079581   1.7459743e-09      -23.025851       -23.025851      -4132.8117                                                  -4132.8117
              1      -2089.1179      0.34045058   1.8195693e-09      -23.025851       -23.025851      -4132.1842                                                  -4132.1842
              1      -2089.0363      0.32024717    2.061531e-09      -23.025851       -23.025851      -4132.0209                                                  -4132.0209
              2      -2089.3542      0.29645809   2.1477984e-09      -23.025851       -23.025851      -4132.6568                                                  -4132.6568
              4      -2089.3296      0.27444507   2.3076236e-09      -23.025851       -23.025851      -4132.6074                                                  -4132.6074
              2      -2089.4335      0.30993814   1.9079216e-09      -23.025851       -23.025851      -4132.8154                                                  -4132.8154
              1      -2089.3819      0.32534857   1.8340544e-09      -23.025851       -23.025851       -4132.712                                                   -4132.712
              3      -2089.1485       0.3259165   1.9540875e-09      -23.025851       -23.025851      -4132.2453                                                  -4132.2453
              2        -2089.38      0.29769207   2.0993083e-09      -23.025851       -23.025851      -4132.7084                                                  -4132.7084
              3      -2089.4339      0.31949161   1.6148344e-09      -23.025851       -23.025851       -4132.816                                                   -4132.816
              3      -2088.5143      0.32925731   2.1084254e-09      -23.025851       -23.025851      -4130.9768                                                  -4130.9768
              2      -2088.0745      0.33874801   2.0890123e-09      -23.025851       -23.025851      -4130.0973                                                  -4130.0973
              5      -2088.1162      0.36003381   1.8613308e-09      -23.025851       -23.025851      -4130.1808                                                  -4130.1808
              2      -2089.4702      0.32491343   1.7435635e-09      -23.025851       -23.025851      -4132.8886                                                  -4132.8886
              4      -2088.2546      0.34302865   2.0080807e-09      -23.025851       -23.025851      -4130.4575                                                  -4130.4575
              2      -2088.3341      0.30303077   2.5085112e-09      -23.025851       -23.025851      -4130.6164                                                  -4130.6164
              1      -2089.3342      0.28634868   2.2823374e-09      -23.025851       -23.025851      -4132.6168                                                  -4132.6168
              1      -2089.3236      0.27369102   2.4058447e-09      -23.025851       -23.025851      -4132.5955                                                  -4132.5955
              2      -2089.3241      0.27333484   2.4013703e-09      -23.025851       -23.025851      -4132.5965                                                  -4132.5965
              5      -2089.2017      0.33075615   1.8815929e-09      -23.025851       -23.025851      -4132.3516                                                  -4132.3516
              1      -2089.1792      0.30057331   2.2381529e-09      -23.025851       -23.025851      -4132.3067                                                  -4132.3067
              1      -2088.9775      0.26928517   1.9914392e-09      -23.025851       -23.025851      -4131.9032                                                  -4131.9032
              2      -2089.1708      0.26825606   2.1723599e-09      -23.025851       -23.025851      -4132.2898                                                  -4132.2898
              2      -2089.1941      0.28362484   2.4631174e-09      -23.025851       -23.025851      -4132.3366                                                  -4132.3366
              1      -2089.2745      0.26904882   2.2980785e-09      -23.025851       -23.025851      -4132.4973                                                  -4132.4973
              1       -2089.376      0.28647267   2.1206506e-09      -23.025851       -23.025851      -4132.7002                                                  -4132.7002
              6      -2089.3464       0.3030361   2.0865299e-09      -23.025851       -23.025851       -4132.641                                                   -4132.641
              3      -2089.3996      0.31292402   1.9329256e-09      -23.025851       -23.025851      -4132.7475                                                  -4132.7475
              2       -2089.406       0.3106647   1.9457516e-09      -23.025851       -23.025851      -4132.7604                                                  -4132.7604
              2      -2089.1631      0.33225435   1.8825792e-09      -23.025851       -23.025851      -4132.2746                                                  -4132.2746
              1       -2089.188       0.3245648   1.9513863e-09      -23.025851       -23.025851      -4132.3242                                                  -4132.3242
              1       -2089.333       0.2918564   2.2239402e-09      -23.025851       -23.025851      -4132.6143                                                  -4132.6143
              1      -2088.3552      0.26515839   1.7260102e-09      -23.025851       -23.025851      -4130.6587                                                  -4130.6587
              4      -2089.1298      0.28534268   1.8277368e-09      -23.025851       -23.025851      -4132.2078                                                  -4132.2078
              2      -2089.0977      0.28172015   1.8624199e-09      -23.025851       -23.025851      -4132.1438                                                  -4132.1438
              2       -2089.068      0.28101038   1.8533954e-09      -23.025851       -23.025851      -4132.0844                                                  -4132.0844
              1      -2088.9939      0.31856377   2.0970849e-09      -23.025851       -23.025851      -4131.9362                                                  -4131.9362
              1      -2088.9904      0.30524197   2.2672064e-09      -23.025851       -23.025851       -4131.929                                                   -4131.929
              1      -2089.2031      0.29053262   2.3578831e-09      -23.025851       -23.025851      -4132.3544                                                  -4132.3544
              1      -2089.3634      0.28506933   2.1039889e-09      -23.025851       -23.025851      -4132.6751                                                  -4132.6751
              1      -2089.1894      0.28326479    1.906892e-09      -23.025851       -23.025851       -4132.327                                                   -4132.327
              4      -2089.4795      0.32044921   1.7145187e-09      -23.025851       -23.025851      -4132.9073                                                  -4132.9073
              2      -2089.3542      0.32458608   1.8609691e-09      -23.025851       -23.025851      -4132.6568                                                  -4132.6568
              3      -2088.0356      0.31144558   2.4513089e-09      -23.025851       -23.025851      -4130.0194                                                  -4130.0194
              1      -2089.2109      0.27847465   2.0105938e-09      -23.025851       -23.025851      -4132.3701                                                  -4132.3701
              2      -2089.3757      0.30295399   1.7777176e-09      -23.025851       -23.025851      -4132.6996                                                  -4132.6996
              2      -2089.1791      0.26712577   2.2060354e-09      -23.025851       -23.025851      -4132.3066                                                  -4132.3066
              2      -2089.3857      0.29219489   1.9937546e-09      -23.025851       -23.025851      -4132.7196                                                  -4132.7196
              3      -2089.4283      0.34450599   1.6395164e-09      -23.025851       -23.025851      -4132.8049                                                  -4132.8049
              5      -2088.8763      0.27929244    1.765026e-09      -23.025851       -23.025851      -4131.7009                                                  -4131.7009
              3      -2089.0871      0.28549225   1.7964535e-09      -23.025851       -23.025851      -4132.1225                                                  -4132.1225
              1      -2089.4419      0.30787637   1.8227127e-09      -23.025851       -23.025851      -4132.8321                                                  -4132.8321
              3      -2089.4363      0.30472719   1.8882945e-09      -23.025851       -23.025851       -4132.821                                                   -4132.821
              1      -2089.4074      0.30958381    1.953376e-09      -23.025851       -23.025851      -4132.7631                                                  -4132.7631
              1      -2089.3885      0.29187662   2.1216546e-09      -23.025851       -23.025851      -4132.7252                                                  -4132.7252
              1      -2089.2888      0.27685259   2.1366817e-09      -23.025851       -23.025851       -4132.526                                                   -4132.526
              3      -2089.2714       0.2791696   2.0638447e-09      -23.025851       -23.025851      -4132.4911                                                  -4132.4911
              2      -2089.3473      0.27943498    2.301065e-09      -23.025851       -23.025851      -4132.6428                                                  -4132.6428
              1      -2089.3967      0.30272256     2.02865e-09      -23.025851       -23.025851      -4132.7416                                                  -4132.7416
              2      -2089.2607       0.3093136   2.0818947e-09      -23.025851       -23.025851      -4132.4698                                                  -4132.4698
              2      -2088.5457      0.30441318   2.4297687e-09      -23.025851       -23.025851      -4131.0396                                                  -4131.0396
              4      -2088.4975      0.30094063   2.4964052e-09      -23.025851       -23.025851      -4130.9433                                                  -4130.9433
              2      -2089.1341      0.29062646   1.7515652e-09      -23.025851       -23.025851      -4132.2164                                                  -4132.2164
              2      -2089.3276      0.29671197   1.8188237e-09      -23.025851       -23.025851      -4132.6034                                                  -4132.6034
              1      -2089.2314      0.30304904   1.6475227e-09      -23.025851       -23.025851       -4132.411                                                   -4132.411
              1       -2089.345      0.28883031   1.9789212e-09      -23.025851       -23.025851      -4132.6382                                                  -4132.6382
              2      -2089.3159      0.28662526   1.9779366e-09      -23.025851       -23.025851      -4132.5801                                                  -4132.5801
              2       -2089.333      0.28843072    1.967956e-09      -23.025851       -23.025851      -4132.6143                                                  -4132.6143
              1      -2089.1907      0.29010208   1.7992518e-09      -23.025851       -23.025851      -4132.3297                                                  -4132.3297
              2       -2089.093      0.29045255   1.7277138e-09      -23.025851       -23.025851      -4132.1344                                                  -4132.1344
              2      -2088.9843      0.28786851   1.7001625e-09      -23.025851       -23.025851      -4131.9168                                                  -4131.9168
              2      -2088.8713      0.28599049   1.6666429e-09      -23.025851       -23.025851       -4131.691                                                   -4131.691
              5      -2088.7319      0.26846349   1.8574088e-09      -23.025851       -23.025851      -4131.4122                                                  -4131.4122
              4      -2088.7989      0.26955561   1.8761776e-09      -23.025851       -23.025851      -4131.5461                                                  -4131.5461
              4      -2088.5889       0.2675889   1.7977554e-09      -23.025851       -23.025851       -4131.126                                                   -4131.126
              1      -2089.2223      0.27473132   2.0944954e-09      -23.025851       -23.025851      -4132.3929                                                  -4132.3929
             11      -2089.2903      0.26801056   2.5472588e-09      -23.025851       -23.025851      -4132.5288                                                  -4132.5288
              6      -2089.2853      0.26648533   2.5714915e-09      -23.025851       -23.025851      -4132.5189                                                  -4132.5189
              2      -2089.3546      0.28189287   2.1634298e-09      -23.025851       -23.025851      -4132.6574                                                  -4132.6574
              1      -2089.3395      0.28382216   2.0727604e-09      -23.025851       -23.025851      -4132.6272                                                  -4132.6272
              1      -2089.2189      0.29050219   1.8150983e-09      -23.025851       -23.025851      -4132.3862                                                  -4132.3862
              2      -2088.7531      0.36271893   1.7180343e-09      -23.025851       -23.025851      -4131.4544                                                  -4131.4544
              2      -2089.4072      0.30957682   1.9537314e-09      -23.025851       -23.025851      -4132.7627                                                  -4132.7627
              4      -2088.8171       0.3260335   2.0669423e-09      -23.025851       -23.025851      -4131.5824                                                  -4131.5824
              1      -2088.9388       0.3229786    2.064331e-09      -23.025851       -23.025851      -4131.8259                                                  -4131.8259
              3      -2088.8879      0.29570512   2.4452879e-09      -23.025851       -23.025851      -4131.7242                                                  -4131.7242
              2      -2089.2342       0.2927204   1.7936922e-09      -23.025851       -23.025851      -4132.4167                                                  -4132.4167
              1      -2089.2318      0.29979951    1.690856e-09      -23.025851       -23.025851      -4132.4118                                                  -4132.4118
              5       -2088.908      0.29081064   1.6209311e-09      -23.025851       -23.025851      -4131.7644                                                  -4131.7644
              2      -2089.4286      0.30777759   1.9298804e-09      -23.025851       -23.025851      -4132.8055                                                  -4132.8055
              6      -2089.4452      0.32462518   1.7814244e-09      -23.025851       -23.025851      -4132.8388                                                  -4132.8388
              4      -2089.3836      0.31552638   1.6103328e-09      -23.025851       -23.025851      -4132.7155                                                  -4132.7155
              4      -2089.3869      0.31511963   1.6187773e-09      -23.025851       -23.025851      -4132.7222                                                  -4132.7222
              6      -2089.4337      0.31458948   1.6835313e-09      -23.025851       -23.025851      -4132.8158                                                  -4132.8158
              3      -2089.4917      0.32723549   1.6817625e-09      -23.025851       -23.025851      -4132.9317                                                  -4132.9317
              2      -2089.3633      0.29610998   2.1395096e-09      -23.025851       -23.025851      -4132.6749                                                  -4132.6749
              2       -2089.127      0.27996554   1.9125908e-09      -23.025851       -23.025851      -4132.2023                                                  -4132.2023
              1      -2089.3717      0.29254752   2.1592217e-09      -23.025851       -23.025851      -4132.6918                                                  -4132.6918
              2      -2089.2757      0.26678337   2.3635092e-09      -23.025851       -23.025851      -4132.4997                                                  -4132.4997
              1      -2089.4353      0.30470522   1.8767917e-09      -23.025851       -23.025851      -4132.8189                                                  -4132.8189
              1      -2089.4279      0.32615524   1.7878375e-09      -23.025851       -23.025851       -4132.804                                                   -4132.804
              5      -2088.0761      0.32678152   2.2327136e-09      -23.025851       -23.025851      -4130.1004                                                  -4130.1004
              1      -2088.0089      0.32883715   2.2197044e-09      -23.025851       -23.025851      -4129.9661                                                  -4129.9661
              2      -2086.9294      0.33238268   2.3472095e-09      -23.025851       -23.025851       -4127.807                                                   -4127.807
              6      -2087.9981      0.30578304   2.5457926e-09      -23.025851       -23.025851      -4129.9444                                                  -4129.9444
              2       -2087.777      0.30574341   2.5933535e-09      -23.025851       -23.025851      -4129.5022                                                  -4129.5022
              5      -2089.3346      0.28139885   2.3302701e-09      -23.025851       -23.025851      -4132.6175                                                  -4132.6175
              1      -2088.7097      0.30664107   2.3481046e-09      -23.025851       -23.025851      -4131.3677                                                  -4131.3677
              2      -2088.6105      0.30325916   2.4278281e-09      -23.025851       -23.025851      -4131.1693                                                  -4131.1693
              1      -2089.0821      0.32383375   2.0033483e-09      -23.025851       -23.025851      -4132.1126                                                  -4132.1126
              2      -2089.0998      0.32475172   1.9863356e-09      -23.025851       -23.025851      -4132.1478                                                  -4132.1478
              1      -2089.2363      0.31673432   2.0124615e-09      -23.025851       -23.025851      -4132.4208                                                  -4132.4208
              1      -2089.4498      0.31824776   1.8221815e-09      -23.025851       -23.025851      -4132.8479                                                  -4132.8479
              2      -2089.4214       0.2997403   1.9546705e-09      -23.025851       -23.025851      -4132.7911                                                  -4132.7911
              1      -2089.3579       0.3100017   2.0026246e-09      -23.025851       -23.025851      -4132.6641                                                  -4132.6641
              2      -2089.2812      0.28676299   2.3430223e-09      -23.025851       -23.025851      -4132.5107                                                  -4132.5107
              3      -2089.3141       0.2840885   2.3371649e-09      -23.025851       -23.025851      -4132.5764                                                  -4132.5764
              1      -2088.4467      0.31363939   2.3241692e-09      -23.025851       -23.025851      -4130.8417                                                  -4130.8417
              1       -2088.224      0.31016042   2.4279772e-09      -23.025851       -23.025851      -4130.3964                                                  -4130.3964
              2      -2087.9753      0.31745907   2.3772415e-09      -23.025851       -23.025851       -4129.899                                                   -4129.899
              1      -2089.0706      0.28352439    2.547285e-09      -23.025851       -23.025851      -4132.0895                                                  -4132.0895
              6      -2089.3486      0.27971985   2.2086711e-09      -23.025851       -23.025851      -4132.6455                                                  -4132.6455
              1      -2089.2882      0.27436717   2.4899649e-09      -23.025851       -23.025851      -4132.5246                                                  -4132.5246
              1      -2089.4016      0.29978018   2.0428249e-09      -23.025851       -23.025851      -4132.7516                                                  -4132.7516
              2       -2089.248      0.31073567   2.0733556e-09      -23.025851       -23.025851      -4132.4444                                                  -4132.4444
              2      -2089.3301      0.30619867   2.0670714e-09      -23.025851       -23.025851      -4132.6084                                                  -4132.6084
              1      -2089.2861      0.30365033   2.1305844e-09      -23.025851       -23.025851      -4132.5204                                                  -4132.5204
              1      -2089.4745      0.32044949   1.6785806e-09      -23.025851       -23.025851      -4132.8972                                                  -4132.8972
              3      -2089.4788       0.3213054   1.6785966e-09      -23.025851       -23.025851      -4132.9059                                                  -4132.9059
              3      -2089.4761      0.32088944   1.6760822e-09      -23.025851       -23.025851      -4132.9004                                                  -4132.9004
              1      -2089.3822      0.29705943   2.1014702e-09      -23.025851       -23.025851      -4132.7126                                                  -4132.7126
              4      -2089.3421      0.33720316   1.7527388e-09      -23.025851       -23.025851      -4132.6324                                                  -4132.6324
              2      -2089.4315      0.31569692   1.8695473e-09      -23.025851       -23.025851      -4132.8113                                                  -4132.8113
              2      -2089.2334      0.31397666    2.044813e-09      -23.025851       -23.025851      -4132.4152                                                  -4132.4152
              2      -2089.1698      0.29507445   2.3171949e-09      -23.025851       -23.025851      -4132.2878                                                  -4132.2878
              2       -2089.172      0.29483428   2.3191588e-09      -23.025851       -23.025851      -4132.2924                                                  -4132.2924
              3      -2089.2949      0.26714696   2.5324535e-09      -23.025851       -23.025851      -4132.5381                                                  -4132.5381
              2      -2089.3004      0.27106217   2.4966545e-09      -23.025851       -23.025851      -4132.5491                                                  -4132.5491
              1      -2089.3022      0.26933563   2.5000864e-09      -23.025851       -23.025851      -4132.5528                                                  -4132.5528
              1      -2089.3001        0.268066   2.4037867e-09      -23.025851       -23.025851      -4132.5485                                                  -4132.5485
              3       -2089.291      0.29026477   2.2889196e-09      -23.025851       -23.025851      -4132.5303                                                  -4132.5303
              3      -2088.9853      0.29605296   2.3987512e-09      -23.025851       -23.025851      -4131.9189                                                  -4131.9189
              2      -2089.0344      0.29614623   2.3746746e-09      -23.025851       -23.025851       -4132.017                                                   -4132.017
              2      -2089.3061      0.29555559    2.210166e-09      -23.025851       -23.025851      -4132.5605                                                  -4132.5605
              2      -2089.3195      0.28225763   2.0698493e-09      -23.025851       -23.025851      -4132.5872                                                  -4132.5872
              1      -2089.3393      0.27689463   2.2649308e-09      -23.025851       -23.025851      -4132.6269                                                  -4132.6269
              2       -2089.305      0.27128375   2.4826196e-09      -23.025851       -23.025851      -4132.5583                                                  -4132.5583
              2       -2089.403      0.29493616   1.9882692e-09      -23.025851       -23.025851      -4132.7543                                                  -4132.7543
              2      -2089.3567      0.28145782   2.1904147e-09      -23.025851       -23.025851      -4132.6618                                                  -4132.6618
              4       -2089.129      0.27404275   2.0186025e-09      -23.025851       -23.025851      -4132.2062                                                  -4132.2062
              6      -2089.3257      0.27410303    2.303553e-09      -23.025851       -23.025851      -4132.5998                                                  -4132.5998
              2      -2089.3415      0.27727465   2.2669374e-09      -23.025851       -23.025851      -4132.6313                                                  -4132.6313
              1      -2089.3429        0.280869   2.1523369e-09      -23.025851       -23.025851      -4132.6341                                                  -4132.6341
              2      -2089.3164       0.3008805   2.1382823e-09      -23.025851       -23.025851       -4132.581                                                   -4132.581
              3      -2089.3683       0.3041047   2.0524794e-09      -23.025851       -23.025851      -4132.6848                                                  -4132.6848
              1      -2089.3575      0.30161558   2.0900718e-09      -23.025851       -23.025851      -4132.6632                                                  -4132.6632
              1        -2089.35       0.2868591   2.0275312e-09      -23.025851       -23.025851      -4132.6483                                                  -4132.6483
              5      -2089.2344      0.28101606    1.987343e-09      -23.025851       -23.025851      -4132.4172                                                  -4132.4172
              2      -2089.4042      0.29707508   2.0515524e-09      -23.025851       -23.025851      -4132.7567                                                  -4132.7567
              1      -2089.2909      0.33198983   1.8275479e-09      -23.025851       -23.025851      -4132.5301                                                  -4132.5301
              4      -2089.4164      0.31129412   1.7061411e-09      -23.025851       -23.025851       -4132.781                                                   -4132.781
              4      -2089.4022      0.30814866   1.7333441e-09      -23.025851       -23.025851      -4132.7528                                                  -4132.7528
              3      -2089.4257      0.33417321   1.7235386e-09      -23.025851       -23.025851      -4132.7998                                                  -4132.7998
              2      -2088.4503      0.32950585   2.1202076e-09      -23.025851       -23.025851       -4130.849                                                   -4130.849
              1      -2088.9294      0.31849137   2.1207546e-09      -23.025851       -23.025851      -4131.8071                                                  -4131.8071
              1      -2089.3795      0.29926331   2.0856202e-09      -23.025851       -23.025851      -4132.7074                                                  -4132.7074
              2      -2089.4652        0.315015   1.7672723e-09      -23.025851       -23.025851      -4132.8786                                                  -4132.8786
              1      -2089.1566      0.35387993   1.6861838e-09      -23.025851       -23.025851      -4132.2616                                                  -4132.2616
              1      -2089.3673      0.29476488   2.1465889e-09      -23.025851       -23.025851      -4132.6829                                                  -4132.6829
              1       -2089.339      0.28803282   1.9846876e-09      -23.025851       -23.025851      -4132.6263                                                  -4132.6263
              3      -2088.8811      0.32708939   2.0357222e-09      -23.025851       -23.025851      -4131.7105                                                  -4131.7105
              1      -2089.3969      0.30366068   1.7961996e-09      -23.025851       -23.025851      -4132.7421                                                  -4132.7421
              2      -2089.4781      0.33974754   1.6330359e-09      -23.025851       -23.025851      -4132.9045                                                  -4132.9045
              1       -2089.378      0.31407437   1.9436777e-09      -23.025851       -23.025851      -4132.7043                                                  -4132.7043
              1       -2089.323      0.29726255   1.8045739e-09      -23.025851       -23.025851      -4132.5944                                                  -4132.5944
              1      -2088.8369      0.27254292    1.848369e-09      -23.025851       -23.025851      -4131.6221                                                  -4131.6221
              1      -2088.6912      0.27537305   1.7282473e-09      -23.025851       -23.025851      -4131.3306                                                  -4131.3306
              1      -2089.0785      0.28830948   1.7492938e-09      -23.025851       -23.025851      -4132.1053                                                  -4132.1053
              1      -2089.1396      0.27998438   1.9219827e-09      -23.025851       -23.025851      -4132.2275                                                  -4132.2275
              2      -2089.0749      0.27976872   1.8779604e-09      -23.025851       -23.025851      -4132.0981                                                  -4132.0981
              1      -2089.3835      0.30029279   1.8316439e-09      -23.025851       -23.025851      -4132.7152                                                  -4132.7152
              1      -2089.3985      0.29551974   2.0765616e-09      -23.025851       -23.025851      -4132.7454                                                  -4132.7454
              1      -2089.2246      0.30817178   2.1171653e-09      -23.025851       -23.025851      -4132.3975                                                  -4132.3975
              2      -2089.1218       0.2947062   2.3501921e-09      -23.025851       -23.025851      -4132.1918                                                  -4132.1918
              3      -2089.3594      0.30623179    2.040069e-09      -23.025851       -23.025851       -4132.667                                                   -4132.667
              1      -2089.4471      0.31168341    1.759084e-09      -23.025851       -23.025851      -4132.8424                                                  -4132.8424
              3      -2089.4701      0.32845678   1.7210621e-09      -23.025851       -23.025851      -4132.8885                                                  -4132.8885
             14      -2089.4732      0.32745965   1.7225012e-09      -23.025851       -23.025851      -4132.8947                                                  -4132.8947
              1      -2089.4549       0.3348643   1.6922081e-09      -23.025851       -23.025851      -4132.8582                                                  -4132.8582
              3       -2089.415      0.33477669   1.7269703e-09      -23.025851       -23.025851      -4132.7782                                                  -4132.7782
              2      -2089.4577      0.32104037   1.7902207e-09      -23.025851       -23.025851      -4132.8636                                                  -4132.8636
              1      -2089.3197      0.33464224    1.787844e-09      -23.025851       -23.025851      -4132.5876                                                  -4132.5876
              3      -2089.1163      0.32960196   1.9281508e-09      -23.025851       -23.025851       -4132.181                                                   -4132.181
              1      -2089.3529      0.31163442   1.9902003e-09      -23.025851       -23.025851       -4132.654                                                   -4132.654
              1      -2089.3885       0.3148268   1.6241001e-09      -23.025851       -23.025851      -4132.7253                                                  -4132.7253
              1      -2089.3683      0.29866867   1.8368493e-09      -23.025851       -23.025851       -4132.685                                                   -4132.685
              1      -2089.0438      0.28647818   1.7545707e-09      -23.025851       -23.025851      -4132.0359                                                  -4132.0359
              1      -2089.4824      0.32164345   1.6988763e-09      -23.025851       -23.025851       -4132.913                                                   -4132.913
              1      -2089.1015      0.31018534   2.1554477e-09      -23.025851       -23.025851      -4132.1513                                                  -4132.1513
              2      -2089.3334      0.27825274   2.1948789e-09      -23.025851       -23.025851      -4132.6151                                                  -4132.6151
              1      -2089.3538       0.3047778    1.725365e-09      -23.025851       -23.025851      -4132.6558                                                  -4132.6558
              2       -2087.562      0.36427544    1.903014e-09      -23.025851       -23.025851      -4129.0723                                                  -4129.0723
              1       -2088.196      0.31981357   2.2988749e-09      -23.025851       -23.025851      -4130.3403                                                  -4130.3403
              2       -2087.722       0.3266906   2.2994252e-09      -23.025851       -23.025851      -4129.3923                                                  -4129.3923
              1      -2089.0424      0.29969319   2.3205746e-09      -23.025851       -23.025851      -4132.0332                                                  -4132.0332
              3      -2089.4183      0.31244651   1.9142851e-09      -23.025851       -23.025851      -4132.7849                                                  -4132.7849
              1      -2089.3735      0.31669328   1.9223415e-09      -23.025851       -23.025851      -4132.6953                                                  -4132.6953
              1      -2089.2241      0.30511701   2.1542463e-09      -23.025851       -23.025851      -4132.3965                                                  -4132.3965
              1      -2089.3535      0.29850112   2.1273269e-09      -23.025851       -23.025851      -4132.6552                                                  -4132.6552
              1      -2089.4253       0.3124649   1.9041849e-09      -23.025851       -23.025851      -4132.7988                                                  -4132.7988
              2      -2089.2504      0.31562136   2.0169065e-09      -23.025851       -23.025851      -4132.4492                                                  -4132.4492
              7      -2089.4601      0.33121376   1.7139364e-09      -23.025851       -23.025851      -4132.8686                                                  -4132.8686
              3      -2089.4481      0.33023395   1.7346097e-09      -23.025851       -23.025851      -4132.8445                                                  -4132.8445
              1        -2089.04      0.34148409   1.8357431e-09      -23.025851       -23.025851      -4132.0284                                                  -4132.0284
              1      -2088.9869      0.32994351   1.9705769e-09      -23.025851       -23.025851       -4131.922                                                   -4131.922
              2      -2089.1615      0.35543307   1.6715654e-09      -23.025851       -23.025851      -4132.2714                                                  -4132.2714
              3      -2089.4097      0.33785286   1.7054137e-09      -23.025851       -23.025851      -4132.7678                                                  -4132.7678
              4      -2089.4617      0.31369735   1.7872989e-09      -23.025851       -23.025851      -4132.8717                                                  -4132.8717
              2      -2088.9662      0.34064046    1.866722e-09      -23.025851       -23.025851      -4131.8808                                                  -4131.8808
              5       -2088.857      0.29660644   2.4438298e-09      -23.025851       -23.025851      -4131.6622                                                  -4131.6622
              1      -2089.4177      0.29936278   1.9943471e-09      -23.025851       -23.025851      -4132.7838                                                  -4132.7838
              3      -2089.3688      0.31614366   1.9318574e-09      -23.025851       -23.025851      -4132.6858                                                  -4132.6858
              6      -2089.2201      0.28383273   1.9240127e-09      -23.025851       -23.025851      -4132.3886                                                  -4132.3886
              1      -2088.9963      0.31674313   2.1180721e-09      -23.025851       -23.025851      -4131.9408                                                  -4131.9408
              4      -2088.9771      0.29288519   2.4497444e-09      -23.025851       -23.025851      -4131.9024                                                  -4131.9024
              1      -2089.2721      0.27663209   2.4854399e-09      -23.025851       -23.025851      -4132.4924                                                  -4132.4924
              2        -2089.31      0.29843977   2.1721903e-09      -23.025851       -23.025851      -4132.5682                                                  -4132.5682
              2      -2089.2282      0.30383831   2.1674131e-09      -23.025851       -23.025851      -4132.4047                                                  -4132.4047
              3      -2089.2679      0.28880795   2.3293694e-09      -23.025851       -23.025851      -4132.4842                                                  -4132.4842
              1      -2089.4128      0.29697624   1.9918696e-09      -23.025851       -23.025851       -4132.774                                                   -4132.774
              3      -2089.2903      0.30822145   1.6237209e-09      -23.025851       -23.025851       -4132.529                                                   -4132.529
              1      -2089.4207      0.30156039   1.8878764e-09      -23.025851       -23.025851      -4132.7896                                                  -4132.7896
              5      -2089.2793      0.29201551    1.844187e-09      -23.025851       -23.025851      -4132.5069                                                  -4132.5069
              1      -2089.0127      0.27777346   1.8692627e-09      -23.025851       -23.025851      -4131.9737                                                  -4131.9737
              2      -2088.6899      0.33647439   1.9845552e-09      -23.025851       -23.025851      -4131.3281                                                  -4131.3281
              1      -2089.3007      0.26785672   2.4176787e-09      -23.025851       -23.025851      -4132.5496                                                  -4132.5496
              4      -2089.2646      0.26635545   2.3501213e-09      -23.025851       -23.025851      -4132.4775                                                  -4132.4775
              2      -2089.0665      0.29472228   1.6536952e-09      -23.025851       -23.025851      -4132.0812                                                  -4132.0812
              7      -2089.0984      0.29742664   1.6367608e-09      -23.025851       -23.025851      -4132.1451                                                  -4132.1451
              1      -2089.4774      0.31980312   1.7117747e-09      -23.025851       -23.025851      -4132.9031                                                  -4132.9031
              2        -2089.32       0.2817577   2.3543741e-09      -23.025851       -23.025851      -4132.5882                                                  -4132.5882
              2      -2089.3233      0.28268951   2.3386844e-09      -23.025851       -23.025851      -4132.5949                                                  -4132.5949
              1      -2089.3164      0.27516164   2.4242437e-09      -23.025851       -23.025851      -4132.5811                                                  -4132.5811
              3      -2089.2727      0.33728416   1.7870999e-09      -23.025851       -23.025851      -4132.4936                                                  -4132.4936
              2      -2089.2358      0.30430372   2.1569464e-09      -23.025851       -23.025851        -4132.42                                                    -4132.42
              3      -2089.3161      0.28791163   2.2901812e-09      -23.025851       -23.025851      -4132.5805                                                  -4132.5805
              1      -2089.3458      0.28356711   2.2875148e-09      -23.025851       -23.025851      -4132.6398                                                  -4132.6398
              1      -2089.3681      0.30999616   1.6671451e-09      -23.025851       -23.025851      -4132.6845                                                  -4132.6845
              2      -2089.3681      0.31000392   1.6670324e-09      -23.025851       -23.025851      -4132.6844                                                  -4132.6844
              1      -2089.4428      0.31843627   1.6419022e-09      -23.025851       -23.025851      -4132.8338                                                  -4132.8338
              2      -2089.4208      0.31473136   1.8917343e-09      -23.025851       -23.025851        -4132.79                                                    -4132.79
              1      -2089.4031       0.3229581   1.8383482e-09      -23.025851       -23.025851      -4132.7545                                                  -4132.7545
              1      -2088.1028      0.32787563   2.2135924e-09      -23.025851       -23.025851      -4130.1539                                                  -4130.1539
              3      -2088.5855      0.31267709   2.3007438e-09      -23.025851       -23.025851      -4131.1192                                                  -4131.1192
              4      -2089.3056      0.27036302   2.4844675e-09      -23.025851       -23.025851      -4132.5596                                                  -4132.5596
              2      -2089.3172      0.27155957   2.4293186e-09      -23.025851       -23.025851      -4132.5827                                                  -4132.5827
              1       -2089.323      0.27298771   2.3286611e-09      -23.025851       -23.025851      -4132.5943                                                  -4132.5943
              5      -2089.3084       0.2896989   2.2776616e-09      -23.025851       -23.025851       -4132.565                                                   -4132.565
              1        -2089.27      0.28168276    2.421396e-09      -23.025851       -23.025851      -4132.4882                                                  -4132.4882
              2      -2089.3013       0.2790388     2.41415e-09      -23.025851       -23.025851       -4132.551                                                   -4132.551
              1      -2089.4315      0.30612558   1.8235348e-09      -23.025851       -23.025851      -4132.8113                                                  -4132.8113
              3      -2089.0373      0.28982414    1.703095e-09      -23.025851       -23.025851      -4132.0229                                                  -4132.0229
              1      -2089.1164      0.31130195   2.1346771e-09      -23.025851       -23.025851      -4132.1812                                                  -4132.1812
              1      -2089.2801      0.29676713   2.2184287e-09      -23.025851       -23.025851      -4132.5086                                                  -4132.5086
              2      -2089.3845      0.29335576   1.9643639e-09      -23.025851       -23.025851      -4132.7173                                                  -4132.7173
              3      -2089.3529      0.33679918   1.7502249e-09      -23.025851       -23.025851      -4132.6542                                                  -4132.6542
              1      -2089.3787      0.31895572   1.8962729e-09      -23.025851       -23.025851      -4132.7058                                                  -4132.7058
              3      -2089.4607      0.31515892   1.8122916e-09      -23.025851       -23.025851      -4132.8696                                                  -4132.8696
              1       -2089.383      0.31705332   1.9105621e-09      -23.025851       -23.025851      -4132.7143                                                  -4132.7143
              3      -2089.4108      0.30529832   1.9841046e-09      -23.025851       -23.025851      -4132.7699                                                  -4132.7699
              1       -2088.998      0.32423623   2.0297881e-09      -23.025851       -23.025851      -4131.9443                                                  -4131.9443
              1      -2088.7423      0.31057337   2.2834316e-09      -23.025851       -23.025851      -4131.4329                                                  -4131.4329
              3      -2088.1575      0.31717923   2.3430573e-09      -23.025851       -23.025851      -4130.2633                                                  -4130.2633
              4      -2089.0793      0.35323671   1.7163112e-09      -23.025851       -23.025851      -4132.1068                                                  -4132.1068
              2      -2089.3805      0.33752477   1.7274166e-09      -23.025851       -23.025851      -4132.7093                                                  -4132.7093
              3      -2089.3782      0.34088998   1.7004486e-09      -23.025851       -23.025851      -4132.7047                                                  -4132.7047
              1      -2088.7945      0.33363289   1.9881226e-09      -23.025851       -23.025851      -4131.5373                                                  -4131.5373
              1        -2089.31      0.28102577   2.0804107e-09      -23.025851       -23.025851      -4132.5683                                                  -4132.5683
              1      -2089.3999       0.2939077    2.071668e-09      -23.025851       -23.025851      -4132.7481                                                  -4132.7481
              7      -2089.1741      0.27676388    2.583099e-09      -23.025851       -23.025851      -4132.2964                                                  -4132.2964
              2      -2088.7722       0.2979947   2.4543892e-09      -23.025851       -23.025851      -4131.4927                                                  -4131.4927
              1      -2089.1745      0.33009043    1.899769e-09      -23.025851       -23.025851      -4132.2974                                                  -4132.2974
              1      -2089.1234      0.33163053   1.9045608e-09      -23.025851       -23.025851      -4132.1952                                                  -4132.1952
              3      -2089.3337      0.28292354    2.318028e-09      -23.025851       -23.025851      -4132.6158                                                  -4132.6158
              2        -2089.25      0.27116959   2.2052478e-09      -23.025851       -23.025851      -4132.4483                                                  -4132.4483
              4      -2088.9481      0.27185797   1.9265028e-09      -23.025851       -23.025851      -4131.8445                                                  -4131.8445
              6      -2088.4399      0.27372829   1.6372298e-09      -23.025851       -23.025851       -4130.828                                                   -4130.828
              1      -2089.0098      0.28278113   1.7887835e-09      -23.025851       -23.025851      -4131.9679                                                  -4131.9679
              2      -2089.2098      0.27456195    2.084201e-09      -23.025851       -23.025851      -4132.3679                                                  -4132.3679
              3      -2089.3103       0.2692949   2.4350798e-09      -23.025851       -23.025851      -4132.5689                                                  -4132.5689
              1      -2089.3674      0.28498035   2.1228056e-09      -23.025851       -23.025851      -4132.6831                                                  -4132.6831
              4      -2089.3829      0.28999145   2.1468563e-09      -23.025851       -23.025851       -4132.714                                                   -4132.714
              1      -2089.0763      0.28599496   2.5051751e-09      -23.025851       -23.025851       -4132.101                                                   -4132.101
              3      -2089.2852      0.26530266   2.5752097e-09      -23.025851       -23.025851      -4132.5187                                                  -4132.5187
              1      -2089.2845      0.27156978   2.2529716e-09      -23.025851       -23.025851      -4132.5173                                                  -4132.5173
              1      -2089.3662      0.28553508   2.2187398e-09      -23.025851       -23.025851      -4132.6807                                                  -4132.6807
              3      -2088.6308      0.32620566   2.1159406e-09      -23.025851       -23.025851      -4131.2099                                                  -4131.2099
              1      -2088.1847      0.32238223   2.2672695e-09      -23.025851       -23.025851      -4130.3178                                                  -4130.3178
              1      -2089.1173      0.29415221   2.3606319e-09      -23.025851       -23.025851       -4132.183                                                   -4132.183
              1      -2089.3409      0.29649283   2.1633929e-09      -23.025851       -23.025851      -4132.6301                                                  -4132.6301
              3      -2088.8954      0.30925971   2.2499031e-09      -23.025851       -23.025851       -4131.739                                                   -4131.739
              2      -2088.3454      0.31351541   2.3510744e-09      -23.025851       -23.025851       -4130.639                                                   -4130.639
              3      -2089.2223      0.29110435   2.3361517e-09      -23.025851       -23.025851      -4132.3929                                                  -4132.3929
              2      -2089.3885      0.29049135   2.1209211e-09      -23.025851       -23.025851      -4132.7253                                                  -4132.7253
              1      -2089.1105      0.29881525   2.2993787e-09      -23.025851       -23.025851      -4132.1693                                                  -4132.1693
              2      -2089.1761      0.29197918    2.355986e-09      -23.025851       -23.025851      -4132.3005                                                  -4132.3005
              4      -2089.1884      0.29033707   2.3708532e-09      -23.025851       -23.025851      -4132.3252                                                  -4132.3252
              2      -2089.2515      0.31188942   2.0581458e-09      -23.025851       -23.025851      -4132.4513                                                  -4132.4513
              3      -2089.2648      0.30988112   2.0729334e-09      -23.025851       -23.025851      -4132.4779                                                  -4132.4779
              1       -2089.329      0.27495605    2.282083e-09      -23.025851       -23.025851      -4132.6062                                                  -4132.6062
              4      -2089.1759      0.27202862    2.099934e-09      -23.025851       -23.025851      -4132.3001                                                  -4132.3001
              2      -2089.3914      0.29496275   1.9469718e-09      -23.025851       -23.025851       -4132.731                                                   -4132.731
              1      -2089.3937      0.34735742   1.6388226e-09      -23.025851       -23.025851      -4132.7358                                                  -4132.7358
              4      -2089.3769      0.33887258   1.7181468e-09      -23.025851       -23.025851      -4132.7022                                                  -4132.7022
             10      -2089.2961      0.33614008   1.7863599e-09      -23.025851       -23.025851      -4132.5405                                                  -4132.5405
              1      -2089.2967      0.33617029   1.7857678e-09      -23.025851       -23.025851      -4132.5417                                                  -4132.5417
              3      -2088.6834      0.35327181   1.8176865e-09      -23.025851       -23.025851      -4131.3151                                                  -4131.3151
              3      -2089.0194      0.36037325   1.6731977e-09      -23.025851       -23.025851      -4131.9871                                                  -4131.9871
              2       -2089.027      0.35966934   1.6769574e-09      -23.025851       -23.025851      -4132.0022                                                  -4132.0022
              3      -2089.4207      0.32223938   1.8280723e-09      -23.025851       -23.025851      -4132.7897                                                  -4132.7897
              8       -2088.668      0.35726567   1.7844094e-09      -23.025851       -23.025851      -4131.2843                                                  -4131.2843
              4      -2089.3001      0.33204891   1.8222874e-09      -23.025851       -23.025851      -4132.5486                                                  -4132.5486
              2      -2089.3585      0.29336007   1.9151259e-09      -23.025851       -23.025851      -4132.6653                                                  -4132.6653
              2      -2088.9929      0.28463482   1.7512603e-09      -23.025851       -23.025851       -4131.934                                                   -4131.934
             14      -2089.0647      0.29810818   1.6091553e-09      -23.025851       -23.025851      -4132.0777                                                  -4132.0777
              1      -2089.4165       0.3097209   1.7301668e-09      -23.025851       -23.025851      -4132.7813                                                  -4132.7813
              1      -2089.3106      0.28373539   2.0261734e-09      -23.025851       -23.025851      -4132.5696                                                  -4132.5696
              1      -2089.0983      0.34722428   1.7634105e-09      -23.025851       -23.025851      -4132.1448                                                  -4132.1448
              4      -2088.3679      0.34616574   1.9531007e-09      -23.025851       -23.025851      -4130.6842                                                  -4130.6842
              5      -2088.9286      0.27422093   1.8747081e-09      -23.025851       -23.025851      -4131.8056                                                  -4131.8056
              2      -2089.0655      0.26810691   2.0787756e-09      -23.025851       -23.025851      -4132.0794                                                  -4132.0794
              1      -2089.3905      0.29372063   1.9725132e-09      -23.025851       -23.025851      -4132.7292                                                  -4132.7292
              2      -2089.1839      0.29161697   2.3558905e-09      -23.025851       -23.025851      -4132.3161                                                  -4132.3161
              3      -2089.1977      0.27466971   2.0697302e-09      -23.025851       -23.025851      -4132.3436                                                  -4132.3436
              1      -2089.3232       0.2960449   1.8246748e-09      -23.025851       -23.025851      -4132.5948                                                  -4132.5948
              1      -2088.7599      0.32381808   2.1095225e-09      -23.025851       -23.025851      -4131.4682                                                  -4131.4682
              2      -2088.8028       0.2934617    2.513371e-09      -23.025851       -23.025851      -4131.5539                                                  -4131.5539
              9      -2089.3582      0.30464975    1.731913e-09      -23.025851       -23.025851      -4132.6647                                                  -4132.6647
              2      -2089.4252      0.30845243   1.9344659e-09      -23.025851       -23.025851      -4132.7988                                                  -4132.7988
              1      -2089.4666      0.32007369   1.7780177e-09      -23.025851       -23.025851      -4132.8816                                                  -4132.8816
              2       -2089.139       0.3378148   1.8371162e-09      -23.025851       -23.025851      -4132.2263                                                  -4132.2263
              2      -2089.4315      0.31576718   1.6629857e-09      -23.025851       -23.025851      -4132.8114                                                  -4132.8114
              1      -2089.3571      0.28110093   2.2482724e-09      -23.025851       -23.025851      -4132.6625                                                  -4132.6625
              2      -2089.3527      0.27977918   2.2435321e-09      -23.025851       -23.025851      -4132.6537                                                  -4132.6537
              1      -2089.3833      0.28956417   2.1448882e-09      -23.025851       -23.025851      -4132.7149                                                  -4132.7149
              3      -2089.2897      0.26995018   2.3075018e-09      -23.025851       -23.025851      -4132.5277                                                  -4132.5277
              5      -2089.3306      0.28223305   2.0906869e-09      -23.025851       -23.025851      -4132.6095                                                  -4132.6095
              1      -2088.6797      0.30525909   2.3772048e-09      -23.025851       -23.025851      -4131.3077                                                  -4131.3077
              2      -2088.9293      0.28590435   2.5824554e-09      -23.025851       -23.025851      -4131.8068                                                  -4131.8068
              3      -2089.2869      0.26743558   2.5611047e-09      -23.025851       -23.025851      -4132.5221                                                  -4132.5221
              1      -2089.3699      0.31403859   1.6161621e-09      -23.025851       -23.025851      -4132.6882                                                  -4132.6882
              2      -2089.4999      0.32908516   1.6428766e-09      -23.025851       -23.025851      -4132.9481                                                  -4132.9481
              2      -2089.4811      0.33190948   1.6818882e-09      -23.025851       -23.025851      -4132.9104                                                  -4132.9104
              1      -2089.4049      0.32628219   1.8074296e-09      -23.025851       -23.025851      -4132.7581                                                  -4132.7581
              1       -2089.298      0.32225565   1.9193405e-09      -23.025851       -23.025851      -4132.5442                                                  -4132.5442
              1      -2089.1265      0.27867526   1.9341446e-09      -23.025851       -23.025851      -4132.2013                                                  -4132.2013
              5      -2089.4418      0.31540751   1.8556491e-09      -23.025851       -23.025851      -4132.8319                                                  -4132.8319
              1      -2087.5708      0.31803902   2.4452376e-09      -23.025851       -23.025851      -4129.0899                                                  -4129.0899
              7      -2089.2343      0.35642127   1.6382123e-09      -23.025851       -23.025851      -4132.4168                                                  -4132.4168
              3      -2089.1317      0.36282069   1.6212286e-09      -23.025851       -23.025851      -4132.2118                                                  -4132.2118
              8      -2089.1473      0.36302361   1.6148663e-09      -23.025851       -23.025851       -4132.243                                                   -4132.243
              1      -2089.2154      0.31432449   2.0505472e-09      -23.025851       -23.025851      -4132.3791                                                  -4132.3791
              2      -2089.0644      0.29403559   1.6615485e-09      -23.025851       -23.025851      -4132.0772                                                  -4132.0772
              3      -2089.4817      0.32147781   1.6957374e-09      -23.025851       -23.025851      -4132.9117                                                  -4132.9117
              3      -2089.2303      0.29268782   1.7910428e-09      -23.025851       -23.025851      -4132.4088                                                  -4132.4088
              1      -2089.2659      0.34644143   1.7087425e-09      -23.025851       -23.025851      -4132.4801                                                  -4132.4801
              2      -2089.4475      0.31358056   1.8558972e-09      -23.025851       -23.025851      -4132.8433                                                  -4132.8433
              2      -2089.3544      0.28047257    2.217177e-09      -23.025851       -23.025851      -4132.6571                                                  -4132.6571
              1      -2089.2893      0.27769809   2.1195471e-09      -23.025851       -23.025851       -4132.527                                                   -4132.527
              1      -2089.4251      0.30099996    1.950625e-09      -23.025851       -23.025851      -4132.7984                                                  -4132.7984
              1      -2089.4248      0.30099054   1.9507882e-09      -23.025851       -23.025851      -4132.7979                                                  -4132.7979
              3      -2089.0633      0.27921685   1.8791377e-09      -23.025851       -23.025851      -4132.0748                                                  -4132.0748
              4      -2089.2144      0.27221051   2.1371953e-09      -23.025851       -23.025851       -4132.377                                                   -4132.377
              1      -2089.1685      0.28825157   2.4139524e-09      -23.025851       -23.025851      -4132.2854                                                  -4132.2854
              1      -2089.2267      0.27954603   2.4950525e-09      -23.025851       -23.025851      -4132.4017                                                  -4132.4017
              1      -2089.3035      0.27560498   2.1910416e-09      -23.025851       -23.025851      -4132.5553                                                  -4132.5553
              4      -2089.1716      0.33895521   1.8139878e-09      -23.025851       -23.025851      -4132.2915                                                  -4132.2915
              1      -2089.3707      0.28672363   2.1990312e-09      -23.025851       -23.025851      -4132.6897                                                  -4132.6897
              1      -2089.3037      0.28258582   2.0389883e-09      -23.025851       -23.025851      -4132.5556                                                  -4132.5556
              1      -2089.4727      0.32659034   1.7289447e-09      -23.025851       -23.025851      -4132.8937                                                  -4132.8937
              3      -2089.0905       0.2749381    1.971729e-09      -23.025851       -23.025851      -4132.1294                                                  -4132.1294
              3      -2088.8429       0.3442808   1.8653263e-09      -23.025851       -23.025851      -4131.6341                                                  -4131.6341
              2       -2089.095      0.32593869   1.9753702e-09      -23.025851       -23.025851      -4132.1382                                                  -4132.1382
              1      -2089.1177      0.30500262   2.2134821e-09      -23.025851       -23.025851      -4132.1836                                                  -4132.1836
              1      -2089.2602      0.30142053   2.1760084e-09      -23.025851       -23.025851      -4132.4686                                                  -4132.4686
              1      -2089.3936      0.29174557   2.0968598e-09      -23.025851       -23.025851      -4132.7355                                                  -4132.7355
             11      -2089.4865      0.32351677   1.6981289e-09      -23.025851       -23.025851      -4132.9212                                                  -4132.9212
              3       -2089.472        0.317712   1.7339448e-09      -23.025851       -23.025851      -4132.8923                                                  -4132.8923
              1      -2089.4345      0.31516724   1.6761848e-09      -23.025851       -23.025851      -4132.8173                                                  -4132.8173
              1      -2089.1617      0.33556568   1.8504557e-09      -23.025851       -23.025851      -4132.2717                                                  -4132.2717
              1      -2089.0861      0.31642898   2.0865246e-09      -23.025851       -23.025851      -4132.1205                                                  -4132.1205
              2       -2089.409      0.30001781   2.0244522e-09      -23.025851       -23.025851      -4132.7664                                                  -4132.7664
              1      -2089.0762      0.32555942   1.9866751e-09      -23.025851       -23.025851      -4132.1006                                                  -4132.1006
              3      -2087.8272      0.31140156    2.495099e-09      -23.025851       -23.025851      -4129.6027                                                  -4129.6027
              2      -2089.4064      0.29632778   1.9644614e-09      -23.025851       -23.025851      -4132.7611                                                  -4132.7611
              2      -2089.1384      0.26642533    2.178221e-09      -23.025851       -23.025851       -4132.225                                                   -4132.225
              1      -2089.3568      0.29939911   1.8099935e-09      -23.025851       -23.025851      -4132.6618                                                  -4132.6618
              1      -2089.2606      0.31689138    1.997174e-09      -23.025851       -23.025851      -4132.4696                                                  -4132.4696
              2      -2089.3512      0.28838055   1.9986698e-09      -23.025851       -23.025851      -4132.6507                                                  -4132.6507
              3       -2089.321      0.28683412   1.9810745e-09      -23.025851       -23.025851      -4132.5903                                                  -4132.5903
              1      -2089.3932      0.29104724   2.0718641e-09      -23.025851       -23.025851      -4132.7348                                                  -4132.7348
              8      -2088.8442      0.30352285   2.3471592e-09      -23.025851       -23.025851      -4131.6366                                                  -4131.6366
              1      -2089.3888      0.28973182   2.0991201e-09      -23.025851       -23.025851      -4132.7259                                                  -4132.7259
              1      -2089.4261      0.30662449   1.9448719e-09      -23.025851       -23.025851      -4132.8004                                                  -4132.8004
              3      -2089.3066      0.30688485   1.6535589e-09      -23.025851       -23.025851      -4132.5614                                                  -4132.5614
              3      -2089.2252      0.27908864   2.0133766e-09      -23.025851       -23.025851      -4132.3987                                                  -4132.3987
              1      -2089.1792      0.28233598   1.9140928e-09      -23.025851       -23.025851      -4132.3067                                                  -4132.3067
              2      -2089.4271      0.30243145   1.8946181e-09      -23.025851       -23.025851      -4132.8024                                                  -4132.8024
              1      -2088.2765      0.34301387   2.0040524e-09      -23.025851       -23.025851      -4130.5012                                                  -4130.5012
              2      -2088.3201      0.34797061    1.943707e-09      -23.025851       -23.025851      -4130.5885                                                  -4130.5885
              2      -2089.3241      0.34506545   1.6942588e-09      -23.025851       -23.025851      -4132.5966                                                  -4132.5966
              4      -2089.4547      0.34401192   1.6237055e-09      -23.025851       -23.025851      -4132.8577                                                  -4132.8577
              1      -2089.0965      0.35901356   1.6624345e-09      -23.025851       -23.025851      -4132.1412                                                  -4132.1412
              2      -2088.7645      0.34958981   1.8336949e-09      -23.025851       -23.025851      -4131.4772                                                  -4131.4772
              1      -2089.4685       0.3245666   1.7486465e-09      -23.025851       -23.025851      -4132.8852                                                  -4132.8852
              1      -2089.3444      0.29596532   2.1650761e-09      -23.025851       -23.025851      -4132.6371                                                  -4132.6371
              2       -2089.349      0.29562215   2.1632525e-09      -23.025851       -23.025851      -4132.6463                                                  -4132.6463
              1      -2089.3906      0.29444026   2.1036013e-09      -23.025851       -23.025851      -4132.7295                                                  -4132.7295
              1      -2089.2974      0.28527734   2.3441323e-09      -23.025851       -23.025851      -4132.5431                                                  -4132.5431
              7       -2089.293      0.26889571    2.347364e-09      -23.025851       -23.025851      -4132.5342                                                  -4132.5342
              5      -2089.2699      0.26862097   2.5882609e-09      -23.025851       -23.025851      -4132.4881                                                  -4132.4881
              2      -2089.1108      0.29073578   2.4135845e-09      -23.025851       -23.025851        -4132.17                                                    -4132.17
              2      -2088.9703      0.29530765   2.4164869e-09      -23.025851       -23.025851      -4131.8889                                                  -4131.8889
              1      -2088.9625      0.28727913   2.5442718e-09      -23.025851       -23.025851      -4131.8732                                                  -4131.8732
              1      -2088.8309      0.30775647   2.2928114e-09      -23.025851       -23.025851      -4131.6101                                                  -4131.6101
              1      -2087.9202       0.3180816   2.3794968e-09      -23.025851       -23.025851      -4129.7887                                                  -4129.7887
              1      -2088.8286      0.30882352    2.279046e-09      -23.025851       -23.025851      -4131.6055                                                  -4131.6055
              7      -2088.7574      0.34264812   1.9033724e-09      -23.025851       -23.025851      -4131.4632                                                  -4131.4632
              2      -2089.4294      0.31138011   1.9062833e-09      -23.025851       -23.025851      -4132.8071                                                  -4132.8071
              3      -2088.9021      0.27622206   1.8265791e-09      -23.025851       -23.025851      -4131.7525                                                  -4131.7525
              2      -2089.1597      0.28145985   1.9129243e-09      -23.025851       -23.025851      -4132.2676                                                  -4132.2676
              3      -2089.2114      0.29870183   1.6912504e-09      -23.025851       -23.025851      -4132.3711                                                  -4132.3711
              1      -2088.7504      0.30426099   2.3687704e-09      -23.025851       -23.025851      -4131.4492                                                  -4131.4492
              2      -2088.9654      0.29530114   2.4187482e-09      -23.025851       -23.025851      -4131.8791                                                  -4131.8791
              4       -2088.669      0.33061503   2.0547596e-09      -23.025851       -23.025851      -4131.2862                                                  -4131.2862
              4      -2088.2139      0.36009622   1.8444842e-09      -23.025851       -23.025851      -4130.3761                                                  -4130.3761
              1      -2088.9737      0.30390364    2.292365e-09      -23.025851       -23.025851      -4131.8957                                                  -4131.8957
              3      -2088.9645      0.32654784   2.0152192e-09      -23.025851       -23.025851      -4131.8773                                                  -4131.8773
              1      -2089.0996      0.31277321   2.1244466e-09      -23.025851       -23.025851      -4132.1475                                                  -4132.1475
              3       -2089.377      0.30660315   2.0178813e-09      -23.025851       -23.025851      -4132.7024                                                  -4132.7024
              5      -2089.4689      0.31655346   1.7695638e-09      -23.025851       -23.025851      -4132.8861                                                  -4132.8861
              4       -2089.297      0.27915919   2.0995731e-09      -23.025851       -23.025851      -4132.5423                                                  -4132.5423
              4      -2089.3546      0.28011236   2.2398648e-09      -23.025851       -23.025851      -4132.6575                                                  -4132.6575
              1      -2089.3496      0.27938839     2.28627e-09      -23.025851       -23.025851      -4132.6475                                                  -4132.6475
              2      -2089.3212      0.27330118   2.3053482e-09      -23.025851       -23.025851      -4132.5908                                                  -4132.5908
              1      -2089.2829      0.28923752   1.8931266e-09      -23.025851       -23.025851      -4132.5141                                                  -4132.5141
              5      -2089.3292      0.28640093   2.2896482e-09      -23.025851       -23.025851      -4132.6068                                                  -4132.6068
              3      -2089.3101       0.2696107    2.456606e-09      -23.025851       -23.025851      -4132.5686                                                  -4132.5686
              1       -2089.301      0.28846997   2.3006683e-09      -23.025851       -23.025851      -4132.5504                                                  -4132.5504
              5      -2088.3053      0.29976324    2.567751e-09      -23.025851       -23.025851       -4130.559                                                   -4130.559
              2      -2089.0842      0.31064168   2.1574252e-09      -23.025851       -23.025851      -4132.1168                                                  -4132.1168
              1      -2089.4611      0.31385834   1.7699153e-09      -23.025851       -23.025851      -4132.8706                                                  -4132.8706
              4      -2089.4423      0.33925005   1.6697356e-09      -23.025851       -23.025851      -4132.8329                                                  -4132.8329
              1      -2089.4424      0.33915929   1.6704313e-09      -23.025851       -23.025851      -4132.8331                                                  -4132.8331
              1      -2089.3624      0.29807694   1.8385273e-09      -23.025851       -23.025851       -4132.673                                                   -4132.673
              5      -2089.2693      0.29880564   1.7332991e-09      -23.025851       -23.025851      -4132.4868                                                  -4132.4868
              1       -2089.301      0.30084245    1.731312e-09      -23.025851       -23.025851      -4132.5502                                                  -4132.5502
              1      -2089.3878      0.29101506   2.0322045e-09      -23.025851       -23.025851       -4132.724                                                   -4132.724
              1      -2089.3058      0.28363663   2.3535594e-09      -23.025851       -23.025851      -4132.5599                                                  -4132.5599
              4      -2089.3103       0.2699094    2.384469e-09      -23.025851       -23.025851      -4132.5688                                                  -4132.5688
              2      -2089.0169      0.31041841   2.1886367e-09      -23.025851       -23.025851      -4131.9821                                                  -4131.9821
              3      -2088.6228      0.30887569   2.3428815e-09      -23.025851       -23.025851      -4131.1938                                                  -4131.1938
              3       -2088.887      0.31104935   2.2292324e-09      -23.025851       -23.025851      -4131.7223                                                  -4131.7223
              3      -2088.9474      0.31483694    2.159344e-09      -23.025851       -23.025851      -4131.8431                                                  -4131.8431
              2      -2088.0007      0.33750126   2.1166964e-09      -23.025851       -23.025851      -4129.9497                                                  -4129.9497
              2       -2089.182       0.3425117   1.7769984e-09      -23.025851       -23.025851      -4132.3123                                                  -4132.3123
              3      -2089.4623      0.32518211   1.7548635e-09      -23.025851       -23.025851      -4132.8729                                                  -4132.8729
              7      -2089.1247      0.34151668   1.8069729e-09      -23.025851       -23.025851      -4132.1977                                                  -4132.1977
              1      -2089.2924       0.3417762   1.7375589e-09      -23.025851       -23.025851       -4132.533                                                   -4132.533
              7      -2089.0667      0.36163504   1.6497246e-09      -23.025851       -23.025851      -4132.0816                                                  -4132.0816
              2      -2089.2938       0.3532401    1.640576e-09      -23.025851       -23.025851       -4132.536                                                   -4132.536
              3      -2089.3251      0.33614982   1.7713153e-09      -23.025851       -23.025851      -4132.5985                                                  -4132.5985
              1      -2089.2501      0.28755967   2.3617546e-09      -23.025851       -23.025851      -4132.4485                                                  -4132.4485
              1      -2089.2191      0.28015674   1.9877885e-09      -23.025851       -23.025851      -4132.3865                                                  -4132.3865
              5      -2089.4868      0.32388785   1.6998963e-09      -23.025851       -23.025851      -4132.9218                                                  -4132.9218
              3      -2089.4892      0.32589859   1.6928679e-09      -23.025851       -23.025851      -4132.9266                                                  -4132.9266
              2      -2089.4025      0.29725082   2.0563472e-09      -23.025851       -23.025851      -4132.7534                                                  -4132.7534
              1      -2089.2796      0.30609627   2.1066814e-09      -23.025851       -23.025851      -4132.5075                                                  -4132.5075
              1      -2089.3197      0.27792431   2.1687013e-09      -23.025851       -23.025851      -4132.5878                                                  -4132.5878
              1      -2089.1511       0.2867127   1.8218078e-09      -23.025851       -23.025851      -4132.2505                                                  -4132.2505
              1      -2089.3792      0.29744725   1.8744266e-09      -23.025851       -23.025851      -4132.7066                                                  -4132.7066
              3      -2089.3204      0.27888602   2.1467964e-09      -23.025851       -23.025851      -4132.5891                                                  -4132.5891
              1      -2089.4847      0.32272304   1.6809323e-09      -23.025851       -23.025851      -4132.9176                                                  -4132.9176
              1      -2085.8193      0.36074222   2.1364362e-09      -23.025851       -23.025851      -4125.5869                                                  -4125.5869
              1      -2085.6308      0.36141725   2.1472315e-09      -23.025851       -23.025851      -4125.2099                                                  -4125.2099
              6      -2086.5296      0.32682726    2.477454e-09      -23.025851       -23.025851      -4127.0075                                                  -4127.0075
              8      -2087.8859      0.36167687   1.8817768e-09      -23.025851       -23.025851      -4129.7202                                                  -4129.7202
              2      -2087.8822      0.31894605   2.3749149e-09      -23.025851       -23.025851      -4129.7128                                                  -4129.7128
              3      -2089.2898      0.32044883   1.9428813e-09      -23.025851       -23.025851      -4132.5278                                                  -4132.5278
              4      -2089.2953      0.32337132   1.9096034e-09      -23.025851       -23.025851      -4132.5389                                                  -4132.5389
              2      -2089.1428      0.33418806   1.8713257e-09      -23.025851       -23.025851      -4132.2338                                                  -4132.2338
              1      -2089.0712      0.28872852   1.7387838e-09      -23.025851       -23.025851      -4132.0907                                                  -4132.0907
              3      -2089.0706      0.28886503   1.7364476e-09      -23.025851       -23.025851      -4132.0896                                                  -4132.0896
              2      -2089.0389        0.288431   1.7235648e-09      -23.025851       -23.025851       -4132.026                                                   -4132.026
              2      -2089.0966       0.2888845    1.752413e-09      -23.025851       -23.025851      -4132.1416                                                  -4132.1416
              2       -2088.914       0.2765544   1.8282056e-09      -23.025851       -23.025851      -4131.7762                                                  -4131.7762
              6      -2088.9528      0.26589182   2.0372463e-09      -23.025851       -23.025851      -4131.8539                                                  -4131.8539
              1      -2089.4259      0.30238735   1.8897686e-09      -23.025851       -23.025851      -4132.8001                                                  -4132.8001
              3      -2088.5438      0.29614423   2.5586221e-09      -23.025851       -23.025851      -4131.0358                                                  -4131.0358
              2      -2088.3739      0.32228083   2.2268932e-09      -23.025851       -23.025851       -4130.696                                                   -4130.696
              3      -2089.0292      0.31570172   2.1181356e-09      -23.025851       -23.025851      -4132.0067                                                  -4132.0067
              1      -2088.2066      0.33469258      2.1107e-09      -23.025851       -23.025851      -4130.3614                                                  -4130.3614
              1      -2088.9254      0.30137159   2.3470492e-09      -23.025851       -23.025851      -4131.7991                                                  -4131.7991
              1      -2089.4016      0.29433241   2.0631726e-09      -23.025851       -23.025851      -4132.7516                                                  -4132.7516
              2      -2089.4031      0.29518736   2.0593973e-09      -23.025851       -23.025851      -4132.7544                                                  -4132.7544
              2       -2088.906      0.28824573   1.6537141e-09      -23.025851       -23.025851      -4131.7603                                                  -4131.7603
              3      -2088.7967      0.28306805   1.6697578e-09      -23.025851       -23.025851      -4131.5417                                                  -4131.5417
              2      -2089.3852      0.31734887   1.9058034e-09      -23.025851       -23.025851      -4132.7187                                                  -4132.7187
              1      -2089.4664      0.31676858   1.7874336e-09      -23.025851       -23.025851      -4132.8812                                                  -4132.8812
              3      -2088.9539      0.36026591   1.6914317e-09      -23.025851       -23.025851      -4131.8561                                                  -4131.8561
              1      -2089.4317      0.31915753   1.8414701e-09      -23.025851       -23.025851      -4132.8117                                                  -4132.8117
              2      -2089.1534      0.34845938   1.7340032e-09      -23.025851       -23.025851      -4132.2551                                                  -4132.2551
              2      -2088.9068      0.36221614   1.6869501e-09      -23.025851       -23.025851      -4131.7619                                                  -4131.7619
              1      -2089.4248      0.30121113   1.9200647e-09      -23.025851       -23.025851      -4132.7979                                                  -4132.7979
              1      -2089.3595      0.30307601    1.756439e-09      -23.025851       -23.025851      -4132.6673                                                  -4132.6673
              1      -2089.4327      0.30861869   1.7785216e-09      -23.025851       -23.025851      -4132.8137                                                  -4132.8137
              2      -2089.4325      0.30835852   1.7825977e-09      -23.025851       -23.025851      -4132.8132                                                  -4132.8132
              4      -2089.4914      0.32558308   1.6791979e-09      -23.025851       -23.025851       -4132.931                                                   -4132.931
              3      -2089.3413      0.28265058   2.1034612e-09      -23.025851       -23.025851      -4132.6309                                                  -4132.6309
              1      -2089.3657      0.29344403   1.9249694e-09      -23.025851       -23.025851      -4132.6797                                                  -4132.6797
              1       -2089.385      0.29505469   1.9302996e-09      -23.025851       -23.025851      -4132.7183                                                  -4132.7183
              5      -2089.2658      0.28255624   1.9924378e-09      -23.025851       -23.025851      -4132.4799                                                  -4132.4799
              1      -2089.1298      0.27668033   1.9715024e-09      -23.025851       -23.025851      -4132.2078                                                  -4132.2078
              1      -2089.4055      0.30524069    1.993336e-09      -23.025851       -23.025851      -4132.7593                                                  -4132.7593
              1      -2089.2752      0.29182221   2.2839615e-09      -23.025851       -23.025851      -4132.4987                                                  -4132.4987
              2      -2088.6404       0.3378425    1.981867e-09      -23.025851       -23.025851      -4131.2291                                                  -4131.2291
              1      -2088.6161      0.33279417   2.0432351e-09      -23.025851       -23.025851      -4131.1805                                                  -4131.1805
              7      -2089.2968      0.29871918   1.7580916e-09      -23.025851       -23.025851      -4132.5419                                                  -4132.5419
              2      -2089.2467       0.2986835   1.7172175e-09      -23.025851       -23.025851      -4132.4417                                                  -4132.4417
              4      -2089.1384      0.29459029   1.6986806e-09      -23.025851       -23.025851      -4132.2251                                                  -4132.2251
              2       -2089.172      0.29193684   1.7584593e-09      -23.025851       -23.025851      -4132.2923                                                  -4132.2923
              1      -2089.3799      0.30703426   1.7215249e-09      -23.025851       -23.025851      -4132.7081                                                  -4132.7081
              2       -2089.425      0.30143015   1.9614261e-09      -23.025851       -23.025851      -4132.7983                                                  -4132.7983
              1      -2089.3519      0.28445901   2.0858684e-09      -23.025851       -23.025851      -4132.6521                                                  -4132.6521
              1      -2089.3671      0.29901103   1.8294386e-09      -23.025851       -23.025851      -4132.6826                                                  -4132.6826
              1      -2089.4495      0.31022341   1.8585721e-09      -23.025851       -23.025851      -4132.8474                                                  -4132.8474
              3      -2089.4036      0.29779304   2.0504796e-09      -23.025851       -23.025851      -4132.7555                                                  -4132.7555
              5      -2089.3772      0.33465016   1.7543309e-09      -23.025851       -23.025851      -4132.7026                                                  -4132.7026
              1      -2089.1869      0.26840794   2.1868537e-09      -23.025851       -23.025851      -4132.3221                                                  -4132.3221
              1       -2089.084      0.26712294   2.1138689e-09      -23.025851       -23.025851      -4132.1163                                                  -4132.1163
              2      -2088.2707      0.26559123    1.682199e-09      -23.025851       -23.025851      -4130.4897                                                  -4130.4897
              3      -2088.4228      0.26962736   1.6888123e-09      -23.025851       -23.025851      -4130.7939                                                  -4130.7939
              1      -2089.1676      0.26525168   2.2346332e-09      -23.025851       -23.025851      -4132.2834                                                  -4132.2834
              1      -2088.9813      0.26697555   2.0369106e-09      -23.025851       -23.025851      -4131.9109                                                  -4131.9109
              4         -2089.4      0.29771509   1.9107059e-09      -23.025851       -23.025851      -4132.7483                                                  -4132.7483
              1       -2089.158      0.30672604   2.1712547e-09      -23.025851       -23.025851      -4132.2643                                                  -4132.2643
              3      -2088.8665      0.31844063   2.1422961e-09      -23.025851       -23.025851      -4131.6813                                                  -4131.6813
              3      -2089.0232       0.3132352   2.1507633e-09      -23.025851       -23.025851      -4131.9946                                                  -4131.9946
              5      -2089.2331      0.27975938   2.4858747e-09      -23.025851       -23.025851      -4132.4145                                                  -4132.4145
              3      -2089.0417       0.3208634   2.0524836e-09      -23.025851       -23.025851      -4132.0318                                                  -4132.0318
              1      -2089.0576      0.30984089   2.1790066e-09      -23.025851       -23.025851      -4132.0635                                                  -4132.0635
              2      -2089.4037      0.29419411   2.0263041e-09      -23.025851       -23.025851      -4132.7556                                                  -4132.7556
              2      -2089.1841      0.27097739    2.129636e-09      -23.025851       -23.025851      -4132.3165                                                  -4132.3165
              2      -2089.3097      0.28998538   1.9097558e-09      -23.025851       -23.025851      -4132.5677                                                  -4132.5677
              2      -2089.2731       0.2997581   1.7230031e-09      -23.025851       -23.025851      -4132.4945                                                  -4132.4945
              1       -2089.381       0.3027311    1.788104e-09      -23.025851       -23.025851      -4132.7102                                                  -4132.7102
              9      -2089.3332      0.27550074   2.2847211e-09      -23.025851       -23.025851      -4132.6146                                                  -4132.6146
              1      -2089.0628      0.28491761   1.7894839e-09      -23.025851       -23.025851       -4132.074                                                   -4132.074
              2      -2089.3415      0.27787817   2.2406211e-09      -23.025851       -23.025851      -4132.6313                                                  -4132.6313
              1       -2088.155      0.31602589   2.3592024e-09      -23.025851       -23.025851      -4130.2582                                                  -4130.2582
              2      -2088.0954      0.31054652   2.4515152e-09      -23.025851       -23.025851      -4130.1391                                                  -4130.1391
              2      -2088.3328       0.3101949   2.4013874e-09      -23.025851       -23.025851      -4130.6139                                                  -4130.6139
              1      -2089.1598      0.30269161   2.2215541e-09      -23.025851       -23.025851      -4132.2678                                                  -4132.2678
              1      -2089.1234      0.32009756   2.0284198e-09      -23.025851       -23.025851      -4132.1951                                                  -4132.1951
              3      -2088.4034      0.32974526   2.1279479e-09      -23.025851       -23.025851       -4130.755                                                   -4130.755
              2      -2089.3433      0.29844678   1.8091125e-09      -23.025851       -23.025851       -4132.635                                                   -4132.635
              1      -2089.2631      0.29898711   1.7256728e-09      -23.025851       -23.025851      -4132.4745                                                  -4132.4745
              1      -2089.4203       0.3149063   1.6595236e-09      -23.025851       -23.025851      -4132.7889                                                  -4132.7889
              3      -2089.3687      0.30863101   1.6865636e-09      -23.025851       -23.025851      -4132.6858                                                  -4132.6858
              1        -2089.47      0.31796153   1.7127553e-09      -23.025851       -23.025851      -4132.8882                                                  -4132.8882
              5       -2089.343      0.27836718    2.319657e-09      -23.025851       -23.025851      -4132.6342                                                  -4132.6342
              1      -2089.1485       0.3144003   2.0829202e-09      -23.025851       -23.025851      -4132.2453                                                  -4132.2453
              5      -2088.9729      0.33664681   1.9047422e-09      -23.025851       -23.025851      -4131.8941                                                  -4131.8941
              1      -2089.1947      0.28684769   1.8525329e-09      -23.025851       -23.025851      -4132.3376                                                  -4132.3376
              1      -2088.8011      0.32821371   2.0465117e-09      -23.025851       -23.025851      -4131.5504                                                  -4131.5504
              2      -2088.6857      0.31573246   2.2316991e-09      -23.025851       -23.025851      -4131.3198                                                  -4131.3198
              1      -2088.6609      0.30515289   2.3846237e-09      -23.025851       -23.025851      -4131.2702                                                  -4131.2702
              9      -2088.5338       0.3087084   2.3705383e-09      -23.025851       -23.025851       -4131.016                                                   -4131.016
              1      -2088.6712      0.32730353   2.0924719e-09      -23.025851       -23.025851      -4131.2907                                                  -4131.2907
              4      -2088.9552      0.35226211   1.7605097e-09      -23.025851       -23.025851      -4131.8586                                                  -4131.8586
              3      -2089.1552      0.32271562    1.985706e-09      -23.025851       -23.025851      -4132.2588                                                  -4132.2588
              1      -2089.2261      0.28582182   2.4059893e-09      -23.025851       -23.025851      -4132.4005                                                  -4132.4005
              1      -2089.3731      0.32541832   1.8398973e-09      -23.025851       -23.025851      -4132.6946                                                  -4132.6946
              3      -2088.9258      0.33796792   1.9055157e-09      -23.025851       -23.025851      -4131.7999                                                  -4131.7999
              4      -2088.4875      0.26989503   1.7139422e-09      -23.025851       -23.025851      -4130.9233                                                  -4130.9233
              1      -2088.8731      0.28805048   1.6398486e-09      -23.025851       -23.025851      -4131.6946                                                  -4131.6946
              1      -2089.3692      0.28422954   2.1701734e-09      -23.025851       -23.025851      -4132.6866                                                  -4132.6866
              1       -2088.735       0.3308903   2.0344404e-09      -23.025851       -23.025851      -4131.4183                                                  -4131.4183
              1      -2087.6202      0.32550261   2.3327835e-09      -23.025851       -23.025851      -4129.1888                                                  -4129.1888
              1      -2089.4211      0.31451301   1.8932105e-09      -23.025851       -23.025851      -4132.7906                                                  -4132.7906
              2       -2089.381      0.33342557   1.7623697e-09      -23.025851       -23.025851      -4132.7103                                                  -4132.7103
              1      -2089.2039      0.32388484   1.9513007e-09      -23.025851       -23.025851       -4132.356                                                   -4132.356
              1      -2089.2337      0.28238469    2.447858e-09      -23.025851       -23.025851      -4132.4156                                                  -4132.4156
              2      -2089.3145      0.27758383    2.407121e-09      -23.025851       -23.025851      -4132.5774                                                  -4132.5774
              4      -2089.3297      0.27450348   2.3067604e-09      -23.025851       -23.025851      -4132.6078                                                  -4132.6078
              4       -2089.332      0.27497707   2.3001437e-09      -23.025851       -23.025851      -4132.6123                                                  -4132.6123
              5       -2088.859      0.28650669   1.6534849e-09      -23.025851       -23.025851      -4131.6663                                                  -4131.6663
              1      -2089.3626      0.28355068   2.2344236e-09      -23.025851       -23.025851      -4132.6735                                                  -4132.6735
              1      -2089.3512      0.27930193   2.2526723e-09      -23.025851       -23.025851      -4132.6507                                                  -4132.6507
              1      -2089.3155      0.29480398   1.8360148e-09      -23.025851       -23.025851      -4132.5792                                                  -4132.5792
              2      -2088.9177      0.34791533   1.8105513e-09      -23.025851       -23.025851      -4131.7837                                                  -4131.7837
              1      -2089.3959      0.31100666   1.9545981e-09      -23.025851       -23.025851      -4132.7402                                                  -4132.7402
              6      -2089.3536      0.28715718   2.2417233e-09      -23.025851       -23.025851      -4132.6555                                                  -4132.6555
              3      -2088.9629      0.28501649   2.5809185e-09      -23.025851       -23.025851       -4131.874                                                   -4131.874
              1       -2089.365      0.30746572   2.0218047e-09      -23.025851       -23.025851      -4132.6783                                                  -4132.6783
              5      -2089.3268      0.27473374   2.3922661e-09      -23.025851       -23.025851       -4132.602                                                   -4132.602
              2      -2089.3517      0.29145143   2.2029389e-09      -23.025851       -23.025851      -4132.6516                                                  -4132.6516
              3      -2089.2701      0.26913436   2.5829299e-09      -23.025851       -23.025851      -4132.4885                                                  -4132.4885
              1      -2089.1978      0.28161441    2.489404e-09      -23.025851       -23.025851      -4132.3439                                                  -4132.3439
              1      -2089.1484       0.2824421   2.5146104e-09      -23.025851       -23.025851      -4132.2451                                                  -4132.2451
              2      -2089.3454      0.32427439   1.8698858e-09      -23.025851       -23.025851      -4132.6391                                                  -4132.6391
              1      -2089.4825      0.32175959   1.6938301e-09      -23.025851       -23.025851      -4132.9133                                                  -4132.9133
              4       -2089.493      0.32598861   1.6681806e-09      -23.025851       -23.025851      -4132.9344                                                  -4132.9344
              1      -2089.0054      0.36393841   1.6478426e-09      -23.025851       -23.025851      -4131.9591                                                  -4131.9591
              1      -2088.5873       0.3347031    2.028803e-09      -23.025851       -23.025851      -4131.1229                                                  -4131.1229
              1       -2089.449      0.30988294    1.860818e-09      -23.025851       -23.025851      -4132.8462                                                  -4132.8462
              3      -2089.4052      0.31723065   1.6106065e-09      -23.025851       -23.025851      -4132.7586                                                  -4132.7586
              1      -2089.2963      0.29376498   1.8329463e-09      -23.025851       -23.025851      -4132.5409                                                  -4132.5409
              2      -2088.7013      0.27204738   1.7837557e-09      -23.025851       -23.025851      -4131.3509                                                  -4131.3509
              1      -2089.5026      0.33002343   1.6276194e-09      -23.025851       -23.025851      -4132.9536                                                  -4132.9536
              3       -2089.298      0.32469987   1.8947204e-09      -23.025851       -23.025851      -4132.5442                                                  -4132.5442
              1      -2089.2723      0.34892201   1.6850119e-09      -23.025851       -23.025851       -4132.493                                                   -4132.493
              2      -2088.7697      0.35419339   1.7896207e-09      -23.025851       -23.025851      -4131.4877                                                  -4131.4877
              2      -2088.4755      0.35118467   1.8813794e-09      -23.025851       -23.025851      -4130.8992                                                  -4130.8992
              4      -2088.3923      0.35070734   1.9024453e-09      -23.025851       -23.025851       -4130.733                                                   -4130.733
              4       -2089.415      0.29768942   1.9915097e-09      -23.025851       -23.025851      -4132.7783                                                  -4132.7783
              1      -2089.4648      0.31675962    1.716914e-09      -23.025851       -23.025851      -4132.8778                                                  -4132.8778
              2      -2089.4695      0.31766712   1.7745924e-09      -23.025851       -23.025851      -4132.8874                                                  -4132.8874
              4       -2089.287      0.28170483   2.4015984e-09      -23.025851       -23.025851      -4132.5223                                                  -4132.5223
              2      -2089.2637      0.27740613   2.4859018e-09      -23.025851       -23.025851      -4132.4757                                                  -4132.4757
              1      -2088.8915      0.26819326   1.9546237e-09      -23.025851       -23.025851      -4131.7312                                                  -4131.7312
              3      -2089.4102      0.31320347   1.6703079e-09      -23.025851       -23.025851      -4132.7686                                                  -4132.7686
              3      -2089.3339      0.30599474   1.6889102e-09      -23.025851       -23.025851      -4132.6161                                                  -4132.6161
              1      -2089.0698      0.33504864   1.8892683e-09      -23.025851       -23.025851      -4132.0879                                                  -4132.0879
              3      -2089.3355       0.2889117   1.9627301e-09      -23.025851       -23.025851      -4132.6193                                                  -4132.6193
              2      -2089.5042       0.3306461   1.6175325e-09      -23.025851       -23.025851      -4132.9567                                                  -4132.9567
              2       -2089.384      0.28915979   2.1396209e-09      -23.025851       -23.025851      -4132.7164                                                  -4132.7164
              1      -2089.4138      0.29833557   2.0131253e-09      -23.025851       -23.025851      -4132.7758                                                  -4132.7758
              1      -2089.4591      0.32245914   1.6114048e-09      -23.025851       -23.025851      -4132.8666                                                  -4132.8666
              3      -2089.4439      0.33937479   1.6673594e-09      -23.025851       -23.025851      -4132.8362                                                  -4132.8362
              1      -2089.3887      0.33447255   1.7482057e-09      -23.025851       -23.025851      -4132.7257                                                  -4132.7257
              5      -2089.4778      0.32027813   1.6996713e-09      -23.025851       -23.025851       -4132.904                                                   -4132.904
              2      -2089.4562      0.31299822   1.8309618e-09      -23.025851       -23.025851      -4132.8608                                                  -4132.8608
              1      -2088.4001       0.3038134   2.4792059e-09      -23.025851       -23.025851      -4130.7485                                                  -4130.7485
              1      -2088.8995      0.29032117   2.5241635e-09      -23.025851       -23.025851      -4131.7473                                                  -4131.7473
              3      -2089.4779      0.32064904   1.7384248e-09      -23.025851       -23.025851      -4132.9042                                                  -4132.9042
              1      -2089.2148      0.27405295   2.0999745e-09      -23.025851       -23.025851       -4132.378                                                   -4132.378
              3      -2089.0664       0.3303387   1.9390483e-09      -23.025851       -23.025851      -4132.0811                                                  -4132.0811
              2      -2089.4967      0.33144305   1.6550651e-09      -23.025851       -23.025851      -4132.9416                                                  -4132.9416
              3      -2089.3025      0.35140672   1.6516977e-09      -23.025851       -23.025851      -4132.5534                                                  -4132.5534
              6      -2089.3607       0.3266335   1.8373884e-09      -23.025851       -23.025851      -4132.6696                                                  -4132.6696
              1      -2089.4216      0.30593401   1.8016994e-09      -23.025851       -23.025851      -4132.7915                                                  -4132.7915
              2      -2089.4202      0.30714509   1.7780412e-09      -23.025851       -23.025851      -4132.7887                                                  -4132.7887
              2       -2089.333      0.31265939   1.9953559e-09      -23.025851       -23.025851      -4132.6144                                                  -4132.6144
              1      -2089.3391      0.31390769   1.9777352e-09      -23.025851       -23.025851      -4132.6266                                                  -4132.6266
              1      -2089.2773      0.30301112   2.1444582e-09      -23.025851       -23.025851      -4132.5029                                                  -4132.5029
              4      -2089.3938      0.29165703   2.0950659e-09      -23.025851       -23.025851      -4132.7359                                                  -4132.7359
              5      -2089.4063      0.29921986   1.8955701e-09      -23.025851       -23.025851      -4132.7609                                                  -4132.7609
              7      -2089.2433      0.29639649   1.7470003e-09      -23.025851       -23.025851       -4132.435                                                   -4132.435
              3      -2089.3667      0.29523723   1.8937246e-09      -23.025851       -23.025851      -4132.6817                                                  -4132.6817
              1      -2088.9308      0.32920537   1.9966989e-09      -23.025851       -23.025851        -4131.81                                                    -4131.81
              1      -2088.8184      0.32309772   2.1009659e-09      -23.025851       -23.025851      -4131.5852                                                  -4131.5852
              3      -2088.2844      0.33788909   2.0587567e-09      -23.025851       -23.025851      -4130.5171                                                  -4130.5171
              1      -2089.2859      0.27521003   2.4834525e-09      -23.025851       -23.025851      -4132.5201                                                  -4132.5201
              3      -2089.3515      0.29362239   2.1810556e-09      -23.025851       -23.025851      -4132.6512                                                  -4132.6512
              1      -2089.0073        0.282954   1.7846838e-09      -23.025851       -23.025851       -4131.963                                                   -4131.963
              2       -2089.354      0.28360427   2.2660904e-09      -23.025851       -23.025851      -4132.6564                                                  -4132.6564
              3       -2088.682      0.30973118    2.313361e-09      -23.025851       -23.025851      -4131.3124                                                  -4131.3124
              5      -2087.3712      0.31965229   2.4560761e-09      -23.025851       -23.025851      -4128.6906                                                  -4128.6906
              3      -2087.1022      0.32534558   2.4177323e-09      -23.025851       -23.025851      -4128.1528                                                  -4128.1528
              5      -2089.4559       0.3159933   1.7044495e-09      -23.025851       -23.025851        -4132.86                                                    -4132.86
              1      -2089.4453       0.3226544   1.7966462e-09      -23.025851       -23.025851       -4132.839                                                   -4132.839
              2      -2089.4453      0.32264389   1.7967508e-09      -23.025851       -23.025851      -4132.8389                                                  -4132.8389
              1       -2089.437      0.32326526   1.8019632e-09      -23.025851       -23.025851      -4132.8222                                                  -4132.8222
              2      -2089.4338        0.324284   1.7972327e-09      -23.025851       -23.025851      -4132.8159                                                  -4132.8159
              3      -2088.7081      0.29043208   2.5976338e-09      -23.025851       -23.025851      -4131.3645                                                  -4131.3645
              2      -2089.0203       0.2819748   2.6013591e-09      -23.025851       -23.025851       -4131.989                                                   -4131.989
              3      -2089.4324      0.33693121   1.6959074e-09      -23.025851       -23.025851      -4132.8131                                                  -4132.8131
              1      -2089.1544       0.3162182   2.0589291e-09      -23.025851       -23.025851      -4132.2571                                                  -4132.2571
              1      -2089.3179      0.30952005   2.0404952e-09      -23.025851       -23.025851       -4132.584                                                   -4132.584
              2      -2089.1287      0.30510636   2.2065961e-09      -23.025851       -23.025851      -4132.2057                                                  -4132.2057
              3      -2089.1852       0.2652474   2.2553165e-09      -23.025851       -23.025851      -4132.3188                                                  -4132.3188
              2      -2089.2998      0.27755225   2.1395964e-09      -23.025851       -23.025851      -4132.5479                                                  -4132.5479
              5      -2089.2091      0.27001854   2.1775982e-09      -23.025851       -23.025851      -4132.3665                                                  -4132.3665
              1      -2089.0021      0.27397146   1.9255622e-09      -23.025851       -23.025851      -4131.9526                                                  -4131.9526
              3       -2089.362      0.34013123   1.7162825e-09      -23.025851       -23.025851      -4132.6723                                                  -4132.6723
              5      -2089.4948      0.33638695   1.6333961e-09      -23.025851       -23.025851      -4132.9378                                                  -4132.9378
              6      -2089.3075      0.33254915   1.8137614e-09      -23.025851       -23.025851      -4132.5632                                                  -4132.5632
              1      -2089.3513      0.32291569   1.8790427e-09      -23.025851       -23.025851      -4132.6508                                                  -4132.6508
              1      -2089.2801      0.30308513   2.1415942e-09      -23.025851       -23.025851      -4132.5086                                                  -4132.5086
              1      -2089.3742      0.29782194   2.1069593e-09      -23.025851       -23.025851      -4132.6967                                                  -4132.6967
              3      -2089.3373      0.27581006   2.3221386e-09      -23.025851       -23.025851       -4132.623                                                   -4132.623
              1      -2089.3301      0.27504271   2.2849394e-09      -23.025851       -23.025851      -4132.6086                                                  -4132.6086
              2      -2089.3495      0.27896697   2.2744215e-09      -23.025851       -23.025851      -4132.6474                                                  -4132.6474
              1      -2089.4512      0.30997647   1.8210705e-09      -23.025851       -23.025851      -4132.8506                                                  -4132.8506
              1      -2089.4114      0.31896418   1.8658608e-09      -23.025851       -23.025851      -4132.7711                                                  -4132.7711
              1      -2089.4823      0.32890769   1.6980716e-09      -23.025851       -23.025851       -4132.913                                                   -4132.913
              1      -2088.4895      0.35995641   1.7961629e-09      -23.025851       -23.025851      -4130.9274                                                  -4130.9274
              1      -2087.6036       0.3606658   1.9321214e-09      -23.025851       -23.025851      -4129.1555                                                  -4129.1555
              3      -2088.7601      0.32129099   2.1400803e-09      -23.025851       -23.025851      -4131.4685                                                  -4131.4685
              6      -2088.8489      0.32140528   2.1119509e-09      -23.025851       -23.025851       -4131.646                                                   -4131.646
              1      -2089.1428      0.31899476   2.0325768e-09      -23.025851       -23.025851      -4132.2339                                                  -4132.2339
              1      -2088.9823       0.3362316   1.9060689e-09      -23.025851       -23.025851       -4131.913                                                   -4131.913
              3      -2089.3193      0.27769165   2.1732883e-09      -23.025851       -23.025851      -4132.5869                                                  -4132.5869
              1      -2089.3431      0.30114647   1.7673734e-09      -23.025851       -23.025851      -4132.6346                                                  -4132.6346
              6      -2089.3186      0.34077137   1.7337415e-09      -23.025851       -23.025851      -4132.5856                                                  -4132.5856
              1      -2089.3151      0.34093904   1.7338277e-09      -23.025851       -23.025851      -4132.5784                                                  -4132.5784
              2      -2088.7982      0.32626904   2.0697208e-09      -23.025851       -23.025851      -4131.5447                                                  -4131.5447
              1      -2089.1817      0.31207226   2.0941558e-09      -23.025851       -23.025851      -4132.3117                                                  -4132.3117
              2      -2089.4049      0.29602945   2.0516704e-09      -23.025851       -23.025851      -4132.7581                                                  -4132.7581
              4      -2089.3562      0.34570022    1.672913e-09      -23.025851       -23.025851      -4132.6607                                                  -4132.6607
              1      -2088.5188      0.35614367   1.8254385e-09      -23.025851       -23.025851      -4130.9859                                                  -4130.9859
              2      -2088.5514      0.33686187    2.013345e-09      -23.025851       -23.025851      -4131.0512                                                  -4131.0512
              1      -2088.9966      0.32580079   2.0127513e-09      -23.025851       -23.025851      -4131.9414                                                  -4131.9414
              1      -2088.9022      0.32792089   2.0198573e-09      -23.025851       -23.025851      -4131.7527                                                  -4131.7527
              2        -2088.59      0.29955657   2.4903859e-09      -23.025851       -23.025851      -4131.1283                                                  -4131.1283
              3      -2088.6957      0.29806756   2.4794928e-09      -23.025851       -23.025851      -4131.3398                                                  -4131.3398
              2      -2088.1959      0.33425941   2.1178609e-09      -23.025851       -23.025851      -4130.3401                                                  -4130.3401
              1      -2089.2636      0.30051192   2.1845688e-09      -23.025851       -23.025851      -4132.4755                                                  -4132.4755
              1      -2089.3912      0.30491706   2.0169248e-09      -23.025851       -23.025851      -4132.7308                                                  -4132.7308
              5      -2089.1272      0.30852924   2.1640433e-09      -23.025851       -23.025851      -4132.2027                                                  -4132.2027
              2      -2089.3167      0.27093976   2.4217877e-09      -23.025851       -23.025851      -4132.5817                                                  -4132.5817
              1      -2089.3836      0.30000176   2.0726837e-09      -23.025851       -23.025851      -4132.7156                                                  -4132.7156
              1      -2089.4823      0.32954094   1.6945886e-09      -23.025851       -23.025851      -4132.9128                                                  -4132.9128
              3      -2089.4297      0.33365981   1.7242161e-09      -23.025851       -23.025851      -4132.8077                                                  -4132.8077
              1      -2089.0523      0.32250988   2.0296566e-09      -23.025851       -23.025851      -4132.0528                                                  -4132.0528
              1      -2089.3995       0.3003494   2.0432327e-09      -23.025851       -23.025851      -4132.7473                                                  -4132.7473
              7      -2089.1392      0.28850091   2.4295285e-09      -23.025851       -23.025851      -4132.2267                                                  -4132.2267
              4      -2089.3081      0.27297298   2.4623619e-09      -23.025851       -23.025851      -4132.5646                                                  -4132.5646
              3      -2089.3211      0.27704784   2.3970156e-09      -23.025851       -23.025851      -4132.5905                                                  -4132.5905
              1      -2089.3268      0.28725069   1.9812598e-09      -23.025851       -23.025851      -4132.6018                                                  -4132.6018
              2      -2088.8405      0.34557898   1.8533484e-09      -23.025851       -23.025851      -4131.6292                                                  -4131.6292
              2      -2088.8891      0.29531338   2.4507568e-09      -23.025851       -23.025851      -4131.7266                                                  -4131.7266
              1      -2089.1068      0.30682577   2.1953891e-09      -23.025851       -23.025851      -4132.1619                                                  -4132.1619
              3      -2089.3711      0.29083087   1.9873652e-09      -23.025851       -23.025851      -4132.6906                                                  -4132.6906
              2        -2089.49      0.32471196   1.6665404e-09      -23.025851       -23.025851      -4132.9284                                                  -4132.9284
              1      -2088.6712      0.35963085   1.7625866e-09      -23.025851       -23.025851      -4131.2907                                                  -4131.2907
              3      -2088.8662      0.36256455   1.6937477e-09      -23.025851       -23.025851      -4131.6807                                                  -4131.6807
              1      -2088.9539       0.3600925   1.6927996e-09      -23.025851       -23.025851       -4131.856                                                   -4131.856
              1      -2088.4642      0.35809938   1.8179797e-09      -23.025851       -23.025851      -4130.8768                                                  -4130.8768
              3      -2089.4156      0.30119407   2.0005303e-09      -23.025851       -23.025851      -4132.7796                                                  -4132.7796
              2      -2089.2154      0.28540187   2.4206696e-09      -23.025851       -23.025851      -4132.3791                                                  -4132.3791
              3      -2089.1858      0.28635322   2.4295395e-09      -23.025851       -23.025851      -4132.3198                                                  -4132.3198
              1      -2089.3598      0.28187766   2.1958163e-09      -23.025851       -23.025851      -4132.6679                                                  -4132.6679
              2      -2089.3627      0.28252352   2.1919817e-09      -23.025851       -23.025851      -4132.6736                                                  -4132.6736
              2      -2088.5944       0.3240866    2.150892e-09      -23.025851       -23.025851       -4131.137                                                   -4131.137
              1      -2088.5734      0.30425616   2.4240338e-09      -23.025851       -23.025851      -4131.0951                                                  -4131.0951
              3      -2089.2751      0.28823879   2.3299139e-09      -23.025851       -23.025851      -4132.4986                                                  -4132.4986
              1      -2089.1216      0.29514497   1.6806102e-09      -23.025851       -23.025851      -4132.1915                                                  -4132.1915
              3      -2089.2029       0.3006218   1.6598743e-09      -23.025851       -23.025851      -4132.3542                                                  -4132.3542
              3      -2089.2092      0.30001663   1.6720749e-09      -23.025851       -23.025851      -4132.3667                                                  -4132.3667
              1      -2089.2441      0.29026291   2.3306242e-09      -23.025851       -23.025851      -4132.4365                                                  -4132.4365
              3      -2088.5941      0.30462267   2.4125516e-09      -23.025851       -23.025851      -4131.1364                                                  -4131.1364
              2      -2089.3805      0.29015468   2.1547128e-09      -23.025851       -23.025851      -4132.7092                                                  -4132.7092
              1      -2089.2499      0.27861848   2.4848448e-09      -23.025851       -23.025851      -4132.4482                                                  -4132.4482
             11       -2089.122      0.34213056   1.8019399e-09      -23.025851       -23.025851      -4132.1923                                                  -4132.1923
              2      -2089.2335      0.31720384   2.0087591e-09      -23.025851       -23.025851      -4132.4153                                                  -4132.4153
              2      -2089.3747       0.3079162   2.0075042e-09      -23.025851       -23.025851      -4132.6976                                                  -4132.6976
              1       -2089.414      0.30863776    1.952015e-09      -23.025851       -23.025851      -4132.7762                                                  -4132.7762
              1      -2089.3042      0.31608356   1.9795321e-09      -23.025851       -23.025851      -4132.5566                                                  -4132.5566
              1      -2089.2781      0.31290244    2.030576e-09      -23.025851       -23.025851      -4132.5045                                                  -4132.5045
              3       -2089.376      0.30130321   2.0711138e-09      -23.025851       -23.025851      -4132.7004                                                  -4132.7004
              2      -2089.4119      0.29685326   1.9821255e-09      -23.025851       -23.025851      -4132.7721                                                  -4132.7721
              4      -2089.3659      0.28634643   2.0779732e-09      -23.025851       -23.025851      -4132.6801                                                  -4132.6801
              2      -2089.4328      0.30350443   1.9187634e-09      -23.025851       -23.025851      -4132.8139                                                  -4132.8139
              2      -2089.3791      0.30147114   1.8058111e-09      -23.025851       -23.025851      -4132.7064                                                  -4132.7064
              1      -2089.2095      0.31603636   2.0343252e-09      -23.025851       -23.025851      -4132.3672                                                  -4132.3672
             11      -2089.4999      0.32880313   1.6263413e-09      -23.025851       -23.025851      -4132.9481                                                  -4132.9481
              1      -2089.4858      0.33037111   1.6832749e-09      -23.025851       -23.025851        -4132.92                                                    -4132.92
              3      -2089.4503      0.31222431   1.8544542e-09      -23.025851       -23.025851       -4132.849                                                   -4132.849
              3      -2089.4493      0.30917918   1.8389678e-09      -23.025851       -23.025851      -4132.8469                                                  -4132.8469
              1      -2089.3504      0.32457632   1.8636569e-09      -23.025851       -23.025851      -4132.6491                                                  -4132.6491
              2      -2089.2548      0.31850666   1.9830293e-09      -23.025851       -23.025851       -4132.458                                                   -4132.458
              1       -2089.142      0.30111042    2.251717e-09      -23.025851       -23.025851      -4132.2323                                                  -4132.2323
              1      -2089.3996      0.29307523   2.0367977e-09      -23.025851       -23.025851      -4132.7474                                                  -4132.7474
              5      -2089.4373      0.31217141   1.8861788e-09      -23.025851       -23.025851      -4132.8228                                                  -4132.8228
              2      -2089.3788      0.30730268   2.0090783e-09      -23.025851       -23.025851      -4132.7058                                                  -4132.7058
              3      -2089.2505      0.30486442   2.1407636e-09      -23.025851       -23.025851      -4132.4493                                                  -4132.4493
              1      -2089.4669      0.31643632   1.7847767e-09      -23.025851       -23.025851       -4132.882                                                   -4132.882
              2      -2089.4052      0.29932727   2.0379768e-09      -23.025851       -23.025851      -4132.7588                                                  -4132.7588
              4      -2089.2773       0.2780578   2.0941936e-09      -23.025851       -23.025851      -4132.5028                                                  -4132.5028
              1      -2089.4175      0.31319608   1.9091343e-09      -23.025851       -23.025851      -4132.7833                                                  -4132.7833
              1      -2088.0943      0.31525657   2.3835167e-09      -23.025851       -23.025851      -4130.1369                                                  -4130.1369
              6      -2088.5462        0.337609   2.0063197e-09      -23.025851       -23.025851      -4131.0406                                                  -4131.0406
              5      -2088.7528      0.34214129   1.9096665e-09      -23.025851       -23.025851      -4131.4539                                                  -4131.4539
              1      -2089.1368      0.33345299   1.8809278e-09      -23.025851       -23.025851      -4132.2218                                                  -4132.2218
              4      -2089.4278      0.30646845   1.9418136e-09      -23.025851       -23.025851      -4132.8039                                                  -4132.8039
              1       -2088.715      0.31712683   2.2051664e-09      -23.025851       -23.025851      -4131.3782                                                  -4131.3782
              3      -2089.0875      0.29191974   2.4092469e-09      -23.025851       -23.025851      -4132.1234                                                  -4132.1234
              3      -2089.2825      0.26861205   2.5620853e-09      -23.025851       -23.025851      -4132.5132                                                  -4132.5132
              1      -2089.2737      0.26528185   2.4038661e-09      -23.025851       -23.025851      -4132.4958                                                  -4132.4958
              1      -2089.2929       0.2730015   2.2338106e-09      -23.025851       -23.025851       -4132.534                                                   -4132.534
              3      -2089.2619      0.29539097   2.2498062e-09      -23.025851       -23.025851      -4132.4721                                                  -4132.4721
              1      -2089.3772      0.28860552   2.1702616e-09      -23.025851       -23.025851      -4132.7028                                                  -4132.7028
              1      -2089.4025      0.30336766   2.0133286e-09      -23.025851       -23.025851      -4132.7533                                                  -4132.7533
              1      -2089.4089      0.30297884   2.0053447e-09      -23.025851       -23.025851      -4132.7661                                                  -4132.7661
              6      -2089.4197      0.33829171   1.6946865e-09      -23.025851       -23.025851      -4132.7878                                                  -4132.7878
              2      -2089.1006      0.32175352   2.0192703e-09      -23.025851       -23.025851      -4132.1494                                                  -4132.1494
              2       -2089.152      0.31530461   2.0706973e-09      -23.025851       -23.025851      -4132.2524                                                  -4132.2524
              1      -2089.1753      0.31342901   2.0814482e-09      -23.025851       -23.025851      -4132.2989                                                  -4132.2989
              7      -2088.8685      0.35350637   1.7719463e-09      -23.025851       -23.025851      -4131.6854                                                  -4131.6854
              1      -2089.3465      0.33177412   1.7988907e-09      -23.025851       -23.025851      -4132.6412                                                  -4132.6412
              9      -2087.7667      0.31072532   2.5173954e-09      -23.025851       -23.025851      -4129.4818                                                  -4129.4818
              1      -2089.2487      0.28970147   2.3342422e-09      -23.025851       -23.025851      -4132.4458                                                  -4132.4458
              2      -2089.1026      0.29690008   2.3298292e-09      -23.025851       -23.025851      -4132.1536                                                  -4132.1536
              1       -2089.356      0.28582908   2.0637579e-09      -23.025851       -23.025851      -4132.6604                                                  -4132.6604
              1      -2089.4628      0.31805644   1.7966107e-09      -23.025851       -23.025851       -4132.874                                                   -4132.874
              1      -2089.4536      0.31153575   1.8412945e-09      -23.025851       -23.025851      -4132.8554                                                  -4132.8554
              1        -2089.32      0.30761059   1.6550834e-09      -23.025851       -23.025851      -4132.5883                                                  -4132.5883
              1      -2089.4495      0.31204797   1.7592806e-09      -23.025851       -23.025851      -4132.8473                                                  -4132.8473
              7      -2089.2387      0.27843545   2.0400029e-09      -23.025851       -23.025851      -4132.4258                                                  -4132.4258
              2      -2089.3366      0.27856849   2.3453756e-09      -23.025851       -23.025851      -4132.6214                                                  -4132.6214
              2      -2088.3495       0.3213996   2.2438646e-09      -23.025851       -23.025851      -4130.6472                                                  -4130.6472
              1      -2087.0435      0.33703595   2.2715447e-09      -23.025851       -23.025851      -4128.0354                                                  -4128.0354
              2      -2086.5427       0.3239969   2.5164858e-09      -23.025851       -23.025851      -4127.0337                                                  -4127.0337
              5       -2089.267      0.29674301   2.2286781e-09      -23.025851       -23.025851      -4132.4823                                                  -4132.4823
              2      -2088.9696       0.3232853   2.0503842e-09      -23.025851       -23.025851      -4131.8875                                                  -4131.8875
              3      -2089.2947      0.26699888   2.5328918e-09      -23.025851       -23.025851      -4132.5378                                                  -4132.5378
              1      -2089.2596      0.29821707   2.2159543e-09      -23.025851       -23.025851      -4132.4674                                                  -4132.4674
              2      -2089.4814      0.32477155   1.6231299e-09      -23.025851       -23.025851      -4132.9112                                                  -4132.9112
              1      -2089.4913      0.34014974   1.6146365e-09      -23.025851       -23.025851       -4132.931                                                   -4132.931
              2      -2088.8814      0.32121671   2.1039361e-09      -23.025851       -23.025851       -4131.711                                                   -4131.711
              1      -2089.3495       0.2861436   2.0421297e-09      -23.025851       -23.025851      -4132.6473                                                  -4132.6473
              2      -2089.2965      0.28361658   2.0091927e-09      -23.025851       -23.025851      -4132.5412                                                  -4132.5412
              1       -2089.271      0.28869032   1.8902492e-09      -23.025851       -23.025851      -4132.4903                                                  -4132.4903
              1      -2089.3272      0.29232402   1.8903852e-09      -23.025851       -23.025851      -4132.6027                                                  -4132.6027
              1      -2089.3099      0.30591963   1.6689872e-09      -23.025851       -23.025851       -4132.568                                                   -4132.568
              2      -2089.4808      0.32327713   1.7261666e-09      -23.025851       -23.025851        -4132.91                                                    -4132.91
              1      -2089.4386      0.32257064    1.805749e-09      -23.025851       -23.025851      -4132.8254                                                  -4132.8254
              2      -2089.4627      0.31528765   1.8034739e-09      -23.025851       -23.025851      -4132.8738                                                  -4132.8738
              5       -2089.496       0.3271772   1.6549068e-09      -23.025851       -23.025851      -4132.9402                                                  -4132.9402
              1      -2089.3956      0.32638938   1.8140655e-09      -23.025851       -23.025851      -4132.7395                                                  -4132.7395
              1      -2089.2349      0.33074762   1.8668547e-09      -23.025851       -23.025851      -4132.4181                                                  -4132.4181
              1      -2089.2373      0.31296526    2.054032e-09      -23.025851       -23.025851       -4132.423                                                   -4132.423
              2      -2089.4653      0.33937977   1.6485169e-09      -23.025851       -23.025851      -4132.8788                                                  -4132.8788
              3      -2089.4552      0.33714235   1.6746702e-09      -23.025851       -23.025851      -4132.8587                                                  -4132.8587
              1      -2089.3491      0.35082252   1.6351214e-09      -23.025851       -23.025851      -4132.6465                                                  -4132.6465
              1      -2089.3002      0.34407971    1.713922e-09      -23.025851       -23.025851      -4132.5488                                                  -4132.5488
              5      -2089.4328      0.33967945    1.673876e-09      -23.025851       -23.025851      -4132.8138                                                  -4132.8138
              1      -2089.4171      0.33950831   1.6867596e-09      -23.025851       -23.025851      -4132.7826                                                  -4132.7826
              1      -2089.3725      0.29894539   1.8380838e-09      -23.025851       -23.025851      -4132.6932                                                  -4132.6932
              2      -2089.1121       0.2777682   1.9389139e-09      -23.025851       -23.025851      -4132.1726                                                  -4132.1726
              5      -2089.0609      0.27634828   1.9258685e-09      -23.025851       -23.025851      -4132.0701                                                  -4132.0701
              2       -2089.222      0.27499689    2.088903e-09      -23.025851       -23.025851      -4132.3923                                                  -4132.3923
              1      -2089.1801      0.27372313    2.070795e-09      -23.025851       -23.025851      -4132.3085                                                  -4132.3085
              1      -2089.2337      0.27325642   2.5791746e-09      -23.025851       -23.025851      -4132.4156                                                  -4132.4156
              3      -2089.2388      0.27260607   2.5824133e-09      -23.025851       -23.025851       -4132.426                                                   -4132.426
              1      -2089.2426      0.27226355   2.5827349e-09      -23.025851       -23.025851      -4132.4335                                                  -4132.4335
              1      -2089.3629      0.28485511   2.2328147e-09      -23.025851       -23.025851       -4132.674                                                   -4132.674
              3      -2089.0571      0.35219191   1.7320757e-09      -23.025851       -23.025851      -4132.0624                                                  -4132.0624
              2      -2088.9677      0.34296544   1.8435373e-09      -23.025851       -23.025851      -4131.8836                                                  -4131.8836
              3      -2089.4017      0.29488465   1.9834096e-09      -23.025851       -23.025851      -4132.7517                                                  -4132.7517
              1      -2089.1543      0.27502578   2.0221188e-09      -23.025851       -23.025851      -4132.2568                                                  -4132.2568
              2      -2089.1122      0.27703728    1.951405e-09      -23.025851       -23.025851      -4132.1727                                                  -4132.1727
              1      -2089.3318      0.30294584   1.7294568e-09      -23.025851       -23.025851      -4132.6119                                                  -4132.6119
              2      -2089.0126      0.27202709   1.9665764e-09      -23.025851       -23.025851      -4131.9735                                                  -4131.9735
              3      -2088.9249      0.27052918   1.9346889e-09      -23.025851       -23.025851      -4131.7981                                                  -4131.7981
              1      -2088.8481      0.27942769   1.7477858e-09      -23.025851       -23.025851      -4131.6445                                                  -4131.6445
              2      -2089.3531      0.28607562   2.0514291e-09      -23.025851       -23.025851      -4132.6546                                                  -4132.6546
              2      -2088.8563      0.30841754   2.2749888e-09      -23.025851       -23.025851       -4131.661                                                   -4131.661
              2      -2088.3515      0.31059925   2.3910327e-09      -23.025851       -23.025851      -4130.6512                                                  -4130.6512
              1       -2089.325      0.27367122   2.3912492e-09      -23.025851       -23.025851      -4132.5982                                                  -4132.5982
              3      -2089.3511      0.29684362    1.844377e-09      -23.025851       -23.025851      -4132.6505                                                  -4132.6505
              2      -2089.1715      0.29418205   1.7260893e-09      -23.025851       -23.025851      -4132.2913                                                  -4132.2913
              2      -2089.3049      0.28980373    1.907439e-09      -23.025851       -23.025851      -4132.5582                                                  -4132.5582
              1      -2089.4356      0.31697309   1.6517579e-09      -23.025851       -23.025851      -4132.8194                                                  -4132.8194
              5      -2089.4012      0.32647817   1.8088108e-09      -23.025851       -23.025851      -4132.7506                                                  -4132.7506
              4      -2089.4194       0.3080503   1.9460753e-09      -23.025851       -23.025851      -4132.7871                                                  -4132.7871
              1      -2088.4188      0.33101957   2.1094601e-09      -23.025851       -23.025851       -4130.786                                                   -4130.786
              3      -2088.4559      0.30716636    2.413994e-09      -23.025851       -23.025851      -4130.8601                                                  -4130.8601
              1        -2089.16      0.31485086   2.0722543e-09      -23.025851       -23.025851      -4132.2682                                                  -4132.2682
              4       -2088.359      0.34192197   1.9995359e-09      -23.025851       -23.025851      -4130.6663                                                  -4130.6663
              2      -2088.2011      0.32615986   2.2153214e-09      -23.025851       -23.025851      -4130.3506                                                  -4130.3506
              3      -2088.7564      0.31575187   2.2105348e-09      -23.025851       -23.025851      -4131.4611                                                  -4131.4611
              3       -2089.023      0.33315992   1.9245609e-09      -23.025851       -23.025851      -4131.9943                                                  -4131.9943
              2      -2089.1192      0.29044506   2.4129678e-09      -23.025851       -23.025851      -4132.1867                                                  -4132.1867
              4      -2089.1077      0.29049572     2.41897e-09      -23.025851       -23.025851      -4132.1637                                                  -4132.1637
              1      -2089.3033      0.26903586    2.380968e-09      -23.025851       -23.025851      -4132.5549                                                  -4132.5549
              1      -2089.3295       0.2803506   2.1314415e-09      -23.025851       -23.025851      -4132.6073                                                  -4132.6073
              4      -2089.3822      0.28786399   2.1345402e-09      -23.025851       -23.025851      -4132.7126                                                  -4132.7126
              3      -2089.3127      0.28000723   2.1070206e-09      -23.025851       -23.025851      -4132.5738                                                  -4132.5738
              2      -2089.3475      0.27871554   2.2935154e-09      -23.025851       -23.025851      -4132.6432                                                  -4132.6432
              2      -2089.3891      0.29232189   2.1179371e-09      -23.025851       -23.025851      -4132.7264                                                  -4132.7264
              1      -2089.3907      0.29060919   2.1061388e-09      -23.025851       -23.025851      -4132.7296                                                  -4132.7296
              1       -2089.434      0.30467144   1.9245773e-09      -23.025851       -23.025851      -4132.8162                                                  -4132.8162
              2      -2089.2383       0.2781706     2.04464e-09      -23.025851       -23.025851      -4132.4249                                                  -4132.4249
              5      -2089.0003      0.27320554   1.9375035e-09      -23.025851       -23.025851      -4131.9489                                                  -4131.9489
              1       -2089.057      0.32367385   2.0148591e-09      -23.025851       -23.025851      -4132.0623                                                  -4132.0623
              1       -2089.333       0.3136691   1.9849393e-09      -23.025851       -23.025851      -4132.6143                                                  -4132.6143
              1      -2089.4097      0.32266987   1.8349583e-09      -23.025851       -23.025851      -4132.7678                                                  -4132.7678
              7      -2089.4863      0.34154779   1.6114843e-09      -23.025851       -23.025851      -4132.9208                                                  -4132.9208
              3      -2089.4859      0.34103986   1.6151457e-09      -23.025851       -23.025851      -4132.9201                                                  -4132.9201
              1      -2087.9339        0.344413   2.0502793e-09      -23.025851       -23.025851      -4129.8162                                                  -4129.8162
              2      -2088.5921      0.32151802   2.1833056e-09      -23.025851       -23.025851      -4131.1324                                                  -4131.1324
              1      -2087.3071      0.32867143   2.3412375e-09      -23.025851       -23.025851      -4128.5624                                                  -4128.5624
              1      -2087.4522      0.31601912   2.4956343e-09      -23.025851       -23.025851      -4128.8526                                                  -4128.8526
              2      -2089.2945      0.29016658   2.2865556e-09      -23.025851       -23.025851      -4132.5373                                                  -4132.5373
              1      -2089.4336       0.3066676   1.8186164e-09      -23.025851       -23.025851      -4132.8155                                                  -4132.8155
              1      -2089.4453      0.31191264   1.8700863e-09      -23.025851       -23.025851      -4132.8389                                                  -4132.8389
              3      -2089.3338      0.27564662   2.2829108e-09      -23.025851       -23.025851      -4132.6158                                                  -4132.6158
              2      -2088.6012       0.2664505   1.8223236e-09      -23.025851       -23.025851      -4131.1507                                                  -4131.1507
              2      -2089.2948      0.29253127   2.2574026e-09      -23.025851       -23.025851       -4132.538                                                   -4132.538
              3      -2089.3191      0.30204339   2.1228925e-09      -23.025851       -23.025851      -4132.5866                                                  -4132.5866
              1      -2089.2715      0.27780451   2.0915395e-09      -23.025851       -23.025851      -4132.4912                                                  -4132.4912
              1       -2089.236      0.27634221   2.0777371e-09      -23.025851       -23.025851      -4132.4202                                                  -4132.4202
              1      -2089.3016      0.28671675   1.9579681e-09      -23.025851       -23.025851      -4132.5515                                                  -4132.5515
              1      -2089.2548      0.28562307   1.9262719e-09      -23.025851       -23.025851       -4132.458                                                   -4132.458
              2       -2089.452      0.31694385   1.6801648e-09      -23.025851       -23.025851      -4132.8523                                                  -4132.8523
              2      -2089.4239      0.34455733   1.6419008e-09      -23.025851       -23.025851      -4132.7961                                                  -4132.7961
              1      -2089.5026      0.32991513   1.6228237e-09      -23.025851       -23.025851      -4132.9536                                                  -4132.9536
              2      -2089.4044      0.33988465   1.6923378e-09      -23.025851       -23.025851       -4132.757                                                   -4132.757
              3      -2089.4948      0.33290804   1.6526957e-09      -23.025851       -23.025851       -4132.938                                                   -4132.938
              2      -2089.3771      0.30312978   1.7768254e-09      -23.025851       -23.025851      -4132.7026                                                  -4132.7026
              1      -2089.4529      0.31550359   1.7054975e-09      -23.025851       -23.025851      -4132.8541                                                  -4132.8541
              5      -2089.3064      0.30522104    1.675465e-09      -23.025851       -23.025851      -4132.5612                                                  -4132.5612
              2       -2089.328      0.34130032   1.7244338e-09      -23.025851       -23.025851      -4132.6042                                                  -4132.6042
              2      -2089.3653      0.33373742   1.7697424e-09      -23.025851       -23.025851      -4132.6789                                                  -4132.6789
              3      -2088.6578      0.33982646   1.9566343e-09      -23.025851       -23.025851      -4131.2639                                                  -4131.2639
              1      -2088.6467       0.2985172   2.4886628e-09      -23.025851       -23.025851      -4131.2417                                                  -4131.2417
              3      -2089.3321      0.27462185   2.3228693e-09      -23.025851       -23.025851      -4132.6125                                                  -4132.6125
              2      -2089.3896      0.29708753   2.0875847e-09      -23.025851       -23.025851      -4132.7275                                                  -4132.7275
              2       -2089.281      0.28830143   1.9069629e-09      -23.025851       -23.025851      -4132.5103                                                  -4132.5103
              3      -2089.3078      0.27365116   2.2503387e-09      -23.025851       -23.025851      -4132.5639                                                  -4132.5639
              2      -2088.7705       0.2690389    1.869205e-09      -23.025851       -23.025851      -4131.4894                                                  -4131.4894
              1      -2089.4048      0.29722918   1.9348235e-09      -23.025851       -23.025851      -4132.7578                                                  -4132.7578
              1      -2089.4537      0.33099224   1.7231677e-09      -23.025851       -23.025851      -4132.8557                                                  -4132.8557
              1      -2089.3466      0.33196724   1.7970921e-09      -23.025851       -23.025851      -4132.6415                                                  -4132.6415
              2      -2089.4126      0.32095408   1.8473252e-09      -23.025851       -23.025851      -4132.7734                                                  -4132.7734
              4      -2089.1382      0.29986029   1.6289332e-09      -23.025851       -23.025851      -4132.2247                                                  -4132.2247
              2       -2088.967      0.29298108   1.6226831e-09      -23.025851       -23.025851      -4131.8823                                                  -4131.8823
              8      -2088.9993       0.3550162   1.7241039e-09      -23.025851       -23.025851       -4131.947                                                   -4131.947
              1        -2089.18      0.31012018   2.1182413e-09      -23.025851       -23.025851      -4132.3083                                                  -4132.3083
              2      -2089.3308      0.29610296   1.8320841e-09      -23.025851       -23.025851      -4132.6099                                                  -4132.6099
              1      -2089.2187      0.35360059   1.6669007e-09      -23.025851       -23.025851      -4132.3857                                                  -4132.3857
              1      -2089.2253      0.33700124   1.8107979e-09      -23.025851       -23.025851      -4132.3988                                                  -4132.3988
              1      -2089.4796      0.33123449   1.6885162e-09      -23.025851       -23.025851      -4132.9075                                                  -4132.9075
              1      -2088.8041      0.35120797   1.8089339e-09      -23.025851       -23.025851      -4131.5565                                                  -4131.5565
              3      -2088.7546      0.34825996   1.8487708e-09      -23.025851       -23.025851      -4131.4575                                                  -4131.4575
              2      -2089.3316      0.32391058   1.8823582e-09      -23.025851       -23.025851      -4132.6116                                                  -4132.6116
              1      -2088.6582      0.33675937   1.9892404e-09      -23.025851       -23.025851      -4131.2647                                                  -4131.2647
              1      -2088.6603      0.31224897   2.2853517e-09      -23.025851       -23.025851      -4131.2689                                                  -4131.2689
              4      -2089.2966      0.28717259   2.3221065e-09      -23.025851       -23.025851      -4132.5415                                                  -4132.5415
              4      -2089.3372      0.29006472   2.2380276e-09      -23.025851       -23.025851      -4132.6228                                                  -4132.6228
              1       -2089.362      0.28693688   2.2240315e-09      -23.025851       -23.025851      -4132.6722                                                  -4132.6722
              5      -2089.4225      0.30419818   1.9672695e-09      -23.025851       -23.025851      -4132.7933                                                  -4132.7933
              6      -2089.3223      0.27457238   2.2669504e-09      -23.025851       -23.025851      -4132.5928                                                  -4132.5928
              3       -2089.316      0.28009137   2.3791088e-09      -23.025851       -23.025851      -4132.5803                                                  -4132.5803
              1      -2089.3921       0.2992164   2.0659564e-09      -23.025851       -23.025851      -4132.7324                                                  -4132.7324
              1      -2089.1091      0.26536436   2.1725084e-09      -23.025851       -23.025851      -4132.1666                                                  -4132.1666
              4      -2089.0041      0.26798326    2.034367e-09      -23.025851       -23.025851      -4131.9565                                                  -4131.9565
              1      -2089.3885      0.30444833   2.0248661e-09      -23.025851       -23.025851      -4132.7253                                                  -4132.7253
              2      -2089.3127      0.27009276   2.4427999e-09      -23.025851       -23.025851      -4132.5738                                                  -4132.5738
              1      -2089.4131      0.29805415   2.0155834e-09      -23.025851       -23.025851      -4132.7745                                                  -4132.7745
              2       -2089.411      0.29948848   2.0214553e-09      -23.025851       -23.025851      -4132.7702                                                  -4132.7702
              1      -2089.4358      0.30618409   1.9182555e-09      -23.025851       -23.025851      -4132.8199                                                  -4132.8199
              1      -2089.1349      0.26944213   2.1125668e-09      -23.025851       -23.025851      -4132.2181                                                  -4132.2181
              1      -2088.9482      0.26917623   1.9736942e-09      -23.025851       -23.025851      -4131.8448                                                  -4131.8448
              1      -2089.4073      0.29826429   1.9189545e-09      -23.025851       -23.025851      -4132.7628                                                  -4132.7628
              2      -2089.3608      0.28974897   2.2040666e-09      -23.025851       -23.025851      -4132.6699                                                  -4132.6699
              2       -2089.362      0.29010179   2.1997768e-09      -23.025851       -23.025851      -4132.6722                                                  -4132.6722
              2      -2089.3043      0.27611132   2.1805244e-09      -23.025851       -23.025851       -4132.557                                                   -4132.557
              1      -2089.1249         0.27007   2.0909571e-09      -23.025851       -23.025851      -4132.1982                                                  -4132.1982
              2      -2089.1245      0.27003232   2.0912662e-09      -23.025851       -23.025851      -4132.1972                                                  -4132.1972
              1       -2089.279      0.29638137   1.7767063e-09      -23.025851       -23.025851      -4132.5064                                                  -4132.5064
              3      -2089.4444      0.30754613   1.8706913e-09      -23.025851       -23.025851      -4132.8371                                                  -4132.8371
              2      -2089.4642      0.31540383   1.7962413e-09      -23.025851       -23.025851      -4132.8767                                                  -4132.8767
              2      -2089.4961      0.32789002   1.6614869e-09      -23.025851       -23.025851      -4132.9405                                                  -4132.9405
              3      -2089.4833      0.32198167   1.6989026e-09      -23.025851       -23.025851       -4132.915                                                   -4132.915
              2      -2089.2127      0.35108252   1.6901211e-09      -23.025851       -23.025851      -4132.3737                                                  -4132.3737
              5      -2089.1352      0.34391402   1.7810991e-09      -23.025851       -23.025851      -4132.2188                                                  -4132.2188
              4      -2089.2527      0.33426984   1.8245108e-09      -23.025851       -23.025851      -4132.4537                                                  -4132.4537
              4      -2089.2653      0.27487528   2.1448691e-09      -23.025851       -23.025851       -4132.479                                                   -4132.479
              3      -2089.3527      0.28102087   2.1835248e-09      -23.025851       -23.025851      -4132.6536                                                  -4132.6536
              4      -2089.2008      0.26524046   2.2751038e-09      -23.025851       -23.025851        -4132.35                                                    -4132.35
              2       -2089.227      0.29200879   1.7986175e-09      -23.025851       -23.025851      -4132.4022                                                  -4132.4022
              4      -2089.2423      0.28547882   1.9165173e-09      -23.025851       -23.025851      -4132.4328                                                  -4132.4328
              3      -2089.3832      0.29651795   2.1040286e-09      -23.025851       -23.025851      -4132.7147                                                  -4132.7147
              2      -2089.2453      0.34000827    1.774373e-09      -23.025851       -23.025851      -4132.4389                                                  -4132.4389
              1      -2089.1838      0.33166666    1.880056e-09      -23.025851       -23.025851       -4132.316                                                   -4132.316
              1       -2089.448      0.31259587    1.744599e-09      -23.025851       -23.025851      -4132.8443                                                  -4132.8443
              4      -2089.0834      0.29461295   1.6648936e-09      -23.025851       -23.025851      -4132.1152                                                  -4132.1152
              1      -2089.2623      0.31647077   2.0009377e-09      -23.025851       -23.025851      -4132.4728                                                  -4132.4728
              2       -2089.327      0.27649306    2.385945e-09      -23.025851       -23.025851      -4132.6022                                                  -4132.6022
              3      -2089.3135      0.27071752     2.36847e-09      -23.025851       -23.025851      -4132.5753                                                  -4132.5753
              1      -2089.3308       0.2766479   2.2332494e-09      -23.025851       -23.025851      -4132.6098                                                  -4132.6098
              1      -2089.3251      0.29175896   2.2345285e-09      -23.025851       -23.025851      -4132.5985                                                  -4132.5985
              2      -2089.4107      0.30031894   2.0187262e-09      -23.025851       -23.025851      -4132.7696                                                  -4132.7696
              2       -2089.278       0.2874422   1.9185475e-09      -23.025851       -23.025851      -4132.5044                                                  -4132.5044
              2      -2089.3569      0.30654694   2.0391327e-09      -23.025851       -23.025851       -4132.662                                                   -4132.662
              2       -2089.357      0.29079838   2.2014008e-09      -23.025851       -23.025851      -4132.6622                                                  -4132.6622
              1      -2089.1512      0.26888999   2.1392405e-09      -23.025851       -23.025851      -4132.2506                                                  -4132.2506
              1      -2089.1295       0.2994116   1.6294964e-09      -23.025851       -23.025851      -4132.2074                                                  -4132.2074
              2      -2089.2169       0.3313317   1.8691184e-09      -23.025851       -23.025851      -4132.3821                                                  -4132.3821
              4      -2089.4518      0.31712387   1.8260468e-09      -23.025851       -23.025851       -4132.852                                                   -4132.852
              1      -2089.1849      0.29205643   2.3492062e-09      -23.025851       -23.025851      -4132.3181                                                  -4132.3181
              3      -2089.2976      0.28523927   2.3442623e-09      -23.025851       -23.025851      -4132.5436                                                  -4132.5436
              3      -2089.0889      0.28426925   2.5246924e-09      -23.025851       -23.025851      -4132.1261                                                  -4132.1261
              1      -2089.4707      0.31968511   1.7684127e-09      -23.025851       -23.025851      -4132.8896                                                  -4132.8896
              3      -2089.3942      0.29141679    2.060657e-09      -23.025851       -23.025851      -4132.7366                                                  -4132.7366
              1      -2089.3907      0.29616915   2.0923068e-09      -23.025851       -23.025851      -4132.7296                                                  -4132.7296
              2      -2089.3908      0.29584163   2.0942331e-09      -23.025851       -23.025851      -4132.7298                                                  -4132.7298
              4      -2088.6824      0.32103434     2.16512e-09      -23.025851       -23.025851       -4131.313                                                   -4131.313
              1      -2088.8858      0.32081943   2.1072599e-09      -23.025851       -23.025851      -4131.7198                                                  -4131.7198
              1      -2088.7345      0.32792292   2.0683994e-09      -23.025851       -23.025851      -4131.4174                                                  -4131.4174
              1      -2088.6487      0.30924388   2.3300886e-09      -23.025851       -23.025851      -4131.2457                                                  -4131.2457
              4      -2089.1083      0.26815869   2.1141999e-09      -23.025851       -23.025851      -4132.1649                                                  -4132.1649
              1      -2089.1484      0.27489287    2.019477e-09      -23.025851       -23.025851      -4132.2452                                                  -4132.2452
              1      -2089.2031      0.28850762   2.3862025e-09      -23.025851       -23.025851      -4132.3545                                                  -4132.3545
              2      -2089.2895      0.26949288   2.5385046e-09      -23.025851       -23.025851      -4132.5272                                                  -4132.5272
              1       -2089.198      0.29031887   2.3642215e-09      -23.025851       -23.025851      -4132.3443                                                  -4132.3443
              2      -2089.2952      0.27511171   2.4693034e-09      -23.025851       -23.025851      -4132.5387                                                  -4132.5387
              4      -2089.3031      0.27657912   2.4392143e-09      -23.025851       -23.025851      -4132.5545                                                  -4132.5545
              3      -2088.2109      0.33544174   2.1011515e-09      -23.025851       -23.025851        -4130.37                                                    -4130.37
              1      -2089.0209      0.29298391   2.4279081e-09      -23.025851       -23.025851      -4131.9901                                                  -4131.9901
              1      -2089.2775      0.27748298   2.4672673e-09      -23.025851       -23.025851      -4132.5034                                                  -4132.5034
              1      -2089.3195      0.27973246   2.3758003e-09      -23.025851       -23.025851      -4132.5872                                                  -4132.5872
              1      -2089.0005      0.27494821    1.907911e-09      -23.025851       -23.025851      -4131.9494                                                  -4131.9494
              2      -2089.0758      0.27974248   1.8789998e-09      -23.025851       -23.025851      -4132.0999                                                  -4132.0999
              4      -2089.1917      0.28697225   1.8484405e-09      -23.025851       -23.025851      -4132.3318                                                  -4132.3318
              3      -2089.1327      0.31935639   2.0327959e-09      -23.025851       -23.025851      -4132.2137                                                  -4132.2137
              1      -2089.1165      0.31914882    2.042147e-09      -23.025851       -23.025851      -4132.1812                                                  -4132.1812
              2      -2089.3547      0.28248708   2.1456975e-09      -23.025851       -23.025851      -4132.6577                                                  -4132.6577
              1      -2089.3494      0.28232401   2.1327501e-09      -23.025851       -23.025851      -4132.6471                                                  -4132.6471
              1      -2089.2922      0.26914998   2.3373211e-09      -23.025851       -23.025851      -4132.5327                                                  -4132.5327
              1      -2089.2547      0.26647216   2.3273148e-09      -23.025851       -23.025851      -4132.4578                                                  -4132.4578
              4      -2089.2092       0.3292396   1.8935396e-09      -23.025851       -23.025851      -4132.3666                                                  -4132.3666
              2      -2088.8676       0.3595376   1.7190898e-09      -23.025851       -23.025851      -4131.6834                                                  -4131.6834
              5      -2089.4885      0.32966436   1.6818273e-09      -23.025851       -23.025851      -4132.9253                                                  -4132.9253
              1      -2089.3311        0.293498   1.8749647e-09      -23.025851       -23.025851      -4132.6104                                                  -4132.6104
              1      -2089.3469      0.29504922   1.8688981e-09      -23.025851       -23.025851      -4132.6422                                                  -4132.6422
              1      -2089.3435      0.29064732   2.2231982e-09      -23.025851       -23.025851      -4132.6353                                                  -4132.6353
              2      -2089.2828      0.27784281   2.4555433e-09      -23.025851       -23.025851       -4132.514                                                   -4132.514
              1      -2089.3185      0.29308103   2.2266767e-09      -23.025851       -23.025851      -4132.5853                                                  -4132.5853
              1      -2088.6105      0.31183215   2.3053126e-09      -23.025851       -23.025851      -4131.1693                                                  -4131.1693
              1      -2089.4081      0.30036597   2.0246515e-09      -23.025851       -23.025851      -4132.7645                                                  -4132.7645
              3      -2089.4109      0.30552263   1.9821174e-09      -23.025851       -23.025851      -4132.7701                                                  -4132.7701
              1      -2089.0662      0.34667247    1.778621e-09      -23.025851       -23.025851      -4132.0808                                                  -4132.0808
              2       -2088.852      0.34646254   1.8417716e-09      -23.025851       -23.025851      -4131.6524                                                  -4131.6524
              1      -2089.4295      0.30442185    1.944953e-09      -23.025851       -23.025851      -4132.8072                                                  -4132.8072
              3      -2089.3826      0.29818385   2.0907968e-09      -23.025851       -23.025851      -4132.7136                                                  -4132.7136
              1      -2088.7725      0.33235291   2.0081005e-09      -23.025851       -23.025851      -4131.4932                                                  -4131.4932
              2      -2087.4962        0.326963   2.3339594e-09      -23.025851       -23.025851      -4128.9407                                                  -4128.9407
              1      -2087.5078      0.32622944   2.3419258e-09      -23.025851       -23.025851      -4128.9638                                                  -4128.9638
              1      -2089.2022      0.30747854   2.1382596e-09      -23.025851       -23.025851      -4132.3527                                                  -4132.3527
              1      -2089.2975      0.29577057   2.2151779e-09      -23.025851       -23.025851      -4132.5434                                                  -4132.5434
              1      -2089.3593      0.29157582   1.9497218e-09      -23.025851       -23.025851      -4132.6669                                                  -4132.6669
              2      -2089.3847      0.28854631   2.1156985e-09      -23.025851       -23.025851      -4132.7176                                                  -4132.7176
              3      -2089.3382      0.27603879   2.3185214e-09      -23.025851       -23.025851      -4132.6247                                                  -4132.6247
              3      -2089.3385      0.27611881   2.3176254e-09      -23.025851       -23.025851      -4132.6253                                                  -4132.6253
              2      -2089.2705      0.29080779   2.3009994e-09      -23.025851       -23.025851      -4132.4894                                                  -4132.4894
              1      -2089.2417      0.27408298   2.5578921e-09      -23.025851       -23.025851      -4132.4318                                                  -4132.4318
              1      -2089.2701      0.27185987   2.5496907e-09      -23.025851       -23.025851      -4132.4885                                                  -4132.4885
              3      -2089.3279      0.32983014   1.8279841e-09      -23.025851       -23.025851      -4132.6041                                                  -4132.6041
              4      -2089.4013      0.33408384   1.7428124e-09      -23.025851       -23.025851      -4132.7509                                                  -4132.7509
              1      -2089.3532      0.33605289   1.7563905e-09      -23.025851       -23.025851      -4132.6547                                                  -4132.6547
              2      -2089.3424       0.3364257   1.7592499e-09      -23.025851       -23.025851      -4132.6331                                                  -4132.6331
              4      -2089.4595      0.31767395   1.6846425e-09      -23.025851       -23.025851      -4132.8672                                                  -4132.8672
              1       -2089.301      0.28843976   1.9265478e-09      -23.025851       -23.025851      -4132.5504                                                  -4132.5504
              1      -2088.8228      0.28019511   1.7234159e-09      -23.025851       -23.025851      -4131.5939                                                  -4131.5939
              1      -2089.3616       0.3093551    1.669444e-09      -23.025851       -23.025851      -4132.6714                                                  -4132.6714
              2       -2089.332      0.29191468   2.2245904e-09      -23.025851       -23.025851      -4132.6122                                                  -4132.6122
              5      -2089.3446      0.30392636   2.0786915e-09      -23.025851       -23.025851      -4132.6375                                                  -4132.6375
              2      -2089.2626      0.32278264   1.9337145e-09      -23.025851       -23.025851      -4132.4735                                                  -4132.4735
              3      -2089.2543      0.30479001   1.6411608e-09      -23.025851       -23.025851      -4132.4569                                                  -4132.4569
              1      -2089.4266      0.30502752    1.831865e-09      -23.025851       -23.025851      -4132.8016                                                  -4132.8016
              1      -2089.0605      0.30517694   2.2379151e-09      -23.025851       -23.025851      -4132.0694                                                  -4132.0694
              2      -2089.2666      0.28959615   2.3202475e-09      -23.025851       -23.025851      -4132.4815                                                  -4132.4815
              1      -2089.4051      0.29595484    2.050602e-09      -23.025851       -23.025851      -4132.7585                                                  -4132.7585
              1      -2089.3899      0.29000756   2.1030977e-09      -23.025851       -23.025851      -4132.7281                                                  -4132.7281
              3      -2089.3786       0.2883473   2.0698538e-09      -23.025851       -23.025851      -4132.7056                                                  -4132.7056
              1      -2089.1527      0.28038973   1.9255026e-09      -23.025851       -23.025851      -4132.2538                                                  -4132.2538
              2      -2089.3095      0.30079389   1.7395246e-09      -23.025851       -23.025851      -4132.5673                                                  -4132.5673
              1       -2089.122      0.35863784   1.6577462e-09      -23.025851       -23.025851      -4132.1923                                                  -4132.1923
              1      -2088.8989      0.35782728   1.7261653e-09      -23.025851       -23.025851      -4131.7461                                                  -4131.7461
              4       -2089.222      0.33708175   1.8114152e-09      -23.025851       -23.025851      -4132.3923                                                  -4132.3923
              4      -2089.3079      0.31940492    1.942567e-09      -23.025851       -23.025851      -4132.5641                                                  -4132.5641
              1      -2088.2326      0.30962933   2.4336558e-09      -23.025851       -23.025851      -4130.4136                                                  -4130.4136
              2      -2088.8405      0.31714056   2.1668276e-09      -23.025851       -23.025851      -4131.6293                                                  -4131.6293
              1      -2089.2435      0.31590166    2.017509e-09      -23.025851       -23.025851      -4132.4353                                                  -4132.4353
              3      -2089.0885      0.33025843   1.9318052e-09      -23.025851       -23.025851      -4132.1252                                                  -4132.1252
              2       -2089.117      0.32319666   1.9965701e-09      -23.025851       -23.025851      -4132.1823                                                  -4132.1823
              3      -2087.9695      0.31263633   2.4477049e-09      -23.025851       -23.025851      -4129.8873                                                  -4129.8873
              2      -2089.1926      0.30178117   2.2147701e-09      -23.025851       -23.025851      -4132.3334                                                  -4132.3334
              4      -2088.8963      0.34724126   1.8226674e-09      -23.025851       -23.025851       -4131.741                                                   -4131.741
              2      -2088.9721      0.34298302   1.8420575e-09      -23.025851       -23.025851      -4131.8926                                                  -4131.8926
              2      -2088.2379      0.34282902   2.0134143e-09      -23.025851       -23.025851      -4130.4242                                                  -4130.4242
              2      -2088.0021      0.31752827   2.3709194e-09      -23.025851       -23.025851      -4129.9524                                                  -4129.9524
              4      -2089.3118      0.27921358   2.3952547e-09      -23.025851       -23.025851      -4132.5719                                                  -4132.5719
              2      -2089.3054      0.27544283   2.1987038e-09      -23.025851       -23.025851       -4132.559                                                   -4132.559
              1      -2089.4821      0.32197614   1.7183579e-09      -23.025851       -23.025851      -4132.9126                                                  -4132.9126
              6      -2089.5008      0.32954861    1.609863e-09      -23.025851       -23.025851      -4132.9499                                                  -4132.9499
              1      -2089.3077      0.28084654    2.080723e-09      -23.025851       -23.025851      -4132.5638                                                  -4132.5638
              1      -2089.1098      0.27481253   1.9889502e-09      -23.025851       -23.025851      -4132.1679                                                  -4132.1679
              1      -2089.0676      0.27660772    1.925713e-09      -23.025851       -23.025851      -4132.0834                                                  -4132.0834
              3      -2089.3813      0.29737098   1.8792868e-09      -23.025851       -23.025851      -4132.7109                                                  -4132.7109
              2      -2088.8602      0.29011794   1.6065834e-09      -23.025851       -23.025851      -4131.6688                                                  -4131.6688
              1      -2088.9844      0.26912959   1.9990986e-09      -23.025851       -23.025851      -4131.9172                                                  -4131.9172
              1      -2088.9499      0.26793282   1.9973416e-09      -23.025851       -23.025851      -4131.8481                                                  -4131.8481
              1      -2088.9955      0.27229326   1.9501739e-09      -23.025851       -23.025851      -4131.9393                                                  -4131.9393
              5       -2089.242      0.27929747   2.0271195e-09      -23.025851       -23.025851      -4132.4323                                                  -4132.4323
              2       -2089.374      0.28865299   2.0451071e-09      -23.025851       -23.025851      -4132.6964                                                  -4132.6964
              2      -2089.1267      0.28037909   2.5624303e-09      -23.025851       -23.025851      -4132.2017                                                  -4132.2017
              2      -2089.2375      0.29910651   2.2204806e-09      -23.025851       -23.025851      -4132.4232                                                  -4132.4232
              1      -2088.9891       0.3104675   2.1990689e-09      -23.025851       -23.025851      -4131.9264                                                  -4131.9264
              1      -2088.9738      0.31015985    2.208944e-09      -23.025851       -23.025851       -4131.896                                                   -4131.896
              1      -2089.3751        0.286423   2.1769754e-09      -23.025851       -23.025851      -4132.6985                                                  -4132.6985
              2      -2089.4074      0.29526138   2.0094981e-09      -23.025851       -23.025851      -4132.7631                                                  -4132.7631
              3      -2089.3839      0.28833882   2.1105383e-09      -23.025851       -23.025851      -4132.7161                                                  -4132.7161
              5      -2089.4991      0.33797432   1.6172879e-09      -23.025851       -23.025851      -4132.9464                                                  -4132.9464
              2       -2089.108      0.28221919   1.8616831e-09      -23.025851       -23.025851      -4132.1644                                                  -4132.1644
              1      -2089.2345      0.27712536   2.5221785e-09      -23.025851       -23.025851      -4132.4173                                                  -4132.4173
              1      -2089.2059      0.26542567   2.2773796e-09      -23.025851       -23.025851        -4132.36                                                    -4132.36
              4      -2089.3236      0.27845979   2.1639326e-09      -23.025851       -23.025851      -4132.5954                                                  -4132.5954
              1      -2089.3222      0.27816342   2.1682861e-09      -23.025851       -23.025851      -4132.5928                                                  -4132.5928
              6      -2089.0993      0.30167299   2.2663802e-09      -23.025851       -23.025851      -4132.1469                                                  -4132.1469
              4      -2088.2698      0.33690092   2.0728624e-09      -23.025851       -23.025851      -4130.4878                                                  -4130.4878
              1      -2088.8028      0.31972903   2.1464718e-09      -23.025851       -23.025851      -4131.5539                                                  -4131.5539
              1       -2089.326      0.32213256   1.9034878e-09      -23.025851       -23.025851      -4132.6003                                                  -4132.6003
              1      -2089.0258      0.32777972   1.9808255e-09      -23.025851       -23.025851      -4131.9999                                                  -4131.9999
              1      -2089.1812      0.29502889    2.310664e-09      -23.025851       -23.025851      -4132.3107                                                  -4132.3107
              1      -2089.3116      0.26964954   2.4375993e-09      -23.025851       -23.025851      -4132.5716                                                  -4132.5716
              1      -2088.9399      0.27094142   1.9371003e-09      -23.025851       -23.025851      -4131.8281                                                  -4131.8281
              1      -2089.3336      0.28549857   2.0262366e-09      -23.025851       -23.025851      -4132.6154                                                  -4132.6154
              1      -2089.2735       0.2736969   2.1830754e-09      -23.025851       -23.025851      -4132.4953                                                  -4132.4953
              5       -2089.274      0.27038708   2.2628319e-09      -23.025851       -23.025851      -4132.4963                                                  -4132.4963
              8      -2089.2903      0.28774827    1.926541e-09      -23.025851       -23.025851       -4132.529                                                   -4132.529
              1      -2089.4869      0.32355371   1.6940508e-09      -23.025851       -23.025851      -4132.9222                                                  -4132.9222
              1      -2088.3074      0.34953792   1.9302774e-09      -23.025851       -23.025851      -4130.5632                                                  -4130.5632
              2      -2088.3975      0.30936475   2.3972007e-09      -23.025851       -23.025851      -4130.7432                                                  -4130.7432
              3      -2088.5304      0.31871792   2.2349449e-09      -23.025851       -23.025851      -4131.0092                                                  -4131.0092
              2      -2088.7181      0.29821524   2.4696003e-09      -23.025851       -23.025851      -4131.3846                                                  -4131.3846
              1      -2089.1685      0.26846584   2.1659981e-09      -23.025851       -23.025851      -4132.2852                                                  -4132.2852
              1      -2089.2542      0.27875854   2.0511065e-09      -23.025851       -23.025851      -4132.4567                                                  -4132.4567
              3      -2089.4006      0.29882842   1.8895983e-09      -23.025851       -23.025851      -4132.7494                                                  -4132.7494
              1      -2089.4557      0.32157985   1.7897771e-09      -23.025851       -23.025851      -4132.8597                                                  -4132.8597
              1      -2089.2517      0.32169964   1.9507979e-09      -23.025851       -23.025851      -4132.4518                                                  -4132.4518
              1      -2089.2764      0.31908303   1.9646885e-09      -23.025851       -23.025851      -4132.5011                                                  -4132.5011
              1      -2089.1155      0.30904218   2.1631796e-09      -23.025851       -23.025851      -4132.1793                                                  -4132.1793
              2      -2089.3505      0.28237536   2.1350411e-09      -23.025851       -23.025851      -4132.6494                                                  -4132.6494
              3      -2089.4295      0.30919103   1.7614504e-09      -23.025851       -23.025851      -4132.8072                                                  -4132.8072
              2      -2089.3049      0.26868692   2.4840037e-09      -23.025851       -23.025851      -4132.5581                                                  -4132.5581
              1      -2089.3041       0.2687919   2.3952608e-09      -23.025851       -23.025851      -4132.5564                                                  -4132.5564
              1       -2089.227      0.29751691   2.2478448e-09      -23.025851       -23.025851      -4132.4023                                                  -4132.4023
              1      -2089.2697      0.29801981   2.2106751e-09      -23.025851       -23.025851      -4132.4876                                                  -4132.4876
              2      -2089.2345      0.30097431   2.1991263e-09      -23.025851       -23.025851      -4132.4173                                                  -4132.4173
              4      -2089.4763      0.32144642   1.7453732e-09      -23.025851       -23.025851      -4132.9008                                                  -4132.9008
              9      -2089.4851      0.32611382   1.6112053e-09      -23.025851       -23.025851      -4132.9185                                                  -4132.9185
              1      -2089.4888      0.33010298   1.6789483e-09      -23.025851       -23.025851      -4132.9259                                                  -4132.9259
              1      -2089.4575      0.31453059   1.8246551e-09      -23.025851       -23.025851      -4132.8633                                                  -4132.8633
              1       -2089.455      0.31216306   1.8358716e-09      -23.025851       -23.025851      -4132.8583                                                  -4132.8583
              3       -2089.352      0.31337929   1.6084264e-09      -23.025851       -23.025851      -4132.6524                                                  -4132.6524
              2      -2089.4117      0.34845368   1.6199431e-09      -23.025851       -23.025851      -4132.7717                                                  -4132.7717
              1      -2089.3391      0.31827902   1.9331997e-09      -23.025851       -23.025851      -4132.6265                                                  -4132.6265
              1      -2089.1486      0.29724097   1.6691309e-09      -23.025851       -23.025851      -4132.2455                                                  -4132.2455
              1      -2089.2216      0.30239263   1.6493312e-09      -23.025851       -23.025851      -4132.3914                                                  -4132.3914
              1      -2089.4145      0.29801594   1.9587226e-09      -23.025851       -23.025851      -4132.7773                                                  -4132.7773
              1      -2088.3234       0.3425623   1.9997654e-09      -23.025851       -23.025851      -4130.5951                                                  -4130.5951
              2      -2087.9249      0.33401768   2.1713747e-09      -23.025851       -23.025851      -4129.7981                                                  -4129.7981
              2      -2088.9921      0.30759295   2.2353244e-09      -23.025851       -23.025851      -4131.9325                                                  -4131.9325
              2        -2089.34      0.30002396   2.1255667e-09      -23.025851       -23.025851      -4132.6283                                                  -4132.6283
              1      -2089.3592      0.28360844   2.1298406e-09      -23.025851       -23.025851      -4132.6667                                                  -4132.6667
              2        -2089.35      0.29507256   2.1681395e-09      -23.025851       -23.025851      -4132.6484                                                  -4132.6484
              4      -2089.2751      0.28515938   2.3700212e-09      -23.025851       -23.025851      -4132.4985                                                  -4132.4985
              1      -2089.4086      0.30112449   2.0189512e-09      -23.025851       -23.025851      -4132.7655                                                  -4132.7655
              1      -2089.4068      0.30165228   2.0190674e-09      -23.025851       -23.025851      -4132.7619                                                  -4132.7619
              4      -2088.9847      0.26746319   2.0301695e-09      -23.025851       -23.025851      -4131.9177                                                  -4131.9177
              1       -2088.886      0.27595053   1.8215913e-09      -23.025851       -23.025851      -4131.7202                                                  -4131.7202
              4      -2089.0148      0.28100964   1.8190106e-09      -23.025851       -23.025851      -4131.9779                                                  -4131.9779
              1       -2089.117      0.28686741   1.7955235e-09      -23.025851       -23.025851      -4132.1822                                                  -4132.1822
              1      -2089.1155      0.28744966   1.7857082e-09      -23.025851       -23.025851      -4132.1792                                                  -4132.1792
              2      -2089.3754      0.32144563    1.875213e-09      -23.025851       -23.025851      -4132.6991                                                  -4132.6991
              1      -2089.3776       0.3232975   1.8563054e-09      -23.025851       -23.025851      -4132.7035                                                  -4132.7035
              1      -2089.2533      0.33782653   1.7908962e-09      -23.025851       -23.025851      -4132.4549                                                  -4132.4549
              1      -2088.8722      0.33671937   1.9337548e-09      -23.025851       -23.025851      -4131.6928                                                  -4131.6928
              1      -2087.9562      0.31542096   2.4100218e-09      -23.025851       -23.025851      -4129.8608                                                  -4129.8608
              1      -2088.5052      0.30658406   2.4091246e-09      -23.025851       -23.025851      -4130.9586                                                  -4130.9586
              1      -2088.6517      0.30333383   2.4141112e-09      -23.025851       -23.025851      -4131.2518                                                  -4131.2518
              1      -2089.1039      0.31328048   2.1165344e-09      -23.025851       -23.025851       -4132.156                                                   -4132.156
              1      -2089.2003      0.31350705   2.0680021e-09      -23.025851       -23.025851      -4132.3489                                                  -4132.3489
              1      -2089.0544      0.32314728   2.0216989e-09      -23.025851       -23.025851      -4132.0572                                                  -4132.0572
              1      -2089.2512      0.30722239   2.1123211e-09      -23.025851       -23.025851      -4132.4507                                                  -4132.4507
              3      -2089.2226      0.30473853   1.6202054e-09      -23.025851       -23.025851      -4132.3936                                                  -4132.3936
              1      -2089.2256      0.35280429   1.6708281e-09      -23.025851       -23.025851      -4132.3994                                                  -4132.3994
              3       -2087.831      0.31034354   2.5104027e-09      -23.025851       -23.025851      -4129.6103                                                  -4129.6103
              1      -2089.1634      0.28241499   2.5042868e-09      -23.025851       -23.025851      -4132.2751                                                  -4132.2751
              1       -2089.257      0.29159262   2.3024401e-09      -23.025851       -23.025851      -4132.4623                                                  -4132.4623
              1      -2089.2745      0.29553534   2.2381986e-09      -23.025851       -23.025851      -4132.4974                                                  -4132.4974
              2      -2088.4525      0.31541541   2.2985236e-09      -23.025851       -23.025851      -4130.8533                                                  -4130.8533
              2      -2089.3458      0.29048412   1.9485718e-09      -23.025851       -23.025851        -4132.64                                                    -4132.64
              3      -2088.8642      0.31186991   2.2264128e-09      -23.025851       -23.025851      -4131.6766                                                  -4131.6766
              3      -2087.7614      0.31980601   2.3856521e-09      -23.025851       -23.025851      -4129.4712                                                  -4129.4712
              2       -2088.663      0.31227474   2.2842193e-09      -23.025851       -23.025851      -4131.2743                                                  -4131.2743
              1        -2089.07      0.28472252   2.5287158e-09      -23.025851       -23.025851      -4132.0883                                                  -4132.0883
              2      -2089.2115      0.29900095   2.2388732e-09      -23.025851       -23.025851      -4132.3713                                                  -4132.3713
              2      -2089.3064      0.27409611   2.4575934e-09      -23.025851       -23.025851      -4132.5611                                                  -4132.5611
              1      -2089.3804      0.28739327   2.1187908e-09      -23.025851       -23.025851      -4132.7091                                                  -4132.7091
              2      -2088.8584      0.32268897   2.0936767e-09      -23.025851       -23.025851      -4131.6651                                                  -4131.6651
              3      -2089.3542      0.29414314   1.8945372e-09      -23.025851       -23.025851      -4132.6566                                                  -4132.6566
              3      -2089.4761      0.32188506   1.7452337e-09      -23.025851       -23.025851      -4132.9005                                                  -4132.9005
              1      -2089.4621      0.32766162    1.737564e-09      -23.025851       -23.025851      -4132.8726                                                  -4132.8726
              2      -2089.2702      0.30709486   1.6232088e-09      -23.025851       -23.025851      -4132.4888                                                  -4132.4888
              5      -2089.2932      0.30236722   1.7032557e-09      -23.025851       -23.025851      -4132.5348                                                  -4132.5348
              5      -2089.4533      0.33126982   1.7211702e-09      -23.025851       -23.025851      -4132.8548                                                  -4132.8548
              3      -2089.2536      0.30054395   1.6967317e-09      -23.025851       -23.025851      -4132.4556                                                  -4132.4556
              1      -2088.7488      0.28232929   1.6569146e-09      -23.025851       -23.025851       -4131.446                                                   -4131.446
              2       -2088.629      0.27824926   1.6577567e-09      -23.025851       -23.025851      -4131.2062                                                  -4131.2062
              1      -2089.3935      0.30130574   1.8304396e-09      -23.025851       -23.025851      -4132.7353                                                  -4132.7353
              3      -2089.3282      0.28404996   2.0470317e-09      -23.025851       -23.025851      -4132.6046                                                  -4132.6046
              3      -2089.3252       0.2832106   2.0596049e-09      -23.025851       -23.025851      -4132.5987                                                  -4132.5987
              1      -2089.4029      0.29868496   2.0479322e-09      -23.025851       -23.025851      -4132.7541                                                  -4132.7541
              1      -2089.1014      0.31654194   2.0787274e-09      -23.025851       -23.025851      -4132.1511                                                  -4132.1511
              2      -2088.8012       0.2907527   2.5573443e-09      -23.025851       -23.025851      -4131.5507                                                  -4131.5507
              3      -2088.2515      0.34907594   1.9453371e-09      -23.025851       -23.025851      -4130.4513                                                  -4130.4513
              1      -2088.4096      0.34338261   1.9738248e-09      -23.025851       -23.025851      -4130.7675                                                  -4130.7675
              1      -2089.0333      0.34382443   1.8155366e-09      -23.025851       -23.025851      -4132.0148                                                  -4132.0148
              2      -2089.2625      0.33138512   1.8475503e-09      -23.025851       -23.025851      -4132.4733                                                  -4132.4733
              1      -2088.5904      0.35137618   1.8558113e-09      -23.025851       -23.025851       -4131.129                                                   -4131.129
              1       -2088.405      0.34815503   1.9254761e-09      -23.025851       -23.025851      -4130.7583                                                  -4130.7583
              5      -2088.9906      0.36286109   1.6603333e-09      -23.025851       -23.025851      -4131.9295                                                  -4131.9295
              4      -2088.6489      0.36071814   1.7576493e-09      -23.025851       -23.025851      -4131.2462                                                  -4131.2462
              1      -2087.9084      0.33276411   2.1895831e-09      -23.025851       -23.025851       -4129.765                                                   -4129.765
              2      -2089.1447      0.28316135   1.8732094e-09      -23.025851       -23.025851      -4132.2376                                                  -4132.2376
              2      -2089.0953      0.28900071   2.4483035e-09      -23.025851       -23.025851      -4132.1388                                                  -4132.1388
              6      -2088.8437      0.29204975   2.5197625e-09      -23.025851       -23.025851      -4131.6357                                                  -4131.6357
              1      -2089.2693      0.28681802   2.3542153e-09      -23.025851       -23.025851      -4132.4869                                                  -4132.4869
              1      -2089.2469      0.29043194    2.326082e-09      -23.025851       -23.025851      -4132.4421                                                  -4132.4421
              1      -2089.3316      0.27822807    2.190239e-09      -23.025851       -23.025851      -4132.6115                                                  -4132.6115
              4      -2089.4807      0.32113421   1.7211001e-09      -23.025851       -23.025851      -4132.9098                                                  -4132.9098
              1      -2089.4384      0.30552591   1.8982655e-09      -23.025851       -23.025851      -4132.8251                                                  -4132.8251
              5      -2088.9291      0.26589309   2.0210215e-09      -23.025851       -23.025851      -4131.8066                                                  -4131.8066
              1       -2089.278      0.30541573   1.6504391e-09      -23.025851       -23.025851      -4132.5043                                                  -4132.5043
              2      -2089.4746      0.31997208   1.7534618e-09      -23.025851       -23.025851      -4132.8975                                                  -4132.8975
              1      -2089.3488      0.29658622   2.1530708e-09      -23.025851       -23.025851       -4132.646                                                   -4132.646
              2      -2089.0479      0.26746206   2.0775028e-09      -23.025851       -23.025851       -4132.044                                                   -4132.044
              1      -2088.9197      0.29368456   2.4629257e-09      -23.025851       -23.025851      -4131.7876                                                  -4131.7876
              1      -2089.3282      0.27475832   2.3853686e-09      -23.025851       -23.025851      -4132.6047                                                  -4132.6047
              5      -2089.3824      0.29042742   2.1473508e-09      -23.025851       -23.025851      -4132.7131                                                  -4132.7131
              2      -2089.1373      0.30749851   2.1719432e-09      -23.025851       -23.025851      -4132.2229                                                  -4132.2229
              3      -2089.0114      0.32660293   1.9987403e-09      -23.025851       -23.025851      -4131.9711                                                  -4131.9711
              1      -2088.5449       0.3290176   2.1039395e-09      -23.025851       -23.025851      -4131.0382                                                  -4131.0382
              3       -2088.391      0.34835036   1.9262266e-09      -23.025851       -23.025851      -4130.7303                                                  -4130.7303
              4      -2088.4047      0.34468138   1.9611839e-09      -23.025851       -23.025851      -4130.7577                                                  -4130.7577
              1      -2089.0569      0.27729331   1.9066062e-09      -23.025851       -23.025851      -4132.0622                                                  -4132.0622
              1      -2089.3411      0.29119735   1.9285272e-09      -23.025851       -23.025851      -4132.6306                                                  -4132.6306
              2      -2089.3415      0.28920997   1.9659817e-09      -23.025851       -23.025851      -4132.6312                                                  -4132.6312
              1       -2089.364      0.30661968   2.0314597e-09      -23.025851       -23.025851      -4132.6763                                                  -4132.6763
              1      -2089.3786      0.30140643   2.0670736e-09      -23.025851       -23.025851      -4132.7054                                                  -4132.7054
              3      -2089.4137      0.29884377   1.9283461e-09      -23.025851       -23.025851      -4132.7757                                                  -4132.7757
              1       -2089.405      0.29939797   1.8886095e-09      -23.025851       -23.025851      -4132.7583                                                  -4132.7583
              1      -2089.4546      0.31243765   1.8381704e-09      -23.025851       -23.025851      -4132.8576                                                  -4132.8576
              2      -2089.3531      0.30624074    2.046071e-09      -23.025851       -23.025851      -4132.6544                                                  -4132.6544
              6      -2089.3645      0.30402394   2.0575747e-09      -23.025851       -23.025851      -4132.6773                                                  -4132.6773
              1      -2089.0107      0.30981927   2.1987856e-09      -23.025851       -23.025851      -4131.9696                                                  -4131.9696
              4      -2089.2871      0.26601821   2.5668441e-09      -23.025851       -23.025851      -4132.5224                                                  -4132.5224
              1      -2088.9752      0.26879587   1.9987858e-09      -23.025851       -23.025851      -4131.8986                                                  -4131.8986
              1      -2089.0724      0.28125408   1.8524704e-09      -23.025851       -23.025851      -4132.0932                                                  -4132.0932
              3      -2089.2921      0.28839224   1.9172816e-09      -23.025851       -23.025851      -4132.5324                                                  -4132.5324
              2      -2089.0499      0.26749641   2.0784675e-09      -23.025851       -23.025851      -4132.0481                                                  -4132.0481
              1      -2089.2974      0.30429949   1.6803928e-09      -23.025851       -23.025851      -4132.5432                                                  -4132.5432
              1      -2089.4606      0.31570395    1.811305e-09      -23.025851       -23.025851      -4132.8696                                                  -4132.8696
              1       -2089.414      0.33387292   1.7352441e-09      -23.025851       -23.025851      -4132.7764                                                  -4132.7764
              2      -2088.4231      0.32959904   2.1252836e-09      -23.025851       -23.025851      -4130.7946                                                  -4130.7946
              1      -2089.2859      0.32647742   1.8837038e-09      -23.025851       -23.025851        -4132.52                                                    -4132.52
              2      -2089.1136      0.33076234   1.9171424e-09      -23.025851       -23.025851      -4132.1755                                                  -4132.1755
              1      -2089.4091      0.30311441    2.003848e-09      -23.025851       -23.025851      -4132.7665                                                  -4132.7665
              1      -2089.4391      0.30560156   1.8822823e-09      -23.025851       -23.025851      -4132.8265                                                  -4132.8265
              3      -2089.3018      0.30278627   1.7046986e-09      -23.025851       -23.025851      -4132.5518                                                  -4132.5518
              1      -2089.4398      0.30941991   1.8960828e-09      -23.025851       -23.025851      -4132.8279                                                  -4132.8279
              1      -2089.1145      0.32108649   2.0210341e-09      -23.025851       -23.025851      -4132.1773                                                  -4132.1773
              1      -2089.2033      0.28983896   2.3673626e-09      -23.025851       -23.025851      -4132.3548                                                  -4132.3548
              1      -2089.4172      0.29874711   1.9516126e-09      -23.025851       -23.025851      -4132.7827                                                  -4132.7827
              1      -2089.2538      0.33120051   1.8535228e-09      -23.025851       -23.025851      -4132.4559                                                  -4132.4559
              3      -2089.3126      0.32418221   1.8913602e-09      -23.025851       -23.025851      -4132.5735                                                  -4132.5735
              3      -2089.3921        0.297591   1.8955824e-09      -23.025851       -23.025851      -4132.7325                                                  -4132.7325
              3      -2089.3303      0.28370404   2.3166942e-09      -23.025851       -23.025851       -4132.609                                                   -4132.609
              2      -2089.3363      0.30234307   1.7426927e-09      -23.025851       -23.025851      -4132.6209                                                  -4132.6209
              1      -2089.4146      0.30617823   1.7841205e-09      -23.025851       -23.025851      -4132.7775                                                  -4132.7775
              2      -2088.8589      0.28112988    1.728573e-09      -23.025851       -23.025851      -4131.6661                                                  -4131.6661
              1      -2089.4313        0.306236   1.8200146e-09      -23.025851       -23.025851      -4132.8109                                                  -4132.8109
              1      -2089.3328      0.27487883   2.3130349e-09      -23.025851       -23.025851      -4132.6138                                                  -4132.6138
              2      -2088.7371      0.29368576   2.5340648e-09      -23.025851       -23.025851      -4131.4226                                                  -4131.4226
              3      -2089.4229      0.30482368   1.8258613e-09      -23.025851       -23.025851      -4132.7942                                                  -4132.7942
              1      -2088.5229      0.31119583   2.3381259e-09      -23.025851       -23.025851      -4130.9942                                                  -4130.9942
              4      -2088.6141      0.29856132   2.4984381e-09      -23.025851       -23.025851      -4131.1766                                                  -4131.1766
              3      -2089.3091       0.2924945   2.2434347e-09      -23.025851       -23.025851      -4132.5665                                                  -4132.5665
              3      -2089.3649      0.28423204   2.1355084e-09      -23.025851       -23.025851      -4132.6782                                                  -4132.6782
              2      -2089.3588      0.28135673   2.2290302e-09      -23.025851       -23.025851      -4132.6658                                                  -4132.6658
              1      -2089.3324      0.29204537   1.9015049e-09      -23.025851       -23.025851      -4132.6131                                                  -4132.6131
              1      -2089.3843      0.29685094   1.8939886e-09      -23.025851       -23.025851      -4132.7168                                                  -4132.7168
              3      -2089.1019      0.28773742   1.7725432e-09      -23.025851       -23.025851       -4132.152                                                   -4132.152
              1      -2089.1009      0.28338891   1.8380516e-09      -23.025851       -23.025851        -4132.15                                                    -4132.15
              1       -2089.328      0.30300969   1.7249871e-09      -23.025851       -23.025851      -4132.6043                                                  -4132.6043
              2      -2089.3605      0.30319313   1.7559003e-09      -23.025851       -23.025851      -4132.6694                                                  -4132.6694
              1      -2089.2887      0.29041507   1.8795263e-09      -23.025851       -23.025851      -4132.5257                                                  -4132.5257
              2      -2089.2635      0.26765791   2.3128056e-09      -23.025851       -23.025851      -4132.4753                                                  -4132.4753
              8      -2089.2904      0.26911695   2.3330596e-09      -23.025851       -23.025851       -4132.529                                                   -4132.529
              2      -2089.4037      0.29564941   2.0574617e-09      -23.025851       -23.025851      -4132.7558                                                  -4132.7558
              1      -2089.3554      0.28343297   2.1206433e-09      -23.025851       -23.025851       -4132.659                                                   -4132.659
              1      -2088.9906      0.28364222   1.7645293e-09      -23.025851       -23.025851      -4131.9296                                                  -4131.9296
              3      -2088.7697      0.27681822   1.7458807e-09      -23.025851       -23.025851      -4131.4877                                                  -4131.4877
              8      -2088.4619      0.27637812   1.6101029e-09      -23.025851       -23.025851      -4130.8722                                                  -4130.8722
              4      -2088.9379      0.26996218   1.9528975e-09      -23.025851       -23.025851       -4131.824                                                   -4131.824
              1      -2089.4263      0.30902531   1.7581198e-09      -23.025851       -23.025851      -4132.8009                                                  -4132.8009
              1       -2089.111      0.28470372   1.8245723e-09      -23.025851       -23.025851      -4132.1704                                                  -4132.1704
              2      -2088.8626      0.28966321   1.6135731e-09      -23.025851       -23.025851      -4131.6734                                                  -4131.6734
              2      -2089.4242      0.30108584   1.9636019e-09      -23.025851       -23.025851      -4132.7967                                                  -4132.7967
              2      -2089.1979      0.28158692   1.9428109e-09      -23.025851       -23.025851      -4132.3441                                                  -4132.3441
              1      -2088.9608      0.29155702   1.6379699e-09      -23.025851       -23.025851      -4131.8699                                                  -4131.8699
              5       -2089.272      0.29333321   2.2673756e-09      -23.025851       -23.025851      -4132.4923                                                  -4132.4923
              2      -2089.4229      0.31222861   1.9096174e-09      -23.025851       -23.025851      -4132.7942                                                  -4132.7942
              2      -2089.2846      0.32281045   1.9213689e-09      -23.025851       -23.025851      -4132.5176                                                  -4132.5176
              3      -2086.4241      0.35796027   2.1041031e-09      -23.025851       -23.025851      -4126.7966                                                  -4126.7966
              1      -2089.2054      0.32177855   1.9730072e-09      -23.025851       -23.025851      -4132.3591                                                  -4132.3591
              1      -2089.4145      0.34026808    1.681886e-09      -23.025851       -23.025851      -4132.7773                                                  -4132.7773
              3      -2089.4987      0.33602016   1.6288686e-09      -23.025851       -23.025851      -4132.9456                                                  -4132.9456
              2       -2089.217      0.26958085   2.1967708e-09      -23.025851       -23.025851      -4132.3824                                                  -4132.3824
              3      -2089.3787      0.29325297   1.9531716e-09      -23.025851       -23.025851      -4132.7056                                                  -4132.7056
              8      -2089.2765      0.26694141   2.5934879e-09      -23.025851       -23.025851      -4132.5012                                                  -4132.5012
              1      -2088.9214       0.2675552   1.9852812e-09      -23.025851       -23.025851      -4131.7911                                                  -4131.7911
              1      -2089.2424      0.28749258    1.882957e-09      -23.025851       -23.025851      -4132.4331                                                  -4132.4331
              2      -2089.4168      0.29827604   1.9725869e-09      -23.025851       -23.025851      -4132.7818                                                  -4132.7818
              1      -2089.4144      0.29762258   1.9745807e-09      -23.025851       -23.025851      -4132.7771                                                  -4132.7771
              1      -2089.4131      0.29836731   1.9388227e-09      -23.025851       -23.025851      -4132.7744                                                  -4132.7744
              3      -2089.3242      0.27868783   2.1599334e-09      -23.025851       -23.025851      -4132.5967                                                  -4132.5967
              3      -2088.8976      0.27788571    1.798197e-09      -23.025851       -23.025851      -4131.7435                                                  -4131.7435
              2      -2089.3986      0.29690359   1.9240087e-09      -23.025851       -23.025851      -4132.7455                                                  -4132.7455
              3      -2089.2071      0.36037696   1.6163289e-09      -23.025851       -23.025851      -4132.3624                                                  -4132.3624
              2       -2089.294       0.3048274   1.6705736e-09      -23.025851       -23.025851      -4132.5363                                                  -4132.5363
              7      -2089.1836      0.33489926   1.8481739e-09      -23.025851       -23.025851      -4132.3155                                                  -4132.3155
              2      -2089.2905      0.33585285   1.7917375e-09      -23.025851       -23.025851      -4132.5292                                                  -4132.5292
              6      -2089.4301      0.30943343   1.9183504e-09      -23.025851       -23.025851      -4132.8086                                                  -4132.8086
              1      -2089.4247      0.30708364   1.9449111e-09      -23.025851       -23.025851      -4132.7978                                                  -4132.7978
              1      -2089.3836       0.2986676   1.8599751e-09      -23.025851       -23.025851      -4132.7155                                                  -4132.7155
              1      -2089.4542       0.3116217   1.7898252e-09      -23.025851       -23.025851      -4132.8567                                                  -4132.8567
              2        -2089.31      0.31208949   2.0183317e-09      -23.025851       -23.025851      -4132.5683                                                  -4132.5683
              1        -2089.31      0.27024614     2.46516e-09      -23.025851       -23.025851      -4132.5682                                                  -4132.5682
              4      -2088.9757      0.26645131    2.042813e-09      -23.025851       -23.025851      -4131.8997                                                  -4131.8997
              4      -2089.4468      0.30844478   1.8625256e-09      -23.025851       -23.025851      -4132.8419                                                  -4132.8419
              1      -2089.4481      0.30897197   1.8581954e-09      -23.025851       -23.025851      -4132.8444                                                  -4132.8444
              3      -2089.0683      0.31754854   2.0806438e-09      -23.025851       -23.025851      -4132.0849                                                  -4132.0849
              2      -2088.9573      0.33946264   1.8810818e-09      -23.025851       -23.025851      -4131.8629                                                  -4131.8629
              1      -2089.1935      0.31592347   2.0436092e-09      -23.025851       -23.025851      -4132.3352                                                  -4132.3352
              2      -2089.3713      0.31406182   1.9500529e-09      -23.025851       -23.025851      -4132.6909                                                  -4132.6909
              2       -2089.444      0.31954281   1.8224699e-09      -23.025851       -23.025851      -4132.8362                                                  -4132.8362
              2      -2089.3533      0.31656268   1.9399835e-09      -23.025851       -23.025851      -4132.6548                                                  -4132.6548
              2      -2089.3977      0.29621222   2.0751396e-09      -23.025851       -23.025851      -4132.7436                                                  -4132.7436
              1      -2089.3563       0.2917446    2.192962e-09      -23.025851       -23.025851      -4132.6609                                                  -4132.6609
              2      -2089.3252      0.29222862   2.2293516e-09      -23.025851       -23.025851      -4132.5987                                                  -4132.5987
              1      -2089.3166      0.29399849   2.2178856e-09      -23.025851       -23.025851      -4132.5815                                                  -4132.5815
              2      -2089.2497      0.29471776   2.2676166e-09      -23.025851       -23.025851      -4132.4477                                                  -4132.4477
              1      -2089.3075      0.28840302    2.294179e-09      -23.025851       -23.025851      -4132.5633                                                  -4132.5633
              3      -2089.1353      0.33323005   1.8837472e-09      -23.025851       -23.025851      -4132.2188                                                  -4132.2188
              3      -2089.3999       0.2970212   2.0648309e-09      -23.025851       -23.025851      -4132.7481                                                  -4132.7481
              2      -2089.2176      0.28399554   2.4393368e-09      -23.025851       -23.025851      -4132.3836                                                  -4132.3836
              1      -2089.2356      0.28572163   2.3994577e-09      -23.025851       -23.025851      -4132.4195                                                  -4132.4195
              2      -2089.2138      0.28699535   2.3994328e-09      -23.025851       -23.025851      -4132.3759                                                  -4132.3759
              2      -2089.1507      0.28313647   2.5023989e-09      -23.025851       -23.025851      -4132.2497                                                  -4132.2497
              1      -2088.9932      0.28458663   2.5726774e-09      -23.025851       -23.025851      -4131.9348                                                  -4131.9348
              1      -2089.0138      0.29321612   2.4275993e-09      -23.025851       -23.025851      -4131.9759                                                  -4131.9759
              2      -2088.7458      0.29922832   2.4447901e-09      -23.025851       -23.025851      -4131.4399                                                  -4131.4399
              2      -2088.7562      0.29642671   2.4842219e-09      -23.025851       -23.025851      -4131.4608                                                  -4131.4608
              1      -2089.3828      0.30060965   1.8251736e-09      -23.025851       -23.025851      -4132.7139                                                  -4132.7139
              1       -2089.352      0.30016391   2.1112655e-09      -23.025851       -23.025851      -4132.6524                                                  -4132.6524
              2      -2089.2954      0.27250038   2.2519484e-09      -23.025851       -23.025851      -4132.5391                                                  -4132.5391
              2      -2089.1145      0.28791184   1.7780417e-09      -23.025851       -23.025851      -4132.1773                                                  -4132.1773
              1      -2089.2763      0.29938556   1.7308722e-09      -23.025851       -23.025851      -4132.5009                                                  -4132.5009
              1      -2089.2716        0.292076   1.8359758e-09      -23.025851       -23.025851      -4132.4915                                                  -4132.4915
              1      -2089.1717      0.28807296   1.8159132e-09      -23.025851       -23.025851      -4132.2917                                                  -4132.2917
              1      -2089.4875      0.32511872   1.6364531e-09      -23.025851       -23.025851      -4132.9232                                                  -4132.9232
              1      -2088.8806      0.32332212   2.0792719e-09      -23.025851       -23.025851      -4131.7095                                                  -4131.7095
              1      -2088.8805      0.32318833   2.0808177e-09      -23.025851       -23.025851      -4131.7093                                                  -4131.7093
              1      -2089.4226      0.30845872   1.9395591e-09      -23.025851       -23.025851      -4132.7934                                                  -4132.7934
              2      -2088.6447       0.3438752   1.9176237e-09      -23.025851       -23.025851      -4131.2377                                                  -4131.2377
              1      -2088.3744      0.32692769   2.1685187e-09      -23.025851       -23.025851      -4130.6972                                                  -4130.6972
              1      -2089.3088       0.3068382   2.0769783e-09      -23.025851       -23.025851      -4132.5659                                                  -4132.5659
              1      -2088.8497      0.30628846   2.3064555e-09      -23.025851       -23.025851      -4131.6476                                                  -4131.6476
              1      -2089.1373      0.29219048   2.3770211e-09      -23.025851       -23.025851       -4132.223                                                   -4132.223
              2      -2088.9077      0.30171005   2.3491691e-09      -23.025851       -23.025851      -4131.7637                                                  -4131.7637
              1      -2088.8869      0.30194661   2.3538165e-09      -23.025851       -23.025851      -4131.7221                                                  -4131.7221
              2      -2089.0387      0.29039573   2.4577617e-09      -23.025851       -23.025851      -4132.0257                                                  -4132.0257
              2      -2088.7909      0.32208606   2.1213039e-09      -23.025851       -23.025851      -4131.5301                                                  -4131.5301
              1      -2088.8783      0.31147826   2.2266437e-09      -23.025851       -23.025851       -4131.705                                                   -4131.705
              1      -2089.3333      0.28084237    2.337993e-09      -23.025851       -23.025851      -4132.6148                                                  -4132.6148
              1      -2089.2575       0.2878367   1.8913008e-09      -23.025851       -23.025851      -4132.4632                                                  -4132.4632
              1      -2089.3384      0.31050736   1.6331331e-09      -23.025851       -23.025851      -4132.6252                                                  -4132.6252
              1      -2089.4782      0.32099566   1.7379152e-09      -23.025851       -23.025851      -4132.9048                                                  -4132.9048
              1      -2088.9156      0.32688095   2.0273551e-09      -23.025851       -23.025851      -4131.7794                                                  -4131.7794
              1      -2089.1379      0.30921032   2.1502487e-09      -23.025851       -23.025851      -4132.2241                                                  -4132.2241
              1      -2089.3233      0.27393614   2.2919131e-09      -23.025851       -23.025851      -4132.5949                                                  -4132.5949
              2      -2089.2322      0.27666962   2.0670832e-09      -23.025851       -23.025851      -4132.4127                                                  -4132.4127
              2      -2089.2296      0.27662538   2.0650084e-09      -23.025851       -23.025851      -4132.4074                                                  -4132.4074
              1      -2089.1141      0.28215289   1.8670765e-09      -23.025851       -23.025851      -4132.1765                                                  -4132.1765
              1      -2089.4272      0.30525358   1.9494422e-09      -23.025851       -23.025851      -4132.8028                                                  -4132.8028
              1      -2089.3557      0.28721087   2.2360052e-09      -23.025851       -23.025851      -4132.6597                                                  -4132.6597
              1      -2089.4601      0.31310228   1.7914076e-09      -23.025851       -23.025851      -4132.8684                                                  -4132.8684
              3      -2089.2181      0.33371204   1.8453124e-09      -23.025851       -23.025851      -4132.3845                                                  -4132.3845
              1      -2089.1501       0.3261229   1.9512206e-09      -23.025851       -23.025851      -4132.2486                                                  -4132.2486
              1      -2089.4298      0.30525981    1.836276e-09      -23.025851       -23.025851      -4132.8079                                                  -4132.8079
              3      -2089.2947      0.26624969   2.4551281e-09      -23.025851       -23.025851      -4132.5378                                                  -4132.5378
              2      -2089.4406      0.31457704   1.8633957e-09      -23.025851       -23.025851      -4132.8295                                                  -4132.8295
              2       -2089.442      0.31422339   1.8632763e-09      -23.025851       -23.025851      -4132.8323                                                  -4132.8323
              1      -2089.4595      0.31969382   1.7952164e-09      -23.025851       -23.025851      -4132.8673                                                  -4132.8673
              1      -2089.4983      0.33022695   1.6537154e-09      -23.025851       -23.025851      -4132.9449                                                  -4132.9449
              1      -2089.3718      0.33982966   1.7131785e-09      -23.025851       -23.025851      -4132.6919                                                  -4132.6919
              2      -2089.5007      0.33375329   1.6358527e-09      -23.025851       -23.025851      -4132.9497                                                  -4132.9497
              3      -2089.4986      0.32826117   1.6426504e-09      -23.025851       -23.025851      -4132.9455                                                  -4132.9455
              1      -2089.1623      0.33016747   1.9040899e-09      -23.025851       -23.025851      -4132.2729                                                  -4132.2729
              2      -2089.0624      0.33755624   1.8666894e-09      -23.025851       -23.025851      -4132.0731                                                  -4132.0731
              3      -2089.1005      0.29896892   1.6182442e-09      -23.025851       -23.025851      -4132.1493                                                  -4132.1493
              1      -2089.0823      0.30905618   2.1781847e-09      -23.025851       -23.025851      -4132.1129                                                  -4132.1129
              1      -2089.3456      0.27877713   2.2295643e-09      -23.025851       -23.025851      -4132.6395                                                  -4132.6395
              1      -2089.3403      0.28327863   2.0867197e-09      -23.025851       -23.025851      -4132.6289                                                  -4132.6289
              2      -2089.0298      0.26940151   2.0267205e-09      -23.025851       -23.025851      -4132.0079                                                  -4132.0079
              1      -2089.0221      0.27111907   1.9895486e-09      -23.025851       -23.025851      -4131.9925                                                  -4131.9925
              2      -2089.3458      0.31046559   2.0083294e-09      -23.025851       -23.025851      -4132.6399                                                  -4132.6399
              1      -2089.2188      0.28106114   2.4801681e-09      -23.025851       -23.025851      -4132.3859                                                  -4132.3859
              3      -2089.0484      0.31023886   2.1778914e-09      -23.025851       -23.025851      -4132.0451                                                  -4132.0451
              1       -2088.739      0.29388267   2.5303161e-09      -23.025851       -23.025851      -4131.4262                                                  -4131.4262
              3      -2088.7187      0.29415868   2.5330321e-09      -23.025851       -23.025851      -4131.3858                                                  -4131.3858
              1       -2088.688      0.29437958   2.5402239e-09      -23.025851       -23.025851      -4131.3243                                                  -4131.3243
             14      -2088.6874      0.29453608    2.537949e-09      -23.025851       -23.025851      -4131.3231                                                  -4131.3231
              4      -2088.5389      0.29344279   2.6044224e-09      -23.025851       -23.025851      -4131.0261                                                  -4131.0261
              1      -2088.7649      0.28936276   2.5941406e-09      -23.025851       -23.025851      -4131.4781                                                  -4131.4781
              1      -2088.8606       0.3058538    2.308538e-09      -23.025851       -23.025851      -4131.6695                                                  -4131.6695
              1      -2089.3513      0.28038507   2.2833891e-09      -23.025851       -23.025851      -4132.6508                                                  -4132.6508
              2      -2089.3653      0.28358528   2.2184359e-09      -23.025851       -23.025851      -4132.6789                                                  -4132.6789
              2      -2089.1869      0.28195037   2.4935162e-09      -23.025851       -23.025851      -4132.3221                                                  -4132.3221
              2      -2089.2879      0.30863383   2.0718822e-09      -23.025851       -23.025851      -4132.5241                                                  -4132.5241
              1      -2089.0828      0.29914109   2.3088436e-09      -23.025851       -23.025851      -4132.1138                                                  -4132.1138
              1      -2089.3758      0.29946389   2.0892153e-09      -23.025851       -23.025851      -4132.6998                                                  -4132.6998
              4      -2089.0473      0.33290963   1.9188461e-09      -23.025851       -23.025851       -4132.043                                                   -4132.043
              6      -2089.0796        0.327361   1.9658264e-09      -23.025851       -23.025851      -4132.1076                                                  -4132.1076
              1      -2088.9871      0.32154221   2.0645152e-09      -23.025851       -23.025851      -4131.9225                                                  -4131.9225
              1      -2089.4648      0.31482539   1.7768402e-09      -23.025851       -23.025851      -4132.8779                                                  -4132.8779
              2      -2089.4874      0.32553695   1.6999071e-09      -23.025851       -23.025851       -4132.923                                                   -4132.923
              2      -2089.4867      0.32510718   1.7030924e-09      -23.025851       -23.025851      -4132.9217                                                  -4132.9217
              2      -2089.4807      0.33843058   1.6390844e-09      -23.025851       -23.025851      -4132.9096                                                  -4132.9096
              1      -2089.2938      0.31373807   2.0113563e-09      -23.025851       -23.025851      -4132.5358                                                  -4132.5358
              1      -2089.2465      0.27465062   2.1246706e-09      -23.025851       -23.025851      -4132.4413                                                  -4132.4413
              3      -2089.2394      0.27500447   2.1086522e-09      -23.025851       -23.025851       -4132.427                                                   -4132.427
              2      -2089.3124      0.26989753   2.4067546e-09      -23.025851       -23.025851      -4132.5731                                                  -4132.5731
              1      -2089.3212       0.2728166   2.3237392e-09      -23.025851       -23.025851      -4132.5907                                                  -4132.5907
              2      -2089.1399       0.2980323   2.2942041e-09      -23.025851       -23.025851       -4132.228                                                   -4132.228
              1      -2089.2144      0.27549937   2.5664608e-09      -23.025851       -23.025851      -4132.3771                                                  -4132.3771
              5      -2089.1175      0.28474728   2.4995858e-09      -23.025851       -23.025851      -4132.1832                                                  -4132.1832
              1       -2089.331      0.28176407   2.3347044e-09      -23.025851       -23.025851      -4132.6102                                                  -4132.6102
              2      -2089.3256      0.27589158   2.3933348e-09      -23.025851       -23.025851      -4132.5995                                                  -4132.5995
              2      -2089.3282      0.27442061   2.3837054e-09      -23.025851       -23.025851      -4132.6048                                                  -4132.6048
              1      -2089.2685      0.27348452   2.1802502e-09      -23.025851       -23.025851      -4132.4854                                                  -4132.4854
              4       -2089.361      0.31645679   1.9351408e-09      -23.025851       -23.025851      -4132.6703                                                  -4132.6703
              2      -2089.0387      0.30656163   2.2293721e-09      -23.025851       -23.025851      -4132.0256                                                  -4132.0256
              1      -2089.2527      0.26518609   2.3580246e-09      -23.025851       -23.025851      -4132.4538                                                  -4132.4538
              2      -2089.3339      0.32163278   1.9032817e-09      -23.025851       -23.025851      -4132.6161                                                  -4132.6161
              9      -2088.7282      0.35118093   1.8271351e-09      -23.025851       -23.025851      -4131.4047                                                  -4131.4047
              4      -2089.4459      0.31324753   1.7278043e-09      -23.025851       -23.025851      -4132.8401                                                  -4132.8401
              1      -2089.4678      0.31756694   1.7820874e-09      -23.025851       -23.025851      -4132.8839                                                  -4132.8839
              2      -2089.3844      0.30871432   1.9892645e-09      -23.025851       -23.025851      -4132.7171                                                  -4132.7171
              3       -2089.368       0.3026713   2.0673506e-09      -23.025851       -23.025851      -4132.6843                                                  -4132.6843
              3      -2088.8359      0.28817054   2.5858444e-09      -23.025851       -23.025851      -4131.6201                                                  -4131.6201
              2       -2088.849      0.33980782   1.9083972e-09      -23.025851       -23.025851      -4131.6463                                                  -4131.6463
              1      -2087.6127      0.32076607   2.3990293e-09      -23.025851       -23.025851      -4129.1737                                                  -4129.1737
              2      -2087.7795      0.31851252    2.400462e-09      -23.025851       -23.025851      -4129.5073                                                  -4129.5073
              1      -2087.4358      0.32017763   2.4377935e-09      -23.025851       -23.025851        -4128.82                                                    -4128.82
              3      -2088.1143      0.34894211   1.9712163e-09      -23.025851       -23.025851       -4130.177                                                   -4130.177
              3      -2089.2245      0.27736419   2.5289142e-09      -23.025851       -23.025851      -4132.3974                                                  -4132.3974
              4      -2088.9753      0.28553333   2.5662983e-09      -23.025851       -23.025851      -4131.8989                                                  -4131.8989
              1       -2088.709      0.27358386   1.7639851e-09      -23.025851       -23.025851      -4131.3664                                                  -4131.3664
              4      -2088.9574       0.2901407   1.6548784e-09      -23.025851       -23.025851      -4131.8631                                                  -4131.8631
              1      -2088.8749       0.2873415    1.650171e-09      -23.025851       -23.025851      -4131.6982                                                  -4131.6982
              1      -2088.6117      0.27233535   1.7352391e-09      -23.025851       -23.025851      -4131.1718                                                  -4131.1718
              1      -2088.3757      0.27191413   1.6353166e-09      -23.025851       -23.025851      -4130.6997                                                  -4130.6997
              5      -2089.3185      0.27682344   2.1931628e-09      -23.025851       -23.025851      -4132.5853                                                  -4132.5853
              1      -2089.2257      0.28433234   1.9205795e-09      -23.025851       -23.025851      -4132.3997                                                  -4132.3997
              1      -2089.3885      0.29423965   1.9555033e-09      -23.025851       -23.025851      -4132.7253                                                  -4132.7253
              4      -2089.3765      0.28940473   2.0332507e-09      -23.025851       -23.025851      -4132.7012                                                  -4132.7012
              3      -2089.2904      0.27897029   2.0937795e-09      -23.025851       -23.025851      -4132.5291                                                  -4132.5291
              2      -2089.3462      0.31651556   1.9458796e-09      -23.025851       -23.025851      -4132.6406                                                  -4132.6406
              4      -2089.4502        0.319549   1.6378372e-09      -23.025851       -23.025851      -4132.8487                                                  -4132.8487
              5      -2089.2981      0.35211484    1.647849e-09      -23.025851       -23.025851      -4132.5445                                                  -4132.5445
              6      -2089.4877       0.3257509   1.6984859e-09      -23.025851       -23.025851      -4132.9236                                                  -4132.9236
              4      -2089.3483       0.3038847    1.733279e-09      -23.025851       -23.025851       -4132.645                                                   -4132.645
              2       -2089.451      0.33596177   1.6875509e-09      -23.025851       -23.025851      -4132.8503                                                  -4132.8503
              1      -2089.3383      0.34822153   1.6612281e-09      -23.025851       -23.025851      -4132.6249                                                  -4132.6249
              7      -2089.3477      0.33771853   1.7450167e-09      -23.025851       -23.025851      -4132.6437                                                  -4132.6437
              2      -2089.1047      0.34728196   1.7608166e-09      -23.025851       -23.025851      -4132.1577                                                  -4132.1577
              3       -2089.166      0.31942198   2.0174118e-09      -23.025851       -23.025851      -4132.2802                                                  -4132.2802
              7      -2088.1642      0.30153515    2.574825e-09      -23.025851       -23.025851      -4130.2767                                                  -4130.2767
              4       -2088.953      0.29424072   2.4400925e-09      -23.025851       -23.025851      -4131.8544                                                  -4131.8544
              2      -2087.4345      0.32885748   2.3188447e-09      -23.025851       -23.025851      -4128.8173                                                  -4128.8173
              3      -2088.4032       0.2999332   2.5387647e-09      -23.025851       -23.025851      -4130.7547                                                  -4130.7547
              2      -2088.9669      0.28440167   2.5890219e-09      -23.025851       -23.025851      -4131.8821                                                  -4131.8821
              1       -2089.254      0.28165462    1.996035e-09      -23.025851       -23.025851      -4132.4563                                                  -4132.4563
              2       -2089.461      0.33106005   1.7140902e-09      -23.025851       -23.025851      -4132.8702                                                  -4132.8702
              2      -2089.5065      0.33305586   1.6199559e-09      -23.025851       -23.025851      -4132.9614                                                  -4132.9614
              2      -2089.1417      0.27641981   1.9859512e-09      -23.025851       -23.025851      -4132.2318                                                  -4132.2318
              2      -2089.4817      0.32232078   1.6705289e-09      -23.025851       -23.025851      -4132.9117                                                  -4132.9117
              1      -2089.4423      0.31909568   1.8279757e-09      -23.025851       -23.025851      -4132.8328                                                  -4132.8328
              1      -2089.0683      0.35167635   1.7332245e-09      -23.025851       -23.025851      -4132.0849                                                  -4132.0849
              1      -2088.4236      0.34734478    1.929983e-09      -23.025851       -23.025851      -4130.7954                                                  -4130.7954
              2      -2088.9996      0.33179634   1.9466304e-09      -23.025851       -23.025851      -4131.9474                                                  -4131.9474
              2      -2089.4366      0.33565155   1.7026399e-09      -23.025851       -23.025851      -4132.8216                                                  -4132.8216
              2      -2089.4687      0.33616159   1.6683443e-09      -23.025851       -23.025851      -4132.8857                                                  -4132.8857
              3      -2088.6669      0.33512567   2.0049045e-09      -23.025851       -23.025851      -4131.2821                                                  -4131.2821
              1      -2089.3426       0.2906783   2.2240932e-09      -23.025851       -23.025851      -4132.6336                                                  -4132.6336
              2      -2089.4056      0.30638549   1.7656526e-09      -23.025851       -23.025851      -4132.7595                                                  -4132.7595
              2      -2086.9967      0.36397548   1.9769516e-09      -23.025851       -23.025851      -4127.9418                                                  -4127.9418
              1      -2088.1937      0.31920438   2.3075874e-09      -23.025851       -23.025851      -4130.3356                                                  -4130.3356
              3      -2089.4424      0.30870595   1.8894648e-09      -23.025851       -23.025851      -4132.8332                                                  -4132.8332
              3      -2089.3581      0.32935953   1.8139683e-09      -23.025851       -23.025851      -4132.6644                                                  -4132.6644
              2      -2089.2345      0.30714419   2.1235273e-09      -23.025851       -23.025851      -4132.4174                                                  -4132.4174
              2      -2088.3796      0.30334245   2.4917851e-09      -23.025851       -23.025851      -4130.7075                                                  -4130.7075
              1      -2089.3548      0.28809696   2.2312639e-09      -23.025851       -23.025851      -4132.6579                                                  -4132.6579
              1      -2089.3764      0.28886808    2.172587e-09      -23.025851       -23.025851      -4132.7011                                                  -4132.7011
              1      -2088.4851      0.34338302   1.9581281e-09      -23.025851       -23.025851      -4130.9186                                                  -4130.9186
              5      -2089.1439      0.34457044    1.771998e-09      -23.025851       -23.025851      -4132.2362                                                  -4132.2362
              2      -2089.1404      0.34427016   1.7760469e-09      -23.025851       -23.025851      -4132.2291                                                  -4132.2291
              2      -2089.2938      0.33584916    1.790113e-09      -23.025851       -23.025851       -4132.536                                                   -4132.536
              1      -2089.4199      0.30868198   1.7520851e-09      -23.025851       -23.025851      -4132.7881                                                  -4132.7881
              2      -2089.3801      0.32492133   1.8394367e-09      -23.025851       -23.025851      -4132.7085                                                  -4132.7085
              1      -2089.2453      0.33193729   1.8503372e-09      -23.025851       -23.025851       -4132.439                                                   -4132.439
              6      -2089.2085      0.33013466   1.8848264e-09      -23.025851       -23.025851      -4132.3652                                                  -4132.3652
              2      -2089.2502      0.26561375   2.3414502e-09      -23.025851       -23.025851      -4132.4486                                                  -4132.4486
              1      -2089.3848      0.28855927   2.1168886e-09      -23.025851       -23.025851      -4132.7179                                                  -4132.7179
              7       -2088.917      0.28898749   2.5378023e-09      -23.025851       -23.025851      -4131.7823                                                  -4131.7823
              1      -2089.1569      0.27685918   2.5954415e-09      -23.025851       -23.025851      -4132.2621                                                  -4132.2621
              3      -2089.2263      0.27829455   2.5135097e-09      -23.025851       -23.025851      -4132.4009                                                  -4132.4009
              2      -2089.3702      0.28651662   2.0886999e-09      -23.025851       -23.025851      -4132.6887                                                  -4132.6887
              2      -2088.7094       0.2711765   1.8015681e-09      -23.025851       -23.025851      -4131.3671                                                  -4131.3671
              3      -2089.0931      0.28300335   1.8388007e-09      -23.025851       -23.025851      -4132.1345                                                  -4132.1345
              1      -2089.3886      0.32478109   1.8339945e-09      -23.025851       -23.025851      -4132.7256                                                  -4132.7256
              2      -2089.0082      0.30852217   2.2164923e-09      -23.025851       -23.025851      -4131.9648                                                  -4131.9648
              2      -2088.7725      0.29822492   2.4506626e-09      -23.025851       -23.025851      -4131.4932                                                  -4131.4932
              3      -2089.3701      0.28665103   2.2015631e-09      -23.025851       -23.025851      -4132.6886                                                  -4132.6886
              1      -2089.1796      0.27714703   2.5727637e-09      -23.025851       -23.025851      -4132.3074                                                  -4132.3074
              4      -2089.2583      0.27012621   2.5905092e-09      -23.025851       -23.025851      -4132.4649                                                  -4132.4649
              1      -2089.2561       0.3158502    2.011157e-09      -23.025851       -23.025851      -4132.4606                                                  -4132.4606
              2      -2089.2452      0.28967576   1.8501686e-09      -23.025851       -23.025851      -4132.4387                                                  -4132.4387
              2      -2089.4142      0.29866374   1.9364384e-09      -23.025851       -23.025851      -4132.7766                                                  -4132.7766
              1      -2089.4356      0.31601456   1.6655426e-09      -23.025851       -23.025851      -4132.8195                                                  -4132.8195
              1      -2089.2941      0.33944144   1.7574169e-09      -23.025851       -23.025851      -4132.5366                                                  -4132.5366
              1      -2088.9335      0.34541902   1.8298284e-09      -23.025851       -23.025851      -4131.8152                                                  -4131.8152
              3      -2088.9108      0.33899797   1.8991699e-09      -23.025851       -23.025851      -4131.7698                                                  -4131.7698
              5      -2089.2091      0.33194968    1.866514e-09      -23.025851       -23.025851      -4132.3664                                                  -4132.3664
              3      -2089.0527      0.33249893   1.9212774e-09      -23.025851       -23.025851      -4132.0537                                                  -4132.0537
              2      -2089.0479      0.34879388   1.7650667e-09      -23.025851       -23.025851      -4132.0441                                                  -4132.0441
              6      -2088.8935      0.35580285   1.7451942e-09      -23.025851       -23.025851      -4131.7354                                                  -4131.7354
              1      -2088.7442      0.35373284   1.7997148e-09      -23.025851       -23.025851      -4131.4367                                                  -4131.4367
              1      -2089.3102      0.33198799   1.8174752e-09      -23.025851       -23.025851      -4132.5686                                                  -4132.5686
              1      -2088.5905      0.30209153   2.4514723e-09      -23.025851       -23.025851      -4131.1293                                                  -4131.1293
              1      -2089.3171      0.27164734   2.4316629e-09      -23.025851       -23.025851      -4132.5825                                                  -4132.5825
              2      -2088.5409      0.32913645      2.1035e-09      -23.025851       -23.025851        -4131.03                                                    -4131.03
              1      -2088.0193      0.32776811   2.2312092e-09      -23.025851       -23.025851       -4129.987                                                   -4129.987
              2      -2088.5057      0.31552491   2.2834759e-09      -23.025851       -23.025851      -4130.9598                                                  -4130.9598
              2      -2088.6838      0.29746402   2.4928704e-09      -23.025851       -23.025851      -4131.3158                                                  -4131.3158
              2      -2089.1287      0.27832851   2.5933284e-09      -23.025851       -23.025851      -4132.2057                                                  -4132.2057
              1      -2089.3541      0.31457849   1.9591912e-09      -23.025851       -23.025851      -4132.6566                                                  -4132.6566
              2      -2089.3614      0.32146851   1.8857619e-09      -23.025851       -23.025851      -4132.6711                                                  -4132.6711
              4      -2089.4531      0.32450485   1.7726662e-09      -23.025851       -23.025851      -4132.8545                                                  -4132.8545
              1      -2089.4591      0.32528574   1.7586526e-09      -23.025851       -23.025851      -4132.8665                                                  -4132.8665
              1      -2089.2528      0.33824739   1.7872252e-09      -23.025851       -23.025851      -4132.4539                                                  -4132.4539
              6      -2089.3505      0.33788426   1.7420385e-09      -23.025851       -23.025851      -4132.6493                                                  -4132.6493
              1      -2089.2811      0.32535932   1.8975004e-09      -23.025851       -23.025851      -4132.5105                                                  -4132.5105
              4      -2088.9713       0.2925199   1.6306997e-09      -23.025851       -23.025851      -4131.8908                                                  -4131.8908
              4      -2089.3335      0.30630389   2.0629812e-09      -23.025851       -23.025851      -4132.6153                                                  -4132.6153
              4      -2089.4032      0.30662476   1.7584216e-09      -23.025851       -23.025851      -4132.7546                                                  -4132.7546
              1       -2089.028      0.34931829   1.7663754e-09      -23.025851       -23.025851      -4132.0043                                                  -4132.0043
              3      -2089.1666       0.3481508   1.7320286e-09      -23.025851       -23.025851      -4132.2814                                                  -4132.2814
              3      -2089.1768      0.34895913   1.7213288e-09      -23.025851       -23.025851      -4132.3019                                                  -4132.3019
              2      -2089.1423      0.28169765   1.8953762e-09      -23.025851       -23.025851      -4132.2328                                                  -4132.2328
              3      -2088.7922      0.30741636   2.3105354e-09      -23.025851       -23.025851      -4131.5328                                                  -4131.5328
              7      -2088.2002      0.30861744    2.456445e-09      -23.025851       -23.025851      -4130.3487                                                  -4130.3487
              4      -2087.9406      0.30971834   2.4973261e-09      -23.025851       -23.025851      -4129.8296                                                  -4129.8296
              3      -2088.3039      0.30861068   2.4316672e-09      -23.025851       -23.025851       -4130.556                                                   -4130.556
             11      -2089.2647      0.26736193   2.3229907e-09      -23.025851       -23.025851      -4132.4776                                                  -4132.4776
              1       -2089.295        0.271251   2.2849636e-09      -23.025851       -23.025851      -4132.5383                                                  -4132.5383
              2      -2089.3181      0.27807614   2.3951338e-09      -23.025851       -23.025851      -4132.5844                                                  -4132.5844
              1      -2089.3315       0.2766503   2.3702642e-09      -23.025851       -23.025851      -4132.6112                                                  -4132.6112
              4       -2089.317      0.27505182   2.4236066e-09      -23.025851       -23.025851      -4132.5824                                                  -4132.5824
              2        -2089.35      0.28453711   2.2702808e-09      -23.025851       -23.025851      -4132.6482                                                  -4132.6482
              5      -2089.3268      0.28115582   2.3482495e-09      -23.025851       -23.025851      -4132.6019                                                  -4132.6019
              3      -2089.3059      0.26849252    2.470792e-09      -23.025851       -23.025851      -4132.5602                                                  -4132.5602
              1      -2089.2604      0.28028892    2.028818e-09      -23.025851       -23.025851       -4132.469                                                   -4132.469
              1      -2088.9861      0.33747516   1.8922714e-09      -23.025851       -23.025851      -4131.9204                                                  -4131.9204
              4      -2089.4898      0.33890623   1.6247928e-09      -23.025851       -23.025851      -4132.9279                                                  -4132.9279
              1      -2088.7657      0.35514173   1.7819315e-09      -23.025851       -23.025851      -4131.4796                                                  -4131.4796
              1      -2088.6679      0.34455187   1.9056412e-09      -23.025851       -23.025851      -4131.2841                                                  -4131.2841
              2      -2088.4032      0.34829583   1.9244305e-09      -23.025851       -23.025851      -4130.7547                                                  -4130.7547
              1      -2089.3634       0.2827409   2.2187733e-09      -23.025851       -23.025851       -4132.675                                                   -4132.675
              2      -2089.1097      0.28636978   1.7981046e-09      -23.025851       -23.025851      -4132.1676                                                  -4132.1676
              2      -2089.1998      0.28835992    1.833014e-09      -23.025851       -23.025851      -4132.3479                                                  -4132.3479
              1      -2089.4271      0.30981891   1.9210861e-09      -23.025851       -23.025851      -4132.8026                                                  -4132.8026
              4      -2089.5046       0.3308999   1.6211192e-09      -23.025851       -23.025851      -4132.9575                                                  -4132.9575
              1      -2089.2367      0.30786796   2.1137905e-09      -23.025851       -23.025851      -4132.4216                                                  -4132.4216
              3      -2089.2367      0.27551995   2.0949735e-09      -23.025851       -23.025851      -4132.4216                                                  -4132.4216
              4      -2087.0835      0.33514371   2.2899731e-09      -23.025851       -23.025851      -4128.1153                                                  -4128.1153
              1      -2087.2355      0.31852154   2.4948824e-09      -23.025851       -23.025851      -4128.4193                                                  -4128.4193
              2      -2089.3655      0.28354228   2.2164561e-09      -23.025851       -23.025851      -4132.6792                                                  -4132.6792
              1      -2089.2947      0.28949309   1.9013469e-09      -23.025851       -23.025851      -4132.5378                                                  -4132.5378
              2      -2089.3563      0.29590366   1.8668851e-09      -23.025851       -23.025851      -4132.6608                                                  -4132.6608
              1      -2089.4054      0.29868532   1.9042109e-09      -23.025851       -23.025851       -4132.759                                                   -4132.759
              1      -2089.3854      0.29398629   1.9532833e-09      -23.025851       -23.025851      -4132.7191                                                  -4132.7191
              1      -2089.2901      0.28698642   1.9396345e-09      -23.025851       -23.025851      -4132.5285                                                  -4132.5285
              1      -2089.2842      0.29222859   1.8454034e-09      -23.025851       -23.025851      -4132.5166                                                  -4132.5166
              3      -2089.3033      0.27421305   2.2248324e-09      -23.025851       -23.025851      -4132.5548                                                  -4132.5548
             10       -2089.275      0.30032434   1.7166694e-09      -23.025851       -23.025851      -4132.4984                                                  -4132.4984
              5      -2088.6286      0.34315954   1.9289126e-09      -23.025851       -23.025851      -4131.2055                                                  -4131.2055
              2      -2088.5732      0.34425877   1.9300786e-09      -23.025851       -23.025851      -4131.0947                                                  -4131.0947
              2      -2088.7382      0.35795837    1.762868e-09      -23.025851       -23.025851      -4131.4247                                                  -4131.4247
              1      -2088.5467      0.35754938   1.8069239e-09      -23.025851       -23.025851      -4131.0418                                                  -4131.0418
              1      -2088.5685      0.35658089   1.8113976e-09      -23.025851       -23.025851      -4131.0853                                                  -4131.0853
              3      -2089.3704      0.30550508    1.732821e-09      -23.025851       -23.025851      -4132.6891                                                  -4132.6891
              1      -2089.4413      0.30867315    1.801778e-09      -23.025851       -23.025851      -4132.8308                                                  -4132.8308
              4       -2089.393      0.30055557   1.8424161e-09      -23.025851       -23.025851      -4132.7342                                                  -4132.7342
              1      -2089.4937       0.3284985   1.6728681e-09      -23.025851       -23.025851      -4132.9357                                                  -4132.9357
              1      -2089.3845      0.32923886   1.7970242e-09      -23.025851       -23.025851      -4132.7173                                                  -4132.7173
              1       -2088.852      0.32243042   2.0986782e-09      -23.025851       -23.025851      -4131.6522                                                  -4131.6522
              4      -2089.3565      0.28076001   2.2290838e-09      -23.025851       -23.025851      -4132.6613                                                  -4132.6613
              1      -2089.1227      0.28670478    2.466573e-09      -23.025851       -23.025851      -4132.1936                                                  -4132.1936
              1       -2089.291      0.26952537   2.3230747e-09      -23.025851       -23.025851      -4132.5303                                                  -4132.5303
              1       -2089.321      0.27453937    2.261725e-09      -23.025851       -23.025851      -4132.5903                                                  -4132.5903
              2      -2088.3088       0.2705712   1.6260176e-09      -23.025851       -23.025851      -4130.5658                                                  -4130.5658
              4       -2088.871      0.27945048   1.7596709e-09      -23.025851       -23.025851      -4131.6903                                                  -4131.6903
              5      -2089.2909      0.27282752   2.2341246e-09      -23.025851       -23.025851      -4132.5302                                                  -4132.5302
              3      -2089.1215      0.27534944   1.9886411e-09      -23.025851       -23.025851      -4132.1913                                                  -4132.1913
              1      -2089.1261      0.27639129   1.9736915e-09      -23.025851       -23.025851      -4132.2005                                                  -4132.2005
              3      -2089.4007      0.29346546   2.0595039e-09      -23.025851       -23.025851      -4132.7498                                                  -4132.7498
              1      -2089.3649      0.28686288   2.0620684e-09      -23.025851       -23.025851      -4132.6781                                                  -4132.6781
              3      -2089.2633      0.30392422   1.6588217e-09      -23.025851       -23.025851      -4132.4749                                                  -4132.4749
              1      -2089.4556       0.3219352   1.6130279e-09      -23.025851       -23.025851      -4132.8596                                                  -4132.8596
              1       -2089.189      0.30739196   2.1466021e-09      -23.025851       -23.025851      -4132.3263                                                  -4132.3263
              2      -2089.2537      0.32039343   1.9634984e-09      -23.025851       -23.025851      -4132.4556                                                  -4132.4556
              5       -2089.426      0.30739565    1.940024e-09      -23.025851       -23.025851      -4132.8003                                                  -4132.8003
              2      -2089.4529      0.31353189   1.7405983e-09      -23.025851       -23.025851      -4132.8541                                                  -4132.8541
              1      -2089.2711      0.31792008   1.9801018e-09      -23.025851       -23.025851      -4132.4906                                                  -4132.4906
              2      -2089.3543      0.28241325   2.2705618e-09      -23.025851       -23.025851      -4132.6568                                                  -4132.6568
              1      -2089.1263        0.292724   2.3758415e-09      -23.025851       -23.025851       -4132.201                                                   -4132.201
              2      -2089.1609      0.28583048    2.454733e-09      -23.025851       -23.025851        -4132.27                                                    -4132.27
              1      -2088.8804       0.3419307   1.8784732e-09      -23.025851       -23.025851      -4131.7092                                                  -4131.7092
              5      -2089.4562      0.34412058   1.6216174e-09      -23.025851       -23.025851      -4132.8608                                                  -4132.8608
              2      -2088.9629      0.35467302   1.7370571e-09      -23.025851       -23.025851       -4131.874                                                   -4131.874
              9      -2089.1592       0.3474496   1.7408037e-09      -23.025851       -23.025851      -4132.2666                                                  -4132.2666
              4      -2089.2168      0.34238619   1.7645642e-09      -23.025851       -23.025851       -4132.382                                                   -4132.382
              1      -2088.3969      0.35735618   1.8375906e-09      -23.025851       -23.025851      -4130.7421                                                  -4130.7421
              3      -2087.8303      0.32752516   2.2693708e-09      -23.025851       -23.025851      -4129.6089                                                  -4129.6089
              1      -2088.2276      0.30381263   2.5232315e-09      -23.025851       -23.025851      -4130.4036                                                  -4130.4036
              1      -2088.5454      0.30075891   2.4851917e-09      -23.025851       -23.025851      -4131.0391                                                  -4131.0391
              4      -2088.8612      0.33981656   1.9049806e-09      -23.025851       -23.025851      -4131.6708                                                  -4131.6708
              4      -2089.4714      0.32658202   1.7312407e-09      -23.025851       -23.025851      -4132.8911                                                  -4132.8911
              1      -2089.3615      0.33013343   1.8045403e-09      -23.025851       -23.025851      -4132.6714                                                  -4132.6714
              1        -2089.38      0.29843911   2.0925626e-09      -23.025851       -23.025851      -4132.7083                                                  -4132.7083
              2       -2088.275      0.34038392   2.0329143e-09      -23.025851       -23.025851      -4130.4982                                                  -4130.4982
              1      -2088.2896      0.34034894   2.0303987e-09      -23.025851       -23.025851      -4130.5275                                                  -4130.5275
              4      -2088.0214      0.35306472   1.9447913e-09      -23.025851       -23.025851      -4129.9911                                                  -4129.9911
              1      -2089.1308      0.31989471     2.02755e-09      -23.025851       -23.025851      -4132.2099                                                  -4132.2099
              2      -2088.1773      0.34409127   2.0111389e-09      -23.025851       -23.025851      -4130.3028                                                  -4130.3028
              3      -2089.2891      0.30205764   1.7041477e-09      -23.025851       -23.025851      -4132.5265                                                  -4132.5265
              1      -2089.4014      0.29505391   1.9772786e-09      -23.025851       -23.025851      -4132.7511                                                  -4132.7511
              4      -2089.4089      0.29599307   1.9921516e-09      -23.025851       -23.025851      -4132.7661                                                  -4132.7661
              1      -2089.4077       0.2962367   2.0378234e-09      -23.025851       -23.025851      -4132.7637                                                  -4132.7637
              1      -2089.3908      0.29048177   2.0724257e-09      -23.025851       -23.025851        -4132.73                                                    -4132.73
              2      -2089.4118      0.29710542   2.0186733e-09      -23.025851       -23.025851      -4132.7718                                                  -4132.7718
              2      -2089.2786      0.27952624   2.4395639e-09      -23.025851       -23.025851      -4132.5054                                                  -4132.5054
              1      -2089.2715      0.27561966   2.1375926e-09      -23.025851       -23.025851      -4132.4914                                                  -4132.4914
              6      -2089.4145       0.3256316   1.8048043e-09      -23.025851       -23.025851      -4132.7774                                                  -4132.7774
              1      -2089.4888      0.33813092   1.6310972e-09      -23.025851       -23.025851      -4132.9259                                                  -4132.9259
              1      -2089.4638      0.34139311   1.6351324e-09      -23.025851       -23.025851       -4132.876                                                   -4132.876
              1      -2089.1975      0.32599332   1.9321432e-09      -23.025851       -23.025851      -4132.3433                                                  -4132.3433
              4      -2089.3066      0.33879315   1.7569412e-09      -23.025851       -23.025851      -4132.5616                                                  -4132.5616
              7      -2089.4353      0.33504603   1.7085601e-09      -23.025851       -23.025851      -4132.8189                                                  -4132.8189
              3      -2088.9172      0.31684693   2.1450374e-09      -23.025851       -23.025851      -4131.7827                                                  -4131.7827
              2      -2088.8515      0.31850237   2.1463892e-09      -23.025851       -23.025851      -4131.6512                                                  -4131.6512
              2      -2088.9437      0.32279644   2.0648706e-09      -23.025851       -23.025851      -4131.8358                                                  -4131.8358
              3      -2089.1837      0.32231874    1.977468e-09      -23.025851       -23.025851      -4132.3158                                                  -4132.3158
              1      -2089.3965       0.3412163     1.68669e-09      -23.025851       -23.025851      -4132.7413                                                  -4132.7413
              3      -2089.4159       0.3001537   2.0033165e-09      -23.025851       -23.025851        -4132.78                                                    -4132.78
