#        weight    minuslogpost         Omega_b              w0         Omega_k               h   minuslogprior minuslogprior__0            chi2 chi2__functions_and_classes.SO_x_DESI_Likelihood
              5       -11579.23      0.04870554      -1.0248307    0.0094611651      0.69133618      -5.3391394       -5.3391394      -23147.782                                       -23147.782
              1      -11589.123     0.048674916      -1.0176621     0.010174113        0.694453      -5.3391394       -5.3391394      -23167.568                                       -23167.568
              2      -11616.246     0.048643982     -0.99285755     0.011060217      0.69944642      -5.3391394       -5.3391394      -23221.813                                       -23221.813
              2      -11631.118     0.048513643     -0.98070778    0.0026609083       0.6949198      -5.3391394       -5.3391394      -23251.558                                       -23251.558
              4      -11645.819     0.048431079     -0.94014408     0.011240876      0.69558028      -5.3391394       -5.3391394       -23280.96                                        -23280.96
              1       -11647.46     0.048437318     -0.93411405     0.010987378      0.69727493      -5.3391394       -5.3391394      -23284.243                                       -23284.243
              1      -11654.663     0.048493875     -0.90487214       0.0105611      0.69077566      -5.3391394       -5.3391394      -23298.648                                       -23298.648
              2      -11654.544      0.04849069     -0.90211445     0.011135538      0.69084412      -5.3391394       -5.3391394       -23298.41                                        -23298.41
              2      -11656.288     0.048529709     -0.91390613    0.0094090771         0.68848      -5.3391394       -5.3391394      -23301.897                                       -23301.897
              6       -11657.98     0.048532501     -0.89982498     0.009686131      0.68532215      -5.3391394       -5.3391394      -23305.281                                       -23305.281
             14      -11658.091     0.048522701     -0.89689104    0.0099019098       0.6847246      -5.3391394       -5.3391394      -23305.503                                       -23305.503
              7      -11657.246     0.048482619     -0.90778642    0.0093303768      0.68296822      -5.3391394       -5.3391394      -23303.814                                       -23303.814
             11      -11659.216     0.048263662     -0.89209574    0.0098203147      0.68362861      -5.3391394       -5.3391394      -23307.753                                       -23307.753
              8      -11657.557     0.048286931     -0.88880266     0.010312276      0.68056439      -5.3391394       -5.3391394      -23304.435                                       -23304.435
             16      -11659.274     0.048286617     -0.88839405    0.0099106432      0.68202225      -5.3391394       -5.3391394       -23307.87                                        -23307.87
             25      -11658.686     0.048253656     -0.85079373     0.012231628      0.68032313      -5.3391394       -5.3391394      -23306.693                                       -23306.693
             23      -11658.671      0.04825537     -0.85080298     0.012342032      0.68036059      -5.3391394       -5.3391394      -23306.663                                       -23306.663
             12      -11658.671      0.04825538     -0.85079632     0.012341981      0.68036009      -5.3391394       -5.3391394      -23306.663                                       -23306.663
             28      -11657.381     0.048287118     -0.82468782     0.014051802        0.681012      -5.3391394       -5.3391394      -23304.083                                       -23304.083
             22      -11657.636     0.048288243     -0.82302393     0.014273614       0.6804287      -5.3391394       -5.3391394      -23304.593                                       -23304.593
              1      -11657.271     0.048273004     -0.82109247     0.013901412      0.67806275      -5.3391394       -5.3391394      -23303.865                                       -23303.865
              3      -11657.141     0.048280001     -0.84651195     0.011081831      0.67855624      -5.3391394       -5.3391394      -23303.604                                       -23303.604
              9      -11657.035     0.048281068     -0.84622902     0.011104593      0.67872157      -5.3391394       -5.3391394      -23303.392                                       -23303.392
              4      -11656.394     0.048371955     -0.86483405      0.01189908      0.68670812      -5.3391394       -5.3391394      -23302.109                                       -23302.109
              3      -11656.429     0.048305903     -0.90625438        0.010622      0.68621335      -5.3391394       -5.3391394      -23302.179                                       -23302.179
              8       -11658.07     0.048329942       -0.898268     0.010101158      0.68338291      -5.3391394       -5.3391394      -23305.462                                       -23305.462
              2      -11658.443     0.048327699      -0.8956459    0.0098299529      0.68196985      -5.3391394       -5.3391394      -23306.208                                       -23306.208
              8      -11659.184     0.048324644     -0.88854219    0.0098509852      0.68171629      -5.3391394       -5.3391394       -23307.69                                        -23307.69
              5      -11659.184     0.048324291      -0.8884765    0.0098513096      0.68169096      -5.3391394       -5.3391394      -23307.689                                       -23307.689
              1      -11658.596     0.048350998      -0.8965449     0.009674883      0.68203449      -5.3391394       -5.3391394      -23306.513                                       -23306.513
              4      -11658.712     0.048349805     -0.89724796    0.0095937368      0.68213453      -5.3391394       -5.3391394      -23306.746                                       -23306.746
              1       -11658.85     0.048344892     -0.89652091    0.0098341948        0.684149      -5.3391394       -5.3391394      -23307.021                                       -23307.021
              7      -11658.716     0.048269709     -0.91503425    0.0086797831      0.68313398      -5.3391394       -5.3391394      -23306.753                                       -23306.753
             24       -11657.78     0.048151462     -0.85660618     0.010389365      0.67694907      -5.3391394       -5.3391394      -23304.882                                       -23304.882
              4      -11658.092      0.04822369     -0.88820894     0.011034586      0.68344298      -5.3391394       -5.3391394      -23305.506                                       -23305.506
             10      -11658.142     0.048200844     -0.89549973      0.01090356      0.68566626      -5.3391394       -5.3391394      -23305.606                                       -23305.606
              9      -11657.502     0.048084247     -0.89876632    0.0069437035      0.67916578      -5.3391394       -5.3391394      -23304.325                                       -23304.325
             11      -11659.335     0.048095573     -0.92029677    0.0080586158      0.68207731      -5.3391394       -5.3391394      -23307.992                                       -23307.992
              8      -11659.627      0.04807838     -0.95108214     0.005844136      0.68222207      -5.3391394       -5.3391394      -23308.576                                       -23308.576
              6      -11659.828     0.048023402     -0.95736406    0.0051302309      0.68384164      -5.3391394       -5.3391394      -23308.977                                       -23308.977
              9      -11659.534      0.04800273     -0.95338103    0.0062687894      0.68494823      -5.3391394       -5.3391394      -23308.389                                       -23308.389
              1      -11658.972     0.048032196      -0.9438325    0.0049909636      0.68249618      -5.3391394       -5.3391394      -23307.265                                       -23307.265
             26      -11660.039     0.048036264     -0.92665753    0.0065985188      0.68078699      -5.3391394       -5.3391394      -23309.399                                       -23309.399
              6      -11659.773     0.048012083      -0.9284037    0.0070299728      0.68352958      -5.3391394       -5.3391394      -23308.867                                       -23308.867
              4      -11659.489     0.048033609     -0.92618469    0.0073217075      0.68435068      -5.3391394       -5.3391394        -23308.3                                         -23308.3
              1      -11659.625      0.04803396     -0.92623875    0.0075023169      0.68438624      -5.3391394       -5.3391394      -23308.572                                       -23308.572
              5       -11659.49     0.048152255     -0.91892924    0.0070421805      0.68248129      -5.3391394       -5.3391394      -23308.303                                       -23308.303
              3      -11658.164     0.048017252     -0.91144288     0.006962598      0.68189584      -5.3391394       -5.3391394       -23305.65                                        -23305.65
             36      -11659.296     0.048013406     -0.90460436    0.0073769377      0.67813006      -5.3391394       -5.3391394      -23307.914                                       -23307.914
             22      -11659.405     0.048040612     -0.92013275    0.0060928078      0.67753298      -5.3391394       -5.3391394      -23308.131                                       -23308.131
              7      -11660.018     0.047997266      -0.9693612    0.0031056252      0.67854332      -5.3391394       -5.3391394      -23309.358                                       -23309.358
              1      -11658.375     0.048006346     -0.96966239    0.0023935053      0.68049214      -5.3391394       -5.3391394      -23306.071                                       -23306.071
              9      -11659.685     0.047997222      -0.9915033    0.0011012856      0.67889347      -5.3391394       -5.3391394      -23308.692                                       -23308.692
             11      -11659.884     0.048005898     -0.99806775    0.0013833059      0.67825257      -5.3391394       -5.3391394       -23309.09                                        -23309.09
              3      -11660.099     0.047970973     -0.99482517    0.0013814438      0.67904142      -5.3391394       -5.3391394      -23309.521                                       -23309.521
             36      -11660.175     0.047934462      -1.0058669    0.0015017654      0.68141632      -5.3391394       -5.3391394      -23309.671                                       -23309.671
              6      -11659.333     0.047797453      -1.0479535   4.2298718e-05      0.68462785      -5.3391394       -5.3391394      -23307.988                                       -23307.988
              2       -11658.79     0.047763216      -1.0469699    0.0008116041       0.6863878      -5.3391394       -5.3391394      -23306.902                                       -23306.902
              4      -11658.096     0.047739698      -1.0268051    0.0013715469       0.6803828      -5.3391394       -5.3391394      -23305.514                                       -23305.514
              5      -11658.554     0.047703266       -1.015651  -0.00032679797      0.67566472      -5.3391394       -5.3391394       -23306.43                                        -23306.43
              4      -11657.542     0.047763509      -1.0696361   -0.0038889681      0.67380935      -5.3391394       -5.3391394      -23304.405                                       -23304.405
              7      -11658.476      0.04773278        -1.09294   -0.0026955959      0.68044843      -5.3391394       -5.3391394      -23306.274                                       -23306.274
              4      -11658.226      0.04774595      -1.1057315   -0.0031335883       0.6812063      -5.3391394       -5.3391394      -23305.774                                       -23305.774
              3       -11659.02     0.047729838        -1.08761   -0.0021156912      0.68392472      -5.3391394       -5.3391394      -23307.361                                       -23307.361
              2      -11658.409     0.047706418      -1.0889101   -0.0014645076      0.68543466      -5.3391394       -5.3391394      -23306.139                                       -23306.139
              8      -11655.828     0.047652813      -1.0261064   0.00044532846       0.6759887      -5.3391394       -5.3391394      -23300.978                                       -23300.978
              4      -11656.946     0.047667774      -1.0351205   0.00037362503      0.67790261      -5.3391394       -5.3391394      -23303.214                                       -23303.214
              3      -11656.558     0.047707116      -1.0232298   0.00045342125      0.67610517      -5.3391394       -5.3391394      -23302.437                                       -23302.437
              1      -11654.448     0.047831756       -1.035629   0.00026616743      0.67650026      -5.3391394       -5.3391394      -23298.218                                       -23298.218
              1      -11655.897     0.047847185     -0.99529733    0.0057551037      0.68886199      -5.3391394       -5.3391394      -23301.115                                       -23301.115
              3       -11651.77     0.047904637       -0.988509    0.0062378278      0.69574658      -5.3391394       -5.3391394      -23292.863                                       -23292.863
             13      -11656.883     0.047988696     -0.98512293    0.0057860647      0.68872505      -5.3391394       -5.3391394      -23303.088                                       -23303.088
              8      -11657.845     0.047933317     -0.98783961    0.0050362253      0.68574703      -5.3391394       -5.3391394      -23305.011                                       -23305.011
             22      -11658.777     0.047936982     -0.98344656    0.0049635223      0.68606149      -5.3391394       -5.3391394      -23306.876                                       -23306.876
              2      -11659.767     0.047967471     -0.98577381     0.003843209      0.68399404      -5.3391394       -5.3391394      -23308.855                                       -23308.855
              5      -11657.539     0.048027824      -1.0051414    0.0033252366       0.6831935      -5.3391394       -5.3391394        -23304.4                                         -23304.4
              4      -11657.778     0.048010898     -0.99314602    0.0017099085      0.68363128      -5.3391394       -5.3391394      -23304.878                                       -23304.878
              5      -11655.193     0.048037225      -1.0323775    0.0016992846       0.6903329      -5.3391394       -5.3391394      -23299.708                                       -23299.708
              2      -11654.806     0.048039826      -1.0221151   -0.0030180409      0.67582988      -5.3391394       -5.3391394      -23298.935                                       -23298.935
             13      -11656.591     0.048126255      -1.0723922   -0.0018720591      0.67859114      -5.3391394       -5.3391394      -23302.504                                       -23302.504
              3      -11657.261     0.048140608      -1.0188148    0.0017036056      0.68051263      -5.3391394       -5.3391394      -23303.844                                       -23303.844
              7       -11658.16     0.048136142      -1.0152344    0.0015885509      0.68014063      -5.3391394       -5.3391394      -23305.643                                       -23305.643
             14      -11658.513     0.048151931      -1.0124265    0.0012186423      0.67873313      -5.3391394       -5.3391394      -23306.347                                       -23306.347
              2      -11658.639     0.048155375      -1.0104079   0.00096505192      0.67772534      -5.3391394       -5.3391394      -23306.599                                       -23306.599
              7      -11657.711     0.048220499      -1.0807004   -0.0028531512      0.67816229      -5.3391394       -5.3391394      -23304.743                                       -23304.743
              3      -11655.525     0.048159635      -1.0514078   -0.0056104351      0.67122961      -5.3391394       -5.3391394      -23300.371                                       -23300.371
              3      -11657.369     0.047991572     -0.99435186  -9.6423658e-05      0.67821187      -5.3391394       -5.3391394       -23304.06                                        -23304.06
              1      -11657.338     0.048160831      -1.0056073    0.0033838811       0.6843282      -5.3391394       -5.3391394      -23303.998                                       -23303.998
              7      -11657.839     0.048162902      -1.0039842    0.0032873147      0.68409441      -5.3391394       -5.3391394          -23305                                           -23305
             12      -11659.611     0.048197541     -0.99197312    0.0023773836      0.68323935      -5.3391394       -5.3391394      -23308.543                                       -23308.543
             12      -11659.784     0.048298229      -1.0064608   0.00071465471      0.67811685      -5.3391394       -5.3391394       -23308.89                                        -23308.89
              3      -11658.532     0.048299096      -1.0131445    0.0017952852      0.68179247      -5.3391394       -5.3391394      -23306.386                                       -23306.386
              1      -11658.501     0.048267606      -1.0168808    0.0016188316       0.6818025      -5.3391394       -5.3391394      -23306.325                                       -23306.325
              4      -11659.599     0.048309447       -1.020807   0.00063086816      0.68255774      -5.3391394       -5.3391394       -23308.52                                        -23308.52
              1      -11659.115     0.048361999      -1.0234023   0.00045150804      0.68351607      -5.3391394       -5.3391394      -23307.551                                       -23307.551
              5       -11659.69     0.048364018      -1.0322625  -0.00031090209      0.68087819      -5.3391394       -5.3391394      -23308.702                                       -23308.702
              2      -11659.771     0.048365305      -1.0321928  -0.00040972591      0.68065143      -5.3391394       -5.3391394      -23308.864                                       -23308.864
             13      -11659.781     0.048210218       -1.047701   -0.0018501284      0.68046475      -5.3391394       -5.3391394      -23308.883                                       -23308.883
             15      -11659.863      0.04820346      -1.0458825   -0.0015673338      0.68064061      -5.3391394       -5.3391394      -23309.048                                       -23309.048
             10      -11659.993     0.048193017      -1.0534271   -0.0023411708      0.67851807      -5.3391394       -5.3391394      -23309.308                                       -23309.308
              6      -11659.676     0.048181548      -1.0618027   -0.0032712116      0.67855548      -5.3391394       -5.3391394      -23308.675                                       -23308.675
              5      -11659.789     0.048165877      -1.0691764   -0.0028884206      0.67902928      -5.3391394       -5.3391394      -23308.899                                       -23308.899
             21       -11659.81     0.048162261      -1.0703836   -0.0030527172       0.6788784      -5.3391394       -5.3391394      -23308.942                                       -23308.942
              2      -11659.757     0.048164068      -1.0685301   -0.0027882056      0.67906289      -5.3391394       -5.3391394      -23308.835                                       -23308.835
              1      -11659.754      0.04816336       -1.069042   -0.0028509255      0.67893871      -5.3391394       -5.3391394       -23308.83                                        -23308.83
             12      -11659.534     0.048162821      -1.0776298   -0.0028744947      0.68043303      -5.3391394       -5.3391394       -23308.39                                        -23308.39
              1      -11659.335     0.048210804      -1.0683365   -0.0020201494      0.68160757      -5.3391394       -5.3391394      -23307.993                                       -23307.993
              4      -11659.286     0.048210835       -1.069489   -0.0020560805      0.68206427      -5.3391394       -5.3391394      -23307.893                                       -23307.893
              9      -11658.333     0.048201644      -1.0614966   -0.0025237594      0.68257361      -5.3391394       -5.3391394      -23305.987                                       -23305.987
              4       -11657.73     0.048140993       -1.085267   -0.0033967765      0.68374552      -5.3391394       -5.3391394      -23304.782                                       -23304.782
              7      -11657.973     0.048118256      -1.0900587    -0.003440477       0.6838489      -5.3391394       -5.3391394      -23305.268                                       -23305.268
              8      -11657.938     0.048117861      -1.0899239   -0.0034695003       0.6838157      -5.3391394       -5.3391394      -23305.198                                       -23305.198
              9       -11657.95     0.048080879         -1.0955    -0.002695883      0.68178612      -5.3391394       -5.3391394      -23305.222                                       -23305.222
              2      -11657.735     0.047981506        -1.13888   -0.0083591009      0.67457633      -5.3391394       -5.3391394      -23304.791                                       -23304.791
              7      -11657.108     0.047981161      -1.1397702   -0.0086461075      0.67222318      -5.3391394       -5.3391394      -23303.538                                       -23303.538
             13      -11657.199     0.047978834       -1.141252   -0.0087223732       0.6725102      -5.3391394       -5.3391394      -23303.719                                       -23303.719
              1      -11656.925     0.048001247      -1.1370349   -0.0087297204      0.67177006      -5.3391394       -5.3391394      -23303.172                                       -23303.172
              2      -11657.173      0.04800074      -1.1345488   -0.0084823622      0.67217308      -5.3391394       -5.3391394      -23303.668                                       -23303.668
              3      -11656.438     0.047995878      -1.1145768   -0.0075107951      0.67082936      -5.3391394       -5.3391394      -23302.197                                       -23302.197
              4       -11656.55     0.047993934      -1.1154315   -0.0071871131      0.67132771      -5.3391394       -5.3391394      -23302.423                                       -23302.423
              3      -11655.979     0.047995517      -1.1180098   -0.0072475715      0.67092219      -5.3391394       -5.3391394      -23301.281                                       -23301.281
              2      -11657.475     0.047906976       -1.125548   -0.0075296002        0.675996      -5.3391394       -5.3391394      -23304.271                                       -23304.271
              7      -11656.033     0.047951901      -1.1364535   -0.0082519358      0.67103829      -5.3391394       -5.3391394      -23301.388                                       -23301.388
             19      -11657.233      0.04794997      -1.1420957   -0.0084880307      0.67267108      -5.3391394       -5.3391394      -23303.789                                       -23303.789
              4      -11657.208     0.047948237      -1.1410142    -0.008166606       0.6727708      -5.3391394       -5.3391394      -23303.737                                       -23303.737
             13      -11657.539     0.047934557      -1.1420098   -0.0081980509      0.67340396      -5.3391394       -5.3391394        -23304.4                                         -23304.4
              1      -11657.227     0.047935763      -1.1409244   -0.0086562761      0.67320597      -5.3391394       -5.3391394      -23303.776                                       -23303.776
              9      -11656.746     0.047918279      -1.2421578    -0.012287033      0.67561527      -5.3391394       -5.3391394      -23302.815                                       -23302.815
              9      -11656.338     0.047891799      -1.2438094    -0.012339014      0.67694927      -5.3391394       -5.3391394      -23301.998                                       -23301.998
              2      -11656.604     0.047893145      -1.2513708    -0.011960174      0.67853484      -5.3391394       -5.3391394       -23302.53                                        -23302.53
             23      -11655.623     0.047913767      -1.2519689    -0.010893817      0.67779953      -5.3391394       -5.3391394      -23300.568                                       -23300.568
              5      -11655.735     0.047914068       -1.251758    -0.010847065      0.67807472      -5.3391394       -5.3391394      -23300.793                                       -23300.793
             16      -11654.811     0.047951483      -1.2615922    -0.012121171      0.68154088      -5.3391394       -5.3391394      -23298.943                                       -23298.943
              4      -11654.491     0.048007662      -1.2892674    -0.011965332      0.67915938      -5.3391394       -5.3391394      -23298.304                                       -23298.304
              8       -11655.69     0.048001947      -1.2915141    -0.012564266      0.67938298      -5.3391394       -5.3391394      -23300.701                                       -23300.701
             21      -11656.499     0.048037141      -1.2739259    -0.012610382      0.67858551      -5.3391394       -5.3391394      -23302.321                                       -23302.321
              6       -11656.19     0.048039523      -1.2745891    -0.013032368      0.67868675      -5.3391394       -5.3391394      -23301.702                                       -23301.702
             19      -11656.143     0.048040783      -1.2642567    -0.011556314      0.68114043      -5.3391394       -5.3391394      -23301.607                                       -23301.607
             12      -11656.447     0.048138358      -1.2476039    -0.010751831      0.68097734      -5.3391394       -5.3391394      -23302.216                                       -23302.216
              2      -11656.664     0.048136642      -1.2380987    -0.011539613      0.67536894      -5.3391394       -5.3391394       -23302.65                                        -23302.65
             12      -11656.502     0.048136996      -1.2378601    -0.011509221      0.67519725      -5.3391394       -5.3391394      -23302.326                                       -23302.326
              2      -11654.008     0.048181786      -1.2722966    -0.014633713      0.66937127      -5.3391394       -5.3391394      -23297.337                                       -23297.337
             12      -11655.476     0.048166648      -1.3203275    -0.014274011      0.67879195      -5.3391394       -5.3391394      -23300.273                                       -23300.273
              1      -11655.779     0.048278332      -1.3098439    -0.014531689      0.67833494      -5.3391394       -5.3391394       -23300.88                                        -23300.88
              9      -11656.111     0.048268339      -1.2863153     -0.01400886      0.67432449      -5.3391394       -5.3391394      -23301.544                                       -23301.544
             17      -11656.271     0.048201874      -1.2218254   -0.0092317518      0.68114134      -5.3391394       -5.3391394      -23301.863                                       -23301.863
              6      -11655.802     0.048292219      -1.2380674    -0.011013377       0.6819438      -5.3391394       -5.3391394      -23300.925                                       -23300.925
              9       -11657.24     0.048058566      -1.1982606    -0.010038952      0.67906019      -5.3391394       -5.3391394      -23303.802                                       -23303.802
             22      -11657.957     0.048067876      -1.1771693   -0.0095942649      0.67471444      -5.3391394       -5.3391394      -23305.235                                       -23305.235
              2      -11657.372     0.048066019       -1.176431   -0.0094952879      0.67805775      -5.3391394       -5.3391394      -23304.065                                       -23304.065
             10      -11657.824     0.048084619      -1.1906374   -0.0094210779      0.67917924      -5.3391394       -5.3391394       -23304.97                                        -23304.97
              7      -11658.109     0.048073541      -1.1924221   -0.0094877496      0.67810265      -5.3391394       -5.3391394      -23305.539                                       -23305.539
             14      -11658.016     0.048061847      -1.1985137   -0.0096460622      0.67796579      -5.3391394       -5.3391394      -23305.353                                       -23305.353
              4      -11657.326     0.048000973      -1.2261926    -0.011101476      0.67626839      -5.3391394       -5.3391394      -23303.974                                       -23303.974
              2      -11656.953     0.047593971      -1.2187344   -0.0092354369      0.67948399      -5.3391394       -5.3391394      -23303.228                                       -23303.228
              8       -11655.45     0.047696205       -1.237918    -0.010595386      0.67621315      -5.3391394       -5.3391394      -23300.221                                       -23300.221
              3      -11655.724     0.047618276      -1.2293888   -0.0099825364      0.68255817      -5.3391394       -5.3391394       -23300.77                                        -23300.77
              2      -11655.986     0.047615531      -1.2403596    -0.010169151      0.68256002      -5.3391394       -5.3391394      -23301.294                                       -23301.294
             22      -11655.268     0.047607593      -1.2367919    -0.011988299      0.67702463      -5.3391394       -5.3391394      -23299.859                                       -23299.859
              1      -11653.649     0.047603978      -1.2383067    -0.012370938      0.67762529      -5.3391394       -5.3391394       -23296.62                                        -23296.62
              2      -11653.706     0.047622982      -1.2448035    -0.012726942      0.67720683      -5.3391394       -5.3391394      -23296.733                                       -23296.733
              3      -11652.547     0.047662981       -1.247736    -0.012235878      0.68055577      -5.3391394       -5.3391394      -23294.415                                       -23294.415
              1      -11653.027     0.047601018      -1.2185163     -0.01071575      0.68138193      -5.3391394       -5.3391394      -23295.377                                       -23295.377
              1      -11652.826     0.047454921      -1.2388118     -0.01150116      0.68080307      -5.3391394       -5.3391394      -23294.974                                       -23294.974
              2      -11654.792     0.047356881       -1.238686    -0.010462253      0.68209402      -5.3391394       -5.3391394      -23298.906                                       -23298.906
              1      -11654.763     0.047503999      -1.2976812    -0.013790004      0.67735424      -5.3391394       -5.3391394      -23298.847                                       -23298.847
              1      -11654.821     0.047508394      -1.2973232    -0.013729321      0.67750544      -5.3391394       -5.3391394      -23298.963                                       -23298.963
              1      -11655.319     0.047371651      -1.2126875   -0.0065173823       0.6860434      -5.3391394       -5.3391394      -23299.959                                       -23299.959
              1      -11657.306     0.047560119      -1.1446903   -0.0045843853      0.68606445      -5.3391394       -5.3391394      -23303.934                                       -23303.934
              4       -11657.16     0.047298748      -1.1548775   -0.0067003577       0.6809412      -5.3391394       -5.3391394      -23303.642                                       -23303.642
              1      -11658.645     0.047373471      -1.1198366   -0.0035667056       0.6831307      -5.3391394       -5.3391394      -23306.612                                       -23306.612
              4      -11658.984     0.047398646      -1.1024928   -0.0029890283      0.68232121      -5.3391394       -5.3391394       -23307.29                                        -23307.29
              1      -11659.652     0.047468523      -0.9915864    0.0038798052      0.68581792      -5.3391394       -5.3391394      -23308.627                                       -23308.627
              1      -11659.666     0.047477755       -1.007174    0.0030279187      0.68582663      -5.3391394       -5.3391394      -23308.654                                       -23308.654
              3      -11659.511     0.047508858      -1.0125409    0.0012547644      0.68209027      -5.3391394       -5.3391394      -23308.343                                       -23308.343
              2       -11659.91     0.047571787      -1.0119172    0.0014053109      0.68171122      -5.3391394       -5.3391394      -23309.141                                       -23309.141
              2      -11659.622     0.047480185      -1.0219168    0.0009637819      0.68022028      -5.3391394       -5.3391394      -23308.565                                       -23308.565
              1       -11659.78     0.047540705      -1.0256978   0.00072595614      0.68059092      -5.3391394       -5.3391394      -23308.881                                       -23308.881
              1      -11659.568     0.047489813      -1.0317641   6.7011796e-05      0.68127852      -5.3391394       -5.3391394      -23308.458                                       -23308.458
              6      -11653.901     0.047478079      -1.0583886   -0.0046441023      0.67117119      -5.3391394       -5.3391394      -23297.124                                       -23297.124
              5      -11656.639     0.047234861      -1.0772941   -0.0035220206      0.67548668      -5.3391394       -5.3391394      -23302.599                                       -23302.599
              1      -11657.791      0.04695228      -1.0740022    0.0014476276      0.68811052      -5.3391394       -5.3391394      -23304.904                                       -23304.904
              1      -11657.785     0.046936815      -1.0754709    0.0013160637      0.68778064      -5.3391394       -5.3391394      -23304.892                                       -23304.892
              1      -11658.449     0.046889205      -1.0772073   0.00092381904      0.68811312      -5.3391394       -5.3391394       -23306.22                                        -23306.22
              2      -11658.972     0.047004599      -1.0778321  -0.00055399841      0.68542222      -5.3391394       -5.3391394      -23307.266                                       -23307.266
              3      -11658.859     0.047031908      -1.0846311  -0.00075422419      0.68588179      -5.3391394       -5.3391394      -23307.039                                       -23307.039
              1      -11658.334     0.047053713      -1.0606037    0.0018039688      0.68967114      -5.3391394       -5.3391394      -23305.989                                       -23305.989
              1      -11658.467     0.047108898      -1.0501494    0.0022999642      0.68962258      -5.3391394       -5.3391394      -23306.257                                       -23306.257
              4      -11658.623     0.047107121       -1.047067     0.002534503      0.68916282      -5.3391394       -5.3391394      -23306.568                                       -23306.568
              1      -11659.227     0.047191837      -1.0727147  -0.00060171203      0.68401768      -5.3391394       -5.3391394      -23307.777                                       -23307.777
              1      -11659.466     0.047244868      -1.0417633   0.00099976519      0.68518181      -5.3391394       -5.3391394      -23308.253                                       -23308.253
              1       -11659.52      0.04725133      -1.0406829    0.0010224301      0.68497537      -5.3391394       -5.3391394      -23308.363                                       -23308.363
              4      -11658.773     0.047132783      -1.0481498  -0.00042046243      0.68226577      -5.3391394       -5.3391394      -23306.868                                       -23306.868
              3      -11659.657     0.047244744      -1.0314655    0.0016077424      0.68493606      -5.3391394       -5.3391394      -23308.637                                       -23308.637
              2      -11659.437     0.047447094      -1.0603533   -0.0001901671      0.68445309      -5.3391394       -5.3391394      -23308.196                                       -23308.196
              2      -11659.394     0.047581405      -1.0089297    0.0028279437      0.68619272      -5.3391394       -5.3391394       -23308.11                                        -23308.11
              1      -11659.774     0.047429281      -1.0280319    0.0012198222      0.68374735      -5.3391394       -5.3391394       -23308.87                                        -23308.87
              5      -11660.055     0.047435233      -1.0042158    0.0029129364      0.68382265      -5.3391394       -5.3391394      -23309.432                                       -23309.432
              4      -11660.065      0.04743787      -1.0024765    0.0029501653      0.68368124      -5.3391394       -5.3391394      -23309.452                                       -23309.452
              1      -11659.852     0.047485718     -0.97542495    0.0046713055      0.68498104      -5.3391394       -5.3391394      -23309.025                                       -23309.025
              1      -11659.857     0.047506595     -0.97001667    0.0048968517      0.68469454      -5.3391394       -5.3391394      -23309.035                                       -23309.035
              2       -11659.79     0.047481446     -0.96676094    0.0049832066      0.68439369      -5.3391394       -5.3391394      -23308.901                                       -23308.901
              2      -11659.833     0.047476068     -0.97355351    0.0043542303      0.68370044      -5.3391394       -5.3391394      -23308.988                                       -23308.988
              1      -11659.773     0.047487632      -0.9801508    0.0054373262      0.68624587      -5.3391394       -5.3391394      -23308.867                                       -23308.867
              2      -11659.635      0.04741946      -1.0010244    0.0042326734      0.68650784      -5.3391394       -5.3391394      -23308.592                                       -23308.592
              1      -11659.381     0.047670659     -0.91749528    0.0091126215      0.68679565      -5.3391394       -5.3391394      -23308.085                                       -23308.085
              3      -11659.436     0.047537981     -0.89874651     0.010571114      0.68652891      -5.3391394       -5.3391394      -23308.194                                       -23308.194
              2      -11659.648     0.047452854     -0.93321635    0.0088582403      0.68581132      -5.3391394       -5.3391394      -23308.619                                       -23308.619
              1      -11660.113     0.047357459     -0.94068267    0.0079624006      0.68562446      -5.3391394       -5.3391394      -23309.547                                       -23309.547
              2      -11659.156     0.047191796      -0.8781529     0.013271137      0.68889344      -5.3391394       -5.3391394      -23307.635                                       -23307.635
              2      -11658.784     0.047016283     -0.88217793     0.014154618      0.69197164      -5.3391394       -5.3391394       -23306.89                                        -23306.89
              1      -11658.756     0.047025921     -0.85680659     0.015852313       0.6908366      -5.3391394       -5.3391394      -23306.834                                       -23306.834
              4      -11658.859     0.046983137     -0.87995049     0.011964659      0.68455904      -5.3391394       -5.3391394      -23307.039                                       -23307.039
              1      -11658.469     0.047054971     -0.86960551     0.012652844      0.68497895      -5.3391394       -5.3391394       -23306.26                                        -23306.26
              1      -11656.277     0.047072711     -0.87358771     0.011398815      0.68424065      -5.3391394       -5.3391394      -23301.875                                       -23301.875
              2      -11659.469     0.047099895     -0.91923011    0.0086216071      0.68274396      -5.3391394       -5.3391394      -23308.261                                       -23308.261
              2      -11658.786     0.047265445     -0.91993607    0.0074707962      0.68079205      -5.3391394       -5.3391394      -23306.895                                       -23306.895
              1      -11659.083     0.047268625     -0.92490703    0.0072855897      0.68109399      -5.3391394       -5.3391394      -23307.488                                       -23307.488
              2      -11658.931     0.047259802     -0.92418822    0.0072834546      0.68141901      -5.3391394       -5.3391394      -23307.184                                       -23307.184
              1      -11655.682     0.047164821     -0.94190747    0.0078453637      0.68008869      -5.3391394       -5.3391394      -23300.686                                       -23300.686
              1      -11653.816     0.047208759     -0.98307891    0.0059867317      0.68167248      -5.3391394       -5.3391394      -23296.953                                       -23296.953
              1      -11653.991     0.047321911     -0.96429127    0.0072540641      0.68211783      -5.3391394       -5.3391394      -23297.304                                       -23297.304
              1      -11654.155     0.047330783     -0.96076696    0.0074672906      0.68214981      -5.3391394       -5.3391394      -23297.632                                       -23297.632
              2      -11654.169      0.04733164     -0.96081297    0.0074643622      0.68216043      -5.3391394       -5.3391394       -23297.66                                        -23297.66
              2      -11658.431     0.047276573     -0.94474651    0.0071200421      0.68092714      -5.3391394       -5.3391394      -23306.184                                       -23306.184
              2      -11657.265     0.047361085     -0.97532038    0.0046076973      0.67895171      -5.3391394       -5.3391394      -23303.853                                       -23303.853
              2      -11659.904     0.047447384     -0.97130305    0.0059815357      0.68588151      -5.3391394       -5.3391394       -23309.13                                        -23309.13
              1       -11659.91     0.047448887     -0.97045969    0.0060358367      0.68593325      -5.3391394       -5.3391394      -23309.142                                       -23309.142
              1      -11659.897     0.047482508     -0.98752413    0.0038072569      0.68456666      -5.3391394       -5.3391394      -23309.116                                       -23309.116
              1       -11660.01     0.047738419     -0.95820435    0.0047028941      0.68023106      -5.3391394       -5.3391394      -23309.342                                       -23309.342
              1      -11653.737     0.047348968      -1.0797207   -0.0053963674      0.67152157      -5.3391394       -5.3391394      -23296.795                                       -23296.795
              1      -11653.152     0.047451061      -1.1234168   -0.0076238392      0.67018921      -5.3391394       -5.3391394      -23295.626                                       -23295.626
              1      -11652.754     0.047383234      -1.1284358   -0.0074583051      0.67042308      -5.3391394       -5.3391394      -23294.829                                       -23294.829
              2      -11655.971     0.047359245      -1.1498982   -0.0078422331      0.67472573      -5.3391394       -5.3391394      -23301.263                                       -23301.263
              2      -11657.247     0.047491667       -1.067092   -0.0037263245      0.67497058      -5.3391394       -5.3391394      -23303.815                                       -23303.815
              6      -11657.402      0.04723551      -1.0486909   -0.0019032812      0.67681741      -5.3391394       -5.3391394      -23304.127                                       -23304.127
              1      -11658.879     0.047220489      -1.0563315   -0.0011853069      0.68009152      -5.3391394       -5.3391394       -23307.08                                        -23307.08
              1      -11658.952      0.04706202     -0.97790092    0.0042310506      0.68050287      -5.3391394       -5.3391394      -23307.225                                       -23307.225
              1      -11659.798     0.047326293     -0.92898628    0.0076324436      0.68219988      -5.3391394       -5.3391394      -23308.918                                       -23308.918
              2      -11659.086     0.047325717     -0.95200704    0.0062754509      0.68087453      -5.3391394       -5.3391394      -23307.494                                       -23307.494
              1      -11659.077     0.047313753     -0.95252781    0.0064126918      0.68122831      -5.3391394       -5.3391394      -23307.476                                       -23307.476
              3      -11657.893     0.046994559      -1.0150595    0.0014267854      0.67876745      -5.3391394       -5.3391394      -23305.109                                       -23305.109
              2      -11658.227     0.046947511      -1.0626258   -0.0012005356      0.68107466      -5.3391394       -5.3391394      -23305.777                                       -23305.777
              2      -11659.497     0.047067323      -1.0354309    0.0017880708       0.6839554      -5.3391394       -5.3391394      -23308.316                                       -23308.316
              6        -11659.6     0.047356439     -0.98745848    0.0029610098      0.68092285      -5.3391394       -5.3391394      -23308.521                                       -23308.521
              1      -11659.493     0.047417145     -0.95944151    0.0050402008      0.68318771      -5.3391394       -5.3391394      -23308.309                                       -23308.309
              1      -11659.887     0.047570392     -0.97105064    0.0053544534      0.68354204      -5.3391394       -5.3391394      -23309.097                                       -23309.097
              2      -11659.485     0.047504191     -0.97086331    0.0058824501      0.68426306      -5.3391394       -5.3391394      -23308.292                                       -23308.292
              1      -11660.095     0.047390107     -0.98300362     0.004080409      0.68342013      -5.3391394       -5.3391394      -23309.512                                       -23309.512
              4      -11658.353     0.047412928      -1.0420462    0.0020436224      0.68896683      -5.3391394       -5.3391394      -23306.029                                       -23306.029
              3      -11658.607     0.047258592      -1.0882366  -0.00087036362      0.68668137      -5.3391394       -5.3391394      -23306.536                                       -23306.536
              1      -11657.945     0.047160468        -1.07508  -7.3496339e-05      0.68852068      -5.3391394       -5.3391394      -23305.212                                       -23305.212
              1      -11656.114     0.046905655      -1.1402871   -0.0055917005      0.68166588      -5.3391394       -5.3391394      -23301.551                                       -23301.551
              1      -11656.268     0.046908453      -1.1356442   -0.0053929447      0.68141423      -5.3391394       -5.3391394      -23301.858                                       -23301.858
              2      -11656.524     0.046683826      -1.1327657   -0.0025094164      0.68370871      -5.3391394       -5.3391394       -23302.37                                        -23302.37
              1      -11656.229     0.046628284      -1.1380531   -0.0018483074      0.68635584      -5.3391394       -5.3391394      -23301.779                                       -23301.779
              2      -11656.262     0.046386462      -1.1107423   -0.0009572719      0.68401392      -5.3391394       -5.3391394      -23301.847                                       -23301.847
              1      -11657.455     0.046365716      -1.0848428    0.0002211307      0.68451613      -5.3391394       -5.3391394      -23304.232                                       -23304.232
              2      -11658.019     0.046411777      -1.0782191   0.00097782942      0.68612711      -5.3391394       -5.3391394      -23305.359                                       -23305.359
              2       -11657.99     0.046617953      -1.0558776    0.0011485384      0.68306812      -5.3391394       -5.3391394      -23305.302                                       -23305.302
              2      -11658.253      0.04653433      -1.0395584    0.0020533716      0.68329764      -5.3391394       -5.3391394      -23305.828                                       -23305.828
              2      -11658.778     0.046486935      -1.0573287    0.0016453289       0.6861302      -5.3391394       -5.3391394      -23306.878                                       -23306.878
              2       -11659.14       0.0466652      -1.0396327    0.0031041143      0.68747854      -5.3391394       -5.3391394      -23307.601                                       -23307.601
              1      -11659.006     0.046629816     -0.97872816    0.0077050345      0.68844917      -5.3391394       -5.3391394      -23307.335                                       -23307.335
              2      -11658.607     0.046701904      -1.0079505    0.0058918473      0.69244161      -5.3391394       -5.3391394      -23306.536                                       -23306.536
              1      -11657.592     0.046669532     -0.98333268      0.00783633      0.69481102      -5.3391394       -5.3391394      -23304.505                                       -23304.505
              2      -11657.687     0.046649556     -0.98397665     0.007583609      0.69435583      -5.3391394       -5.3391394      -23304.695                                       -23304.695
              1      -11658.105     0.046648788     -0.98460148    0.0074264704      0.69369613      -5.3391394       -5.3391394      -23305.532                                       -23305.532
              1      -11657.579     0.046830624     -0.98027403    0.0073013163      0.69355358      -5.3391394       -5.3391394       -23304.48                                        -23304.48
              2      -11657.673     0.046850135     -0.97693452    0.0078446903       0.6940473      -5.3391394       -5.3391394      -23304.668                                       -23304.668
              2      -11658.079      0.04709886     -0.99330917    0.0068026311       0.6921253      -5.3391394       -5.3391394       -23305.48                                        -23305.48
              1      -11657.936     0.047193996      -0.8825217     0.014981536      0.69311152      -5.3391394       -5.3391394      -23305.194                                       -23305.194
              3      -11658.188     0.047324303     -0.86218387      0.01500292      0.69087801      -5.3391394       -5.3391394      -23305.697                                       -23305.697
              5      -11658.297     0.047225355     -0.83056722     0.016388274      0.68601144      -5.3391394       -5.3391394      -23305.916                                       -23305.916
              2      -11657.976     0.047294056      -0.8340315     0.016124266      0.68721145      -5.3391394       -5.3391394      -23305.274                                       -23305.274
              3       -11657.83     0.047244434     -0.83752914     0.015864732      0.68755699      -5.3391394       -5.3391394      -23304.981                                       -23304.981
              5      -11657.378     0.047245487     -0.83313502     0.016274241      0.68803249      -5.3391394       -5.3391394      -23304.078                                       -23304.078
              5      -11658.673     0.047184015     -0.87857763      0.01194158      0.68573365      -5.3391394       -5.3391394      -23306.668                                       -23306.668
              1      -11658.698     0.047182733     -0.87928884     0.011885515      0.68571051      -5.3391394       -5.3391394      -23306.717                                       -23306.717
              1      -11659.899       0.0471463     -0.90761689     0.010435079      0.68489193      -5.3391394       -5.3391394       -23309.12                                        -23309.12
              1      -11660.023     0.047195899     -0.92034006    0.0099970738      0.68705057      -5.3391394       -5.3391394      -23309.368                                       -23309.368
              1      -11659.699     0.047207757      -0.9086427     0.011410806      0.68875775      -5.3391394       -5.3391394       -23308.72                                        -23308.72
              1      -11659.049     0.046736269     -0.94002622     0.010002991      0.69216706      -5.3391394       -5.3391394      -23307.419                                       -23307.419
              1      -11658.947     0.046632624      -1.0023753    0.0060743508      0.68835797      -5.3391394       -5.3391394      -23307.215                                       -23307.215
              1      -11659.048     0.046646685     -0.99939488    0.0060139564      0.68764013      -5.3391394       -5.3391394      -23307.418                                       -23307.418
              1      -11659.031     0.046375668      -1.0015326    0.0047740026      0.68571858      -5.3391394       -5.3391394      -23307.384                                       -23307.384
              4      -11658.805     0.046333492      -0.9697506    0.0073727711      0.68540884      -5.3391394       -5.3391394      -23306.932                                       -23306.932
              1      -11657.572     0.046463441     -0.95724032    0.0093503787      0.68689143      -5.3391394       -5.3391394      -23304.466                                       -23304.466
              1      -11657.071     0.046553041     -0.97103753    0.0074632257      0.68414237      -5.3391394       -5.3391394      -23303.465                                       -23303.465
              1      -11657.615     0.046563782     -0.96780102    0.0076710966      0.68454823      -5.3391394       -5.3391394      -23304.552                                       -23304.552
              1      -11656.952     0.046629894     -0.96553718    0.0082460349      0.68526892      -5.3391394       -5.3391394      -23303.225                                       -23303.225
              2      -11655.707     0.046553101      -1.0320178    0.0048897646      0.68724644      -5.3391394       -5.3391394      -23300.736                                       -23300.736
              1      -11656.822       0.0465726      -1.0379329    0.0041652821      0.68702925      -5.3391394       -5.3391394      -23302.967                                       -23302.967
              2      -11656.728     0.046495602      -1.0573851    0.0032337705      0.68764274      -5.3391394       -5.3391394      -23302.778                                       -23302.778
              1      -11657.564     0.046514819      -1.0582092    0.0012171985      0.68308089      -5.3391394       -5.3391394      -23304.449                                       -23304.449
              1       -11657.35     0.046494129       -1.086053  -0.00044756542      0.68301142      -5.3391394       -5.3391394      -23304.021                                       -23304.021
              3      -11659.019     0.046958656      -1.0512148    0.0020677062      0.68726116      -5.3391394       -5.3391394      -23307.359                                       -23307.359
              3      -11659.029     0.046846318      -1.0533374    0.0015247156      0.68759482      -5.3391394       -5.3391394       -23307.38                                        -23307.38
              4      -11659.591     0.046771828      -1.0155882    0.0042933104      0.68758581      -5.3391394       -5.3391394      -23308.504                                       -23308.504
              4      -11659.474     0.046848213      -1.0342533    0.0027276427      0.68683594      -5.3391394       -5.3391394       -23308.27                                        -23308.27
              2      -11659.511     0.046839142      -1.0217606    0.0028234023      0.68552012      -5.3391394       -5.3391394      -23308.344                                       -23308.344
              3      -11659.493     0.046752905      -1.0207346    0.0031162702      0.68563739      -5.3391394       -5.3391394      -23308.307                                       -23308.307
              1      -11658.938     0.046793339      -1.0187703     0.002285149      0.68259209      -5.3391394       -5.3391394      -23307.198                                       -23307.198
              1      -11658.129     0.046830736      -1.0315788    0.0021184481      0.68192087      -5.3391394       -5.3391394       -23305.58                                        -23305.58
              2      -11657.366     0.046753627      -1.0314494    0.0020555748      0.68104833      -5.3391394       -5.3391394      -23304.053                                       -23304.053
              2      -11658.291     0.046823515      -1.0442203    0.0013930543      0.68227227      -5.3391394       -5.3391394      -23305.904                                       -23305.904
              1      -11658.334     0.046812501      -1.0457881    0.0012339129      0.68221654      -5.3391394       -5.3391394      -23305.989                                       -23305.989
              2      -11659.305     0.046903556      -1.0472488    0.0013259791       0.6845348      -5.3391394       -5.3391394      -23307.933                                       -23307.933
              1      -11659.308     0.046903619      -1.0470802    0.0013260589      0.68451974      -5.3391394       -5.3391394      -23307.938                                       -23307.938
              2      -11659.518     0.047043718      -1.0130422    0.0035462601      0.68456442      -5.3391394       -5.3391394      -23308.358                                       -23308.358
              1      -11659.218     0.047176946     -0.99612966    0.0048422136      0.68486963      -5.3391394       -5.3391394      -23307.757                                       -23307.757
              1      -11659.702     0.047192494     -0.98743434    0.0052634568      0.68529676      -5.3391394       -5.3391394      -23308.726                                       -23308.726
              3      -11659.718     0.047190665     -0.98601443    0.0052800007      0.68503969      -5.3391394       -5.3391394      -23308.757                                       -23308.757
              1      -11659.304     0.047190973     -0.98578437    0.0035449876      0.68056447      -5.3391394       -5.3391394      -23307.929                                       -23307.929
              1       -11659.19     0.047190872     -0.97379745    0.0042992433       0.6803219      -5.3391394       -5.3391394      -23307.701                                       -23307.701
              1      -11659.188     0.047334284     -0.93654617    0.0073369091      0.68565697      -5.3391394       -5.3391394      -23307.699                                       -23307.699
              4      -11659.163      0.04732315     -0.93002973    0.0079030398      0.68592723      -5.3391394       -5.3391394      -23307.647                                       -23307.647
              1      -11659.472     0.047363105     -0.93572887    0.0076143824      0.68598536      -5.3391394       -5.3391394      -23308.266                                       -23308.266
              2       -11657.75      0.04743567     -0.91564619    0.0075550828      0.68310939      -5.3391394       -5.3391394      -23304.821                                       -23304.821
              3      -11657.759     0.047540438     -0.89900384    0.0091828717      0.68466476      -5.3391394       -5.3391394       -23304.84                                        -23304.84
              3      -11658.801     0.047584173     -0.90845421    0.0076403455      0.67873272      -5.3391394       -5.3391394      -23306.923                                       -23306.923
              1      -11658.093     0.047612685      -0.8800708    0.0096940603      0.68013364      -5.3391394       -5.3391394      -23305.507                                       -23305.507
              2      -11658.568      0.04726974     -0.87938385     0.012100501      0.68200279      -5.3391394       -5.3391394      -23306.458                                       -23306.458
              2      -11658.812     0.047303926     -0.87752808     0.012378383      0.68265143      -5.3391394       -5.3391394      -23306.945                                       -23306.945
              1      -11657.384     0.047207365      -0.9915369     0.004647724      0.68158441      -5.3391394       -5.3391394      -23304.089                                       -23304.089
              1      -11654.643     0.047113385     -0.99937439    0.0036530158      0.67849553      -5.3391394       -5.3391394      -23298.609                                       -23298.609
              1      -11655.627     0.047557601     -0.86640589     0.013118015      0.68009667      -5.3391394       -5.3391394      -23300.576                                       -23300.576
              1      -11656.749     0.047337418     -0.80705415     0.017319334      0.68268252      -5.3391394       -5.3391394      -23302.819                                       -23302.819
              3      -11657.776     0.047263509     -0.83188136     0.016878882      0.68395753      -5.3391394       -5.3391394      -23304.874                                       -23304.874
              7       -11657.32     0.047064326     -0.83488858     0.015216437      0.68159574      -5.3391394       -5.3391394      -23303.963                                       -23303.963
              1      -11657.349     0.046970274     -0.87361203     0.011957406      0.68021064      -5.3391394       -5.3391394       -23304.02                                        -23304.02
              2      -11656.995      0.04700046     -0.86706155     0.012122518      0.67969091      -5.3391394       -5.3391394      -23303.311                                       -23303.311
              2      -11658.769     0.046815497     -0.85204334     0.015405921      0.68761627      -5.3391394       -5.3391394      -23306.859                                       -23306.859
              3      -11658.997     0.046783762     -0.91800539     0.011238886      0.68643038      -5.3391394       -5.3391394      -23307.315                                       -23307.315
              1      -11658.474     0.046649556      -1.0147107     0.003602426      0.68324052      -5.3391394       -5.3391394      -23306.269                                       -23306.269
              3      -11658.829     0.046928198     -0.95486616    0.0072044025       0.6883157      -5.3391394       -5.3391394      -23306.979                                       -23306.979
              2      -11658.445      0.04698673     -0.98633161    0.0073175362      0.69226137      -5.3391394       -5.3391394      -23306.211                                       -23306.211
              1      -11658.234      0.04725923     -0.95076552    0.0094397885      0.69182306      -5.3391394       -5.3391394       -23305.79                                        -23305.79
              1      -11658.621     0.046619802      -1.0718193     0.001472347      0.68877563      -5.3391394       -5.3391394      -23306.564                                       -23306.564
              3      -11658.332     0.046712335      -1.0913556   -0.0012775262      0.68371211      -5.3391394       -5.3391394      -23305.987                                       -23305.987
              2      -11659.515     0.046782365     -0.91181621     0.011294225      0.68972372      -5.3391394       -5.3391394      -23308.351                                       -23308.351
              1      -11658.837     0.046537979     -0.94059493     0.011679334      0.69334121      -5.3391394       -5.3391394      -23306.996                                       -23306.996
              1      -11658.591     0.046153088     -0.92516092     0.011998418      0.69408624      -5.3391394       -5.3391394      -23306.504                                       -23306.504
              3      -11657.922     0.046033737     -0.98703798    0.0082373191      0.69529068      -5.3391394       -5.3391394      -23305.167                                       -23305.167
              2      -11657.336     0.046199484     -0.98142982    0.0088690281        0.696716      -5.3391394       -5.3391394      -23303.993                                       -23303.993
              1      -11657.195     0.046158007     -0.98649532    0.0086551045      0.69698249      -5.3391394       -5.3391394      -23303.711                                       -23303.711
              4      -11657.206     0.046151451      -0.9645577     0.011857383      0.69830042      -5.3391394       -5.3391394      -23303.734                                       -23303.734
              1      -11659.031     0.046485141     -0.98792055    0.0079859403      0.69266558      -5.3391394       -5.3391394      -23307.384                                       -23307.384
              2      -11659.135     0.046452828     -0.99067833    0.0077167059      0.69180659      -5.3391394       -5.3391394      -23307.591                                       -23307.591
              5       -11659.35     0.046400723     -0.98146975     0.008310951       0.6918547      -5.3391394       -5.3391394      -23308.021                                       -23308.021
              1      -11659.345     0.046398153     -0.98742816    0.0078372137      0.69168074      -5.3391394       -5.3391394      -23308.013                                       -23308.013
              1      -11659.788      0.04642419      -0.9737483     0.007947129      0.68955703      -5.3391394       -5.3391394      -23308.897                                       -23308.897
              1      -11659.383     0.046628965     -0.90708944     0.013560033      0.69288739      -5.3391394       -5.3391394      -23308.089                                       -23308.089
              2      -11659.125     0.046586195      -0.9160449     0.013222582      0.69285509      -5.3391394       -5.3391394      -23307.571                                       -23307.571
              2      -11658.791     0.046422449     -0.86931724       0.0161784      0.69370332      -5.3391394       -5.3391394      -23306.904                                       -23306.904
              4      -11659.764     0.046297517     -0.89348836     0.014882401      0.69264327      -5.3391394       -5.3391394       -23308.85                                        -23308.85
              1      -11658.217     0.046124718     -0.95135398     0.012126009      0.69773357      -5.3391394       -5.3391394      -23305.756                                       -23305.756
              1      -11658.542     0.046050757     -0.96676103     0.010978572      0.69675673      -5.3391394       -5.3391394      -23306.405                                       -23306.405
              2      -11658.652     0.046061898     -0.96697362     0.010780959      0.69650803      -5.3391394       -5.3391394      -23306.626                                       -23306.626
              1      -11657.278     0.045995261     -0.88111555     0.016870009      0.69873803      -5.3391394       -5.3391394      -23303.878                                       -23303.878
              3      -11657.221     0.045991193     -0.88104057     0.016872991      0.69877548      -5.3391394       -5.3391394      -23303.765                                       -23303.765
              1      -11657.943     0.045867428     -0.88510222     0.016036451      0.69666594      -5.3391394       -5.3391394      -23305.208                                       -23305.208
              1      -11659.227     0.045867023     -0.89886886     0.015411211      0.69626032      -5.3391394       -5.3391394      -23307.776                                       -23307.776
              2       -11658.11     0.045659126     -0.88453454     0.017273499      0.69912884      -5.3391394       -5.3391394      -23305.542                                       -23305.542
              1      -11658.788      0.04566776     -0.90276868     0.016080555      0.69878166      -5.3391394       -5.3391394      -23306.897                                       -23306.897
              2      -11658.666     0.045849699     -0.89364898     0.015470137      0.69616461      -5.3391394       -5.3391394      -23306.654                                       -23306.654
              6      -11658.295      0.04548394     -0.92078453     0.014734193      0.69913695      -5.3391394       -5.3391394      -23305.913                                       -23305.913
              1      -11657.916      0.04554109     -0.96444134     0.012905935      0.69942592      -5.3391394       -5.3391394      -23305.154                                       -23305.154
              2      -11658.988     0.045673731      -0.8762094     0.018172655      0.69457929      -5.3391394       -5.3391394      -23307.297                                       -23307.297
              1       -11657.18      0.04561698     -0.88901005     0.017389199      0.69312713      -5.3391394       -5.3391394      -23303.681                                       -23303.681
              1      -11659.036     0.045381417     -0.82774977     0.022569973       0.6972787      -5.3391394       -5.3391394      -23307.393                                       -23307.393
              3      -11658.852     0.045004853     -0.87661705     0.018211974      0.69538388      -5.3391394       -5.3391394      -23307.025                                       -23307.025
              4      -11656.957     0.044971401     -0.90521663     0.014558623      0.69139662      -5.3391394       -5.3391394      -23303.236                                       -23303.236
              1      -11658.485     0.045175119     -0.89864504     0.015466502      0.69253886      -5.3391394       -5.3391394      -23306.292                                       -23306.292
              2      -11656.982     0.045269697     -0.96206073     0.010519059      0.68934191      -5.3391394       -5.3391394      -23303.286                                       -23303.286
              1      -11657.055     0.044947139     -0.97797162    0.0097995628      0.69424337      -5.3391394       -5.3391394      -23303.433                                       -23303.433
              1      -11656.947     0.044975304     -0.97960365    0.0095641152       0.6940968      -5.3391394       -5.3391394      -23303.216                                       -23303.216
              1      -11656.734     0.045058751      -1.0753614    0.0046391395       0.6948299      -5.3391394       -5.3391394      -23302.789                                       -23302.789
              1       -11656.71     0.045057882      -1.0762424    0.0045821957      0.69479719      -5.3391394       -5.3391394      -23302.742                                       -23302.742
              2      -11655.691     0.045348191      -1.0777721    0.0019808061      0.68857623      -5.3391394       -5.3391394      -23300.703                                       -23300.703
              1      -11655.737     0.045295735      -1.0569614    0.0033363199      0.68771167      -5.3391394       -5.3391394      -23300.795                                       -23300.795
              2      -11658.289     0.046369293     -0.94416789    0.0087909265      0.68943074      -5.3391394       -5.3391394      -23305.899                                       -23305.899
              2      -11659.022     0.046457075      -0.9585678    0.0098979536      0.69403307      -5.3391394       -5.3391394      -23307.367                                       -23307.367
              1      -11657.026     0.046450472     -0.96717627      0.01080405      0.69782964      -5.3391394       -5.3391394      -23303.374                                       -23303.374
              3      -11656.864      0.04647649     -0.96374174     0.010946532      0.69811565      -5.3391394       -5.3391394       -23303.05                                        -23303.05
              2      -11658.247     0.046715624      -1.0830024   0.00092739965      0.68952638      -5.3391394       -5.3391394      -23305.816                                       -23305.816
              1      -11659.701     0.046728086     -0.97617545    0.0059192986      0.68594942      -5.3391394       -5.3391394      -23308.724                                       -23308.724
              1      -11659.628     0.046673349     -0.98310682    0.0055484062      0.68542101      -5.3391394       -5.3391394      -23308.577                                       -23308.577
              1      -11659.263      0.04673571     -0.96916247    0.0057493656      0.68392248      -5.3391394       -5.3391394      -23307.848                                       -23307.848
              2      -11656.701      0.04689401      -1.0973758     -0.00294091      0.67848981      -5.3391394       -5.3391394      -23302.723                                       -23302.723
              1      -11656.906     0.047128536      -1.1214327   -0.0049746889      0.68134672      -5.3391394       -5.3391394      -23303.134                                       -23303.134
              2      -11658.541     0.047222725       -1.087448   -0.0028771607      0.67979002      -5.3391394       -5.3391394      -23306.404                                       -23306.404
              1      -11658.987     0.047426033      -1.0368551  -0.00066577366      0.68027849      -5.3391394       -5.3391394      -23307.295                                       -23307.295
              2      -11659.839     0.047591784      -1.0344995   0.00053969613      0.68305186      -5.3391394       -5.3391394          -23309                                           -23309
              1      -11659.701     0.047621877      -1.0422327  -0.00037472507      0.68215145      -5.3391394       -5.3391394      -23308.724                                       -23308.724
              3      -11658.329     0.047430001      -1.1027057   -0.0041478585      0.68102282      -5.3391394       -5.3391394      -23305.979                                       -23305.979
              1      -11659.068     0.047431914      -1.0700463   -0.0017055087      0.68289481      -5.3391394       -5.3391394      -23307.457                                       -23307.457
              1      -11658.929     0.047444262      -1.0671495    -0.001716688       0.6827425      -5.3391394       -5.3391394       -23307.18                                        -23307.18
              1      -11656.756      0.04811575     -0.94374495    0.0050620049      0.67565164      -5.3391394       -5.3391394      -23302.835                                       -23302.835
              1      -11656.463     0.047898381     -0.96530816    0.0037009954      0.67534347      -5.3391394       -5.3391394      -23302.247                                       -23302.247
              4      -11658.125     0.047872532     -0.94286413    0.0055232522      0.67730548      -5.3391394       -5.3391394      -23305.572                                       -23305.572
              2      -11658.176     0.047892158     -0.91828286    0.0071688889      0.67735358      -5.3391394       -5.3391394      -23305.673                                       -23305.673
              1      -11658.196     0.047893758     -0.91824767    0.0072227914      0.67748294      -5.3391394       -5.3391394      -23305.713                                       -23305.713
              1      -11658.174     0.047501718     -0.95104903    0.0039951173      0.67706357      -5.3391394       -5.3391394      -23305.669                                       -23305.669
              3      -11658.561      0.04750664     -0.94202681    0.0048694405      0.67848196      -5.3391394       -5.3391394      -23306.443                                       -23306.443
              1      -11659.028     0.047381598      -1.0173405   0.00059489171      0.67874633      -5.3391394       -5.3391394      -23307.377                                       -23307.377
              1      -11657.958      0.04713957      -0.9985907    0.0026044365      0.67855834      -5.3391394       -5.3391394      -23305.239                                       -23305.239
              1      -11657.947     0.046894769     -0.95940034    0.0050418118      0.68163325      -5.3391394       -5.3391394      -23305.215                                       -23305.215
              3      -11658.204     0.047101332     -0.89884257     0.012073455      0.69125578      -5.3391394       -5.3391394      -23305.729                                       -23305.729
              4      -11658.155     0.047092127     -0.88099667     0.013189392      0.69046517      -5.3391394       -5.3391394      -23305.633                                       -23305.633
              1      -11659.721     0.046975437     -0.96773678    0.0072057797      0.68660539      -5.3391394       -5.3391394      -23308.763                                       -23308.763
              2      -11659.511     0.047160346     -0.94178124    0.0069869717      0.68180809      -5.3391394       -5.3391394      -23308.344                                       -23308.344
              2      -11660.145     0.047443564     -0.95203324    0.0063932403      0.68331283      -5.3391394       -5.3391394      -23309.611                                       -23309.611
              2      -11660.159     0.047428958     -0.95688318    0.0059805887      0.68320747      -5.3391394       -5.3391394      -23309.639                                       -23309.639
              1      -11659.684     0.047725428     -0.97089913    0.0052353372      0.68328512      -5.3391394       -5.3391394       -23308.69                                        -23308.69
              2      -11658.785     0.047719971     -0.95274682    0.0068120665       0.6880666      -5.3391394       -5.3391394      -23306.892                                       -23306.892
              1      -11658.855     0.047709328      -0.9681062    0.0056467848      0.68770758      -5.3391394       -5.3391394      -23307.031                                       -23307.031
              1      -11658.896     0.047551662      -0.9903238    0.0050064208      0.68867578      -5.3391394       -5.3391394      -23307.113                                       -23307.113
              2      -11659.275     0.047448826      -1.0275034    0.0013161942      0.68110796      -5.3391394       -5.3391394      -23307.871                                       -23307.871
              2      -11659.292     0.047493601      -1.0751321   -0.0012522775      0.68288422      -5.3391394       -5.3391394      -23307.906                                       -23307.906
              1      -11658.752     0.047496575      -1.1012937   -0.0028444287      0.68156885      -5.3391394       -5.3391394      -23306.825                                       -23306.825
              4      -11658.507     0.047153933      -1.1163347   -0.0033434891      0.68245648      -5.3391394       -5.3391394      -23306.336                                       -23306.336
              1      -11657.731     0.047290901      -1.1259904   -0.0053272174      0.68046335      -5.3391394       -5.3391394      -23304.783                                       -23304.783
              1      -11656.535      0.04733711       -1.154048   -0.0073349245      0.67943314      -5.3391394       -5.3391394      -23302.391                                       -23302.391
              1      -11656.215       0.0475877      -1.1288739   -0.0051852983      0.68452554      -5.3391394       -5.3391394      -23301.751                                       -23301.751
              3      -11655.011     0.047470372      -1.1768386   -0.0059958406      0.68793421      -5.3391394       -5.3391394      -23299.344                                       -23299.344
              1      -11655.461     0.047138597      -1.1656678   -0.0051484431      0.68806043      -5.3391394       -5.3391394      -23300.245                                       -23300.245
              3      -11658.382     0.047217763      -1.1246327   -0.0032920124      0.68440278      -5.3391394       -5.3391394      -23306.085                                       -23306.085
              1      -11658.428     0.047084832        -1.11392   -0.0033608341      0.68281372      -5.3391394       -5.3391394      -23306.178                                       -23306.178
              2      -11659.224     0.047061525     -0.99476051    0.0053480723      0.68591915      -5.3391394       -5.3391394       -23307.77                                        -23307.77
              3      -11659.135     0.047046384      -1.0430055    0.0023980352      0.68804898      -5.3391394       -5.3391394      -23307.592                                       -23307.592
              1      -11658.315     0.046818632       -1.042489    0.0037839574      0.69068884      -5.3391394       -5.3391394      -23305.952                                       -23305.952
              1      -11658.716     0.047106754      -1.0496546    0.0022819554      0.68871907      -5.3391394       -5.3391394      -23306.753                                       -23306.753
              5      -11659.284     0.047007931     -0.97840762    0.0057140482      0.68808327      -5.3391394       -5.3391394       -23307.89                                        -23307.89
              1       -11659.31     0.046986917      -0.9808174    0.0055830872      0.68804146      -5.3391394       -5.3391394      -23307.942                                       -23307.942
              1      -11659.061     0.046989071     -0.99335698     0.004529749      0.68760794      -5.3391394       -5.3391394      -23307.443                                       -23307.443
              3      -11659.122     0.047285773      -1.0230596    0.0017888425      0.68551077      -5.3391394       -5.3391394      -23307.565                                       -23307.565
              2      -11659.619     0.047339508      -1.0165706    0.0026534653      0.68601668      -5.3391394       -5.3391394       -23308.56                                        -23308.56
              2      -11657.726     0.046608522      -1.1008196   -0.0011731364       0.6874779      -5.3391394       -5.3391394      -23304.774                                       -23304.774
              2      -11656.576      0.04644492      -1.0504818   0.00069969848      0.68588699      -5.3391394       -5.3391394      -23302.474                                       -23302.474
              3      -11657.233     0.046549269      -1.0681296  -9.2176092e-05      0.68632971      -5.3391394       -5.3391394      -23303.789                                       -23303.789
              2      -11657.579     0.046363699      -1.0794376   4.7189774e-05      0.68719418      -5.3391394       -5.3391394      -23304.479                                       -23304.479
              4      -11658.912     0.046434425     -0.99922585    0.0048820085      0.68477051      -5.3391394       -5.3391394      -23307.147                                       -23307.147
              3      -11658.961      0.04643579     -0.99662657    0.0051043694       0.6848955      -5.3391394       -5.3391394      -23307.244                                       -23307.244
              1      -11658.888     0.046154998     -0.95494731    0.0082532269      0.68670822      -5.3391394       -5.3391394      -23307.098                                       -23307.098
              2       -11656.01      0.04597142      -1.0400285    0.0029341303      0.68335682      -5.3391394       -5.3391394      -23301.342                                       -23301.342
              1      -11657.259     0.046066069      -1.0344905    0.0027140841      0.68411548      -5.3391394       -5.3391394      -23303.839                                       -23303.839
              1      -11657.116     0.046086211       -1.046166    0.0019782387       0.6838711      -5.3391394       -5.3391394      -23303.554                                       -23303.554
              1      -11658.788     0.046163461      -1.0254603    0.0045801865      0.68778773      -5.3391394       -5.3391394      -23306.899                                       -23306.899
              2      -11658.795     0.046168417      -1.0247498    0.0046175931      0.68775887      -5.3391394       -5.3391394      -23306.911                                       -23306.911
              1      -11658.522     0.046076876     -0.94248159    0.0099628439       0.6865605      -5.3391394       -5.3391394      -23306.367                                       -23306.367
              1      -11658.866     0.046013291     -0.93750751     0.010514016      0.68749549      -5.3391394       -5.3391394      -23307.053                                       -23307.053
              3      -11659.767     0.046292261      -0.8891753     0.015158481      0.69229643      -5.3391394       -5.3391394      -23308.855                                       -23308.855
              5      -11659.768     0.046298155     -0.88731965     0.015286274      0.69251003      -5.3391394       -5.3391394      -23308.858                                       -23308.858
              2       -11659.43     0.046467946     -0.93395457     0.011699508      0.69165865      -5.3391394       -5.3391394      -23308.182                                       -23308.182
              1      -11658.944     0.046714932     -0.92770107     0.012037439      0.69172683      -5.3391394       -5.3391394       -23307.21                                        -23307.21
              3      -11659.611     0.046753789     -0.97121482    0.0064540579      0.68482146      -5.3391394       -5.3391394      -23308.544                                       -23308.544
              1      -11659.473     0.046693669     -0.94182822     0.008097828      0.68451905      -5.3391394       -5.3391394      -23308.267                                       -23308.267
              2      -11659.164     0.046847069      -0.9215777    0.0089035368       0.6844642      -5.3391394       -5.3391394      -23307.649                                       -23307.649
              1      -11659.428     0.046942291     -0.92483131    0.0086648324      0.68313191      -5.3391394       -5.3391394      -23308.177                                       -23308.177
              5      -11659.338      0.04690277     -0.93437892    0.0081450684      0.68292155      -5.3391394       -5.3391394      -23307.999                                       -23307.999
              1       -11659.74     0.046942892     -0.93559627    0.0081483107      0.68516758      -5.3391394       -5.3391394      -23308.803                                       -23308.803
              2      -11659.909     0.046717354     -0.93078718     0.010771276      0.69018193      -5.3391394       -5.3391394      -23309.139                                       -23309.139
              1       -11660.09     0.046977797     -0.92760606    0.0097171595      0.68702512      -5.3391394       -5.3391394      -23309.501                                       -23309.501
              2      -11659.422     0.046833643     -0.96201223    0.0068618203      0.68394585      -5.3391394       -5.3391394      -23308.165                                       -23308.165
              1      -11659.601     0.046856648     -0.95508042    0.0072763477       0.6841629      -5.3391394       -5.3391394      -23308.523                                       -23308.523
              4      -11659.501     0.046854787     -0.94930426    0.0075910669      0.68384525      -5.3391394       -5.3391394      -23308.324                                       -23308.324
              2       -11659.47     0.046987327     -0.91289214    0.0097304295      0.68565088      -5.3391394       -5.3391394      -23308.261                                       -23308.261
              4      -11659.353     0.047360794     -0.89680553     0.010360456      0.68211889      -5.3391394       -5.3391394      -23308.028                                       -23308.028
              2       -11659.29     0.047351558     -0.89630309     0.010434098      0.68207193      -5.3391394       -5.3391394      -23307.901                                       -23307.901
              2      -11659.223     0.047352141     -0.89725531     0.010361644      0.68193277      -5.3391394       -5.3391394      -23307.767                                       -23307.767
              1      -11659.099     0.047096052     -0.88763612     0.012331894      0.68429936      -5.3391394       -5.3391394      -23307.519                                       -23307.519
              2      -11659.329     0.046944801     -0.88849621     0.012378894      0.68478678      -5.3391394       -5.3391394       -23307.98                                        -23307.98
              1      -11658.624      0.04697101     -0.86936952     0.012807769      0.68445775      -5.3391394       -5.3391394      -23306.571                                       -23306.571
              2      -11658.716     0.046954239     -0.88121683     0.011719802      0.68294866      -5.3391394       -5.3391394      -23306.753                                       -23306.753
              1      -11657.776     0.047174643     -0.92306328    0.0098107493      0.68317372      -5.3391394       -5.3391394      -23304.873                                       -23304.873
              1      -11659.071     0.047397639     -0.85356339     0.013991161      0.68402653      -5.3391394       -5.3391394      -23307.464                                       -23307.464
              1      -11658.786     0.047373598     -0.84833076     0.014386976      0.68311774      -5.3391394       -5.3391394      -23306.894                                       -23306.894
              1      -11656.969     0.047586531      -0.7893208     0.019480043        0.683545      -5.3391394       -5.3391394       -23303.26                                        -23303.26
              6      -11656.406     0.047705933     -0.78633618     0.018962667      0.68192812      -5.3391394       -5.3391394      -23302.134                                       -23302.134
              3      -11655.534       0.0483266     -0.80729812     0.015577048      0.67639105      -5.3391394       -5.3391394      -23300.389                                       -23300.389
              1       -11655.69     0.048615611      -0.8290448     0.015106846      0.68085892      -5.3391394       -5.3391394      -23300.702                                       -23300.702
              2       -11657.49     0.048785456     -0.82344133     0.013682317       0.6793075      -5.3391394       -5.3391394      -23304.302                                       -23304.302
              1       -11657.43     0.048810794     -0.82871548      0.01331722      0.67837902      -5.3391394       -5.3391394      -23304.181                                       -23304.181
              4      -11657.322     0.048632701       -0.884683    0.0079531206      0.67408841      -5.3391394       -5.3391394      -23303.967                                       -23303.967
              5      -11657.299     0.048654344     -0.89190316    0.0072880208      0.67373268      -5.3391394       -5.3391394      -23303.921                                       -23303.921
              1      -11657.224     0.048653958     -0.89167911    0.0073370079      0.67374195      -5.3391394       -5.3391394      -23303.771                                       -23303.771
              6      -11657.596     0.048291092     -0.85022763     0.010726674      0.67589352      -5.3391394       -5.3391394      -23304.515                                       -23304.515
              1      -11658.036     0.047954879     -0.90181498    0.0075180848      0.67590761      -5.3391394       -5.3391394      -23305.394                                       -23305.394
              2      -11658.817     0.048341815      -0.9241861    0.0044119216      0.67443186      -5.3391394       -5.3391394      -23306.955                                       -23306.955
              4      -11659.612     0.048194653     -0.93845788    0.0045105508      0.67682677      -5.3391394       -5.3391394      -23308.545                                       -23308.545
              3      -11659.611     0.048192766     -0.93888555    0.0044906381      0.67682794      -5.3391394       -5.3391394      -23308.544                                       -23308.544
              1      -11658.218     0.047768356     -0.96850665    0.0020014499      0.67542911      -5.3391394       -5.3391394      -23305.757                                       -23305.757
              2      -11658.895     0.047557392      -0.9775751    0.0024877912      0.67749159      -5.3391394       -5.3391394      -23307.111                                       -23307.111
              2      -11658.954      0.04755886     -0.97848717    0.0024281211      0.67767631      -5.3391394       -5.3391394       -23307.23                                        -23307.23
              1      -11658.607     0.047334307      -1.0775404   -0.0025539535      0.68144562      -5.3391394       -5.3391394      -23306.536                                       -23306.536
              4      -11658.259     0.047159587      -1.0674498   -0.0017192217      0.68225128      -5.3391394       -5.3391394       -23305.84                                        -23305.84
              1      -11658.322     0.047151712      -1.0682268   -0.0016782693      0.68241517      -5.3391394       -5.3391394      -23305.966                                       -23305.966
              1      -11658.515     0.047345418      -1.0862328   -0.0032165825      0.68059277      -5.3391394       -5.3391394      -23306.352                                       -23306.352
              2      -11659.044     0.047143901       -1.080639  -0.00079943655      0.68443841      -5.3391394       -5.3391394      -23307.409                                       -23307.409
              1      -11658.037     0.047770709      -1.0253878    0.0016597236      0.68106669      -5.3391394       -5.3391394      -23305.395                                       -23305.395
              1      -11657.834     0.047975303      -1.1052749   -0.0036047216      0.67966511      -5.3391394       -5.3391394      -23304.989                                       -23304.989
              1       -11658.29     0.048167685      -1.0560135  -0.00076625634      0.68102363      -5.3391394       -5.3391394      -23305.902                                       -23305.902
              1      -11658.384     0.047833208     -0.99687707    0.0036951423      0.68247692      -5.3391394       -5.3391394      -23306.089                                       -23306.089
              1      -11658.853     0.047811358     -0.99909658    0.0034008403      0.68240826      -5.3391394       -5.3391394      -23307.028                                       -23307.028
              3      -11658.621     0.048098075     -0.97754489    0.0031497423      0.67786755      -5.3391394       -5.3391394      -23306.564                                       -23306.564
              1      -11658.758      0.04771309     -0.99717672    0.0027150343      0.67947417      -5.3391394       -5.3391394      -23306.838                                       -23306.838
             11      -11659.591     0.047545871     -0.90078651     0.009346633      0.68149973      -5.3391394       -5.3391394      -23308.503                                       -23308.503
              1       -11659.21     0.047967028     -0.88215124    0.0096005959      0.68014359      -5.3391394       -5.3391394      -23307.742                                       -23307.742
              1      -11659.023     0.047949581     -0.92077947    0.0087088583      0.68330751      -5.3391394       -5.3391394      -23307.369                                       -23307.369
              2      -11658.523     0.047766771     -0.89510401     0.010746249      0.68242099      -5.3391394       -5.3391394      -23306.368                                       -23306.368
              3       -11658.42     0.047776193     -0.84547059     0.015491644      0.68663357      -5.3391394       -5.3391394      -23306.163                                       -23306.163
              6      -11658.088     0.047963768     -0.82938128     0.015973038      0.68556851      -5.3391394       -5.3391394      -23305.498                                       -23305.498
              3      -11658.021     0.047945344     -0.82772513     0.016071554      0.68567825      -5.3391394       -5.3391394      -23305.363                                       -23305.363
              1       -11658.15     0.047726894     -0.83600511      0.01525805       0.6858551      -5.3391394       -5.3391394      -23305.622                                       -23305.622
             12      -11658.785       0.0476807     -0.85927489     0.014318994       0.6875623      -5.3391394       -5.3391394      -23306.892                                       -23306.892
              4      -11658.781     0.047118051     -0.95838732    0.0087545451      0.68934943      -5.3391394       -5.3391394      -23306.884                                       -23306.884
              3      -11659.505     0.047020218     -0.88476563     0.012868259      0.68570912      -5.3391394       -5.3391394      -23308.331                                       -23308.331
              1      -11659.193      0.04697771     -0.88007474     0.013334444      0.68537454      -5.3391394       -5.3391394      -23307.708                                       -23307.708
              2      -11659.198      0.04715638     -0.85152586     0.015333956      0.68607044      -5.3391394       -5.3391394      -23307.718                                       -23307.718
              5      -11658.679     0.047238478     -0.83624327     0.015877793      0.68490916      -5.3391394       -5.3391394       -23306.68                                        -23306.68
              1      -11659.011     0.047375928      -0.9378726    0.0075320742      0.68150472      -5.3391394       -5.3391394      -23307.344                                       -23307.344
              1      -11658.124     0.047580775      -0.9741678    0.0062734798      0.68505771      -5.3391394       -5.3391394       -23305.57                                        -23305.57
              6      -11659.325     0.047712807      -1.0834393    -0.002190097      0.68261436      -5.3391394       -5.3391394      -23307.972                                       -23307.972
              4      -11659.277     0.047750765      -1.0875737    -0.002493297      0.68256902      -5.3391394       -5.3391394      -23307.876                                       -23307.876
              1      -11659.281     0.047594367      -1.0644288  -0.00042253172      0.68440613      -5.3391394       -5.3391394      -23307.884                                       -23307.884
              1      -11659.077     0.047586292       -1.068762  -0.00046202032      0.68461054      -5.3391394       -5.3391394      -23307.476                                       -23307.476
              1      -11659.337     0.047470443      -1.0278058    0.0024829702      0.68592928      -5.3391394       -5.3391394      -23307.995                                       -23307.995
              1      -11659.447     0.047568244      -1.0188157    0.0027589567       0.6851655      -5.3391394       -5.3391394      -23308.216                                       -23308.216
              5      -11658.828     0.047711407      -1.0132788    0.0033981932      0.68719635      -5.3391394       -5.3391394      -23306.977                                       -23306.977
              1      -11659.602     0.047342664     -0.91391296     0.010355369      0.68826165      -5.3391394       -5.3391394      -23308.525                                       -23308.525
              1      -11658.605     0.046816666     -0.85274598     0.014882868      0.68470514      -5.3391394       -5.3391394      -23306.531                                       -23306.531
              4      -11658.763     0.046707706     -0.83683279     0.017150353        0.687511      -5.3391394       -5.3391394      -23306.848                                       -23306.848
              7       -11659.19     0.046593588     -0.89758341     0.014260013      0.69104082      -5.3391394       -5.3391394      -23307.702                                       -23307.702
              2      -11659.706     0.046588472     -0.88342748     0.014906348      0.69109608      -5.3391394       -5.3391394      -23308.734                                       -23308.734
              9      -11659.344      0.04710785     -0.91805533      0.01146681      0.68983208      -5.3391394       -5.3391394      -23308.011                                       -23308.011
              2      -11659.536     0.046883034      -0.9867817    0.0065889681      0.68881685      -5.3391394       -5.3391394      -23308.393                                       -23308.393
              4      -11659.574     0.046857368     -0.98326262    0.0068913073      0.68911163      -5.3391394       -5.3391394       -23308.47                                        -23308.47
              7      -11660.047     0.047212692     -0.93804794    0.0085673966      0.68710779      -5.3391394       -5.3391394      -23309.416                                       -23309.416
              1      -11659.361     0.047131476     -0.90791878     0.010328096      0.68725536      -5.3391394       -5.3391394      -23308.043                                       -23308.043
              2      -11659.466     0.046775621     -0.85963479     0.016133401      0.69015912      -5.3391394       -5.3391394      -23308.253                                       -23308.253
              5      -11659.554     0.046678412     -0.86674133     0.015962659       0.6909384      -5.3391394       -5.3391394      -23308.429                                       -23308.429
              2      -11659.437     0.046548712     -0.92049955     0.012498491      0.69124723      -5.3391394       -5.3391394      -23308.196                                       -23308.196
              2       -11659.41     0.046553134     -0.92133025     0.012431079      0.69117263      -5.3391394       -5.3391394      -23308.141                                       -23308.141
              1      -11658.487     0.046370262     -0.98845109    0.0085774762      0.69290985      -5.3391394       -5.3391394      -23306.296                                       -23306.296
              1      -11658.995     0.046875779      -1.0444355    0.0022763749      0.68573666      -5.3391394       -5.3391394      -23307.311                                       -23307.311
              3      -11658.325     0.047455183      -1.0414343     0.002407572      0.68755765      -5.3391394       -5.3391394      -23305.971                                       -23305.971
              1      -11659.584     0.046829143     -0.99757434     0.005712063      0.68934222      -5.3391394       -5.3391394       -23308.49                                        -23308.49
              2      -11659.671     0.047074594     -0.94972217    0.0074860832      0.68733365      -5.3391394       -5.3391394      -23308.664                                       -23308.664
              2      -11659.684     0.047103217     -0.96728684    0.0061901244      0.68704591      -5.3391394       -5.3391394      -23308.691                                       -23308.691
              1      -11659.151      0.04702793     -0.96005172    0.0062082102      0.68622102      -5.3391394       -5.3391394      -23307.623                                       -23307.623
              1      -11659.387     0.047328781     -0.95218485    0.0056649676      0.68335115      -5.3391394       -5.3391394      -23308.096                                       -23308.096
              8      -11659.604     0.047745289     -0.96056649    0.0057692265      0.68593784      -5.3391394       -5.3391394      -23308.529                                       -23308.529
              3      -11659.705     0.048138032     -0.99010208    0.0030249086       0.6836986      -5.3391394       -5.3391394      -23308.731                                       -23308.731
              4       -11659.39     0.048347012     -0.90120417    0.0088246643      0.68266515      -5.3391394       -5.3391394      -23308.103                                       -23308.103
              2      -11659.456     0.047970897     -0.88658965     0.010180779      0.68317146      -5.3391394       -5.3391394      -23308.235                                       -23308.235
              3      -11659.057     0.048426024     -0.90366481    0.0079498717      0.68255374      -5.3391394       -5.3391394      -23307.435                                       -23307.435
              1       -11659.15     0.048440715     -0.90253801    0.0080452002      0.68237702      -5.3391394       -5.3391394      -23307.623                                       -23307.623
              1      -11658.098     0.048477698     -0.88083143    0.0089549616       0.6815321      -5.3391394       -5.3391394      -23305.519                                       -23305.519
              3      -11660.114     0.049242175     -0.97509965  -8.8284448e-05      0.67415146      -5.3391394       -5.3391394       -23309.55                                        -23309.55
              3      -11659.809     0.047719027      -0.9558337    0.0043856391      0.68030611      -5.3391394       -5.3391394       -23308.94                                        -23308.94
              5      -11660.094     0.047507707     -0.99847523    0.0030148565      0.68264241      -5.3391394       -5.3391394      -23309.509                                       -23309.509
              1      -11660.084     0.047687019     -0.99559589    0.0022080479      0.68073689      -5.3391394       -5.3391394       -23309.49                                        -23309.49
              4      -11660.084     0.047685902     -0.99560966    0.0022076498      0.68075918      -5.3391394       -5.3391394      -23309.489                                       -23309.489
              3      -11659.891     0.048195058      -1.0310459   -0.0015693493      0.67658036      -5.3391394       -5.3391394      -23309.104                                       -23309.104
              3       -11658.61     0.047411714      -1.0806491   -0.0019879946      0.68008471      -5.3391394       -5.3391394      -23306.542                                       -23306.542
              1       -11659.22      0.04754387      -1.0636584  -0.00034722556      0.68342218      -5.3391394       -5.3391394      -23307.762                                       -23307.762
              1      -11659.222     0.047544281      -1.0638885  -0.00036512116      0.68341713      -5.3391394       -5.3391394      -23307.765                                       -23307.765
              1      -11659.631     0.047784013      -1.0429376   9.7326699e-06       0.6815523      -5.3391394       -5.3391394      -23308.583                                       -23308.583
              1      -11659.069     0.047426756     -0.98429595    0.0032890293      0.68356254      -5.3391394       -5.3391394      -23307.461                                       -23307.461
              2      -11658.589     0.047597332     -0.99519006     0.004333668      0.68859033      -5.3391394       -5.3391394        -23306.5                                         -23306.5
              1      -11658.895     0.047662664      -1.0059708    0.0035416281       0.6877231      -5.3391394       -5.3391394      -23307.111                                       -23307.111
              5      -11658.848     0.047627411      -1.0109595    0.0033347388      0.68787957      -5.3391394       -5.3391394      -23307.019                                       -23307.019
              3      -11658.821     0.047588778      -1.0346316    0.0020899838      0.68743517      -5.3391394       -5.3391394      -23306.964                                       -23306.964
              2      -11658.527     0.047637061      -1.0297342    0.0026052365      0.68788694      -5.3391394       -5.3391394      -23306.376                                       -23306.376
              2       -11658.76     0.047706802      -1.0060634    0.0039254702      0.68770185      -5.3391394       -5.3391394      -23306.843                                       -23306.843
              1      -11657.213     0.048549478       -1.067242   -0.0020193363      0.68502289      -5.3391394       -5.3391394      -23303.747                                       -23303.747
              1      -11657.504     0.048670388      -1.0780202   -0.0033728321      0.68340538      -5.3391394       -5.3391394       -23304.33                                        -23304.33
              3      -11659.072     0.048457348      -1.0597554   -0.0023510915      0.68195602      -5.3391394       -5.3391394      -23307.465                                       -23307.465
              1      -11659.466     0.048306044      -1.0537876   -0.0013780748      0.68155859      -5.3391394       -5.3391394      -23308.254                                       -23308.254
              1      -11659.522     0.048191801      -1.0689004   -0.0023454937       0.6815302      -5.3391394       -5.3391394      -23308.366                                       -23308.366
              2      -11660.182     0.048294869      -1.0185795  -0.00062858785      0.67857457      -5.3391394       -5.3391394      -23309.685                                       -23309.685
              1      -11659.972     0.048282772      -1.0501581   -0.0020146671      0.67878205      -5.3391394       -5.3391394      -23309.266                                       -23309.266
              2      -11659.863     0.048236957       -1.060425   -0.0029570147      0.67744441      -5.3391394       -5.3391394      -23309.047                                       -23309.047
              3      -11659.499     0.048104034      -1.0245555  -4.7276308e-05      0.67826785      -5.3391394       -5.3391394      -23308.319                                       -23308.319
              1      -11659.029     0.048444206     -0.96162606    0.0044751021      0.68055416      -5.3391394       -5.3391394       -23307.38                                        -23307.38
              2       -11659.19     0.048518795      -1.0002732    0.0019485381      0.68185464      -5.3391394       -5.3391394      -23307.702                                       -23307.702
              2      -11659.378     0.048607309      -1.0244553  -7.1544736e-05      0.68059603      -5.3391394       -5.3391394      -23308.077                                       -23308.077
              2      -11659.362     0.048600556      -1.0250905  -9.8788062e-05      0.68049545      -5.3391394       -5.3391394      -23308.047                                       -23308.047
              1      -11659.413     0.047449107     -0.91296836    0.0099127405       0.6876409      -5.3391394       -5.3391394      -23308.148                                       -23308.148
              4      -11656.855     0.047478149     -0.89837798     0.011715904      0.69175054      -5.3391394       -5.3391394      -23303.031                                       -23303.031
              3      -11657.314     0.047615199     -0.91738588     0.011489296      0.69158007      -5.3391394       -5.3391394       -23303.95                                        -23303.95
              3       -11657.05     0.047559805     -0.88366824     0.013699223      0.69267378      -5.3391394       -5.3391394      -23303.421                                       -23303.421
              3      -11657.696      0.04778143       -1.100928    -0.001920775      0.68512318      -5.3391394       -5.3391394      -23304.713                                       -23304.713
              6      -11658.397     0.048667565      -1.0797033   -0.0030796052      0.68206716      -5.3391394       -5.3391394      -23306.115                                       -23306.115
              2      -11657.656     0.049215183     -0.86162027     0.010056525      0.68026305      -5.3391394       -5.3391394      -23304.634                                       -23304.634
              2      -11657.316     0.049277923     -0.85854869    0.0099114832      0.68007178      -5.3391394       -5.3391394      -23303.953                                       -23303.953
              2      -11657.176     0.049225383      -0.8556234     0.010162322       0.6802667      -5.3391394       -5.3391394      -23303.674                                       -23303.674
              1      -11656.967     0.049231975     -0.86746643    0.0092563943      0.68100657      -5.3391394       -5.3391394      -23303.256                                       -23303.256
              1      -11657.571      0.04894342     -0.91142195    0.0060463282      0.68163658      -5.3391394       -5.3391394      -23304.464                                       -23304.464
              1      -11657.667     0.048970285     -0.91508835    0.0057708804      0.68158642      -5.3391394       -5.3391394      -23304.655                                       -23304.655
              2       -11659.55     0.049251395     -0.93885901    0.0020643945      0.67459624      -5.3391394       -5.3391394      -23308.421                                       -23308.421
              1      -11659.692       0.0493458      -1.0227629   -0.0041232644      0.67005504      -5.3391394       -5.3391394      -23308.705                                       -23308.705
              1      -11659.973     0.049122114      -1.0878785   -0.0067982624      0.67404776      -5.3391394       -5.3391394      -23309.267                                       -23309.267
              1      -11659.367     0.048648558      -1.0738899   -0.0042156568      0.67574273      -5.3391394       -5.3391394      -23308.056                                       -23308.056
              1      -11659.785     0.048411797      -1.0757624    -0.004783505      0.67572638      -5.3391394       -5.3391394      -23308.892                                       -23308.892
              1       -11659.65     0.048560861      -1.0289211   -0.0011422785      0.67723348      -5.3391394       -5.3391394      -23308.622                                       -23308.622
              5      -11658.988     0.047971948      -1.0302945     0.001030545       0.6819249      -5.3391394       -5.3391394      -23307.298                                       -23307.298
              2      -11659.959     0.048312351      -0.9299398    0.0061295949      0.68106041      -5.3391394       -5.3391394       -23309.24                                        -23309.24
              3      -11659.503     0.048086559      -0.9289289    0.0063824102      0.67898645      -5.3391394       -5.3391394      -23308.327                                       -23308.327
              3      -11657.747     0.048787058     -0.92438349    0.0043344458      0.67260016      -5.3391394       -5.3391394      -23304.816                                       -23304.816
              1      -11658.809     0.048241024      -0.9507775    0.0028672361      0.67792645      -5.3391394       -5.3391394       -23306.94                                        -23306.94
              2       -11658.99      0.04806147     -0.96688546    0.0019028457      0.67695819      -5.3391394       -5.3391394      -23307.303                                       -23307.303
              2      -11658.805     0.048458831     -0.96341673    0.0011328741      0.67564238      -5.3391394       -5.3391394      -23306.932                                       -23306.932
              1      -11659.629     0.048343721     -0.99443388    0.0020601662      0.68274344      -5.3391394       -5.3391394       -23308.58                                        -23308.58
              1      -11659.561     0.048269892     -0.94954817    0.0050942213      0.68320084      -5.3391394       -5.3391394      -23308.444                                       -23308.444
              1      -11659.879      0.04779702      -1.0005927    0.0024279716      0.68106853      -5.3391394       -5.3391394       -23309.08                                        -23309.08
              3      -11659.814      0.04799313     -0.99656926    0.0015141757       0.6781803      -5.3391394       -5.3391394      -23308.949                                       -23308.949
              2      -11660.145     0.048343686     -0.97382328    0.0021269217      0.67751719      -5.3391394       -5.3391394      -23309.613                                       -23309.613
              2      -11659.807     0.048463711      -1.0010052  -0.00014878825      0.67538592      -5.3391394       -5.3391394      -23308.936                                       -23308.936
