#        weight    minuslogpost         Omega_m             A_s   minuslogprior minuslogprior__0            chi2 chi2__functions_and_classes.SO_x_DESI_Likelihood_w_emulator
              1      -3507.2448      0.31563547   2.1039838e-09      -23.025851       -23.025851      -6968.4379                                                  -6968.4379
              1      -3507.2442        0.314401   2.1253078e-09      -23.025851       -23.025851      -6968.4367                                                  -6968.4367
              1      -3507.0815      0.32047718   2.1806645e-09      -23.025851       -23.025851      -6968.1113                                                  -6968.1113
              1      -3507.0949      0.31823771   2.2052459e-09      -23.025851       -23.025851       -6968.138                                                   -6968.138
              1      -3507.1751      0.31870676   2.1537977e-09      -23.025851       -23.025851      -6968.2985                                                  -6968.2985
              2      -3507.0135      0.32414466   2.1587554e-09      -23.025851       -23.025851      -6967.9752                                                  -6967.9752
              1       -3506.712      0.32057498   2.2957656e-09      -23.025851       -23.025851      -6967.3723                                                  -6967.3723
              2      -3506.5359      0.32471002   2.2768897e-09      -23.025851       -23.025851      -6967.0202                                                  -6967.0202
              2      -3506.5156      0.32496866   2.2774359e-09      -23.025851       -23.025851      -6966.9795                                                  -6966.9795
              1      -3506.6679      0.32547627   2.2379099e-09      -23.025851       -23.025851       -6967.284                                                   -6967.284
              1      -3506.4793      0.32813554    2.241325e-09      -23.025851       -23.025851      -6966.9068                                                  -6966.9068
              1      -3506.3926      0.33144184   2.2134653e-09      -23.025851       -23.025851      -6966.7335                                                  -6966.7335
              1      -3506.3906      0.33145636   2.2136376e-09      -23.025851       -23.025851      -6966.7295                                                  -6966.7295
              1      -3506.1055      0.33333411   2.2360013e-09      -23.025851       -23.025851      -6966.1593                                                  -6966.1593
              1      -3506.2289      0.32937951   2.2692058e-09      -23.025851       -23.025851      -6966.4061                                                  -6966.4061
              1      -3506.2078      0.32944033   2.2718694e-09      -23.025851       -23.025851      -6966.3639                                                  -6966.3639
              1      -3507.0993       0.3104276   2.3152808e-09      -23.025851       -23.025851      -6968.1468                                                  -6968.1468
              1      -3507.0387      0.31356219    2.296442e-09      -23.025851       -23.025851      -6968.0256                                                  -6968.0256
              1      -3506.6181      0.31751284   2.3621769e-09      -23.025851       -23.025851      -6967.1846                                                  -6967.1846
              1      -3506.9903      0.31327337   2.3194942e-09      -23.025851       -23.025851       -6967.929                                                   -6967.929
              2       -3506.892      0.32068347   2.2458933e-09      -23.025851       -23.025851      -6967.7323                                                  -6967.7323
              2       -3507.036      0.31699988     2.24805e-09      -23.025851       -23.025851      -6968.0203                                                  -6968.0203
              3      -3507.0428      0.31668738   2.2497635e-09      -23.025851       -23.025851      -6968.0338                                                  -6968.0338
              1      -3507.1303      0.31142002   2.2841617e-09      -23.025851       -23.025851      -6968.2089                                                  -6968.2089
              2       -3506.923      0.29915849   2.0964021e-09      -23.025851       -23.025851      -6967.7943                                                  -6967.7943
              3      -3506.7642      0.30163672   2.0067989e-09      -23.025851       -23.025851      -6967.4767                                                  -6967.4767
              1      -3506.4912      0.29840377   1.9748383e-09      -23.025851       -23.025851      -6966.9307                                                  -6966.9307
              2      -3506.6285      0.31095119   1.8479156e-09      -23.025851       -23.025851      -6967.2053                                                  -6967.2053
              1      -3506.4809      0.30953837   1.8285073e-09      -23.025851       -23.025851      -6966.9102                                                  -6966.9102
              1      -3507.0421      0.31750271   1.9011119e-09      -23.025851       -23.025851      -6968.0325                                                  -6968.0325
              1      -3507.0351      0.31508722   1.9276087e-09      -23.025851       -23.025851      -6968.0185                                                  -6968.0185
              1      -3506.6616      0.30548533   1.9253404e-09      -23.025851       -23.025851      -6967.2714                                                  -6967.2714
              1      -3506.2872      0.30570739   1.8313388e-09      -23.025851       -23.025851      -6966.5228                                                  -6966.5228
              1      -3506.7855      0.31631343   1.8270071e-09      -23.025851       -23.025851      -6967.5192                                                  -6967.5192
              1      -3506.7887      0.31631706   1.8278947e-09      -23.025851       -23.025851      -6967.5257                                                  -6967.5257
              1      -3507.2357      0.33308431   1.8575791e-09      -23.025851       -23.025851      -6968.4197                                                  -6968.4197
              1      -3507.2129      0.33121042    1.963426e-09      -23.025851       -23.025851      -6968.3741                                                  -6968.3741
              1      -3507.2194      0.33517968   1.8107865e-09      -23.025851       -23.025851       -6968.387                                                   -6968.387
              1      -3507.2224      0.34190319   1.8282704e-09      -23.025851       -23.025851      -6968.3931                                                  -6968.3931
              4      -3507.1634        0.344822   1.8449235e-09      -23.025851       -23.025851      -6968.2751                                                  -6968.2751
              1      -3507.1633      0.34482607   1.8449649e-09      -23.025851       -23.025851      -6968.2749                                                  -6968.2749
              1      -3507.1745      0.33924063    1.899847e-09      -23.025851       -23.025851      -6968.2972                                                  -6968.2972
              1      -3507.0656      0.34252226   1.9157823e-09      -23.025851       -23.025851      -6968.0795                                                  -6968.0795
              2      -3507.0476      0.34180147   1.9306259e-09      -23.025851       -23.025851      -6968.0435                                                  -6968.0435
              1      -3506.8741      0.34287544   1.9716562e-09      -23.025851       -23.025851      -6967.6965                                                  -6967.6965
              1      -3506.9675      0.34255659   1.9488576e-09      -23.025851       -23.025851      -6967.8833                                                  -6967.8833
              1      -3506.8929      0.34472878   1.9458197e-09      -23.025851       -23.025851       -6967.734                                                   -6967.734
              1      -3506.9174      0.34426585   1.9442626e-09      -23.025851       -23.025851      -6967.7832                                                  -6967.7832
              1      -3507.0002       0.3455866   1.9049972e-09      -23.025851       -23.025851      -6967.9486                                                  -6967.9486
              1      -3506.9475      0.34210035   1.9600474e-09      -23.025851       -23.025851      -6967.8433                                                  -6967.8433
              1      -3507.2195      0.33478077   1.9136935e-09      -23.025851       -23.025851      -6968.3874                                                  -6968.3874
              1      -3506.9997      0.31956056   1.8595991e-09      -23.025851       -23.025851      -6967.9478                                                  -6967.9478
              1       -3506.589         0.32645   1.6657548e-09      -23.025851       -23.025851      -6967.1263                                                  -6967.1263
              1      -3507.0454      0.34106153   1.6519982e-09      -23.025851       -23.025851      -6968.0392                                                  -6968.0392
              1      -3507.1468      0.34145811   1.6941202e-09      -23.025851       -23.025851      -6968.2419                                                  -6968.2419
              1      -3507.1454      0.34115776    1.696203e-09      -23.025851       -23.025851      -6968.2392                                                  -6968.2392
              1      -3506.9871      0.33838591   1.6562332e-09      -23.025851       -23.025851      -6967.9224                                                  -6967.9224
              1      -3507.2332      0.34803575   1.7239103e-09      -23.025851       -23.025851      -6968.4148                                                  -6968.4148
              1      -3507.2344        0.345412   1.7613213e-09      -23.025851       -23.025851      -6968.4171                                                  -6968.4171
              1       -3507.233      0.34422644   1.7821949e-09      -23.025851       -23.025851      -6968.4142                                                  -6968.4142
              1      -3506.9772      0.33219217   1.7138436e-09      -23.025851       -23.025851      -6967.9027                                                  -6967.9027
              1      -3506.9686      0.33391808   1.6935469e-09      -23.025851       -23.025851      -6967.8855                                                  -6967.8855
              1      -3507.0883      0.33639215   1.7145849e-09      -23.025851       -23.025851      -6968.1248                                                  -6968.1248
              1      -3507.2329      0.34518373   1.7710493e-09      -23.025851       -23.025851       -6968.414                                                   -6968.414
              1      -3507.2109      0.33737253   1.8926707e-09      -23.025851       -23.025851      -6968.3702                                                  -6968.3702
              1      -3507.0453       0.3376523   1.9789827e-09      -23.025851       -23.025851      -6968.0389                                                  -6968.0389
              1      -3507.2108      0.32989293   1.9814978e-09      -23.025851       -23.025851      -6968.3699                                                  -6968.3699
              1      -3507.2096       0.3404381   1.8590425e-09      -23.025851       -23.025851      -6968.3676                                                  -6968.3676
              1      -3507.1626      0.34219307   1.8741553e-09      -23.025851       -23.025851      -6968.2734                                                  -6968.2734
              1       -3506.992      0.34711669   1.8909857e-09      -23.025851       -23.025851      -6967.9323                                                  -6967.9323
              3        -3506.83      0.34466861   1.9626024e-09      -23.025851       -23.025851      -6967.6083                                                  -6967.6083
              1      -3507.1716      0.35035989    1.781494e-09      -23.025851       -23.025851      -6968.2914                                                  -6968.2914
              1      -3507.0598      0.35424662    1.793708e-09      -23.025851       -23.025851       -6968.068                                                   -6968.068
              2      -3506.8493      0.35911449     1.80594e-09      -23.025851       -23.025851      -6967.6469                                                  -6967.6469
              6      -3506.7009      0.36255148   1.8042992e-09      -23.025851       -23.025851      -6967.3501                                                  -6967.3501
              1       -3506.813      0.35891845   1.8163065e-09      -23.025851       -23.025851      -6967.5742                                                  -6967.5742
              1      -3506.8318        0.358811   1.8130554e-09      -23.025851       -23.025851       -6967.612                                                   -6967.612
              1      -3506.9323      0.34575742   1.9236141e-09      -23.025851       -23.025851      -6967.8129                                                  -6967.8129
              1      -3507.0352      0.34433958   1.9068738e-09      -23.025851       -23.025851      -6968.0186                                                  -6968.0186
              1      -3507.1968      0.33873881   1.8895227e-09      -23.025851       -23.025851       -6968.342                                                   -6968.342
              1      -3507.2282      0.34316715   1.7465796e-09      -23.025851       -23.025851      -6968.4048                                                  -6968.4048
              4      -3507.1555      0.33890093   1.9151395e-09      -23.025851       -23.025851      -6968.2593                                                  -6968.2593
              3      -3507.1631       0.3389636   1.9099942e-09      -23.025851       -23.025851      -6968.2745                                                  -6968.2745
              1      -3507.2407      0.32473027   2.0014081e-09      -23.025851       -23.025851      -6968.4298                                                  -6968.4298
              1      -3506.8076      0.30631894   1.9574249e-09      -23.025851       -23.025851      -6967.5635                                                  -6967.5635
              1      -3506.1444      0.30879192   1.7642917e-09      -23.025851       -23.025851       -6966.237                                                   -6966.237
              1       -3506.042      0.29818023   1.8751916e-09      -23.025851       -23.025851      -6966.0322                                                  -6966.0322
              2      -3505.4727      0.29406887   1.8203176e-09      -23.025851       -23.025851      -6964.8938                                                  -6964.8938
              1      -3506.6497      0.30879604   1.8800441e-09      -23.025851       -23.025851      -6967.2477                                                  -6967.2477
              1      -3507.0782      0.31300297   1.9732739e-09      -23.025851       -23.025851      -6968.1047                                                  -6968.1047
              1      -3507.0397      0.31046147   1.9883548e-09      -23.025851       -23.025851      -6968.0278                                                  -6968.0278
              2      -3507.1904      0.32956047   2.0028566e-09      -23.025851       -23.025851      -6968.3292                                                  -6968.3292
              2      -3507.1654      0.32949231   2.0207515e-09      -23.025851       -23.025851      -6968.2791                                                  -6968.2791
              1      -3507.1313       0.3160566   1.9623352e-09      -23.025851       -23.025851       -6968.211                                                   -6968.211
              1      -3506.6437      0.32265413   1.7183881e-09      -23.025851       -23.025851      -6967.2357                                                  -6967.2357
              1      -3506.4921      0.34750258   2.0003557e-09      -23.025851       -23.025851      -6966.9326                                                  -6966.9326
              2      -3506.4519      0.33583036   2.1463306e-09      -23.025851       -23.025851      -6966.8521                                                  -6966.8521
              1      -3506.9968      0.31208835    1.949396e-09      -23.025851       -23.025851      -6967.9419                                                  -6967.9419
              1      -3506.9573      0.31029619   1.9569836e-09      -23.025851       -23.025851      -6967.8629                                                  -6967.8629
              2      -3506.5022      0.30713857   1.8630569e-09      -23.025851       -23.025851      -6966.9526                                                  -6966.9526
              1      -3506.3773       0.3128121   1.7662501e-09      -23.025851       -23.025851      -6966.7029                                                  -6966.7029
              1      -3506.9586      0.32425333    1.791361e-09      -23.025851       -23.025851      -6967.8655                                                  -6967.8655
              1       -3507.243      0.32185889   2.0012849e-09      -23.025851       -23.025851      -6968.4342                                                  -6968.4342
              1      -3507.1239       0.3271156   1.8285681e-09      -23.025851       -23.025851      -6968.1962                                                  -6968.1962
              3      -3507.1314       0.3273666   1.8297753e-09      -23.025851       -23.025851      -6968.2111                                                  -6968.2111
              1      -3506.9745      0.31855711   1.8618624e-09      -23.025851       -23.025851      -6967.8973                                                  -6967.8973
              2       -3506.965        0.318481    1.859289e-09      -23.025851       -23.025851      -6967.8783                                                  -6967.8783
              1      -3506.1948      0.31474165   1.7065731e-09      -23.025851       -23.025851      -6966.3379                                                  -6966.3379
              1      -3506.9687      0.32472687   1.7897181e-09      -23.025851       -23.025851      -6967.8858                                                  -6967.8858
              3      -3506.9695       0.3246875   1.7904121e-09      -23.025851       -23.025851      -6967.8872                                                  -6967.8872
              1      -3506.6946      0.33172283   1.6380085e-09      -23.025851       -23.025851      -6967.3375                                                  -6967.3375
              1      -3507.2213      0.34866902   1.7553866e-09      -23.025851       -23.025851      -6968.3909                                                  -6968.3909
              1      -3506.9838      0.35195254   1.8423677e-09      -23.025851       -23.025851      -6967.9159                                                  -6967.9159
              1      -3506.9921      0.35149625   1.8445768e-09      -23.025851       -23.025851      -6967.9326                                                  -6967.9326
              1      -3505.7248      0.35492535   2.0269159e-09      -23.025851       -23.025851      -6965.3978                                                  -6965.3978
              2      -3507.0161      0.33033309    2.078074e-09      -23.025851       -23.025851      -6967.9804                                                  -6967.9804
              1      -3507.2385      0.32038254   2.0639636e-09      -23.025851       -23.025851      -6968.4253                                                  -6968.4253
              1       -3507.243      0.32617513   1.9539132e-09      -23.025851       -23.025851      -6968.4343                                                  -6968.4343
              1      -3505.7046      0.34719667   2.1176016e-09      -23.025851       -23.025851      -6965.3575                                                  -6965.3575
              1      -3506.5427      0.33725977   2.1115829e-09      -23.025851       -23.025851      -6967.0336                                                  -6967.0336
              1      -3507.2285      0.33727116   1.8725389e-09      -23.025851       -23.025851      -6968.4053                                                  -6968.4053
              3       -3507.122      0.32450948   1.8566547e-09      -23.025851       -23.025851      -6968.1922                                                  -6968.1922
              1      -3506.9963       0.3468205   1.8928053e-09      -23.025851       -23.025851      -6967.9408                                                  -6967.9408
              1      -3506.7507      0.33639234   2.0783146e-09      -23.025851       -23.025851      -6967.4497                                                  -6967.4497
              1      -3506.7729      0.31190649    1.876077e-09      -23.025851       -23.025851      -6967.4942                                                  -6967.4942
              1       -3507.204      0.28501048   2.5046233e-09      -23.025851       -23.025851      -6968.3562                                                  -6968.3562
              5      -3506.8445      0.27626921   2.4480156e-09      -23.025851       -23.025851      -6967.6373                                                  -6967.6373
              1       -3507.228      0.29496085   2.4500554e-09      -23.025851       -23.025851      -6968.4043                                                  -6968.4043
              1      -3507.1858      0.29513571   2.5004422e-09      -23.025851       -23.025851      -6968.3199                                                  -6968.3199
              1      -3507.2369      0.29211918   2.4453809e-09      -23.025851       -23.025851      -6968.4222                                                  -6968.4222
              1      -3507.2375      0.29258393   2.4419512e-09      -23.025851       -23.025851      -6968.4234                                                  -6968.4234
              1      -3507.2382      0.29366995   2.4214425e-09      -23.025851       -23.025851      -6968.4247                                                  -6968.4247
              2      -3507.2367      0.29472004   2.4296635e-09      -23.025851       -23.025851      -6968.4217                                                  -6968.4217
              1      -3506.8294      0.29970226   2.5910343e-09      -23.025851       -23.025851      -6967.6071                                                  -6967.6071
              1      -3507.0841      0.29578874   2.5578106e-09      -23.025851       -23.025851      -6968.1164                                                  -6968.1164
              1      -3507.1015      0.30609643   2.3799713e-09      -23.025851       -23.025851      -6968.1514                                                  -6968.1514
              1      -3507.1503      0.30751223   2.3303975e-09      -23.025851       -23.025851      -6968.2488                                                  -6968.2488
              2       -3507.018      0.31082225   2.3454721e-09      -23.025851       -23.025851      -6967.9843                                                  -6967.9843
              1      -3507.2357       0.2973758   2.3947991e-09      -23.025851       -23.025851      -6968.4197                                                  -6968.4197
              3      -3507.1089      0.27562574   2.6016557e-09      -23.025851       -23.025851       -6968.166                                                   -6968.166
              1      -3507.2052      0.28205254    2.566127e-09      -23.025851       -23.025851      -6968.3587                                                  -6968.3587
              2      -3507.2352      0.29324741   2.4100853e-09      -23.025851       -23.025851      -6968.4186                                                  -6968.4186
              1       -3507.052      0.28593746    2.367243e-09      -23.025851       -23.025851      -6968.0524                                                  -6968.0524
              1       -3506.907      0.29293067   2.1842213e-09      -23.025851       -23.025851      -6967.7623                                                  -6967.7623
              3      -3507.2334      0.29785205   2.3206356e-09      -23.025851       -23.025851      -6968.4151                                                  -6968.4151
              1      -3507.0847      0.32014941   2.1836863e-09      -23.025851       -23.025851      -6968.1177                                                  -6968.1177
              1      -3507.2118      0.32386274   1.9260634e-09      -23.025851       -23.025851      -6968.3718                                                  -6968.3718
              1      -3506.8427      0.34316092   1.9764694e-09      -23.025851       -23.025851      -6967.6338                                                  -6967.6338
              4      -3505.3075      0.36360287   1.9790158e-09      -23.025851       -23.025851      -6964.5634                                                  -6964.5634
              1      -3505.4804      0.35970162     2.00245e-09      -23.025851       -23.025851      -6964.9091                                                  -6964.9091
              1      -3507.0727      0.34327179   1.6422644e-09      -23.025851       -23.025851      -6968.0937                                                  -6968.0937
              1      -3507.1637      0.33873051   1.7302338e-09      -23.025851       -23.025851      -6968.2757                                                  -6968.2757
              1      -3506.9502      0.33358015   1.6908202e-09      -23.025851       -23.025851      -6967.8488                                                  -6967.8488
              3      -3506.8034      0.33078501   1.6752788e-09      -23.025851       -23.025851      -6967.5551                                                  -6967.5551
              1      -3507.0403      0.33913678   1.6682417e-09      -23.025851       -23.025851      -6968.0289                                                  -6968.0289
              1      -3507.1081       0.3448221   1.6433602e-09      -23.025851       -23.025851      -6968.1645                                                  -6968.1645
              3      -3507.2311      0.34818635   1.7406216e-09      -23.025851       -23.025851      -6968.4106                                                  -6968.4106
              2      -3507.2235      0.35931061   1.6355877e-09      -23.025851       -23.025851      -6968.3953                                                  -6968.3953
              1      -3507.2259      0.33604322   1.8104655e-09      -23.025851       -23.025851         -6968.4                                                     -6968.4
              3      -3507.0574      0.33228386   1.7429581e-09      -23.025851       -23.025851      -6968.0632                                                  -6968.0632
              3       -3505.531      0.29121834   1.8687315e-09      -23.025851       -23.025851      -6965.0103                                                  -6965.0103
              3      -3507.0135      0.30183816   2.0947793e-09      -23.025851       -23.025851      -6967.9753                                                  -6967.9753
              1      -3506.9986      0.31625577   1.8984709e-09      -23.025851       -23.025851      -6967.9456                                                  -6967.9456
              2      -3507.1395      0.33690744   1.9467471e-09      -23.025851       -23.025851      -6968.2273                                                  -6968.2273
              1      -3506.4413      0.31570925    2.427043e-09      -23.025851       -23.025851      -6966.8309                                                  -6966.8309
              7      -3506.1395      0.35097499   2.0171726e-09      -23.025851       -23.025851      -6966.2273                                                  -6966.2273
              2      -3506.6574      0.33913969   2.0657114e-09      -23.025851       -23.025851       -6967.263                                                   -6967.263
              1      -3506.7739      0.32418925   2.2300648e-09      -23.025851       -23.025851      -6967.4961                                                  -6967.4961
              1      -3506.4334      0.31438982   2.4489433e-09      -23.025851       -23.025851      -6966.8152                                                  -6966.8152
              1      -3507.0734      0.30015662   2.4894973e-09      -23.025851       -23.025851      -6968.0951                                                  -6968.0951
              3      -3506.7761      0.36181749   1.7959841e-09      -23.025851       -23.025851      -6967.5005                                                  -6967.5005
              1      -3507.0167      0.35433506   1.8076878e-09      -23.025851       -23.025851      -6967.9816                                                  -6967.9816
              2      -3507.2043      0.35074483     1.64991e-09      -23.025851       -23.025851      -6968.3569                                                  -6968.3569
              1      -3507.2391      0.30526461   2.2703775e-09      -23.025851       -23.025851      -6968.4265                                                  -6968.4265
              1      -3507.0729      0.29390525   2.2442352e-09      -23.025851       -23.025851       -6968.094                                                   -6968.094
              2      -3507.0028      0.30643363   2.0260609e-09      -23.025851       -23.025851       -6967.954                                                   -6967.954
              4      -3506.3827      0.29926515   1.9362307e-09      -23.025851       -23.025851      -6966.7137                                                  -6966.7137
              1      -3506.8295      0.31185627   1.8938011e-09      -23.025851       -23.025851      -6967.6073                                                  -6967.6073
              1      -3507.2056      0.29289959   2.3608934e-09      -23.025851       -23.025851      -6968.3595                                                  -6968.3595
              1      -3507.1778      0.29113861   2.3623613e-09      -23.025851       -23.025851       -6968.304                                                   -6968.304
              1       -3507.083      0.31551813   1.9438759e-09      -23.025851       -23.025851      -6968.1143                                                  -6968.1143
              2      -3506.5202      0.29529947   2.0260681e-09      -23.025851       -23.025851      -6966.9888                                                  -6966.9888
              1      -3507.0394      0.31058522   1.9865927e-09      -23.025851       -23.025851      -6968.0271                                                  -6968.0271
              1      -3507.2173      0.28887169   2.4506568e-09      -23.025851       -23.025851      -6968.3828                                                  -6968.3828
              1      -3507.1726      0.33292259   1.9745599e-09      -23.025851       -23.025851      -6968.2934                                                  -6968.2934
              3      -3506.7072       0.3403521   2.0406179e-09      -23.025851       -23.025851      -6967.3627                                                  -6967.3627
              3      -3506.8713      0.35042545   1.8894909e-09      -23.025851       -23.025851       -6967.691                                                   -6967.691
              5      -3506.8814      0.34896685   1.9024948e-09      -23.025851       -23.025851       -6967.711                                                   -6967.711
              1      -3507.1946      0.33132475    1.978117e-09      -23.025851       -23.025851      -6968.3376                                                  -6968.3376
              3      -3507.2329      0.33651337   1.8174819e-09      -23.025851       -23.025851       -6968.414                                                   -6968.414
              1      -3506.8653      0.34166871   1.9877214e-09      -23.025851       -23.025851      -6967.6789                                                  -6967.6789
              2      -3507.1952      0.28767582   2.4424756e-09      -23.025851       -23.025851      -6968.3386                                                  -6968.3386
              1      -3507.2222        0.314333   2.0559145e-09      -23.025851       -23.025851      -6968.3927                                                  -6968.3927
              1      -3506.4043      0.34653243   2.0265005e-09      -23.025851       -23.025851      -6966.7569                                                  -6966.7569
              1       -3506.337      0.34459854    2.059964e-09      -23.025851       -23.025851      -6966.6223                                                  -6966.6223
              1      -3506.1051      0.34733101   2.0634756e-09      -23.025851       -23.025851      -6966.1584                                                  -6966.1584
              1      -3505.9814      0.34039485   2.1639646e-09      -23.025851       -23.025851      -6965.9111                                                  -6965.9111
              3       -3507.161      0.30945206   2.0670649e-09      -23.025851       -23.025851      -6968.2702                                                  -6968.2702
              1      -3507.0555      0.33184563   2.0446127e-09      -23.025851       -23.025851      -6968.0593                                                  -6968.0593
              2      -3506.9531      0.31413623   1.9071745e-09      -23.025851       -23.025851      -6967.8545                                                  -6967.8545
              1      -3506.2008      0.29907651   1.8971689e-09      -23.025851       -23.025851        -6966.35                                                    -6966.35
              5      -3506.1273      0.30547343   1.8004722e-09      -23.025851       -23.025851      -6966.2029                                                  -6966.2029
              3      -3505.4105      0.27777866   2.0425988e-09      -23.025851       -23.025851      -6964.7692                                                  -6964.7692
              2      -3505.4066      0.27989353   2.0088419e-09      -23.025851       -23.025851      -6964.7614                                                  -6964.7614
              2       -3506.527      0.28306369   2.2172448e-09      -23.025851       -23.025851      -6967.0022                                                  -6967.0022
              1      -3506.3414      0.28114466   2.1976253e-09      -23.025851       -23.025851      -6966.6311                                                  -6966.6311
              1      -3507.1387      0.34353237   1.6702452e-09      -23.025851       -23.025851      -6968.2256                                                  -6968.2256
              3       -3506.698      0.35127162   1.9198282e-09      -23.025851       -23.025851      -6967.3444                                                  -6967.3444
              1      -3505.4356      0.36028098   2.0009744e-09      -23.025851       -23.025851      -6964.8194                                                  -6964.8194
              2      -3506.3998       0.3068951   2.5764298e-09      -23.025851       -23.025851       -6966.748                                                   -6966.748
              1      -3506.4025      0.30688758   2.5760129e-09      -23.025851       -23.025851      -6966.7532                                                  -6966.7532
              1      -3507.1198      0.29494978   2.5519841e-09      -23.025851       -23.025851      -6968.1879                                                  -6968.1879
              2      -3507.0493       0.3113447   2.3247033e-09      -23.025851       -23.025851      -6968.0469                                                  -6968.0469
              2      -3507.2156      0.29069749   2.4139875e-09      -23.025851       -23.025851      -6968.3796                                                  -6968.3796
              1      -3506.8244      0.31540162   2.3413277e-09      -23.025851       -23.025851      -6967.5972                                                  -6967.5972
              2      -3506.7441       0.3594841   1.8256265e-09      -23.025851       -23.025851      -6967.4366                                                  -6967.4366
              8      -3507.2048       0.3541743   1.6216495e-09      -23.025851       -23.025851      -6968.3579                                                  -6968.3579
              1      -3507.0728      0.32659468   2.1035856e-09      -23.025851       -23.025851      -6968.0938                                                  -6968.0938
              1      -3507.1231      0.32464623   2.1055519e-09      -23.025851       -23.025851      -6968.1946                                                  -6968.1946
              1      -3507.1458      0.33437176   1.7633635e-09      -23.025851       -23.025851      -6968.2399                                                  -6968.2399
              5      -3507.2296      0.35129188   1.6843265e-09      -23.025851       -23.025851      -6968.4076                                                  -6968.4076
              1      -3507.0131      0.32736554    2.116795e-09      -23.025851       -23.025851      -6967.9746                                                  -6967.9746
              3      -3506.4892      0.28511754   2.1726865e-09      -23.025851       -23.025851      -6966.9267                                                  -6966.9267
              6      -3507.2155      0.28464053   2.5306637e-09      -23.025851       -23.025851      -6968.3793                                                  -6968.3793
              2      -3507.0648      0.30452805   2.4226725e-09      -23.025851       -23.025851       -6968.078                                                   -6968.078
              1      -3507.2363      0.29104577   2.4674106e-09      -23.025851       -23.025851      -6968.4209                                                  -6968.4209
              2      -3507.1572      0.30504624   2.1260538e-09      -23.025851       -23.025851      -6968.2626                                                  -6968.2626
              6      -3507.2384      0.33025017    1.937527e-09      -23.025851       -23.025851      -6968.4252                                                  -6968.4252
              2      -3507.0898      0.32129323   1.8775852e-09      -23.025851       -23.025851      -6968.1279                                                  -6968.1279
              2       -3507.091       0.2918256   2.2884466e-09      -23.025851       -23.025851      -6968.1302                                                  -6968.1302
              4      -3507.2173      0.28494966   2.5279164e-09      -23.025851       -23.025851      -6968.3829                                                  -6968.3829
              1      -3507.1625      0.29775124   2.2398684e-09      -23.025851       -23.025851      -6968.2733                                                  -6968.2733
              2      -3507.2227      0.31004176   2.2312119e-09      -23.025851       -23.025851      -6968.3938                                                  -6968.3938
              1      -3507.2185      0.29486453   2.4678108e-09      -23.025851       -23.025851      -6968.3853                                                  -6968.3853
              1      -3507.2319      0.28982527   2.4665195e-09      -23.025851       -23.025851      -6968.4121                                                  -6968.4121
              1      -3506.8814      0.27678871   2.4535654e-09      -23.025851       -23.025851       -6967.711                                                   -6967.711
              1      -3506.9806      0.30537965   2.0312653e-09      -23.025851       -23.025851      -6967.9095                                                  -6967.9095
              1      -3506.8489      0.31757626   1.8312033e-09      -23.025851       -23.025851      -6967.6461                                                  -6967.6461
              2      -3506.9183      0.35620526   1.8176251e-09      -23.025851       -23.025851      -6967.7848                                                  -6967.7848
              2      -3506.7539      0.27327498   2.4700703e-09      -23.025851       -23.025851      -6967.4561                                                  -6967.4561
              2      -3507.0691      0.28944322   2.3158823e-09      -23.025851       -23.025851      -6968.0865                                                  -6968.0865
              2      -3506.1536      0.26665287   2.4106089e-09      -23.025851       -23.025851      -6966.2556                                                  -6966.2556
              3      -3506.5094      0.27360359   2.3798044e-09      -23.025851       -23.025851      -6966.9671                                                  -6966.9671
              2      -3507.2236      0.28850259   2.4699694e-09      -23.025851       -23.025851      -6968.3955                                                  -6968.3955
              1      -3506.6357      0.29177623    2.110522e-09      -23.025851       -23.025851      -6967.2197                                                  -6967.2197
              5      -3507.1838      0.35599069   1.7163677e-09      -23.025851       -23.025851      -6968.3159                                                  -6968.3159
              2      -3507.2207      0.33288439    1.836062e-09      -23.025851       -23.025851      -6968.3897                                                  -6968.3897
              2      -3507.2194      0.33291032   1.8341923e-09      -23.025851       -23.025851       -6968.387                                                   -6968.387
              4      -3506.4329      0.27591176   2.3140954e-09      -23.025851       -23.025851      -6966.8141                                                  -6966.8141
              1      -3505.2977      0.28122855   1.9677981e-09      -23.025851       -23.025851      -6964.5436                                                  -6964.5436
              1      -3505.9669      0.29654761   1.8813833e-09      -23.025851       -23.025851      -6965.8821                                                  -6965.8821
              2      -3505.9547      0.29601926   1.8859158e-09      -23.025851       -23.025851      -6965.8577                                                  -6965.8577
              1      -3506.0103      0.31104477   1.7123356e-09      -23.025851       -23.025851      -6965.9688                                                  -6965.9688
              1      -3507.2367      0.33484758   1.8849028e-09      -23.025851       -23.025851      -6968.4218                                                  -6968.4218
              1      -3507.1539      0.33435801   1.7681582e-09      -23.025851       -23.025851      -6968.2561                                                  -6968.2561
              7      -3507.1948      0.34473232   1.6949142e-09      -23.025851       -23.025851      -6968.3379                                                  -6968.3379
              3       -3507.171      0.34652229   1.6616394e-09      -23.025851       -23.025851      -6968.2904                                                  -6968.2904
              3      -3507.2355      0.29629116   2.3539667e-09      -23.025851       -23.025851      -6968.4193                                                  -6968.4193
              3      -3507.1799       0.2836459   2.5022191e-09      -23.025851       -23.025851       -6968.308                                                   -6968.308
              2      -3507.2093      0.32828728   2.0026256e-09      -23.025851       -23.025851       -6968.367                                                   -6968.367
              3      -3507.2282      0.35127654   1.7135853e-09      -23.025851       -23.025851      -6968.4046                                                  -6968.4046
              1      -3505.9097      0.33833635   2.1996904e-09      -23.025851       -23.025851      -6965.7677                                                  -6965.7677
              1       -3507.101      0.30906991   2.3347315e-09      -23.025851       -23.025851      -6968.1503                                                  -6968.1503
              2      -3507.0382      0.30479479   2.4304484e-09      -23.025851       -23.025851      -6968.0247                                                  -6968.0247
              1      -3507.0549      0.30326189   2.4475115e-09      -23.025851       -23.025851      -6968.0581                                                  -6968.0581
              3      -3507.2091      0.29912835   2.4119186e-09      -23.025851       -23.025851      -6968.3664                                                  -6968.3664
              2       -3507.229      0.33868863    1.789317e-09      -23.025851       -23.025851      -6968.4062                                                  -6968.4062
              2      -3507.1945      0.36119548   1.6574627e-09      -23.025851       -23.025851      -6968.3372                                                  -6968.3372
              1      -3507.2114      0.32655335   1.8948027e-09      -23.025851       -23.025851      -6968.3711                                                  -6968.3711
              5      -3506.6506      0.32634841   1.6813081e-09      -23.025851       -23.025851      -6967.2496                                                  -6967.2496
              1      -3506.6117      0.30622425   1.9023829e-09      -23.025851       -23.025851      -6967.1717                                                  -6967.1717
              3      -3505.1934       0.2931988   1.7832631e-09      -23.025851       -23.025851       -6964.335                                                   -6964.335
              1       -3507.019      0.31974777   1.8649364e-09      -23.025851       -23.025851      -6967.9862                                                  -6967.9862
              1      -3506.9938      0.28990376   2.2698756e-09      -23.025851       -23.025851      -6967.9359                                                  -6967.9359
              1      -3507.0205      0.28914704   2.2953474e-09      -23.025851       -23.025851      -6967.9892                                                  -6967.9892
              1       -3506.257      0.26975368   2.3787081e-09      -23.025851       -23.025851      -6966.4623                                                  -6966.4623
              7      -3506.2103      0.26643435   2.4306399e-09      -23.025851       -23.025851       -6966.369                                                   -6966.369
              2      -3506.0175      0.26727427   2.3623841e-09      -23.025851       -23.025851      -6965.9834                                                  -6965.9834
              2      -3505.8451      0.27877762   2.1170194e-09      -23.025851       -23.025851      -6965.6384                                                  -6965.6384
              4      -3505.4369      0.27786859   2.0464044e-09      -23.025851       -23.025851      -6964.8222                                                  -6964.8222
              2      -3504.3451       0.2799925   1.8223571e-09      -23.025851       -23.025851      -6962.6386                                                  -6962.6386
              1      -3506.6564      0.31099963    1.854687e-09      -23.025851       -23.025851      -6967.2611                                                  -6967.2611
              1      -3506.2657      0.30718557   1.8085731e-09      -23.025851       -23.025851      -6966.4796                                                  -6966.4796
              1      -3506.3273      0.32019188   1.6742108e-09      -23.025851       -23.025851      -6966.6028                                                  -6966.6028
              2       -3506.274      0.31825566   1.6840938e-09      -23.025851       -23.025851      -6966.4964                                                  -6966.4964
              1      -3505.9839      0.30032668    1.835698e-09      -23.025851       -23.025851      -6965.9162                                                  -6965.9162
              6      -3504.2134      0.29395933   1.6236471e-09      -23.025851       -23.025851       -6962.375                                                   -6962.375
              1      -3504.2944       0.2942812   1.6313863e-09      -23.025851       -23.025851      -6962.5372                                                  -6962.5372
              1      -3503.6938      0.27719417   1.7609978e-09      -23.025851       -23.025851      -6961.3359                                                  -6961.3359
              1      -3503.1302      0.27628851   1.6912309e-09      -23.025851       -23.025851      -6960.2088                                                  -6960.2088
              4      -3503.9946      0.26590282   1.9784918e-09      -23.025851       -23.025851      -6961.9375                                                  -6961.9375
              1      -3504.4129      0.26848957   2.0079866e-09      -23.025851       -23.025851       -6962.774                                                   -6962.774
              2      -3504.3643      0.26707508   2.0227886e-09      -23.025851       -23.025851      -6962.6769                                                  -6962.6769
              1      -3506.8451      0.29905693   2.0695477e-09      -23.025851       -23.025851      -6967.6385                                                  -6967.6385
              1      -3506.1887      0.29596225   1.9363343e-09      -23.025851       -23.025851      -6966.3257                                                  -6966.3257
              3      -3506.5107      0.31206135   1.8054548e-09      -23.025851       -23.025851      -6966.9698                                                  -6966.9698
              1      -3505.9388      0.27766661   2.1564982e-09      -23.025851       -23.025851       -6965.826                                                   -6965.826
              2      -3505.4815      0.27429814   2.1134609e-09      -23.025851       -23.025851      -6964.9113                                                  -6964.9113
              1      -3506.4319      0.31629982   1.7386935e-09      -23.025851       -23.025851       -6966.812                                                   -6966.812
              1      -3507.2086      0.31874465   2.1262685e-09      -23.025851       -23.025851      -6968.3655                                                  -6968.3655
              1      -3507.2445      0.30787139    2.204469e-09      -23.025851       -23.025851      -6968.4373                                                  -6968.4373
              3       -3505.504      0.29802502   1.7754171e-09      -23.025851       -23.025851      -6964.9563                                                  -6964.9563
              8      -3505.6365      0.31160547   1.6402658e-09      -23.025851       -23.025851      -6965.2212                                                  -6965.2212
              1      -3506.9806      0.31206311   1.9433368e-09      -23.025851       -23.025851      -6967.9095                                                  -6967.9095
              2      -3506.8636      0.29460526   2.1419487e-09      -23.025851       -23.025851      -6967.6755                                                  -6967.6755
              1      -3506.7245      0.29177165   2.1379327e-09      -23.025851       -23.025851      -6967.3973                                                  -6967.3973
              1      -3506.7252      0.29629395   2.0703708e-09      -23.025851       -23.025851      -6967.3987                                                  -6967.3987
              1      -3506.4786      0.28916792   2.1058647e-09      -23.025851       -23.025851      -6966.9056                                                  -6966.9056
              2      -3506.3427      0.29039607    2.052056e-09      -23.025851       -23.025851      -6966.6338                                                  -6966.6338
              1      -3505.7194      0.29645138   1.8344082e-09      -23.025851       -23.025851      -6965.3871                                                  -6965.3871
              3      -3505.3309      0.29128347   1.8318843e-09      -23.025851       -23.025851        -6964.61                                                    -6964.61
              1      -3505.5008      0.30305743   1.7139236e-09      -23.025851       -23.025851      -6964.9499                                                  -6964.9499
              4      -3506.5824       0.3057738   1.9004781e-09      -23.025851       -23.025851      -6967.1131                                                  -6967.1131
              2      -3506.6613      0.31818481     2.34233e-09      -23.025851       -23.025851      -6967.2709                                                  -6967.2709
              4      -3506.7803      0.31847279   2.3085814e-09      -23.025851       -23.025851      -6967.5089                                                  -6967.5089
              2      -3506.8079      0.31833601    2.303101e-09      -23.025851       -23.025851      -6967.5641                                                  -6967.5641
              2      -3507.0942      0.32582572   2.1040906e-09      -23.025851       -23.025851      -6968.1368                                                  -6968.1368
              1      -3507.2412      0.31376163   2.0975124e-09      -23.025851       -23.025851      -6968.4307                                                  -6968.4307
              1      -3507.2374      0.31722658   2.0423878e-09      -23.025851       -23.025851      -6968.4231                                                  -6968.4231
              4       -3507.242       0.3084086   2.2166915e-09      -23.025851       -23.025851      -6968.4323                                                  -6968.4323
              2      -3507.0221      0.30669721   2.4071887e-09      -23.025851       -23.025851      -6967.9925                                                  -6967.9925
              2      -3507.2077      0.30721232   2.2897082e-09      -23.025851       -23.025851      -6968.3636                                                  -6968.3636
              5      -3507.1216      0.28155077   2.4922807e-09      -23.025851       -23.025851      -6968.1915                                                  -6968.1915
              3      -3506.4568      0.28011998   2.2468723e-09      -23.025851       -23.025851      -6966.8619                                                  -6966.8619
              3       -3507.201      0.29921301   2.2507878e-09      -23.025851       -23.025851      -6968.3502                                                  -6968.3502
              1      -3506.9855      0.31830264   2.2487386e-09      -23.025851       -23.025851      -6967.9192                                                  -6967.9192
              2      -3506.3051      0.34246276    2.090348e-09      -23.025851       -23.025851      -6966.5586                                                  -6966.5586
              1      -3506.9038      0.31589077   2.3105446e-09      -23.025851       -23.025851      -6967.7558                                                  -6967.7558
              1      -3507.2436       0.3113113   2.1702735e-09      -23.025851       -23.025851      -6968.4354                                                  -6968.4354
              1      -3506.5746      0.34985012   1.9593406e-09      -23.025851       -23.025851      -6967.0975                                                  -6967.0975
              2      -3506.5053      0.34965088   1.9741255e-09      -23.025851       -23.025851      -6966.9589                                                  -6966.9589
              1      -3506.5047      0.34197668   2.0618295e-09      -23.025851       -23.025851      -6966.9577                                                  -6966.9577
              2        -3506.65      0.34632684   1.9838455e-09      -23.025851       -23.025851      -6967.2482                                                  -6967.2482
              2      -3507.1782      0.31184842    2.047217e-09      -23.025851       -23.025851      -6968.3048                                                  -6968.3048
              4      -3506.9115       0.3374769   2.0241325e-09      -23.025851       -23.025851      -6967.7713                                                  -6967.7713
              2      -3507.2353       0.3434942   1.7630337e-09      -23.025851       -23.025851      -6968.4189                                                  -6968.4189
              2      -3507.2257      0.33519525   1.9009719e-09      -23.025851       -23.025851      -6968.3998                                                  -6968.3998
              1      -3507.1255      0.33067628   1.7909211e-09      -23.025851       -23.025851      -6968.1994                                                  -6968.1994
              1      -3507.1569      0.34481738   1.6685011e-09      -23.025851       -23.025851      -6968.2621                                                  -6968.2621
              4      -3506.9599      0.33791082   1.6517495e-09      -23.025851       -23.025851      -6967.8681                                                  -6967.8681
              6      -3506.9809      0.31817129   1.8687895e-09      -23.025851       -23.025851      -6967.9102                                                  -6967.9102
              1      -3506.3584      0.34904942   2.0055917e-09      -23.025851       -23.025851       -6966.665                                                   -6966.665
              5      -3506.3203      0.34381369   2.0718587e-09      -23.025851       -23.025851       -6966.589                                                   -6966.589
              7       -3506.796      0.35022748   1.9097152e-09      -23.025851       -23.025851      -6967.5403                                                  -6967.5403
              2      -3506.8299      0.34303964   1.9810414e-09      -23.025851       -23.025851      -6967.6081                                                  -6967.6081
              1       -3507.183      0.34232281   1.8597222e-09      -23.025851       -23.025851      -6968.3142                                                  -6968.3142
              1      -3507.0651      0.33956416   1.9493714e-09      -23.025851       -23.025851      -6968.0786                                                  -6968.0786
              3      -3507.2076      0.31351149    2.050399e-09      -23.025851       -23.025851      -6968.3634                                                  -6968.3634
              1      -3507.0591      0.33236127    1.742843e-09      -23.025851       -23.025851      -6968.0665                                                  -6968.0665
              1      -3507.1097      0.33447644   1.7436466e-09      -23.025851       -23.025851      -6968.1677                                                  -6968.1677
              1      -3507.2224      0.34586004   1.7843526e-09      -23.025851       -23.025851      -6968.3931                                                  -6968.3931
              1      -3507.2086      0.33813432   1.8862014e-09      -23.025851       -23.025851      -6968.3654                                                  -6968.3654
              1      -3507.0403      0.32265636   2.1684678e-09      -23.025851       -23.025851      -6968.0289                                                  -6968.0289
              5      -3507.0986      0.29851699   2.1862779e-09      -23.025851       -23.025851      -6968.1455                                                  -6968.1455
              3      -3507.2347      0.31619276   2.0502929e-09      -23.025851       -23.025851      -6968.4177                                                  -6968.4177
              1      -3507.0806      0.34174823   1.6596974e-09      -23.025851       -23.025851      -6968.1095                                                  -6968.1095
              1      -3507.0719      0.36312034   1.7032415e-09      -23.025851       -23.025851       -6968.092                                                   -6968.092
              4      -3506.6702      0.33198071   2.1515706e-09      -23.025851       -23.025851      -6967.2887                                                  -6967.2887
              1      -3506.8185      0.31081645    1.903286e-09      -23.025851       -23.025851      -6967.5853                                                  -6967.5853
              2      -3506.5816      0.32141822   1.7167369e-09      -23.025851       -23.025851      -6967.1114                                                  -6967.1114
              1      -3506.8288      0.30708079   1.9542195e-09      -23.025851       -23.025851      -6967.6059                                                  -6967.6059
              1      -3506.1834      0.29476858   1.9516104e-09      -23.025851       -23.025851      -6966.3152                                                  -6966.3152
              5      -3507.1594      0.29244699     2.56822e-09      -23.025851       -23.025851      -6968.2672                                                  -6968.2672
              6      -3507.2309      0.28812879   2.5476569e-09      -23.025851       -23.025851      -6968.4101                                                  -6968.4101
              2      -3507.2272      0.28541407   2.5434641e-09      -23.025851       -23.025851      -6968.4027                                                  -6968.4027
              4      -3507.2271      0.28540094   2.5433706e-09      -23.025851       -23.025851      -6968.4025                                                  -6968.4025
              1      -3506.7622      0.27101716   2.5184662e-09      -23.025851       -23.025851      -6967.4728                                                  -6967.4728
              2      -3506.4486      0.31684204    2.408392e-09      -23.025851       -23.025851      -6966.8455                                                  -6966.8455
              1      -3506.4877      0.31607387   2.4120316e-09      -23.025851       -23.025851      -6966.9237                                                  -6966.9237
              1      -3507.0576      0.32113776    2.181968e-09      -23.025851       -23.025851      -6968.0634                                                  -6968.0634
              4      -3507.2182      0.32237256   1.9505058e-09      -23.025851       -23.025851      -6968.3847                                                  -6968.3847
              1        -3507.13      0.33742245   1.9456306e-09      -23.025851       -23.025851      -6968.2082                                                  -6968.2082
              1      -3507.0073      0.32784535   2.1126944e-09      -23.025851       -23.025851      -6967.9629                                                  -6967.9629
              5      -3507.1076       0.2824858   2.4644121e-09      -23.025851       -23.025851      -6968.1635                                                  -6968.1635
              2       -3507.187       0.2825278   2.5320629e-09      -23.025851       -23.025851      -6968.3223                                                  -6968.3223
              2      -3506.9238      0.30226729   2.0522675e-09      -23.025851       -23.025851      -6967.7959                                                  -6967.7959
              5      -3507.2329      0.34056091   1.7796143e-09      -23.025851       -23.025851      -6968.4141                                                  -6968.4141
              3      -3507.1917      0.34116561   1.7258276e-09      -23.025851       -23.025851      -6968.3316                                                  -6968.3316
              1      -3507.2322       0.3364205   1.8171067e-09      -23.025851       -23.025851      -6968.4127                                                  -6968.4127
              1      -3507.2345      0.30595266   2.2715183e-09      -23.025851       -23.025851      -6968.4172                                                  -6968.4172
              1      -3506.2961      0.27852853   2.2299263e-09      -23.025851       -23.025851      -6966.5406                                                  -6966.5406
              2      -3506.9863      0.28131924   2.4166139e-09      -23.025851       -23.025851       -6967.921                                                   -6967.921
              1       -3507.243      0.31836329   2.0777692e-09      -23.025851       -23.025851      -6968.4342                                                  -6968.4342
              2       -3507.174      0.32089605   2.1251657e-09      -23.025851       -23.025851      -6968.2963                                                  -6968.2963
              1      -3507.1148      0.31988994   2.1729114e-09      -23.025851       -23.025851      -6968.1779                                                  -6968.1779
              3      -3507.1658      0.30801352   2.3125438e-09      -23.025851       -23.025851      -6968.2798                                                  -6968.2798
              1      -3507.2249      0.33577374   1.8953372e-09      -23.025851       -23.025851      -6968.3981                                                  -6968.3981
              1      -3507.2274      0.35071094   1.7219816e-09      -23.025851       -23.025851      -6968.4031                                                  -6968.4031
              2      -3506.5691      0.36425351   1.8121823e-09      -23.025851       -23.025851      -6967.0865                                                  -6967.0865
              2       -3507.137      0.35370006   1.7666927e-09      -23.025851       -23.025851      -6968.2223                                                  -6968.2223
              2      -3507.1329      0.34801115   1.8272466e-09      -23.025851       -23.025851      -6968.2142                                                  -6968.2142
              1       -3507.086      0.29288195   2.2682065e-09      -23.025851       -23.025851      -6968.1204                                                  -6968.1204
              1      -3505.6561      0.32358614   2.4365552e-09      -23.025851       -23.025851      -6965.2604                                                  -6965.2604
              5      -3505.9267      0.31211641   2.5754737e-09      -23.025851       -23.025851      -6965.8017                                                  -6965.8017
              1      -3507.1728      0.30140845   2.1912811e-09      -23.025851       -23.025851      -6968.2938                                                  -6968.2938
              4       -3507.245      0.31932925    2.046813e-09      -23.025851       -23.025851      -6968.4382                                                  -6968.4382
              1      -3507.2415      0.31877091   2.0332656e-09      -23.025851       -23.025851      -6968.4313                                                  -6968.4313
              2      -3506.9904      0.32378924   1.8078712e-09      -23.025851       -23.025851      -6967.9291                                                  -6967.9291
              2       -3507.239       0.2981426   2.3334336e-09      -23.025851       -23.025851      -6968.4262                                                  -6968.4262
              2      -3507.2382      0.29803422   2.3319267e-09      -23.025851       -23.025851      -6968.4246                                                  -6968.4246
              5      -3507.2083       0.3470039    1.686419e-09      -23.025851       -23.025851      -6968.3649                                                  -6968.3649
              2      -3507.1995      0.34780252   1.6711068e-09      -23.025851       -23.025851      -6968.3472                                                  -6968.3472
              1      -3507.2375      0.32112836   2.0564268e-09      -23.025851       -23.025851      -6968.4233                                                  -6968.4233
              1      -3507.1054      0.31882823   1.9144732e-09      -23.025851       -23.025851       -6968.159                                                   -6968.159
              3      -3507.1901      0.34074357   1.7286762e-09      -23.025851       -23.025851      -6968.3285                                                  -6968.3285
              4      -3507.2272      0.33556466   1.8171249e-09      -23.025851       -23.025851      -6968.4026                                                  -6968.4026
              1      -3507.2356      0.34413907   1.7619913e-09      -23.025851       -23.025851      -6968.4196                                                  -6968.4196
              2      -3507.1568       0.3425683   1.8733952e-09      -23.025851       -23.025851      -6968.2618                                                  -6968.2618
              3      -3507.0169      0.36437653   1.7102487e-09      -23.025851       -23.025851      -6967.9821                                                  -6967.9821
              2      -3506.6439      0.31246055   1.8338096e-09      -23.025851       -23.025851      -6967.2362                                                  -6967.2362
              2      -3507.2257      0.35402464   1.6528535e-09      -23.025851       -23.025851      -6968.3997                                                  -6968.3997
              3      -3507.1955      0.35237494   1.6281972e-09      -23.025851       -23.025851      -6968.3393                                                  -6968.3393
              2      -3506.1403      0.35643443   1.9575646e-09      -23.025851       -23.025851      -6966.2289                                                  -6966.2289
              2      -3506.8472      0.31185344   2.3880128e-09      -23.025851       -23.025851      -6967.6426                                                  -6967.6426
              1      -3506.6869      0.31653425   2.3605213e-09      -23.025851       -23.025851       -6967.322                                                   -6967.322
              4      -3506.0799      0.33303053   2.2439441e-09      -23.025851       -23.025851       -6966.108                                                   -6966.108
              3      -3506.1524      0.33298914   2.2332738e-09      -23.025851       -23.025851       -6966.253                                                   -6966.253
              4      -3506.0874      0.33365599   2.2345575e-09      -23.025851       -23.025851       -6966.123                                                   -6966.123
              3      -3506.4882       0.2853873   2.1680422e-09      -23.025851       -23.025851      -6966.9247                                                  -6966.9247
              1      -3506.9526      0.29435284   2.1804414e-09      -23.025851       -23.025851      -6967.8535                                                  -6967.8535
              1      -3506.9061      0.28202775   2.3669204e-09      -23.025851       -23.025851      -6967.7606                                                  -6967.7606
              1      -3507.1642      0.32688201   1.8543291e-09      -23.025851       -23.025851      -6968.2767                                                  -6968.2767
              1      -3507.1727      0.33576431   1.9409423e-09      -23.025851       -23.025851      -6968.2937                                                  -6968.2937
              1      -3507.1996      0.30014527   2.2347091e-09      -23.025851       -23.025851      -6968.3475                                                  -6968.3475
              3      -3507.0662      0.29922276   2.1581221e-09      -23.025851       -23.025851      -6968.0807                                                  -6968.0807
              6      -3507.0253       0.2833624   2.3990424e-09      -23.025851       -23.025851      -6967.9989                                                  -6967.9989
              1      -3506.9728      0.28377362   2.3654857e-09      -23.025851       -23.025851      -6967.8939                                                  -6967.8939
              2      -3507.1544      0.32340356    2.104561e-09      -23.025851       -23.025851      -6968.2572                                                  -6968.2572
              1      -3506.8163       0.3217493   2.2525815e-09      -23.025851       -23.025851      -6967.5809                                                  -6967.5809
              1      -3506.1401      0.33206307   2.2474873e-09      -23.025851       -23.025851      -6966.2285                                                  -6966.2285
              1       -3506.029      0.32720367   2.3309468e-09      -23.025851       -23.025851      -6966.0064                                                  -6966.0064
              1      -3506.3839      0.31112599   2.5103558e-09      -23.025851       -23.025851      -6966.7161                                                  -6966.7161
              1      -3507.1199      0.29213757   2.3011192e-09      -23.025851       -23.025851      -6968.1882                                                  -6968.1882
              4      -3506.8972      0.27450109   2.5053101e-09      -23.025851       -23.025851      -6967.7428                                                  -6967.7428
              3      -3507.2294       0.3176681   2.0225988e-09      -23.025851       -23.025851       -6968.407                                                   -6968.407
              1      -3507.1344      0.32964822    2.036331e-09      -23.025851       -23.025851      -6968.2171                                                  -6968.2171
              1      -3507.0138      0.32491952   2.1484027e-09      -23.025851       -23.025851      -6967.9758                                                  -6967.9758
              5      -3507.0838      0.29383233   2.2514635e-09      -23.025851       -23.025851      -6968.1159                                                  -6968.1159
              3      -3506.8406      0.27267139    2.517088e-09      -23.025851       -23.025851      -6967.6295                                                  -6967.6295
              4       -3507.015      0.32114992   2.1985101e-09      -23.025851       -23.025851      -6967.9783                                                  -6967.9783
              2        -3507.11      0.33162413   1.7731312e-09      -23.025851       -23.025851      -6968.1682                                                  -6968.1682
              3      -3507.0627      0.33454433   1.7221192e-09      -23.025851       -23.025851      -6968.0736                                                  -6968.0736
              3      -3507.1343      0.28947618   2.3562814e-09      -23.025851       -23.025851       -6968.217                                                   -6968.217
              4      -3506.8737      0.28968351   2.2230262e-09      -23.025851       -23.025851      -6967.6957                                                  -6967.6957
              2      -3507.0132      0.29192397   2.2459324e-09      -23.025851       -23.025851      -6967.9747                                                  -6967.9747
              3      -3507.0186      0.27805214   2.4953756e-09      -23.025851       -23.025851      -6967.9855                                                  -6967.9855
              3      -3507.0968       0.3072064   2.3652549e-09      -23.025851       -23.025851      -6968.1419                                                  -6968.1419
              5      -3507.1128      0.30832647   2.3399012e-09      -23.025851       -23.025851      -6968.1739                                                  -6968.1739
              4      -3507.1191      0.29638407    2.231644e-09      -23.025851       -23.025851      -6968.1866                                                  -6968.1866
              1       -3507.167      0.31185635   2.0389258e-09      -23.025851       -23.025851      -6968.2823                                                  -6968.2823
              4      -3507.2408      0.31610913   2.0651853e-09      -23.025851       -23.025851      -6968.4299                                                  -6968.4299
              4      -3507.2118      0.32514643    2.039648e-09      -23.025851       -23.025851      -6968.3718                                                  -6968.3718
              2      -3507.2366      0.32292143   2.0349067e-09      -23.025851       -23.025851      -6968.4216                                                  -6968.4216
              2      -3507.2399      0.31941199   2.0208031e-09      -23.025851       -23.025851      -6968.4282                                                  -6968.4282
              1      -3506.8934       0.3312143   2.1058937e-09      -23.025851       -23.025851      -6967.7351                                                  -6967.7351
              1      -3507.1959      0.29894144   2.2498929e-09      -23.025851       -23.025851        -6968.34                                                    -6968.34
              6       -3506.953      0.30766959   1.9896345e-09      -23.025851       -23.025851      -6967.8542                                                  -6967.8542
              2      -3507.2339      0.30731065   2.1716448e-09      -23.025851       -23.025851      -6968.4162                                                  -6968.4162
              3      -3507.2422      0.30748439   2.1911715e-09      -23.025851       -23.025851      -6968.4327                                                  -6968.4327
              3       -3507.221      0.31658931   2.0251492e-09      -23.025851       -23.025851      -6968.3904                                                  -6968.3904
              1      -3507.2203      0.31668795   2.0229245e-09      -23.025851       -23.025851      -6968.3888                                                  -6968.3888
              1      -3506.9932      0.33578555   2.0192445e-09      -23.025851       -23.025851      -6967.9348                                                  -6967.9348
              1      -3506.8614      0.32628524   2.1786206e-09      -23.025851       -23.025851       -6967.671                                                   -6967.671
              1      -3506.9187      0.32148681   2.2265802e-09      -23.025851       -23.025851      -6967.7857                                                  -6967.7857
              1      -3507.2355      0.31630312   2.1246969e-09      -23.025851       -23.025851      -6968.4192                                                  -6968.4192
              1      -3506.5505      0.27811401   2.3098484e-09      -23.025851       -23.025851      -6967.0494                                                  -6967.0494
              2      -3506.4563      0.27991933   2.2501433e-09      -23.025851       -23.025851      -6966.8609                                                  -6966.8609
              2      -3506.3787      0.27849292   2.2529346e-09      -23.025851       -23.025851      -6966.7058                                                  -6966.7058
              2      -3507.2022      0.31420204   2.0361609e-09      -23.025851       -23.025851      -6968.3527                                                  -6968.3527
              1      -3507.2292      0.35352143   1.6815813e-09      -23.025851       -23.025851      -6968.4067                                                  -6968.4067
              1      -3507.2271      0.32957585   1.9666893e-09      -23.025851       -23.025851      -6968.4026                                                  -6968.4026
              3      -3506.7791      0.31443105   1.8473733e-09      -23.025851       -23.025851      -6967.5065                                                  -6967.5065
              3      -3507.1588      0.34845643   1.8088937e-09      -23.025851       -23.025851      -6968.2659                                                  -6968.2659
             14      -3507.1878      0.36216608   1.6536392e-09      -23.025851       -23.025851      -6968.3239                                                  -6968.3239
              1      -3506.9036      0.35275028   1.8567465e-09      -23.025851       -23.025851      -6967.7556                                                  -6967.7556
              1      -3506.2236      0.32469448   2.3350681e-09      -23.025851       -23.025851      -6966.3955                                                  -6966.3955
              4      -3506.7406      0.27920514   2.3533358e-09      -23.025851       -23.025851      -6967.4295                                                  -6967.4295
              1       -3507.241      0.29901956   2.3295787e-09      -23.025851       -23.025851      -6968.4304                                                  -6968.4304
              1      -3507.1453      0.31700221   2.1960608e-09      -23.025851       -23.025851      -6968.2388                                                  -6968.2388
              2      -3507.0007      0.31693024   2.2626345e-09      -23.025851       -23.025851      -6967.9497                                                  -6967.9497
              6      -3507.1578      0.30585483   2.3506839e-09      -23.025851       -23.025851      -6968.2639                                                  -6968.2639
              1      -3507.1896      0.33690086   1.9161231e-09      -23.025851       -23.025851      -6968.3275                                                  -6968.3275
              3      -3505.3857       0.2998825   1.7323559e-09      -23.025851       -23.025851      -6964.7196                                                  -6964.7196
              4      -3505.9737      0.30508711   1.7748138e-09      -23.025851       -23.025851      -6965.8956                                                  -6965.8956
              1      -3506.1225      0.30597299   1.7934936e-09      -23.025851       -23.025851      -6966.1933                                                  -6966.1933
              1      -3506.5745      0.31541919   1.7816515e-09      -23.025851       -23.025851      -6967.0973                                                  -6967.0973
              2      -3506.9355      0.28342017   2.3547599e-09      -23.025851       -23.025851      -6967.8193                                                  -6967.8193
              2      -3506.7846      0.28621558   2.2472166e-09      -23.025851       -23.025851      -6967.5176                                                  -6967.5176
              4      -3507.2061      0.31149139    2.076073e-09      -23.025851       -23.025851      -6968.3606                                                  -6968.3606
              1       -3507.117      0.33494227   1.7424421e-09      -23.025851       -23.025851      -6968.1824                                                  -6968.1824
              1      -3507.2374      0.33075737   1.8854333e-09      -23.025851       -23.025851       -6968.423                                                   -6968.423
              2      -3506.5581      0.29283586   2.0723072e-09      -23.025851       -23.025851      -6967.0645                                                  -6967.0645
              2      -3507.2414      0.32819289   1.9539991e-09      -23.025851       -23.025851      -6968.4311                                                  -6968.4311
              2      -3507.2047      0.32251456   1.9350694e-09      -23.025851       -23.025851      -6968.3577                                                  -6968.3577
              5      -3506.7928      0.27979772   2.3618102e-09      -23.025851       -23.025851       -6967.534                                                   -6967.534
              1        -3506.67      0.28987962     2.15015e-09      -23.025851       -23.025851      -6967.2884                                                  -6967.2884
              1      -3507.1519      0.30608691   2.1076528e-09      -23.025851       -23.025851      -6968.2521                                                  -6968.2521
              3      -3507.2374      0.30889059   2.1559865e-09      -23.025851       -23.025851      -6968.4232                                                  -6968.4232
              4      -3507.1487      0.32083857   2.1418021e-09      -23.025851       -23.025851      -6968.2457                                                  -6968.2457
              1       -3507.204      0.33198175   1.9624486e-09      -23.025851       -23.025851      -6968.3563                                                  -6968.3563
              1       -3506.746      0.29192602   2.1425139e-09      -23.025851       -23.025851      -6967.4403                                                  -6967.4403
              1       -3506.294      0.29964773   1.9104096e-09      -23.025851       -23.025851      -6966.5363                                                  -6966.5363
              2      -3506.5645      0.26915366    2.484433e-09      -23.025851       -23.025851      -6967.0773                                                  -6967.0773
              1      -3507.1176      0.29966571   2.1799144e-09      -23.025851       -23.025851      -6968.1834                                                  -6968.1834
              1      -3507.2389       0.3051554   2.2723567e-09      -23.025851       -23.025851      -6968.4262                                                  -6968.4262
              2      -3506.7699      0.31986592   2.2913249e-09      -23.025851       -23.025851      -6967.4881                                                  -6967.4881
              1      -3507.1956      0.30265402   2.1922011e-09      -23.025851       -23.025851      -6968.3395                                                  -6968.3395
              1      -3507.2144      0.31193397   2.0786799e-09      -23.025851       -23.025851       -6968.377                                                   -6968.377
              5       -3507.206      0.30880967   2.1128132e-09      -23.025851       -23.025851      -6968.3603                                                  -6968.3603
              3       -3506.545      0.27595763   2.3471555e-09      -23.025851       -23.025851      -6967.0383                                                  -6967.0383
              2      -3506.8699      0.29800756   2.0934977e-09      -23.025851       -23.025851      -6967.6881                                                  -6967.6881
              1      -3506.8742      0.28415373   2.3160616e-09      -23.025851       -23.025851      -6967.6967                                                  -6967.6967
              3      -3505.6623       0.2652025   2.3155576e-09      -23.025851       -23.025851      -6965.2729                                                  -6965.2729
              1      -3506.0155      0.28364598   2.0774913e-09      -23.025851       -23.025851      -6965.9793                                                  -6965.9793
              1      -3507.0702      0.30014531   2.1464402e-09      -23.025851       -23.025851      -6968.0887                                                  -6968.0887
              2      -3506.8443      0.28811621    2.237507e-09      -23.025851       -23.025851      -6967.6369                                                  -6967.6369
              7       -3507.201      0.34357113    1.832193e-09      -23.025851       -23.025851      -6968.3503                                                  -6968.3503
              2      -3507.1494      0.33667958   1.9440944e-09      -23.025851       -23.025851      -6968.2471                                                  -6968.2471
              1       -3506.481      0.27667876   2.3144639e-09      -23.025851       -23.025851      -6966.9104                                                  -6966.9104
              1      -3505.9909      0.27042614   2.2961277e-09      -23.025851       -23.025851      -6965.9301                                                  -6965.9301
              1      -3506.2273      0.28980437   2.0328361e-09      -23.025851       -23.025851      -6966.4029                                                  -6966.4029
              4      -3507.1393      0.31910906   1.9294211e-09      -23.025851       -23.025851      -6968.2268                                                  -6968.2268
              2      -3507.1834       0.3138816   2.0243965e-09      -23.025851       -23.025851      -6968.3151                                                  -6968.3151
              1      -3507.2373      0.31947422    2.013946e-09      -23.025851       -23.025851       -6968.423                                                   -6968.423
              2       -3507.245      0.31312915   2.1351659e-09      -23.025851       -23.025851      -6968.4383                                                  -6968.4383
              1       -3507.241      0.31574515    2.119532e-09      -23.025851       -23.025851      -6968.4303                                                  -6968.4303
              1      -3507.2166      0.29597558   2.4526657e-09      -23.025851       -23.025851      -6968.3815                                                  -6968.3815
              3      -3506.8007      0.27446386   2.4651248e-09      -23.025851       -23.025851      -6967.5496                                                  -6967.5496
              2      -3507.2238      0.34839599   1.7544925e-09      -23.025851       -23.025851      -6968.3959                                                  -6968.3959
              1      -3507.2313      0.34020314   1.8334638e-09      -23.025851       -23.025851      -6968.4108                                                  -6968.4108
              2      -3507.1772      0.33660096   1.7599948e-09      -23.025851       -23.025851      -6968.3026                                                  -6968.3026
              1      -3507.2208      0.33473021   1.8171327e-09      -23.025851       -23.025851      -6968.3899                                                  -6968.3899
              1      -3506.9688      0.33641849   2.0196165e-09      -23.025851       -23.025851      -6967.8858                                                  -6967.8858
              1      -3506.7773      0.27046126   2.5357903e-09      -23.025851       -23.025851      -6967.5028                                                  -6967.5028
              2       -3505.893      0.32921034   2.3230925e-09      -23.025851       -23.025851      -6965.7342                                                  -6965.7342
              1      -3507.0446      0.31133078   2.3269225e-09      -23.025851       -23.025851      -6968.0375                                                  -6968.0375
              2       -3507.194      0.33601771   1.9230088e-09      -23.025851       -23.025851      -6968.3363                                                  -6968.3363
              1      -3507.1547      0.33612219   1.9475982e-09      -23.025851       -23.025851      -6968.2577                                                  -6968.2577
              1      -3507.0409      0.34223828   1.9281756e-09      -23.025851       -23.025851        -6968.03                                                    -6968.03
              2      -3506.9858      0.34061851   1.9651386e-09      -23.025851       -23.025851        -6967.92                                                    -6967.92
              3      -3506.9995      0.33363125   2.0431313e-09      -23.025851       -23.025851      -6967.9473                                                  -6967.9473
              5      -3507.2311      0.31878526   2.0988901e-09      -23.025851       -23.025851      -6968.4105                                                  -6968.4105
              3      -3507.0304      0.30902414   2.3677096e-09      -23.025851       -23.025851      -6968.0091                                                  -6968.0091
              1      -3506.8309      0.31193008   2.3916611e-09      -23.025851       -23.025851        -6967.61                                                    -6967.61
              1      -3507.0634      0.29445273   2.5917632e-09      -23.025851       -23.025851      -6968.0751                                                  -6968.0751
              1      -3506.9704      0.29307545   2.2080386e-09      -23.025851       -23.025851      -6967.8891                                                  -6967.8891
              3      -3507.1742      0.30819499    2.093951e-09      -23.025851       -23.025851      -6968.2968                                                  -6968.2968
              2      -3506.1491      0.32107518   2.3999482e-09      -23.025851       -23.025851      -6966.2464                                                  -6966.2464
              1      -3507.0139      0.30216542   2.4833194e-09      -23.025851       -23.025851      -6967.9762                                                  -6967.9762
              7      -3507.1453      0.30699696   2.3413516e-09      -23.025851       -23.025851      -6968.2388                                                  -6968.2388
              3      -3506.9932      0.31935402   2.2312353e-09      -23.025851       -23.025851      -6967.9346                                                  -6967.9346
              1      -3506.5722      0.31482617   2.4128205e-09      -23.025851       -23.025851      -6967.0926                                                  -6967.0926
              1      -3507.2322      0.29816515   2.3918082e-09      -23.025851       -23.025851      -6968.4127                                                  -6968.4127
              3      -3507.2419      0.33145423   1.8988875e-09      -23.025851       -23.025851      -6968.4321                                                  -6968.4321
              1      -3507.2451      0.31256418   2.1400703e-09      -23.025851       -23.025851      -6968.4385                                                  -6968.4385
              1      -3506.7055      0.29613968   2.0665734e-09      -23.025851       -23.025851      -6967.3593                                                  -6967.3593
              3      -3507.1369      0.34481488   1.8594514e-09      -23.025851       -23.025851      -6968.2221                                                  -6968.2221
              1      -3507.0529      0.34334695   1.9114035e-09      -23.025851       -23.025851      -6968.0542                                                  -6968.0542
              3      -3507.1415      0.32438371   2.0992778e-09      -23.025851       -23.025851      -6968.2312                                                  -6968.2312
              2       -3507.162      0.34962679   1.7948528e-09      -23.025851       -23.025851      -6968.2722                                                  -6968.2722
              5      -3507.1791      0.33113368   1.8178752e-09      -23.025851       -23.025851      -6968.3064                                                  -6968.3064
              4      -3506.2561      0.31164873   2.5265543e-09      -23.025851       -23.025851      -6966.4604                                                  -6966.4604
             10       -3507.238      0.33429007   1.8882322e-09      -23.025851       -23.025851      -6968.4242                                                  -6968.4242
              8      -3506.4525      0.31641854   1.7419656e-09      -23.025851       -23.025851      -6966.8533                                                  -6966.8533
              3      -3506.4131      0.30649065   1.8499671e-09      -23.025851       -23.025851      -6966.7744                                                  -6966.7744
              1      -3506.0169      0.30692437   1.7612085e-09      -23.025851       -23.025851       -6965.982                                                   -6965.982
              5      -3506.5701      0.30537943   1.9023469e-09      -23.025851       -23.025851      -6967.0885                                                  -6967.0885
              2      -3506.1425      0.30503695   1.8089611e-09      -23.025851       -23.025851      -6966.2333                                                  -6966.2333
              1       -3507.076      0.30327596   2.1037577e-09      -23.025851       -23.025851      -6968.1003                                                  -6968.1003
              2      -3507.1998      0.29597173   2.3021061e-09      -23.025851       -23.025851       -6968.348                                                   -6968.348
              1      -3507.1868      0.29234637   2.3499954e-09      -23.025851       -23.025851      -6968.3219                                                  -6968.3219
              1      -3506.5775      0.27868623    2.308046e-09      -23.025851       -23.025851      -6967.1032                                                  -6967.1032
              1      -3506.9836      0.29829055   2.1336552e-09      -23.025851       -23.025851      -6967.9156                                                  -6967.9156
              1      -3506.8441      0.30809786   2.4473803e-09      -23.025851       -23.025851      -6967.6366                                                  -6967.6366
              1      -3507.1141      0.29653433   2.2261657e-09      -23.025851       -23.025851      -6968.1765                                                  -6968.1765
              3      -3507.2391       0.3255627     1.94604e-09      -23.025851       -23.025851      -6968.4265                                                  -6968.4265
              4      -3507.2434      0.32002051   2.0251803e-09      -23.025851       -23.025851      -6968.4351                                                  -6968.4351
              8      -3507.2391      0.33519317   1.8725839e-09      -23.025851       -23.025851      -6968.4265                                                  -6968.4265
              1      -3507.1345      0.35936907   1.7122697e-09      -23.025851       -23.025851      -6968.2172                                                  -6968.2172
              1       -3507.124      0.35930975    1.717803e-09      -23.025851       -23.025851      -6968.1963                                                  -6968.1963
              1      -3507.1089      0.35932342    1.724418e-09      -23.025851       -23.025851      -6968.1661                                                  -6968.1661
              2      -3507.2432      0.32141792   2.0074382e-09      -23.025851       -23.025851      -6968.4347                                                  -6968.4347
              1      -3507.2135      0.30656874   2.2929697e-09      -23.025851       -23.025851      -6968.3753                                                  -6968.3753
              2      -3507.2373      0.29542345   2.4170254e-09      -23.025851       -23.025851       -6968.423                                                   -6968.423
              1      -3507.2372      0.29530059   2.3786116e-09      -23.025851       -23.025851      -6968.4226                                                  -6968.4226
              1      -3507.0878      0.31866725   2.2025894e-09      -23.025851       -23.025851      -6968.1239                                                  -6968.1239
              1      -3505.2823      0.34628166   2.1768045e-09      -23.025851       -23.025851      -6964.5129                                                  -6964.5129
              1      -3505.2664      0.34592062   2.1828976e-09      -23.025851       -23.025851      -6964.4812                                                  -6964.4812
              2      -3506.2147      0.32252288   2.3677573e-09      -23.025851       -23.025851      -6966.3776                                                  -6966.3776
              1      -3506.6382      0.31262917   2.4313608e-09      -23.025851       -23.025851      -6967.2248                                                  -6967.2248
              2      -3507.1829      0.31593126   2.1862438e-09      -23.025851       -23.025851       -6968.314                                                   -6968.314
              1      -3507.2344      0.34639541   1.7423978e-09      -23.025851       -23.025851      -6968.4171                                                  -6968.4171
              2      -3507.2036      0.31685856   2.1564885e-09      -23.025851       -23.025851      -6968.3555                                                  -6968.3555
              1      -3507.1713      0.32552527   2.0667092e-09      -23.025851       -23.025851       -6968.291                                                   -6968.291
              2      -3506.2608      0.33503273   2.1894419e-09      -23.025851       -23.025851      -6966.4698                                                  -6966.4698
              1       -3506.126       0.3221059   2.3886504e-09      -23.025851       -23.025851      -6966.2003                                                  -6966.2003
              2      -3506.3294      0.35079041   1.9908354e-09      -23.025851       -23.025851      -6966.6072                                                  -6966.6072
              2      -3506.9756       0.2961266   2.1628705e-09      -23.025851       -23.025851      -6967.8996                                                  -6967.8996
              2      -3507.1805      0.29488979   2.3010773e-09      -23.025851       -23.025851      -6968.3094                                                  -6968.3094
              2      -3507.1305      0.29180908   2.3136558e-09      -23.025851       -23.025851      -6968.2094                                                  -6968.2094
              6      -3507.1847      0.29026566   2.3842164e-09      -23.025851       -23.025851      -6968.3176                                                  -6968.3176
              1      -3507.1842       0.2919829   2.3536817e-09      -23.025851       -23.025851      -6968.3166                                                  -6968.3166
              2      -3507.0816      0.31025602   2.3264663e-09      -23.025851       -23.025851      -6968.1116                                                  -6968.1116
              4      -3507.1417      0.29283414   2.5744086e-09      -23.025851       -23.025851      -6968.2318                                                  -6968.2318
              3       -3507.237      0.29973667   2.2982922e-09      -23.025851       -23.025851      -6968.4224                                                  -6968.4224
              1         -3506.3      0.27971734   2.2106781e-09      -23.025851       -23.025851      -6966.5484                                                  -6966.5484
              1      -3506.5147      0.30475358   1.8963272e-09      -23.025851       -23.025851      -6966.9777                                                  -6966.9777
              1      -3506.8961      0.30987123   1.9405066e-09      -23.025851       -23.025851      -6967.7405                                                  -6967.7405
              1      -3506.2659      0.26886274   2.3984365e-09      -23.025851       -23.025851      -6966.4801                                                  -6966.4801
              1      -3506.5929      0.30112035   1.9644554e-09      -23.025851       -23.025851      -6967.1341                                                  -6967.1341
              1      -3507.2442      0.32209446   2.0201424e-09      -23.025851       -23.025851      -6968.4367                                                  -6968.4367
              3      -3506.9687      0.28065883   2.4202514e-09      -23.025851       -23.025851      -6967.8857                                                  -6967.8857
              2      -3506.5436      0.27245635   2.4124782e-09      -23.025851       -23.025851      -6967.0355                                                  -6967.0355
              1      -3506.1491      0.28410477    2.101299e-09      -23.025851       -23.025851      -6966.2466                                                  -6966.2466
              3      -3506.7453      0.27966215   2.3467248e-09      -23.025851       -23.025851      -6967.4388                                                  -6967.4388
              1      -3506.9331      0.28483613    2.328748e-09      -23.025851       -23.025851      -6967.8144                                                  -6967.8144
              4      -3506.5555      0.27919832   2.2920995e-09      -23.025851       -23.025851      -6967.0593                                                  -6967.0593
              1      -3507.2223      0.30821631   2.1401207e-09      -23.025851       -23.025851       -6968.393                                                   -6968.393
              1       -3507.236      0.30386127   2.2985182e-09      -23.025851       -23.025851      -6968.4203                                                  -6968.4203
              3      -3507.1475      0.31759927   2.1864964e-09      -23.025851       -23.025851      -6968.2433                                                  -6968.2433
              3      -3507.2309      0.28505308    2.579147e-09      -23.025851       -23.025851        -6968.41                                                    -6968.41
             10       -3506.543      0.30351901   2.6021605e-09      -23.025851       -23.025851      -6967.0342                                                  -6967.0342
              1        -3507.23      0.29517015   2.4425687e-09      -23.025851       -23.025851      -6968.4083                                                  -6968.4083
              2      -3507.1015      0.31419795   2.2589243e-09      -23.025851       -23.025851      -6968.1513                                                  -6968.1513
              1      -3507.1482      0.29786771   2.4844044e-09      -23.025851       -23.025851      -6968.2447                                                  -6968.2447
              1      -3506.9636      0.29657279    2.150995e-09      -23.025851       -23.025851      -6967.8756                                                  -6967.8756
              5      -3507.1794      0.31414089   2.0179548e-09      -23.025851       -23.025851       -6968.307                                                   -6968.307
              1      -3507.2366      0.29633029    2.407053e-09      -23.025851       -23.025851      -6968.4215                                                  -6968.4215
              1      -3507.0788      0.28218401   2.4513272e-09      -23.025851       -23.025851      -6968.1059                                                  -6968.1059
              1      -3507.2168       0.3201717   1.9754565e-09      -23.025851       -23.025851      -6968.3819                                                  -6968.3819
              1      -3507.0153      0.33377682   2.0358865e-09      -23.025851       -23.025851      -6967.9789                                                  -6967.9789
              3      -3507.1448      0.32617715   1.8504061e-09      -23.025851       -23.025851      -6968.2379                                                  -6968.2379
              2      -3506.3918      0.32066863   2.3627879e-09      -23.025851       -23.025851      -6966.7319                                                  -6966.7319
              2      -3505.7962      0.32482637   2.3989921e-09      -23.025851       -23.025851      -6965.5408                                                  -6965.5408
              3      -3505.7932      0.32400506   2.4114109e-09      -23.025851       -23.025851      -6965.5347                                                  -6965.5347
              3       -3506.695      0.32544136   2.2321575e-09      -23.025851       -23.025851      -6967.3382                                                  -6967.3382
              1      -3506.2042      0.31498411   2.4830326e-09      -23.025851       -23.025851      -6966.3568                                                  -6966.3568
              1      -3507.1491      0.27962484   2.5522899e-09      -23.025851       -23.025851      -6968.2466                                                  -6968.2466
              1      -3506.9513      0.31424916   1.9051173e-09      -23.025851       -23.025851      -6967.8508                                                  -6967.8508
              2      -3507.2406      0.31426173   2.1409086e-09      -23.025851       -23.025851      -6968.4294                                                  -6968.4294
              1      -3507.2378      0.30290237   2.2480741e-09      -23.025851       -23.025851      -6968.4238                                                  -6968.4238
              4      -3507.1551      0.30051285   2.1916697e-09      -23.025851       -23.025851      -6968.2586                                                  -6968.2586
              1      -3506.7864      0.29527352   2.1051067e-09      -23.025851       -23.025851      -6967.5212                                                  -6967.5212
              1      -3507.2148      0.30914241   2.2537254e-09      -23.025851       -23.025851      -6968.3779                                                  -6968.3779
              7      -3507.2053      0.28329416   2.5408929e-09      -23.025851       -23.025851      -6968.3589                                                  -6968.3589
              3      -3507.2307      0.28868993   2.5400682e-09      -23.025851       -23.025851      -6968.4098                                                  -6968.4098
              1      -3506.6522      0.29015473   2.1403621e-09      -23.025851       -23.025851      -6967.2527                                                  -6967.2527
              2      -3506.4326      0.28741885   2.1205528e-09      -23.025851       -23.025851      -6966.8134                                                  -6966.8134
              1      -3505.7981      0.29378716   1.8846826e-09      -23.025851       -23.025851      -6965.5445                                                  -6965.5445
              7      -3506.9539      0.33494218    1.678555e-09      -23.025851       -23.025851      -6967.8561                                                  -6967.8561
              1      -3507.2369      0.33810642   1.8439609e-09      -23.025851       -23.025851      -6968.4222                                                  -6968.4222
              2      -3507.1456      0.30413818   2.1313634e-09      -23.025851       -23.025851      -6968.2394                                                  -6968.2394
              2      -3507.1538      0.30998146    2.055047e-09      -23.025851       -23.025851      -6968.2559                                                  -6968.2559
              1      -3505.7448      0.28674157   1.9729121e-09      -23.025851       -23.025851      -6965.4378                                                  -6965.4378
              3      -3505.6843      0.28542271   1.9801214e-09      -23.025851       -23.025851      -6965.3169                                                  -6965.3169
              1      -3505.8946      0.29224727   1.9249575e-09      -23.025851       -23.025851      -6965.7375                                                  -6965.7375
              1      -3506.3924      0.31570093   1.7367458e-09      -23.025851       -23.025851      -6966.7331                                                  -6966.7331
              1      -3507.1653      0.31818227   1.9568843e-09      -23.025851       -23.025851      -6968.2788                                                  -6968.2788
              1      -3506.9002       0.3311567   1.6994081e-09      -23.025851       -23.025851      -6967.7488                                                  -6967.7488
              1      -3507.1778      0.36468088   1.6374269e-09      -23.025851       -23.025851      -6968.3039                                                  -6968.3039
              4      -3507.0353      0.33555839   1.7011527e-09      -23.025851       -23.025851       -6968.019                                                   -6968.019
              1      -3507.1798      0.34613008   1.8205832e-09      -23.025851       -23.025851      -6968.3078                                                  -6968.3078
              2      -3507.1958      0.28518759     2.49041e-09      -23.025851       -23.025851      -6968.3398                                                  -6968.3398
              2      -3507.2408      0.29763342   2.3621307e-09      -23.025851       -23.025851      -6968.4298                                                  -6968.4298
              1      -3507.2417      0.29984428   2.3310522e-09      -23.025851       -23.025851      -6968.4317                                                  -6968.4317
              1      -3507.0864       0.3150613   2.2538914e-09      -23.025851       -23.025851      -6968.1211                                                  -6968.1211
              4      -3506.5357      0.30764875   2.5345463e-09      -23.025851       -23.025851      -6967.0196                                                  -6967.0196
              2      -3506.4728      0.30641843   2.5688557e-09      -23.025851       -23.025851       -6966.894                                                   -6966.894
              1      -3506.7673      0.31080611   2.4268734e-09      -23.025851       -23.025851       -6967.483                                                   -6967.483
              5      -3506.1027      0.33506972   2.2138138e-09      -23.025851       -23.025851      -6966.1537                                                  -6966.1537
              1      -3505.9658      0.33386927   2.2496393e-09      -23.025851       -23.025851        -6965.88                                                    -6965.88
              2       -3507.109      0.30968984   2.3213008e-09      -23.025851       -23.025851      -6968.1664                                                  -6968.1664
              6      -3507.0467      0.30282066   2.4584056e-09      -23.025851       -23.025851      -6968.0418                                                  -6968.0418
              3      -3506.6224       0.3183454   2.3489542e-09      -23.025851       -23.025851      -6967.1931                                                  -6967.1931
              1      -3507.0582      0.30770459   2.3760042e-09      -23.025851       -23.025851      -6968.0647                                                  -6968.0647
              3      -3504.0973      0.36220163   2.0997012e-09      -23.025851       -23.025851      -6962.1428                                                  -6962.1428
              1       -3506.706      0.33430333   2.1142645e-09      -23.025851       -23.025851      -6967.3602                                                  -6967.3602
              1      -3506.6824      0.33560158   2.1033938e-09      -23.025851       -23.025851      -6967.3131                                                  -6967.3131
              1      -3506.5725       0.3359302   2.1221866e-09      -23.025851       -23.025851      -6967.0933                                                  -6967.0933
              2      -3507.2277      0.33496274   1.9009097e-09      -23.025851       -23.025851      -6968.4037                                                  -6968.4037
              3      -3507.1985      0.35804862   1.6843822e-09      -23.025851       -23.025851      -6968.3454                                                  -6968.3454
              1      -3507.1477      0.33217427   1.9983468e-09      -23.025851       -23.025851      -6968.2438                                                  -6968.2438
              1      -3506.9148      0.29751484   2.1174164e-09      -23.025851       -23.025851       -6967.778                                                   -6967.778
              1      -3506.5409      0.30749639   1.8681324e-09      -23.025851       -23.025851      -6967.0301                                                  -6967.0301
              1      -3506.5694      0.30840581    1.864019e-09      -23.025851       -23.025851      -6967.0871                                                  -6967.0871
              2      -3507.1701      0.29505777   2.2893256e-09      -23.025851       -23.025851      -6968.2885                                                  -6968.2885
              6      -3506.5238      0.32813386   1.6341257e-09      -23.025851       -23.025851      -6966.9958                                                  -6966.9958
              3       -3507.111      0.33060913   1.7843626e-09      -23.025851       -23.025851      -6968.1704                                                  -6968.1704
              3      -3507.2351      0.32328364   1.9635538e-09      -23.025851       -23.025851      -6968.4185                                                  -6968.4185
              1      -3507.2385      0.32869982   1.9567465e-09      -23.025851       -23.025851      -6968.4254                                                  -6968.4254
              2        -3507.24      0.29845093   2.3620252e-09      -23.025851       -23.025851      -6968.4284                                                  -6968.4284
              1      -3507.2143      0.32510517   2.0375797e-09      -23.025851       -23.025851       -6968.377                                                   -6968.377
              3      -3506.8306      0.33349255   2.0944014e-09      -23.025851       -23.025851      -6967.6096                                                  -6967.6096
              2      -3506.2363      0.36199633   1.8864779e-09      -23.025851       -23.025851      -6966.4209                                                  -6966.4209
              4      -3507.1993      0.35986894   1.6659706e-09      -23.025851       -23.025851      -6968.3468                                                  -6968.3468
              1      -3506.4895      0.34638373    2.013467e-09      -23.025851       -23.025851      -6966.9274                                                  -6966.9274
              1      -3506.7704      0.28714692   2.2268513e-09      -23.025851       -23.025851      -6967.4891                                                  -6967.4891
              2      -3507.2448      0.31513369   2.1106752e-09      -23.025851       -23.025851       -6968.438                                                   -6968.438
              1       -3507.206      0.31167348   2.2266024e-09      -23.025851       -23.025851      -6968.3602                                                  -6968.3602
              1      -3507.1755       0.2941468   2.3089371e-09      -23.025851       -23.025851      -6968.2992                                                  -6968.2992
              2      -3507.1421      0.30735524   2.3378945e-09      -23.025851       -23.025851      -6968.2324                                                  -6968.2324
              2      -3505.6525      0.32054656   2.4827211e-09      -23.025851       -23.025851      -6965.2533                                                  -6965.2533
              2       -3506.721      0.33545544   2.0965997e-09      -23.025851       -23.025851      -6967.3902                                                  -6967.3902
              2      -3506.9311      0.27274942   2.5564851e-09      -23.025851       -23.025851      -6967.8104                                                  -6967.8104
              3      -3507.1236      0.33224898   2.0100045e-09      -23.025851       -23.025851      -6968.1955                                                  -6968.1955
              2      -3506.7602       0.2956441   2.0910137e-09      -23.025851       -23.025851      -6967.4688                                                  -6967.4688
              4      -3506.5499      0.32939293   2.2106089e-09      -23.025851       -23.025851      -6967.0481                                                  -6967.0481
              2      -3506.4077      0.31895128   2.3849468e-09      -23.025851       -23.025851      -6966.7637                                                  -6966.7637
              5       -3506.577      0.31321552   2.4364556e-09      -23.025851       -23.025851      -6967.1023                                                  -6967.1023
              1      -3507.1863      0.31845521   2.1490509e-09      -23.025851       -23.025851       -6968.321                                                   -6968.321
              2      -3507.1597      0.32085403   2.1349659e-09      -23.025851       -23.025851      -6968.2678                                                  -6968.2678
              1      -3507.2412       0.3121291    2.168048e-09      -23.025851       -23.025851      -6968.4308                                                  -6968.4308
              3      -3505.5162      0.32828614   2.3865508e-09      -23.025851       -23.025851      -6964.9807                                                  -6964.9807
              3      -3505.3896      0.32446845   2.4579825e-09      -23.025851       -23.025851      -6964.7274                                                  -6964.7274
              3      -3505.6696      0.34861377   2.1051309e-09      -23.025851       -23.025851      -6965.2874                                                  -6965.2874
              2      -3506.4124      0.33562775   2.1560359e-09      -23.025851       -23.025851       -6966.773                                                   -6966.773
              2      -3507.2089      0.29009579   2.5601649e-09      -23.025851       -23.025851      -6968.3661                                                  -6968.3661
              2      -3507.1308      0.28377522   2.4567475e-09      -23.025851       -23.025851      -6968.2099                                                  -6968.2099
              1      -3506.9019      0.29147774    2.205144e-09      -23.025851       -23.025851       -6967.752                                                   -6967.752
              1      -3507.0395      0.31842197   1.8889927e-09      -23.025851       -23.025851      -6968.0273                                                  -6968.0273
              6       -3507.187      0.33080478   1.9901938e-09      -23.025851       -23.025851      -6968.3223                                                  -6968.3223
              2      -3507.1754      0.28208389   2.5282845e-09      -23.025851       -23.025851      -6968.2992                                                  -6968.2992
              1      -3507.2393      0.32831948   1.9594179e-09      -23.025851       -23.025851      -6968.4269                                                  -6968.4269
              1      -3507.2402      0.30721997   2.2393684e-09      -23.025851       -23.025851      -6968.4287                                                  -6968.4287
              1      -3506.8144      0.29155046     2.17152e-09      -23.025851       -23.025851      -6967.5771                                                  -6967.5771
              6      -3506.9653      0.28106362   2.4111122e-09      -23.025851       -23.025851      -6967.8789                                                  -6967.8789
              2      -3507.1844      0.30863767   2.2894677e-09      -23.025851       -23.025851       -6968.317                                                   -6968.317
              2      -3506.4839      0.35051827   1.9683204e-09      -23.025851       -23.025851      -6966.9162                                                  -6966.9162
              2      -3507.1171      0.28807041   2.3689561e-09      -23.025851       -23.025851      -6968.1825                                                  -6968.1825
              1      -3506.6549      0.31860002    1.765542e-09      -23.025851       -23.025851      -6967.2581                                                  -6967.2581
              1      -3507.1946      0.34079517    1.731717e-09      -23.025851       -23.025851      -6968.3376                                                  -6968.3376
              1       -3507.158      0.34774879    1.816806e-09      -23.025851       -23.025851      -6968.2643                                                  -6968.2643
              2      -3507.1746      0.33076947   1.9991779e-09      -23.025851       -23.025851      -6968.2976                                                  -6968.2976
              2       -3506.588       0.2697531   2.4803056e-09      -23.025851       -23.025851      -6967.1243                                                  -6967.1243
              2      -3506.8301      0.31062029   1.9093245e-09      -23.025851       -23.025851      -6967.6085                                                  -6967.6085
              3      -3506.5856      0.32080338   1.7243194e-09      -23.025851       -23.025851      -6967.1194                                                  -6967.1194
              1      -3506.5017      0.32631515   1.6475833e-09      -23.025851       -23.025851      -6966.9517                                                  -6966.9517
              1      -3507.2196      0.35139194   1.7287449e-09      -23.025851       -23.025851      -6968.3874                                                  -6968.3874
              2      -3507.1179      0.32685903   1.8282818e-09      -23.025851       -23.025851      -6968.1841                                                  -6968.1841
              5      -3507.0259      0.32451551   1.8133563e-09      -23.025851       -23.025851      -6968.0002                                                  -6968.0002
              1      -3506.9397      0.32485067   1.7783836e-09      -23.025851       -23.025851      -6967.8277                                                  -6967.8277
              5       -3507.228      0.35467007   1.6732008e-09      -23.025851       -23.025851      -6968.4043                                                  -6968.4043
              1      -3507.0204      0.31557288   1.9155159e-09      -23.025851       -23.025851      -6967.9892                                                  -6967.9892
              4      -3507.2162      0.31465767   2.0444903e-09      -23.025851       -23.025851      -6968.3807                                                  -6968.3807
              1       -3507.039       0.2959769   2.1940836e-09      -23.025851       -23.025851      -6968.0264                                                  -6968.0264
              3      -3505.1788      0.29055071   1.8152891e-09      -23.025851       -23.025851      -6964.3059                                                  -6964.3059
              2      -3505.6817      0.27355958   2.1684052e-09      -23.025851       -23.025851      -6965.3117                                                  -6965.3117
              1      -3507.1673      0.30751249   2.3189352e-09      -23.025851       -23.025851       -6968.283                                                   -6968.283
              1      -3507.1831      0.30197069   2.3921569e-09      -23.025851       -23.025851      -6968.3145                                                  -6968.3145
              2      -3507.1525      0.32334573   2.1065116e-09      -23.025851       -23.025851      -6968.2532                                                  -6968.2532
              3      -3507.1929      0.29394837   2.5135811e-09      -23.025851       -23.025851       -6968.334                                                   -6968.334
              1      -3507.2242      0.34085141   1.8376727e-09      -23.025851       -23.025851      -6968.3967                                                  -6968.3967
              3      -3506.9995      0.29751523   2.1521707e-09      -23.025851       -23.025851      -6967.9473                                                  -6967.9473
              2      -3507.1071      0.32250002   1.8720301e-09      -23.025851       -23.025851      -6968.1625                                                  -6968.1625
              8        -3507.21      0.34796466   1.6796588e-09      -23.025851       -23.025851      -6968.3683                                                  -6968.3683
              4      -3507.1008      0.35267746   1.7935701e-09      -23.025851       -23.025851      -6968.1498                                                  -6968.1498
              4       -3507.124      0.29616458   2.5286717e-09      -23.025851       -23.025851      -6968.1964                                                  -6968.1964
              1      -3507.0963      0.30228446   2.4429701e-09      -23.025851       -23.025851       -6968.141                                                   -6968.141
              2      -3506.5511      0.33112357   2.1876191e-09      -23.025851       -23.025851      -6967.0505                                                  -6967.0505
              6      -3506.9683      0.36281599   1.7394674e-09      -23.025851       -23.025851      -6967.8849                                                  -6967.8849
              1       -3507.061      0.31123572   2.3212471e-09      -23.025851       -23.025851      -6968.0702                                                  -6968.0702
              3       -3507.164      0.29977624   2.2094837e-09      -23.025851       -23.025851      -6968.2764                                                  -6968.2764
              2      -3506.9352      0.27710477   2.4717196e-09      -23.025851       -23.025851      -6967.8187                                                  -6967.8187
              1      -3507.2319       0.2918662    2.425808e-09      -23.025851       -23.025851      -6968.4122                                                  -6968.4122
              1      -3507.2339      0.28835423   2.5129615e-09      -23.025851       -23.025851      -6968.4162                                                  -6968.4162
              1      -3506.8969      0.30392614   2.4979559e-09      -23.025851       -23.025851      -6967.7421                                                  -6967.7421
              2      -3506.8731      0.29942662   2.5816727e-09      -23.025851       -23.025851      -6967.6944                                                  -6967.6944
              5      -3507.1851      0.28908982   2.6047095e-09      -23.025851       -23.025851      -6968.3185                                                  -6968.3185
              6      -3506.9887      0.29704056   2.5803909e-09      -23.025851       -23.025851      -6967.9256                                                  -6967.9256
              1      -3507.2291      0.32864933   1.9753041e-09      -23.025851       -23.025851      -6968.4065                                                  -6968.4065
              2      -3506.9824      0.34118322   1.9598026e-09      -23.025851       -23.025851      -6967.9131                                                  -6967.9131
              4      -3507.1823      0.31351283   2.2204874e-09      -23.025851       -23.025851      -6968.3129                                                  -6968.3129
              1      -3507.0436       0.3343559   2.0186603e-09      -23.025851       -23.025851      -6968.0355                                                  -6968.0355
              1      -3507.1219      0.32676984   2.0788841e-09      -23.025851       -23.025851      -6968.1921                                                  -6968.1921
              1      -3507.1395      0.32666658   2.0710283e-09      -23.025851       -23.025851      -6968.2273                                                  -6968.2273
              2      -3506.8576      0.33649122   2.0506554e-09      -23.025851       -23.025851      -6967.6635                                                  -6967.6635
              3      -3507.0369      0.33437544   2.0209207e-09      -23.025851       -23.025851      -6968.0221                                                  -6968.0221
              1        -3507.21      0.31361483     2.05154e-09      -23.025851       -23.025851      -6968.3683                                                  -6968.3683
              4      -3507.1931      0.31978465   1.9577747e-09      -23.025851       -23.025851      -6968.3345                                                  -6968.3345
              1      -3507.2181      0.30885341   2.1256668e-09      -23.025851       -23.025851      -6968.3846                                                  -6968.3846
              2      -3506.8284      0.29608232   2.1072492e-09      -23.025851       -23.025851      -6967.6051                                                  -6967.6051
              4      -3506.9852      0.30278059   2.0692131e-09      -23.025851       -23.025851      -6967.9186                                                  -6967.9186
              2      -3507.2082      0.31149054   2.0781783e-09      -23.025851       -23.025851      -6968.3647                                                  -6968.3647
              2      -3507.0825      0.31066532   2.3198892e-09      -23.025851       -23.025851      -6968.1134                                                  -6968.1134
              6       -3507.195       0.2825668   2.5411249e-09      -23.025851       -23.025851      -6968.3383                                                  -6968.3383
              3      -3507.1208      0.28896812   2.3557189e-09      -23.025851       -23.025851      -6968.1899                                                  -6968.1899
              1      -3507.1856      0.29549205   2.2957657e-09      -23.025851       -23.025851      -6968.3194                                                  -6968.3194
              1      -3506.9155      0.30327923   2.5022538e-09      -23.025851       -23.025851      -6967.7794                                                  -6967.7794
              1       -3507.181      0.29721486   2.4702643e-09      -23.025851       -23.025851      -6968.3103                                                  -6968.3103
              2      -3507.1381      0.30725878   2.3417425e-09      -23.025851       -23.025851      -6968.2245                                                  -6968.2245
              3      -3507.0367      0.31220305   2.3172138e-09      -23.025851       -23.025851      -6968.0217                                                  -6968.0217
              3      -3507.0776      0.27976015   2.4968874e-09      -23.025851       -23.025851      -6968.1035                                                  -6968.1035
              2      -3507.2348      0.29122603   2.4498132e-09      -23.025851       -23.025851      -6968.4179                                                  -6968.4179
              5      -3507.1771      0.30584687   2.3369981e-09      -23.025851       -23.025851      -6968.3025                                                  -6968.3025
              3      -3506.4475      0.33677851   2.1353078e-09      -23.025851       -23.025851      -6966.8433                                                  -6966.8433
              2      -3506.6355      0.33200109   2.1588113e-09      -23.025851       -23.025851      -6967.2193                                                  -6967.2193
              5      -3507.0044      0.30542666   2.4344754e-09      -23.025851       -23.025851      -6967.9572                                                  -6967.9572
              1      -3507.0301      0.27907076   2.4820392e-09      -23.025851       -23.025851      -6968.0086                                                  -6968.0086
              2      -3506.9924      0.28753257   2.3090971e-09      -23.025851       -23.025851       -6967.933                                                   -6967.933
              4       -3507.115      0.33789101   1.9474342e-09      -23.025851       -23.025851      -6968.1783                                                  -6968.1783
              2       -3507.113      0.33389218   1.9952948e-09      -23.025851       -23.025851      -6968.1744                                                  -6968.1744
              6      -3506.9593      0.33026218   2.0980497e-09      -23.025851       -23.025851       -6967.867                                                   -6967.867
              2      -3506.7003       0.3323581   2.1400683e-09      -23.025851       -23.025851      -6967.3489                                                  -6967.3489
              1      -3506.6735      0.30790356   2.4974997e-09      -23.025851       -23.025851      -6967.2954                                                  -6967.2954
              2      -3506.6402      0.31774089   2.3537259e-09      -23.025851       -23.025851      -6967.2287                                                  -6967.2287
              7       -3505.946      0.35998652   1.9457658e-09      -23.025851       -23.025851      -6965.8403                                                  -6965.8403
              2      -3507.2427       0.3257119     1.98049e-09      -23.025851       -23.025851      -6968.4338                                                  -6968.4338
              4       -3507.243      0.32578615   1.9777084e-09      -23.025851       -23.025851      -6968.4344                                                  -6968.4344
              3      -3507.2384      0.29373226   2.4276087e-09      -23.025851       -23.025851      -6968.4251                                                  -6968.4251
              1       -3507.212      0.28957701   2.5646115e-09      -23.025851       -23.025851      -6968.3724                                                  -6968.3724
              2      -3507.2203      0.28181538   2.6019668e-09      -23.025851       -23.025851      -6968.3889                                                  -6968.3889
              2      -3506.5398      0.28051748   2.2643706e-09      -23.025851       -23.025851       -6967.028                                                   -6967.028
              1      -3506.2077      0.28777764   2.0585052e-09      -23.025851       -23.025851      -6966.3638                                                  -6966.3638
              2      -3506.2431      0.27205355   2.3313946e-09      -23.025851       -23.025851      -6966.4345                                                  -6966.4345
              1      -3507.0504      0.31166159   1.9775492e-09      -23.025851       -23.025851      -6968.0492                                                  -6968.0492
              2      -3507.1797      0.31290856   2.0342783e-09      -23.025851       -23.025851      -6968.3077                                                  -6968.3077
              2      -3507.1076      0.33627907   1.7245129e-09      -23.025851       -23.025851      -6968.1634                                                  -6968.1634
              1      -3507.1117      0.33637298   1.7255584e-09      -23.025851       -23.025851      -6968.1718                                                  -6968.1718
              2      -3506.8597      0.31931537   1.8144511e-09      -23.025851       -23.025851      -6967.6677                                                  -6967.6677
              1      -3507.1644      0.33397909   1.7783769e-09      -23.025851       -23.025851      -6968.2771                                                  -6968.2771
              2      -3507.1263      0.30734902   2.3472293e-09      -23.025851       -23.025851      -6968.2009                                                  -6968.2009
              1      -3506.6161       0.2954616   2.0501187e-09      -23.025851       -23.025851      -6967.1804                                                  -6967.1804
              2      -3507.0785      0.30749516   2.0460354e-09      -23.025851       -23.025851      -6968.1053                                                  -6968.1053
              4      -3507.1511      0.31157453   2.0319213e-09      -23.025851       -23.025851      -6968.2504                                                  -6968.2504
              1      -3507.2414      0.31508481   2.1271682e-09      -23.025851       -23.025851      -6968.4312                                                  -6968.4312
              2       -3507.065      0.28204911   2.4455642e-09      -23.025851       -23.025851      -6968.0783                                                  -6968.0783
              1      -3506.4082      0.33002841   2.2293465e-09      -23.025851       -23.025851      -6966.7648                                                  -6966.7648
              1      -3506.4368      0.32900548   2.2377156e-09      -23.025851       -23.025851       -6966.822                                                   -6966.822
              4      -3507.2328       0.3268541   1.9917496e-09      -23.025851       -23.025851       -6968.414                                                   -6968.414
              5      -3506.8525      0.29169822   2.1828656e-09      -23.025851       -23.025851      -6967.6533                                                  -6967.6533
              1      -3506.8107      0.29145618   2.1717173e-09      -23.025851       -23.025851      -6967.5697                                                  -6967.5697
              1      -3506.9622       0.3007407    2.088903e-09      -23.025851       -23.025851      -6967.8727                                                  -6967.8727
              3      -3507.2395      0.30901317   2.1593098e-09      -23.025851       -23.025851      -6968.4272                                                  -6968.4272
              2      -3507.1493      0.30979696   2.2968005e-09      -23.025851       -23.025851       -6968.247                                                   -6968.247
              1       -3507.233      0.30261323   2.2414591e-09      -23.025851       -23.025851      -6968.4143                                                  -6968.4143
              1      -3507.0718      0.29296181   2.2588911e-09      -23.025851       -23.025851      -6968.0918                                                  -6968.0918
              1      -3506.8414      0.31008784   1.9196489e-09      -23.025851       -23.025851      -6967.6312                                                  -6967.6312
              1      -3507.0788      0.33334454   1.7410803e-09      -23.025851       -23.025851      -6968.1059                                                  -6968.1059
              1      -3506.6834      0.33376632   2.1260412e-09      -23.025851       -23.025851      -6967.3151                                                  -6967.3151
              2      -3506.2912      0.34270399    2.089713e-09      -23.025851       -23.025851      -6966.5307                                                  -6966.5307
              4      -3507.2295      0.28584754   2.5858921e-09      -23.025851       -23.025851      -6968.4073                                                  -6968.4073
              1      -3507.2298       0.2841678   2.6004757e-09      -23.025851       -23.025851      -6968.4079                                                  -6968.4079
              2      -3507.0044       0.2811886   2.4281129e-09      -23.025851       -23.025851      -6967.9571                                                  -6967.9571
              2      -3506.7325      0.27792218   2.3738642e-09      -23.025851       -23.025851      -6967.4134                                                  -6967.4134
              5      -3506.6588      0.32504091    1.696866e-09      -23.025851       -23.025851      -6967.2658                                                  -6967.2658
              2      -3507.2211      0.32251906   1.9521835e-09      -23.025851       -23.025851      -6968.3906                                                  -6968.3906
              1      -3507.1776      0.33845761   1.7418953e-09      -23.025851       -23.025851      -6968.3036                                                  -6968.3036
              2      -3507.2342      0.34462123   1.7730124e-09      -23.025851       -23.025851      -6968.4166                                                  -6968.4166
              1      -3507.2154      0.34520901   1.8003043e-09      -23.025851       -23.025851      -6968.3791                                                  -6968.3791
              2      -3507.2351      0.30350734    2.231835e-09      -23.025851       -23.025851      -6968.4185                                                  -6968.4185
              7       -3507.235      0.29360482   2.4523935e-09      -23.025851       -23.025851      -6968.4183                                                  -6968.4183
              1       -3507.155      0.29639695   2.2558043e-09      -23.025851       -23.025851      -6968.2584                                                  -6968.2584
              1      -3506.7318      0.29861258   2.0391158e-09      -23.025851       -23.025851       -6967.412                                                   -6967.412
              1      -3506.7839      0.30085485   2.0238302e-09      -23.025851       -23.025851      -6967.5162                                                  -6967.5162
              2      -3507.2298      0.28591537   2.5837543e-09      -23.025851       -23.025851      -6968.4078                                                  -6968.4078
              5       -3507.163      0.29204912   2.5723269e-09      -23.025851       -23.025851      -6968.2743                                                  -6968.2743
              1       -3506.892      0.31911921   2.2678138e-09      -23.025851       -23.025851      -6967.7324                                                  -6967.7324
              3      -3506.7333       0.3179324   2.3284832e-09      -23.025851       -23.025851       -6967.415                                                   -6967.415
              8      -3505.5434      0.31849195   2.5293328e-09      -23.025851       -23.025851      -6965.0351                                                  -6965.0351
              4      -3506.9591      0.31068859   2.3696369e-09      -23.025851       -23.025851      -6967.8665                                                  -6967.8665
              3      -3507.2203      0.28892548   2.5620893e-09      -23.025851       -23.025851      -6968.3888                                                  -6968.3888
              1      -3507.1577      0.28106391   2.5312639e-09      -23.025851       -23.025851      -6968.2638                                                  -6968.2638
              4      -3507.1632      0.34092448   1.7087246e-09      -23.025851       -23.025851      -6968.2748                                                  -6968.2748
              4      -3507.0579      0.29930268   2.1527762e-09      -23.025851       -23.025851      -6968.0642                                                  -6968.0642
              8       -3507.229      0.31959493   1.9979247e-09      -23.025851       -23.025851      -6968.4063                                                  -6968.4063
              1      -3506.7376      0.29691337   2.0652261e-09      -23.025851       -23.025851      -6967.4234                                                  -6967.4234
              5      -3506.4556      0.29266629   2.0471566e-09      -23.025851       -23.025851      -6966.8595                                                  -6966.8595
              1      -3506.3553      0.29159499   2.0373937e-09      -23.025851       -23.025851      -6966.6588                                                  -6966.6588
              4      -3507.1677      0.29451801   2.5262515e-09      -23.025851       -23.025851      -6968.2837                                                  -6968.2837
              1      -3507.2267      0.29116792   2.5127158e-09      -23.025851       -23.025851      -6968.4017                                                  -6968.4017
              6      -3507.2097      0.30300786   2.3507695e-09      -23.025851       -23.025851      -6968.3678                                                  -6968.3678
              2      -3507.2246      0.29138365   2.5136039e-09      -23.025851       -23.025851      -6968.3976                                                  -6968.3976
              2      -3507.2452      0.31360405   2.1225791e-09      -23.025851       -23.025851      -6968.4387                                                  -6968.4387
              2      -3507.0258      0.32248689   2.1763273e-09      -23.025851       -23.025851      -6967.9999                                                  -6967.9999
              1      -3507.1201      0.32694733   2.0774851e-09      -23.025851       -23.025851      -6968.1885                                                  -6968.1885
              2      -3507.2374      0.33794043   1.8443103e-09      -23.025851       -23.025851      -6968.4231                                                  -6968.4231
              1      -3507.0489      0.32951275   2.0761254e-09      -23.025851       -23.025851      -6968.0462                                                  -6968.0462
              1      -3507.2271       0.3172011   2.1259541e-09      -23.025851       -23.025851      -6968.4025                                                  -6968.4025
              1      -3506.9362      0.31327137   2.3386059e-09      -23.025851       -23.025851      -6967.8208                                                  -6967.8208
              5      -3507.0786      0.30707126   2.3763046e-09      -23.025851       -23.025851      -6968.1055                                                  -6968.1055
              3      -3506.6867      0.32121862   2.2926987e-09      -23.025851       -23.025851      -6967.3217                                                  -6967.3217
              1      -3506.7809      0.31015186   2.4333559e-09      -23.025851       -23.025851      -6967.5101                                                  -6967.5101
              4      -3507.1894      0.35388393   1.6106415e-09      -23.025851       -23.025851       -6968.327                                                   -6968.327
              1      -3507.1007       0.2776586   2.5539623e-09      -23.025851       -23.025851      -6968.1498                                                  -6968.1498
              2      -3506.7925      0.27204872   2.5096979e-09      -23.025851       -23.025851      -6967.5334                                                  -6967.5334
              2      -3506.9959      0.28992774   2.2704623e-09      -23.025851       -23.025851        -6967.94                                                    -6967.94
              2       -3507.245      0.31600878   2.0857336e-09      -23.025851       -23.025851      -6968.4382                                                  -6968.4382
              4      -3507.0371      0.31793214   1.8938456e-09      -23.025851       -23.025851      -6968.0225                                                  -6968.0225
              2      -3507.0339      0.31910698   1.8785259e-09      -23.025851       -23.025851      -6968.0161                                                  -6968.0161
              1      -3507.2024      0.31869899   1.9791975e-09      -23.025851       -23.025851      -6968.3532                                                  -6968.3532
              1      -3507.2282      0.33793809   1.8651848e-09      -23.025851       -23.025851      -6968.4047                                                  -6968.4047
              1      -3505.8355      0.32789467   2.3495913e-09      -23.025851       -23.025851      -6965.6193                                                  -6965.6193
              1      -3507.0245      0.31852275   2.2311907e-09      -23.025851       -23.025851      -6967.9973                                                  -6967.9973
              1      -3506.9369      0.33675247   2.0253672e-09      -23.025851       -23.025851      -6967.8221                                                  -6967.8221
              1      -3506.6862      0.31028902   2.4561928e-09      -23.025851       -23.025851      -6967.3208                                                  -6967.3208
              1      -3507.2343       0.2914927   2.4417225e-09      -23.025851       -23.025851      -6968.4169                                                  -6968.4169
             10      -3507.1499      0.27903954     2.56486e-09      -23.025851       -23.025851      -6968.2482                                                  -6968.2482
              2      -3507.2053      0.28383736   2.5299503e-09      -23.025851       -23.025851       -6968.359                                                   -6968.359
              1      -3507.2099      0.31883187   1.9846484e-09      -23.025851       -23.025851      -6968.3681                                                  -6968.3681
              4       -3505.137      0.35893461   2.0457259e-09      -23.025851       -23.025851      -6964.2222                                                  -6964.2222
              1      -3506.9202      0.33944607    1.998488e-09      -23.025851       -23.025851      -6967.7887                                                  -6967.7887
              1       -3506.389      0.30834213   2.5546118e-09      -23.025851       -23.025851      -6966.7263                                                  -6966.7263
              3      -3507.2309      0.28530019   2.5676716e-09      -23.025851       -23.025851      -6968.4101                                                  -6968.4101
              1      -3506.5402      0.26805066   2.4986142e-09      -23.025851       -23.025851      -6967.0286                                                  -6967.0286
              2       -3506.638       0.3287091    1.654311e-09      -23.025851       -23.025851      -6967.2243                                                  -6967.2243
              3      -3507.0324      0.34052418   1.6521143e-09      -23.025851       -23.025851      -6968.0132                                                  -6968.0132
              1      -3507.1563      0.34647288   1.6531009e-09      -23.025851       -23.025851       -6968.261                                                   -6968.261
              4       -3507.159      0.29504754   2.5240228e-09      -23.025851       -23.025851      -6968.2663                                                  -6968.2663
              1      -3506.7851      0.29869673   2.0546986e-09      -23.025851       -23.025851      -6967.5184                                                  -6967.5184
              2      -3507.0937      0.32968174   1.7859658e-09      -23.025851       -23.025851      -6968.1358                                                  -6968.1358
              1      -3507.2272      0.35007232    1.686182e-09      -23.025851       -23.025851      -6968.4026                                                  -6968.4026
              1      -3506.9826      0.34225352   1.9475846e-09      -23.025851       -23.025851      -6967.9135                                                  -6967.9135
              3      -3507.1137      0.34219829   1.6702208e-09      -23.025851       -23.025851      -6968.1756                                                  -6968.1756
              4      -3507.0581      0.32790882   1.7892877e-09      -23.025851       -23.025851      -6968.0645                                                  -6968.0645
              2      -3506.3875      0.29181688   2.0422046e-09      -23.025851       -23.025851      -6966.7233                                                  -6966.7233
              1      -3507.0818      0.30060488   2.1456706e-09      -23.025851       -23.025851      -6968.1119                                                  -6968.1119
              2      -3506.9634      0.32520848   2.1620642e-09      -23.025851       -23.025851       -6967.875                                                   -6967.875
              1      -3507.2422      0.32998885   1.9244306e-09      -23.025851       -23.025851      -6968.4328                                                  -6968.4328
              4      -3507.0942       0.3545709   1.7772019e-09      -23.025851       -23.025851      -6968.1367                                                  -6968.1367
              2      -3506.1733      0.34187199   2.1179963e-09      -23.025851       -23.025851      -6966.2948                                                  -6966.2948
              1       -3506.886      0.31098402   2.3895157e-09      -23.025851       -23.025851      -6967.7203                                                  -6967.7203
              1       -3507.177      0.30380527   2.1589154e-09      -23.025851       -23.025851      -6968.3023                                                  -6968.3023
              2      -3507.2403      0.32448952   1.9615049e-09      -23.025851       -23.025851      -6968.4289                                                  -6968.4289
              2      -3507.1804      0.34094171   1.8767758e-09      -23.025851       -23.025851      -6968.3092                                                  -6968.3092
              4      -3506.9278       0.3515097   1.8631977e-09      -23.025851       -23.025851      -6967.8039                                                  -6967.8039
              2      -3507.2205      0.33044061   1.9645141e-09      -23.025851       -23.025851      -6968.3893                                                  -6968.3893
              1      -3506.8168       0.3333556   1.6534302e-09      -23.025851       -23.025851      -6967.5818                                                  -6967.5818
              3      -3506.7539      0.33358006   1.6346881e-09      -23.025851       -23.025851      -6967.4561                                                  -6967.4561
              5       -3507.222      0.34003018   1.7661948e-09      -23.025851       -23.025851      -6968.3923                                                  -6968.3923
              1      -3506.9524       0.3285378   2.1222053e-09      -23.025851       -23.025851       -6967.853                                                   -6967.853
              1      -3507.0154      0.28830525   2.3070871e-09      -23.025851       -23.025851      -6967.9791                                                  -6967.9791
              1      -3507.2449      0.31078313   2.1606629e-09      -23.025851       -23.025851      -6968.4382                                                  -6968.4382
              1      -3507.1851      0.30897003   2.2839308e-09      -23.025851       -23.025851      -6968.3186                                                  -6968.3186
              3       -3507.195      0.28495308   2.4940247e-09      -23.025851       -23.025851      -6968.3384                                                  -6968.3384
              1      -3507.1309      0.28462026   2.4410449e-09      -23.025851       -23.025851      -6968.2102                                                  -6968.2102
              2      -3506.4063      0.32295708   2.3270477e-09      -23.025851       -23.025851      -6966.7608                                                  -6966.7608
              1      -3506.3954      0.32303695   2.3279644e-09      -23.025851       -23.025851      -6966.7391                                                  -6966.7391
