#        weight    minuslogpost         Omega_m   minuslogprior minuslogprior__0            chi2 chi2__functions_and_classes.SO_x_DESI_Likelihood_sigma8_version
              1      -6368.8767        0.314989      -3.2784952       -3.2784952      -12731.196                                                      -12731.196
              1      -6368.8475      0.31906252      -3.2599242       -3.2599242      -12731.175                                                      -12731.175
              1      -6368.8781      0.31545412      -3.2801044       -3.2801044      -12731.196                                                      -12731.196
              1      -6368.8674      0.31381708      -3.2701774       -3.2701774      -12731.195                                                      -12731.195
              1       -6368.838       0.3120197      -3.2455603       -3.2455603      -12731.185                                                      -12731.185
              1      -6368.8014      0.31059702      -3.2158951       -3.2158951      -12731.171                                                      -12731.171
              1       -6368.788      0.31016335      -3.2050632       -3.2050632      -12731.166                                                      -12731.166
              1      -6368.6723      0.30730834      -3.1128887       -3.1128887      -12731.119                                                      -12731.119
              1      -6368.7225      0.30841085      -3.1527774       -3.1527774       -12731.14                                                       -12731.14
              1      -6368.7742      0.30975196      -3.1940153       -3.1940153       -12731.16                                                       -12731.16
              1      -6368.8017      0.31060468      -3.2160789       -3.2160789      -12731.171                                                      -12731.171
              1      -6368.7732      0.30972194      -3.1931797       -3.1931797       -12731.16                                                       -12731.16
              1      -6368.7628      0.30943076      -3.1848668       -3.1848668      -12731.156                                                      -12731.156
              1      -6368.6232      0.30635643      -3.0741032       -3.0741032      -12731.098                                                      -12731.098
              1      -6368.5865      0.30570374      -3.0451824       -3.0451824      -12731.083                                                      -12731.083
              1      -6368.6045      0.30601854      -3.0593676       -3.0593676       -12731.09                                                       -12731.09
              1       -6368.599      0.30592179      -3.0550548       -3.0550548      -12731.088                                                      -12731.088
              1      -6368.5404      0.30493907      -3.0088904       -3.0088904      -12731.063                                                      -12731.063
              1      -6368.5099      0.30446213      -2.9849388       -2.9849388       -12731.05                                                       -12731.05
              1      -6368.6245      0.30637978      -3.0751029       -3.0751029      -12731.099                                                      -12731.099
              1      -6368.7193      0.30833617       -3.150246        -3.150246      -12731.138                                                      -12731.138
              1      -6368.7617      0.30940225      -3.1840326       -3.1840326      -12731.155                                                      -12731.155
              1      -6368.7652      0.30949819      -3.1868254       -3.1868254      -12731.157                                                      -12731.157
              1      -6368.7393      0.30881771      -3.1661325       -3.1661325      -12731.146                                                      -12731.146
              1      -6368.7558      0.30924324      -3.1793136       -3.1793136      -12731.153                                                      -12731.153
              1      -6368.7484       0.3090477      -3.1733566       -3.1733566       -12731.15                                                       -12731.15
              1      -6368.8427      0.31224469      -3.2494279       -3.2494279      -12731.186                                                      -12731.186
              1      -6368.8507      0.31266394      -3.2560347       -3.2560347      -12731.189                                                      -12731.189
              1      -6368.8639       0.3135248      -3.2671518       -3.2671518      -12731.194                                                      -12731.194
              1      -6368.8742        0.314564      -3.2761841       -3.2761841      -12731.196                                                      -12731.196
              1       -6368.878      0.31617292      -3.2807001       -3.2807001      -12731.195                                                      -12731.195
              1      -6368.8737       0.3170627      -3.2782569       -3.2782569      -12731.191                                                      -12731.191
              1      -6368.8771       0.3164618      -3.2802926       -3.2802926      -12731.194                                                      -12731.194
              1      -6368.8778      0.31624122      -3.2806372       -3.2806372      -12731.194                                                      -12731.194
              1       -6368.871      0.31739044      -3.2764703       -3.2764703      -12731.189                                                      -12731.189
              1      -6368.5962      0.32571141      -3.0711856       -3.0711856       -12731.05                                                       -12731.05
              1      -6368.5656      0.32623632      -3.0479171       -3.0479171      -12731.035                                                      -12731.035
              1      -6368.5727      0.32611843      -3.0532497       -3.0532497      -12731.039                                                      -12731.039
              1      -6368.6283      0.32512781       -3.095618        -3.095618      -12731.065                                                      -12731.065
              1      -6368.5832      0.32593794      -3.0612941       -3.0612941      -12731.044                                                      -12731.044
              1      -6368.6649      0.32441543      -3.1233899       -3.1233899      -12731.083                                                      -12731.083
              1      -6368.7088      0.32347561      -3.1565782       -3.1565782      -12731.104                                                      -12731.104
              1      -6368.7062       0.3235348      -3.1546038       -3.1546038      -12731.103                                                      -12731.103
              1      -6368.7952       0.3211666      -3.2214472       -3.2214472      -12731.148                                                      -12731.148
              2      -6368.4923       0.3274006      -2.9919361       -2.9919361      -12731.001                                                      -12731.001
              2      -6368.6404      0.32489945      -3.1047661       -3.1047661      -12731.071                                                      -12731.071
              1      -6368.7023      0.32362268      -3.1516436       -3.1516436      -12731.101                                                      -12731.101
              1      -6368.7932      0.32123017      -3.2199785       -3.2199785      -12731.147                                                      -12731.147
              2      -6368.5568      0.32638274      -3.0412083       -3.0412083      -12731.031                                                      -12731.031
              1      -6368.6752      0.32420411      -3.1311946       -3.1311946      -12731.088                                                      -12731.088
              1      -6368.7885      0.32138121      -3.2164168       -3.2164168      -12731.144                                                      -12731.144
              1      -6368.8773      0.31515715      -3.2791879       -3.2791879      -12731.196                                                      -12731.196
              1      -6368.8353      0.31189859      -3.2433853       -3.2433853      -12731.184                                                      -12731.184
              1      -6368.6318      0.30651619       -3.080894        -3.080894      -12731.102                                                      -12731.102
              1      -6368.7109      0.30814138      -3.1435267       -3.1435267      -12731.135                                                      -12731.135
              1      -6368.6559      0.30697889      -3.0999211       -3.0999211      -12731.112                                                      -12731.112
              1      -6368.8575      0.31307207      -3.2617159       -3.2617159      -12731.192                                                      -12731.192
              1       -6368.855      0.31291834      -3.2596629       -3.2596629      -12731.191                                                      -12731.191
              1      -6368.8452      0.31237249      -3.2515246       -3.2515246      -12731.187                                                      -12731.187
              1      -6368.6915       0.3077119      -3.1281163       -3.1281163      -12731.127                                                      -12731.127
              1      -6368.6671      0.30720432      -3.1088466       -3.1088466      -12731.117                                                      -12731.117
              1      -6368.8712      0.31418945      -3.2734819       -3.2734819      -12731.196                                                      -12731.196
              1      -6368.7235      0.30843256      -3.1535084       -3.1535084       -12731.14                                                       -12731.14
              1      -6368.6736      0.30733503      -3.1139185       -3.1139185      -12731.119                                                      -12731.119
              1      -6368.5094      0.30445429      -2.9845365       -2.9845365       -12731.05                                                       -12731.05
              1      -6368.3894      0.30274768      -2.8904909       -2.8904909      -12730.998                                                      -12730.998
              2      -6368.5916      0.30579132      -3.0491727       -3.0491727      -12731.085                                                      -12731.085
              1      -6368.7297      0.30858065      -3.1584405       -3.1584405      -12731.142                                                      -12731.142
              1      -6368.7709       0.3096585      -3.1914006       -3.1914006      -12731.159                                                      -12731.159
              1      -6368.7002      0.30790242      -3.1350535       -3.1350535       -12731.13                                                       -12731.13
              1      -6368.5703      0.30542818      -3.0324036       -3.0324036      -12731.076                                                      -12731.076
              1      -6368.7728       0.3097115      -3.1928882       -3.1928882       -12731.16                                                       -12731.16
              1      -6368.7889       0.3213672      -3.2167513       -3.2167513      -12731.144                                                      -12731.144
              1      -6368.7927      0.32124745      -3.2195761       -3.2195761      -12731.146                                                      -12731.146
              1      -6368.8146      0.32049497       -3.235867        -3.235867      -12731.158                                                      -12731.158
              1      -6368.7802      0.32163277      -3.2102597       -3.2102597       -12731.14                                                       -12731.14
              1      -6368.7353      0.32284897      -3.1765256       -3.1765256      -12731.118                                                      -12731.118
              1      -6368.8478      0.31904763      -3.2601265       -3.2601265      -12731.175                                                      -12731.175
              1      -6368.6947      0.32379004      -3.1459116       -3.1459116      -12731.098                                                      -12731.098
              1      -6368.1486      0.33176713      -2.7283166       -2.7283166      -12730.841                                                      -12730.841
              1      -6367.9005      0.33429196      -2.5372206       -2.5372206      -12730.727                                                      -12730.727
              2      -6368.3108      0.32987506      -2.8529502       -2.8529502      -12730.916                                                      -12730.916
              1      -6367.0293      0.34126231      -1.8625797       -1.8625797      -12730.333                                                      -12730.333
              2       -6367.416      0.33843321      -2.1624358       -2.1624358      -12730.507                                                      -12730.507
              3      -6366.4239      0.34515303      -1.3921017       -1.3921017      -12730.064                                                      -12730.064
              1      -6368.8783      0.31557369      -3.2803627       -3.2803627      -12731.196                                                      -12731.196
              1      -6368.8604       0.3132676      -3.2641754       -3.2641754      -12731.192                                                      -12731.192
              1       -6368.365       0.3024292      -2.8715073       -2.8715073      -12730.987                                                      -12730.987
              2      -6367.8203      0.29663948      -2.4478117       -2.4478117      -12730.745                                                      -12730.745
              2      -6368.8046      0.31070602      -3.2184861       -3.2184861      -12731.172                                                      -12731.172
              1      -6368.3964      0.30284202      -2.8960278       -2.8960278      -12731.001                                                      -12731.001
              1      -6368.3376      0.30207747      -2.8500179       -2.8500179      -12730.975                                                      -12730.975
              1      -6368.8783      0.31602061      -3.2807656       -3.2807656      -12731.195                                                      -12731.195
              1      -6368.8481      0.31903129      -3.2603471       -3.2603471      -12731.175                                                      -12731.175
              1      -6368.7732      0.32183951       -3.204989        -3.204989      -12731.136                                                      -12731.136
              1      -6368.8644      0.31798678      -3.2719948       -3.2719948      -12731.185                                                      -12731.185
              1      -6368.3837      0.32893602      -2.9088987       -2.9088987       -12730.95                                                       -12730.95
              1      -6368.5028      0.32724138      -2.9999473       -2.9999473      -12731.006                                                      -12731.006
              1      -6368.8573      0.31848688       -3.267023        -3.267023      -12731.181                                                      -12731.181
              1      -6368.7149      0.32333529      -3.1611966       -3.1611966      -12731.107                                                      -12731.107
              2      -6368.8411      0.31938596      -3.2552894       -3.2552894      -12731.172                                                      -12731.172
              1      -6368.8487      0.31899651      -3.2608131       -3.2608131      -12731.176                                                      -12731.176
              1      -6368.7517      0.32243027      -3.1888812       -3.1888812      -12731.126                                                      -12731.126
              1      -6368.8635       0.3134939      -3.2668098       -3.2668098      -12731.193                                                      -12731.193
              1      -6368.8544      0.31866696      -3.2649606       -3.2649606      -12731.179                                                      -12731.179
              1        -6368.33      0.30198099      -2.8440276       -2.8440276      -12730.972                                                      -12730.972
              1      -6368.7074      0.30806148      -3.1407219       -3.1407219      -12731.133                                                      -12731.133
              1      -6368.8752      0.31683891      -3.2792026       -3.2792026      -12731.192                                                      -12731.192
              1      -6368.8435       0.3192667      -3.2570525       -3.2570525      -12731.173                                                      -12731.173
              3      -6367.6052       0.3369125      -2.3089165       -2.3089165      -12730.593                                                      -12730.593
              2      -6368.3601      0.32924793      -2.8907496       -2.8907496      -12730.939                                                      -12730.939
              1      -6368.3488      0.32939341      -2.8821364       -2.8821364      -12730.933                                                      -12730.933
              1      -6368.4494      0.32802977      -2.9591766       -2.9591766       -12730.98                                                       -12730.98
              1      -6368.8415       0.3121861      -3.2484425       -3.2484425      -12731.186                                                      -12731.186
              2      -6368.3559      0.30231079      -2.8643344       -2.8643344      -12730.983                                                      -12730.983
              1      -6368.3876       0.3027235      -2.8890654       -2.8890654      -12730.997                                                      -12730.997
              1      -6368.1643       0.3000415      -2.7148252       -2.7148252      -12730.899                                                      -12730.899
              1      -6368.7737      0.30973657      -3.1935874       -3.1935874       -12731.16                                                       -12731.16
              1       -6368.878      0.31617124      -3.2807014       -3.2807014      -12731.195                                                      -12731.195
              1      -6368.4936      0.30421539       -2.972151        -2.972151      -12731.043                                                      -12731.043
              2      -6367.4577      0.29361595      -2.1673312       -2.1673312      -12730.581                                                      -12730.581
              1      -6364.9326      0.27898999     -0.23689751      -0.23689751      -12729.391                                                      -12729.391
              2       -6368.685      0.30757441      -3.1230097       -3.1230097      -12731.124                                                      -12731.124
              1      -6368.7275      0.32303934      -3.1706502       -3.1706502      -12731.114                                                      -12731.114
              1      -6368.5939      0.30583212      -3.0510201       -3.0510201      -12731.086                                                      -12731.086
              1      -6367.6653      0.29529098      -2.3277368       -2.3277368      -12730.675                                                      -12730.675
              2      -6367.4507      0.29356179      -2.1619368       -2.1619368      -12730.577                                                      -12730.577
              3      -6367.2903      0.29235441      -2.0382909       -2.0382909      -12730.504                                                      -12730.504
              1       -6368.419      0.30314758      -2.9136896       -2.9136896      -12731.011                                                      -12731.011
              1      -6366.2505      0.28569843      -1.2403549       -1.2403549       -12730.02                                                       -12730.02
              1      -6368.0579      0.29891529      -2.6321277       -2.6321277      -12730.852                                                      -12730.852
              1      -6367.8278      0.29670716      -2.4536251       -2.4536251      -12730.748                                                      -12730.748
              1      -6368.3248      0.30191624      -2.8399838       -2.8399838       -12730.97                                                       -12730.97
              1      -6368.4391      0.30342597      -2.9294192       -2.9294192      -12731.019                                                      -12731.019
              1      -6368.5779      0.32602847      -3.0572771       -3.0572771      -12731.041                                                      -12731.041
              1      -6368.8648      0.31795417      -3.2722804       -3.2722804      -12731.185                                                      -12731.185
              3      -6368.8294      0.31991435      -3.2467174       -3.2467174      -12731.165                                                      -12731.165
              1      -6368.6474      0.32476441      -3.1100668       -3.1100668      -12731.075                                                      -12731.075
              1      -6367.9863      0.33345954      -2.6033545       -2.6033545      -12730.766                                                      -12730.766
              1      -6367.8549      0.33472178      -2.5018664       -2.5018664      -12730.706                                                      -12730.706
              1      -6368.7618      0.32215914      -3.1964665       -3.1964665      -12731.131                                                      -12731.131
              1      -6368.5831      0.30564478      -3.0424763       -3.0424763      -12731.081                                                      -12731.081
              1      -6368.2179      0.30064158      -2.7565865       -2.7565865      -12730.923                                                      -12730.923
              1      -6368.8107      0.31091821      -3.2233786       -3.2233786      -12731.175                                                      -12731.175
              3      -6368.8242      0.31143091       -3.234374        -3.234374       -12731.18                                                       -12731.18
              2      -6368.4208      0.32843241      -2.9372889       -2.9372889      -12730.967                                                      -12730.967
              1      -6368.1561      0.29995246      -2.7084923       -2.7084923      -12730.895                                                      -12730.895
              1      -6367.9331      0.29768341      -2.5352165       -2.5352165      -12730.796                                                      -12730.796
              3      -6368.7086      0.30808847      -3.1416725       -3.1416725      -12731.134                                                      -12731.134
              1      -6368.8265       0.3200336      -3.2446111       -3.2446111      -12731.164                                                      -12731.164
              4      -6368.8314      0.31172892      -3.2402284       -3.2402284      -12731.182                                                      -12731.182
              1      -6368.5686      0.32618678      -3.0501654       -3.0501654      -12731.037                                                      -12731.037
              1      -6367.7166      0.33596459      -2.3950223       -2.3950223      -12730.643                                                      -12730.643
              1      -6367.9552      0.33376583      -2.5793785       -2.5793785      -12730.752                                                      -12730.752
              1       -6367.953      0.33378708      -2.5776996       -2.5776996      -12730.751                                                      -12730.751
              1      -6367.2132      0.33995767       -2.005278        -2.005278      -12730.416                                                      -12730.416
              3      -6368.5241      0.32690989      -3.0162649       -3.0162649      -12731.016                                                      -12731.016
              2      -6368.8136      0.32053215      -3.2351212       -3.2351212      -12731.157                                                      -12731.157
              1      -6368.8772      0.31512372      -3.2790602       -3.2790602      -12731.196                                                      -12731.196
              1      -6368.5023      0.32724849      -2.9995918       -2.9995918      -12731.005                                                      -12731.005
              5      -6367.4624      0.33807097      -2.1982605       -2.1982605      -12730.528                                                      -12730.528
              1       -6368.849       0.3189795      -3.2610389       -3.2610389      -12731.176                                                      -12731.176
              2      -6368.8769      0.31503483      -3.2786964       -3.2786964      -12731.196                                                      -12731.196
              2      -6368.8708      0.31414565      -3.2731252       -3.2731252      -12731.195                                                      -12731.195
              1      -6368.7857        0.321465      -3.2143971       -3.2143971      -12731.143                                                      -12731.143
              1      -6368.5884      0.32584844      -3.0652292       -3.0652292      -12731.046                                                      -12731.046
              4      -6368.7649      0.32207318      -3.1988032       -3.1988032      -12731.132                                                      -12731.132
              2      -6368.8413      0.31217889      -3.2483201       -3.2483201      -12731.186                                                      -12731.186
              1      -6368.3603      0.32924475      -2.8909369       -2.8909369      -12730.939                                                      -12730.939
              1      -6368.7756      0.30979312      -3.1951547       -3.1951547      -12731.161                                                      -12731.161
              1       -6368.712      0.30816742      -3.1444346       -3.1444346      -12731.135                                                      -12731.135
              2      -6368.7095      0.32346031      -3.1570859       -3.1570859      -12731.105                                                      -12731.105
              1      -6368.2358      0.30084703      -2.7705166       -2.7705166       -12730.93                                                       -12730.93
              1      -6368.8784      0.31566506      -3.2805172       -3.2805172      -12731.196                                                      -12731.196
              2      -6368.7855      0.31008753      -3.2030836       -3.2030836      -12731.165                                                      -12731.165
              1      -6368.8558       0.3129682      -3.2603403       -3.2603403      -12731.191                                                      -12731.191
              2       -6368.577      0.30554229      -3.0377359       -3.0377359      -12731.079                                                      -12731.079
              2      -6368.3956      0.30283118      -2.8953939       -2.8953939          -12731                                                          -12731
              1      -6368.5784      0.30556538      -3.0388079       -3.0388079      -12731.079                                                      -12731.079
              1      -6368.8297      0.31989902      -3.2469836       -3.2469836      -12731.165                                                      -12731.165
              1      -6368.8779      0.31533098      -3.2797719       -3.2797719      -12731.196                                                      -12731.196
              2      -6366.0907      0.28480523       -1.118292        -1.118292      -12729.945                                                      -12729.945
              1      -6366.1453      0.28510759      -1.1600084       -1.1600084      -12729.971                                                      -12729.971
              2      -6366.6199      0.28787647      -1.5231383       -1.5231383      -12730.194                                                      -12730.194
              4      -6368.7664      0.30953024      -3.1877493       -3.1877493      -12731.157                                                      -12731.157
              4      -6368.5823       0.3056318      -3.0418784       -3.0418784      -12731.081                                                      -12731.081
              1      -6367.3929      0.33861251      -2.1444873       -2.1444873      -12730.497                                                      -12730.497
              3      -6368.7201       0.3083529      -3.1508153       -3.1508153      -12731.139                                                      -12731.139
              2      -6368.5423      0.30496902      -3.0103611       -3.0103611      -12731.064                                                      -12731.064
              1      -6368.3024       0.3299788      -2.8465292       -2.8465292      -12730.912                                                      -12730.912
              2      -6368.1743      0.33148256      -2.7480786       -2.7480786      -12730.852                                                      -12730.852
              1      -6368.8535      0.31282571      -3.2583752       -3.2583752       -12731.19                                                       -12731.19
              1      -6368.8774      0.31516714      -3.2792251       -3.2792251      -12731.196                                                      -12731.196
              4      -6368.7464      0.30899702      -3.1717849       -3.1717849      -12731.149                                                      -12731.149
              1      -6368.5276      0.30473687      -2.9988598       -2.9988598      -12731.057                                                      -12731.057
              2      -6368.0805      0.29914741      -2.6496339       -2.6496339      -12730.862                                                      -12730.862
              1      -6367.9909      0.29824275      -2.5800559       -2.5800559      -12730.822                                                      -12730.822
              1      -6367.7495      0.29601156       -2.392905        -2.392905      -12730.713                                                      -12730.713
              3      -6366.0462      0.28456064      -1.0842486       -1.0842486      -12729.924                                                      -12729.924
              4      -6365.9795      0.28419835      -1.0333336       -1.0333336      -12729.892                                                      -12729.892
              1      -6366.2332      0.28560056      -1.2271529       -1.2271529      -12730.012                                                      -12730.012
              1      -6366.6316      0.28794788      -1.5320528       -1.5320528      -12730.199                                                      -12730.199
              5      -6365.8007      0.28324792     -0.89699175      -0.89699175      -12729.807                                                      -12729.807
              1      -6368.7546      0.32235232      -3.1910954       -3.1910954      -12731.127                                                      -12731.127
              1      -6368.6596      0.32452337      -3.1193269       -3.1193269      -12731.081                                                      -12731.081
              4      -6368.6912      0.30770611      -3.1279031       -3.1279031      -12731.127                                                      -12731.127
              1      -6368.8743      0.31697792      -3.2786414       -3.2786414      -12731.191                                                      -12731.191
              3      -6368.8304      0.31987037      -3.2474782       -3.2474782      -12731.166                                                      -12731.166
              1      -6367.4199      0.29332524      -2.1382231       -2.1382231      -12730.563                                                      -12730.563
              1      -6365.9728      0.28416256      -1.0282725       -1.0282725      -12729.889                                                      -12729.889
              1      -6366.4499      0.28685291      -1.3928716       -1.3928716      -12730.114                                                      -12730.114
              1      -6368.4294      0.30329011      -2.9217859       -2.9217859      -12731.015                                                      -12731.015
              1      -6368.1139      0.29949803      -2.6756222       -2.6756222      -12730.876                                                      -12730.876
              2      -6368.7279      0.30853736      -3.1570089       -3.1570089      -12731.142                                                      -12731.142
              1      -6368.8666      0.31373911      -3.2694074       -3.2694074      -12731.194                                                      -12731.194
              4      -6368.7607      0.30937451      -3.1832174       -3.1832174      -12731.155                                                      -12731.155
              1      -6368.7118      0.30816199      -3.1442457       -3.1442457      -12731.135                                                      -12731.135
              2      -6368.8645      0.31798044      -3.2720507       -3.2720507      -12731.185                                                      -12731.185
              2      -6368.8463      0.31243102      -3.2524608       -3.2524608      -12731.188                                                      -12731.188
              3      -6366.5138      0.28723392      -1.4419052       -1.4419052      -12730.144                                                      -12730.144
              1      -6368.1747      0.33147827      -2.7483736       -2.7483736      -12730.853                                                      -12730.853
              1      -6367.8588      0.33468493      -2.5049294       -2.5049294      -12730.708                                                      -12730.708
              1      -6368.5061      0.32718948      -3.0025346       -3.0025346      -12731.007                                                      -12731.007
              1      -6368.8757      0.31479877        -3.27756         -3.27756      -12731.196                                                      -12731.196
              1      -6368.8624      0.31341127      -3.2658742       -3.2658742      -12731.193                                                      -12731.193
              3      -6368.8246      0.32011059      -3.2432177       -3.2432177      -12731.163                                                      -12731.163
              6       -6368.799      0.31051538      -3.2139198       -3.2139198       -12731.17                                                       -12731.17
              2      -6367.8377      0.29679795       -2.461392        -2.461392      -12730.753                                                      -12730.753
              1      -6367.1918      0.29164329      -1.9624352       -1.9624352      -12730.459                                                      -12730.459
              1      -6368.6894      0.30766708      -3.1264608       -3.1264608      -12731.126                                                      -12731.126
              1      -6368.6348      0.30657196      -3.0832379       -3.0832379      -12731.103                                                      -12731.103
              4      -6368.7491      0.30906636      -3.1739323       -3.1739323       -12731.15                                                       -12731.15
              1      -6368.8667      0.31779459      -3.2736097       -3.2736097      -12731.186                                                      -12731.186
              2      -6368.0696       0.3326117      -2.6675474       -2.6675474      -12730.804                                                      -12730.804
              1      -6368.2156      0.33101264      -2.7799236       -2.7799236      -12730.871                                                      -12730.871
              1      -6368.7779       0.3098579      -3.1969323       -3.1969323      -12731.162                                                      -12731.162
              1        -6367.95      0.33381685      -2.5753439       -2.5753439      -12730.749                                                      -12730.749
              2      -6366.9713      0.34165979      -1.8175998       -1.8175998      -12730.307                                                      -12730.307
              4      -6366.7457       0.3431536      -1.6422826       -1.6422826      -12730.207                                                      -12730.207
              1      -6366.6834      0.34355166      -1.5938908       -1.5938908      -12730.179                                                      -12730.179
              3      -6368.2466      0.33065307      -2.8036278       -2.8036278      -12730.886                                                      -12730.886
              1      -6368.6307      0.32508276       -3.097441        -3.097441      -12731.067                                                      -12731.067
              3      -6368.8496      0.31894913      -3.2614391       -3.2614391      -12731.176                                                      -12731.176
              2       -6368.804      0.32087476      -3.2279593       -3.2279593      -12731.152                                                      -12731.152
              1      -6368.8646      0.31796959      -3.2721459       -3.2721459      -12731.185                                                      -12731.185
              2      -6368.0094      0.29842517      -2.5943783       -2.5943783       -12730.83                                                       -12730.83
              5      -6368.5027      0.30435282       -2.979307        -2.979307      -12731.047                                                      -12731.047
              1      -6368.7393      0.32274886      -3.1795508       -3.1795508       -12731.12                                                       -12731.12
              1      -6368.0424      0.29875748      -2.6200902       -2.6200902      -12730.845                                                      -12730.845
              4      -6368.8067       0.3107785      -3.2201796       -3.2201796      -12731.173                                                      -12731.173
              1       -6367.854      0.29694417       -2.473823        -2.473823       -12730.76                                                       -12730.76
              1      -6367.3293      0.29264233      -2.0683654       -2.0683654      -12730.522                                                      -12730.522
              1      -6368.7475      0.32254102      -3.1856889       -3.1856889      -12731.124                                                      -12731.124
              2      -6368.8769      0.31505344      -3.2787755       -3.2787755      -12731.196                                                      -12731.196
              4      -6367.8447      0.33481614      -2.4939954       -2.4939954      -12730.701                                                      -12730.701
              1      -6368.2365      0.30085541      -2.7710809       -2.7710809      -12730.931                                                      -12730.931
              1      -6368.7991        0.310519      -3.2140079       -3.2140079       -12731.17                                                       -12731.17
              6      -6368.8528      0.31278619      -3.2578141       -3.2578141       -12731.19                                                       -12731.19
              2      -6368.8464      0.31911995      -3.2591353       -3.2591353      -12731.174                                                      -12731.174
              2      -6368.6191      0.32529899      -3.0886082       -3.0886082      -12731.061                                                      -12731.061
              4      -6368.8771      0.31645289      -3.2803107       -3.2803107      -12731.194                                                      -12731.194
              2      -6368.7113      0.30815014      -3.1438325       -3.1438325      -12731.135                                                      -12731.135
              2      -6368.4741      0.32767215       -2.978013        -2.978013      -12730.992                                                      -12730.992
              1        -6368.84      0.31211646      -3.2472512       -3.2472512      -12731.186                                                      -12731.186
              1      -6366.4075      0.28660393      -1.3604806       -1.3604806      -12730.094                                                      -12730.094
              4      -6367.6036      0.29477921      -2.2800509       -2.2800509      -12730.647                                                      -12730.647
              3      -6366.1037      0.28487677      -1.1281986       -1.1281986      -12729.951                                                      -12729.951
              1      -6368.0577      0.29891262      -2.6319255       -2.6319255      -12730.851                                                      -12730.851
              1      -6366.1127       0.2849263      -1.1350452       -1.1350452      -12729.955                                                      -12729.955
              4      -6364.6594      0.27775229    -0.029905795     -0.029905795      -12729.259                                                      -12729.259
              1      -6366.2816      0.28587539      -1.2641176       -1.2641176      -12730.035                                                      -12730.035
              2      -6367.5144      0.29406056      -2.2111243       -2.2111243      -12730.607                                                      -12730.607
              3      -6366.3851      0.28647296      -1.3433311       -1.3433311      -12730.084                                                      -12730.084
              1      -6367.4338      0.29343159      -2.1489155       -2.1489155       -12730.57                                                       -12730.57
              1      -6368.6718      0.32427538      -3.1285847       -3.1285847      -12731.086                                                      -12731.086
              1      -6368.8718       0.3142489      -3.2739524       -3.2739524      -12731.196                                                      -12731.196
              1       -6368.672       0.3073036      -3.1127056       -3.1127056      -12731.119                                                      -12731.119
              4      -6368.7938      0.32121127      -3.2204168       -3.2204168      -12731.147                                                      -12731.147
              2      -6368.6144      0.30619686      -3.0672074       -3.0672074      -12731.094                                                      -12731.094
              2      -6366.6345       0.3438604      -1.5558733       -1.5558733      -12730.157                                                      -12730.157
              1      -6368.8412      0.31937946       -3.255387        -3.255387      -12731.172                                                      -12731.172
              1      -6368.5814       0.3259681      -3.0599598       -3.0599598      -12731.043                                                      -12731.043
              2       -6368.675         0.32421      -3.1309798       -3.1309798      -12731.088                                                      -12731.088
              1      -6368.1863      0.30028505      -2.7319673       -2.7319673      -12730.909                                                      -12730.909
              2      -6368.7186      0.30831973      -3.1496852       -3.1496852      -12731.138                                                      -12731.138
              3      -6368.7637      0.30945631      -3.1856112       -3.1856112      -12731.156                                                      -12731.156
              1      -6368.8403      0.31942417      -3.2547111       -3.2547111      -12731.171                                                      -12731.171
              4      -6368.8076      0.31081004      -3.2209095       -3.2209095      -12731.173                                                      -12731.173
              2       -6368.797      0.31044983      -3.2123123       -3.2123123      -12731.169                                                      -12731.169
              2      -6368.8608      0.31329456      -3.2645012       -3.2645012      -12731.193                                                      -12731.193
              1      -6368.4441      0.30349576      -2.9333087       -2.9333087      -12731.022                                                      -12731.022
              2      -6367.9838      0.29817264      -2.5745116       -2.5745116      -12730.819                                                      -12730.819
              1      -6368.4382      0.30341328      -2.9287096       -2.9287096      -12731.019                                                      -12731.019
              1      -6368.4729      0.30390892      -2.9558905       -2.9558905      -12731.034                                                      -12731.034
              1      -6368.8725      0.31721256      -3.2774992       -3.2774992       -12731.19                                                       -12731.19
              1      -6368.7047      0.30800239      -3.1386294       -3.1386294      -12731.132                                                      -12731.132
              1      -6367.9504      0.29784835      -2.5485837       -2.5485837      -12730.804                                                      -12730.804
              1      -6368.8415      0.31218646      -3.2484485       -3.2484485      -12731.186                                                      -12731.186
              1      -6366.8741      0.34231402      -1.7420388       -1.7420388      -12730.264                                                      -12730.264
              2      -6366.4692      0.34488002      -1.4273095       -1.4273095      -12730.084                                                      -12730.084
              1      -6367.4417      0.33823232      -2.1823756       -2.1823756      -12730.519                                                      -12730.519
              1      -6367.9317      0.29766996      -2.5341213       -2.5341213      -12730.795                                                      -12730.795
              1       -6368.807      0.32076965      -3.2302121       -3.2302121      -12731.154                                                      -12731.154
              1      -6368.2847      0.33019651      -2.8328977       -2.8328977      -12730.904                                                      -12730.904
              1      -6368.7823      0.32157305      -3.2117468       -3.2117468      -12731.141                                                      -12731.141
              1      -6368.1526      0.33172252      -2.7314382       -2.7314382      -12730.842                                                      -12730.842
              1      -6368.7462      0.32257313      -3.1847532       -3.1847532      -12731.123                                                      -12731.123
              1      -6368.2117      0.33105772      -2.7769111       -2.7769111       -12730.87                                                       -12730.87
              1       -6368.247      0.30097768      -2.7792774       -2.7792774      -12730.935                                                      -12730.935
              1      -6367.9815      0.29815011      -2.5727252       -2.5727252      -12730.817                                                      -12730.817
              3      -6368.3225      0.30188761        -2.83819         -2.83819      -12730.969                                                      -12730.969
              1      -6368.8778      0.31529491      -3.2796618       -3.2796618      -12731.196                                                      -12731.196
              1      -6367.6397      0.33662346      -2.3355956       -2.3355956      -12730.608                                                      -12730.608
              6      -6367.9196      0.33411009      -2.5519326       -2.5519326      -12730.735                                                      -12730.735
              1      -6368.8076      0.31080694      -3.2208378       -3.2208378      -12731.173                                                      -12731.173
              2      -6368.8325      0.31177382      -3.2410762       -3.2410762      -12731.183                                                      -12731.183
              1      -6368.8732      0.31442582      -3.2752598       -3.2752598      -12731.196                                                      -12731.196
              2      -6368.5995      0.30593004      -3.0554243       -3.0554243      -12731.088                                                      -12731.088
              3      -6368.6015      0.30596483      -3.0569785       -3.0569785      -12731.089                                                      -12731.089
              1      -6368.2707      0.33036456      -2.8222322       -2.8222322      -12730.897                                                      -12730.897
              1      -6367.6413      0.33661036      -2.3367953       -2.3367953      -12730.609                                                      -12730.609
              1      -6368.8368      0.31196542      -3.2445937       -3.2445937      -12731.184                                                      -12731.184
              1      -6368.7108      0.30813863      -3.1434307       -3.1434307      -12731.135                                                      -12731.135
              1      -6368.7718      0.30968392      -3.1921158       -3.1921158      -12731.159                                                      -12731.159
              1      -6368.6468      0.30680091      -3.0927148       -3.0927148      -12731.108                                                      -12731.108
              2      -6367.7751      0.29623701      -2.4128203       -2.4128203      -12730.725                                                      -12730.725
              2       -6367.617      0.29488888      -2.2903676       -2.2903676      -12730.653                                                      -12730.653
              1      -6366.9798      0.29018116      -1.7994058       -1.7994058      -12730.361                                                      -12730.361
              1      -6368.6193       0.3062854      -3.0710477       -3.0710477      -12731.097                                                      -12731.097
              1      -6368.8693      0.31756469       -3.275326        -3.275326      -12731.188                                                      -12731.188
              2      -6368.6379      0.30663057       -3.085686        -3.085686      -12731.104                                                      -12731.104
              6      -6368.2089      0.33109113      -2.7746729       -2.7746729      -12730.868                                                      -12730.868
              1      -6368.8231      0.32017135      -3.2420996       -3.2420996      -12731.162                                                      -12731.162
              1      -6368.3681      0.30246858      -2.8738791       -2.8738791      -12730.988                                                      -12730.988
              4      -6367.7111      0.29567943      -2.3631541       -2.3631541      -12730.696                                                      -12730.696
              1      -6367.3607      0.33885881      -2.1195994       -2.1195994      -12730.482                                                      -12730.482
              2      -6366.4376      0.34507038      -1.4027956       -1.4027956       -12730.07                                                       -12730.07
              1      -6366.8807      0.34226998      -1.7471851       -1.7471851      -12730.267                                                      -12730.267
              2      -6368.7072      0.32351059      -3.1554134       -3.1554134      -12731.104                                                      -12731.104
              6      -6368.5407      0.30494406       -3.009136        -3.009136      -12731.063                                                      -12731.063
              1      -6368.8265      0.31152111      -3.2361877       -3.2361877      -12731.181                                                      -12731.181
              2      -6368.3898      0.30275361      -2.8908402       -2.8908402      -12730.998                                                      -12730.998
              2       -6368.862      0.31816912      -3.2703108       -3.2703108      -12731.183                                                      -12731.183
              3      -6368.8584      0.31841761      -3.2677781       -3.2677781      -12731.181                                                      -12731.181
              1      -6368.8547      0.31290048      -3.2594176       -3.2594176      -12731.191                                                      -12731.191
              2      -6368.8716      0.31423486      -3.2738427       -3.2738427      -12731.196                                                      -12731.196
              1      -6367.7673      0.33551799      -2.4342071       -2.4342071      -12730.666                                                      -12730.666
              1      -6367.1208      0.34062188      -1.9335734       -1.9335734      -12730.374                                                      -12730.374
              4      -6368.8308      0.31985361      -3.2477659       -3.2477659      -12731.166                                                      -12731.166
              2      -6368.8728      0.31436936      -3.2748577       -3.2748577      -12731.196                                                      -12731.196
              3      -6368.8665      0.31373292      -3.2693451       -3.2693451      -12731.194                                                      -12731.194
              1      -6368.8673      0.31380606      -3.2700701       -3.2700701      -12731.194                                                      -12731.194
              1      -6368.4299      0.30329704      -2.9221773       -2.9221773      -12731.015                                                      -12731.015
              2       -6368.401      0.30290254      -2.8995589       -2.8995589      -12731.003                                                      -12731.003
              1      -6368.3051      0.30167216      -2.8245735       -2.8245735      -12730.961                                                      -12730.961
              3      -6368.4636      0.32782514      -2.9700246       -2.9700246      -12730.987                                                      -12730.987
              1      -6368.4209      0.32843094      -2.9373702       -2.9373702      -12730.967                                                      -12730.967
              6      -6368.8479      0.31903714      -3.2602683       -3.2602683      -12731.175                                                      -12731.175
              2      -6368.8224      0.31135872      -3.2328965       -3.2328965      -12731.179                                                      -12731.179
              2      -6368.5948      0.30584811      -3.0517426       -3.0517426      -12731.086                                                      -12731.086
              1      -6368.5469      0.30504437      -3.0140427       -3.0140427      -12731.066                                                      -12731.066
              3      -6368.8759      0.31482945      -3.2777217       -3.2777217      -12731.196                                                      -12731.196
              1      -6367.9226      0.33408142      -2.5542383       -2.5542383      -12730.737                                                      -12730.737
              1      -6368.4247      0.32837782      -2.9402989       -2.9402989      -12730.969                                                      -12730.969
              2      -6368.8357       0.3119162      -3.2437056       -3.2437056      -12731.184                                                      -12731.184
              1       -6368.877      0.31506597      -3.2788278       -3.2788278      -12731.196                                                      -12731.196
              2      -6368.5294      0.32682721       -3.020259        -3.020259      -12731.018                                                      -12731.018
              2      -6368.8699      0.31404911      -3.2723089       -3.2723089      -12731.195                                                      -12731.195
              1      -6368.8357      0.31191539      -3.2436909       -3.2436909      -12731.184                                                      -12731.184
              1      -6368.5962       0.3058719      -3.0528144       -3.0528144      -12731.087                                                      -12731.087
              1      -6368.7845      0.31005604      -3.2022539       -3.2022539      -12731.164                                                      -12731.164
              1      -6368.1854       0.3002755      -2.7312999       -2.7312999      -12730.908                                                      -12730.908
              2      -6367.1684      0.29147716      -1.9443891       -1.9443891      -12730.448                                                      -12730.448
              3      -6368.3105      0.30173971      -2.8288643       -2.8288643      -12730.963                                                      -12730.963
              1      -6367.3547      0.33890485       -2.114917        -2.114917      -12730.479                                                      -12730.479
              3      -6368.8635      0.31805664      -3.2713671       -3.2713671      -12731.184                                                      -12731.184
              1      -6368.8742      0.31699101      -3.2785841       -3.2785841      -12731.191                                                      -12731.191
              1      -6368.8186       0.3112091      -3.2297604       -3.2297604      -12731.178                                                      -12731.178
              1      -6368.0485      0.29881887       -2.624786        -2.624786      -12730.847                                                      -12730.847
              1      -6368.7077      0.30806884      -3.1409814       -3.1409814      -12731.133                                                      -12731.133
              1      -6368.8477      0.31250499      -3.2536219       -3.2536219      -12731.188                                                      -12731.188
              6      -6368.8557      0.31296195       -3.260256        -3.260256      -12731.191                                                      -12731.191
              1      -6368.1579      0.33166467      -2.7354734       -2.7354734      -12730.845                                                      -12730.845
              4      -6368.8325      0.31177781      -3.2411512       -3.2411512      -12731.183                                                      -12731.183
              1      -6368.3516      0.30225556      -2.8609673       -2.8609673      -12730.981                                                      -12730.981
              1      -6367.9072      0.29743832      -2.5151309       -2.5151309      -12730.784                                                      -12730.784
              1      -6367.6251      0.33674647      -2.3242864       -2.3242864      -12730.602                                                      -12730.602
              1      -6367.5841      0.29461953      -2.2649345       -2.2649345      -12730.638                                                      -12730.638
              6      -6368.8777       0.3152521      -3.2795235       -3.2795235      -12731.196                                                      -12731.196
              1      -6368.8372      0.31198376      -3.2449217       -3.2449217      -12731.185                                                      -12731.185
              3      -6368.6949      0.32378547      -3.1460697       -3.1460697      -12731.098                                                      -12731.098
              1      -6367.4592      0.29362794      -2.1685242       -2.1685242      -12730.581                                                      -12730.581
              3      -6368.7528      0.30916251      -3.1768749       -3.1768749      -12731.152                                                      -12731.152
              2      -6367.6378      0.33663951      -2.3341234       -2.3341234      -12730.607                                                      -12730.607
              1      -6368.4873       0.3274753      -2.9881389       -2.9881389      -12730.998                                                      -12730.998
              3      -6367.7151      0.33597733      -2.3938915       -2.3938915      -12730.642                                                      -12730.642
              1      -6368.5852      0.32590435       -3.062775        -3.062775      -12731.045                                                      -12731.045
              5      -6368.6838      0.32402412      -3.1376854       -3.1376854      -12731.092                                                      -12731.092
              1      -6368.2048      0.33113816      -2.7715135       -2.7715135      -12730.867                                                      -12730.867
              1      -6367.8873      0.29725193      -2.4996774       -2.4996774      -12730.775                                                      -12730.775
              1      -6368.7761       0.3098062       -3.195515        -3.195515      -12731.161                                                      -12731.161
              1      -6368.6361      0.30659711      -3.0842904       -3.0842904      -12731.104                                                      -12731.104
              1      -6368.4547      0.30364674      -2.9416484       -2.9416484      -12731.026                                                      -12731.026
              1      -6368.6466      0.32478012      -3.1094543       -3.1094543      -12731.074                                                      -12731.074
              2      -6368.6956      0.32377019      -3.1465981       -3.1465981      -12731.098                                                      -12731.098
              3      -6367.9831      0.33349128      -2.6008891       -2.6008891      -12730.764                                                      -12730.764
              3      -6363.6391      0.35875784      0.78197231       0.78197231      -12728.842                                                      -12728.842
              2       -6359.448      0.37351216       4.0695629        4.0695629      -12727.035                                                      -12727.035
              2      -6363.0585      0.36108653       1.2365561        1.2365561       -12728.59                                                       -12728.59
              1      -6363.6305      0.35879302      0.78866185       0.78866185      -12728.838                                                      -12728.838
              1      -6364.7374      0.35396982    -0.076973233     -0.076973233      -12729.321                                                      -12729.321
              1      -6363.7964      0.35810455      0.65877382       0.65877382       -12728.91                                                       -12728.91
              1      -6368.0153      0.33316936      -2.6256848       -2.6256848      -12730.779                                                      -12730.779
              1      -6368.5269      0.32686551      -3.0184125       -3.0184125      -12731.017                                                      -12731.017
              1      -6366.8813      0.34226576      -1.7476776       -1.7476776      -12730.267                                                      -12730.267
              1      -6368.8701      0.31747657      -3.2759215       -3.2759215      -12731.188                                                      -12731.188
              1      -6368.7315      0.32294283       -3.173649        -3.173649      -12731.116                                                      -12731.116
              1      -6368.8771      0.31509612       -3.278951        -3.278951      -12731.196                                                      -12731.196
              1      -6368.8045      0.31070207      -3.2183931       -3.2183931      -12731.172                                                      -12731.172
              2      -6368.8748      0.31690057      -3.2789643       -3.2789643      -12731.192                                                      -12731.192
              1      -6368.8761      0.31668183      -3.2797335       -3.2797335      -12731.193                                                      -12731.193
              1      -6368.8538      0.31284469      -3.2586421       -3.2586421       -12731.19                                                       -12731.19
              1      -6367.9796      0.29813177      -2.5712697       -2.5712697      -12730.817                                                      -12730.817
              1      -6368.7389      0.32275852      -3.1792607       -3.1792607      -12731.119                                                      -12731.119
              1      -6368.5977      0.30589813      -3.0539937       -3.0539937      -12731.087                                                      -12731.087
              2      -6365.3898      0.35082007     -0.58646137      -0.58646137      -12729.607                                                      -12729.607
              3      -6366.9975      0.34148088      -1.8379323       -1.8379323      -12730.319                                                      -12730.319
              1      -6366.8053      0.34276656      -1.6886581       -1.6886581      -12730.233                                                      -12730.233
              1      -6366.5787      0.34420867      -1.5124798       -1.5124798      -12730.132                                                      -12730.132
              2      -6368.4113      0.32856304      -2.9300333       -2.9300333      -12730.963                                                      -12730.963
              2      -6368.4134      0.30307083      -2.9092922       -2.9092922      -12731.008                                                      -12731.008
              2      -6367.9953      0.29828577      -2.5834465       -2.5834465      -12730.824                                                      -12730.824
              2      -6368.1727      0.30013451      -2.7214023       -2.7214023      -12730.903                                                      -12730.903
              3      -6368.4463      0.30352734      -2.9350618       -2.9350618      -12731.022                                                      -12731.022
              1      -6368.6614      0.30708914      -3.1043144       -3.1043144      -12731.114                                                      -12731.114
              1      -6368.6776      0.32415562      -3.1329573       -3.1329573      -12731.089                                                      -12731.089
              1      -6368.8705      0.31411307      -3.2728543       -3.2728543      -12731.195                                                      -12731.195
              1      -6368.8512      0.31269175      -3.2564454       -3.2564454      -12731.189                                                      -12731.189
              1      -6368.6347      0.30657127      -3.0832088       -3.0832088      -12731.103                                                      -12731.103
              1      -6368.5539      0.30515687      -3.0194923       -3.0194923      -12731.069                                                      -12731.069
              1      -6368.8663       0.3137166        -3.26918         -3.26918      -12731.194                                                      -12731.194
              1      -6368.8446       0.3123403      -3.2510034       -3.2510034      -12731.187                                                      -12731.187
              4      -6368.8425       0.3122365      -3.2492911       -3.2492911      -12731.186                                                      -12731.186
              1      -6368.7211      0.32319099      -3.1658547       -3.1658547       -12731.11                                                       -12731.11
              4      -6368.2539      0.33056603      -2.8092794       -2.8092794      -12730.889                                                      -12730.889
              2      -6367.3353      0.33905205      -2.0998842       -2.0998842      -12730.471                                                      -12730.471
              1      -6367.0966      0.34079231      -1.9148586       -1.9148586      -12730.364                                                      -12730.364
              1        -6368.58      0.32599327      -3.0588435       -3.0588435      -12731.042                                                      -12731.042
              2      -6368.2719      0.33035081      -2.8231096       -2.8231096      -12730.898                                                      -12730.898
              1       -6366.214      0.34638806      -1.2286908       -1.2286908      -12729.971                                                      -12729.971
              1      -6367.5414      0.33743646       -2.259607        -2.259607      -12730.564                                                      -12730.564
              1      -6368.6799      0.32410783      -3.1346846       -3.1346846       -12731.09                                                       -12731.09
              1      -6368.0271      0.33304922      -2.6348199       -2.6348199      -12730.785                                                      -12730.785
              4      -6368.1101      0.33218406      -2.6987135       -2.6987135      -12730.823                                                      -12730.823
              1      -6367.5872      0.33706209      -2.2949634       -2.2949634      -12730.584                                                      -12730.584
              1      -6367.3308      0.33908609      -2.0963938       -2.0963938      -12730.469                                                      -12730.469
              2      -6365.5222      0.35014673     -0.68965749      -0.68965749      -12729.665                                                      -12729.665
              1      -6368.8781      0.31611842      -3.2807354       -3.2807354      -12731.195                                                      -12731.195
              2      -6368.8413      0.31937675      -3.2554279       -3.2554279      -12731.172                                                      -12731.172
              2      -6368.8416      0.31219046      -3.2485164       -3.2485164      -12731.186                                                      -12731.186
              1      -6368.3185      0.32977918      -2.8588426       -2.8588426      -12730.919                                                      -12730.919
              1      -6368.4212        0.303177      -2.9153679       -2.9153679      -12731.012                                                      -12731.012
              3      -6367.9591        0.333728      -2.5823618       -2.5823618      -12730.753                                                      -12730.753
              1      -6368.3106      0.30174018      -2.8288946       -2.8288946      -12730.963                                                      -12730.963
              2      -6367.7748      0.33545042       -2.440058        -2.440058       -12730.67                                                       -12730.67
              1      -6368.5412       0.3266377      -3.0292982       -3.0292982      -12731.024                                                      -12731.024
              1      -6368.7385      0.32276944      -3.1789325       -3.1789325      -12731.119                                                      -12731.119
              2      -6368.4904      0.32742858      -2.9905168       -2.9905168          -12731                                                          -12731
              1      -6368.1338      0.29971009       -2.691075        -2.691075      -12730.885                                                      -12730.885
              2       -6368.499      0.30429685      -2.9764028       -2.9764028      -12731.045                                                      -12731.045
              1      -6368.8494      0.31895971      -3.2613001       -3.2613001      -12731.176                                                      -12731.176
              2      -6368.8168      0.31114196      -3.2283209       -3.2283209      -12731.177                                                      -12731.177
              2       -6368.856      0.31857212      -3.2660647       -3.2660647       -12731.18                                                       -12731.18
              4       -6368.602       0.3256088      -3.0755909       -3.0755909      -12731.053                                                      -12731.053
              1       -6368.147       0.2998535      -2.7014123       -2.7014123      -12730.891                                                      -12730.891
              1      -6367.9701      0.29803915      -2.5638952       -2.5638952      -12730.812                                                      -12730.812
              1      -6368.8705      0.31411134      -3.2728398       -3.2728398      -12731.195                                                      -12731.195
              2      -6368.8449      0.31919672      -3.2580576       -3.2580576      -12731.174                                                      -12731.174
              1      -6368.8387      0.31205462      -3.2461754       -3.2461754      -12731.185                                                      -12731.185
              2      -6368.4684       0.3277556      -2.9736686       -2.9736686      -12730.989                                                      -12730.989
              1      -6368.7695        0.321943      -3.2022794       -3.2022794      -12731.135                                                      -12731.135
              3      -6368.8773       0.3151517      -3.2791674       -3.2791674      -12731.196                                                      -12731.196
              2       -6367.346      0.29276681      -2.0812528       -2.0812528       -12730.53                                                       -12730.53
              1      -6368.2089       0.3310902      -2.7747353       -2.7747353      -12730.868                                                      -12730.868
              1      -6367.6219      0.29492975      -2.2941992       -2.2941992      -12730.655                                                      -12730.655
              2      -6366.3937      0.28652274      -1.3498585       -1.3498585      -12730.088                                                      -12730.088
              1      -6367.2009      0.29170793      -1.9694229       -1.9694229      -12730.463                                                      -12730.463
              3      -6368.3005      0.33000189      -2.8450934       -2.8450934      -12730.911                                                      -12730.911
              1      -6368.4826        0.327547      -2.9844706       -2.9844706      -12730.996                                                      -12730.996
              2      -6368.4078      0.32861078      -2.9273627       -2.9273627      -12730.961                                                      -12730.961
              2      -6367.5364      0.33747747      -2.2556964       -2.2556964      -12730.561                                                      -12730.561
              1       -6368.634      0.30655784      -3.0826458       -3.0826458      -12731.103                                                      -12731.103
              5      -6368.8628      0.31810817      -3.2708901       -3.2708901      -12731.184                                                      -12731.184
              4      -6368.4834       0.3275346      -2.9851064       -2.9851064      -12730.997                                                      -12730.997
              1      -6368.8699      0.31750248        -3.27575         -3.27575      -12731.188                                                      -12731.188
              1      -6368.8583      0.31842827      -3.2676633       -3.2676633      -12731.181                                                      -12731.181
              4      -6368.8572      0.31849613      -3.2669207       -3.2669207      -12731.181                                                      -12731.181
              1      -6368.5936      0.30582728      -3.0508015       -3.0508015      -12731.086                                                      -12731.086
              4      -6368.7176      0.30829654      -3.1488924       -3.1488924      -12731.137                                                      -12731.137
              1      -6368.0964      0.29931301      -2.6619764       -2.6619764      -12730.869                                                      -12730.869
              1      -6368.8765      0.31659491      -3.2799801       -3.2799801      -12731.193                                                      -12731.193
              1      -6368.8491      0.31897696      -3.2610725       -3.2610725      -12731.176                                                      -12731.176
              1      -6368.7372      0.30876635      -3.1644872       -3.1644872      -12731.146                                                      -12731.146
              1      -6368.8426      0.31224106      -3.2493674       -3.2493674      -12731.186                                                      -12731.186
              3      -6368.5211      0.32695688      -3.0139815       -3.0139815      -12731.014                                                      -12731.014
              2      -6368.5512      0.32647449      -3.0369557       -3.0369557      -12731.029                                                      -12731.029
              4      -6368.6332      0.30654321      -3.0820313       -3.0820313      -12731.102                                                      -12731.102
              1      -6366.9104      0.28971862      -1.7458533       -1.7458533      -12730.329                                                      -12730.329
              2      -6366.8343      0.28922461      -1.6876076       -1.6876076      -12730.293                                                      -12730.293
              2      -6368.7101      0.32344703       -3.157526        -3.157526      -12731.105                                                      -12731.105
              3      -6368.7952      0.32116782      -3.2214191       -3.2214191      -12731.148                                                      -12731.148
              1      -6368.5537      0.30515493      -3.0193987       -3.0193987      -12731.069                                                      -12731.069
              1      -6368.3026      0.30164268      -2.8226943       -2.8226943       -12730.96                                                       -12730.96
              2      -6368.0684      0.29902223       -2.640223        -2.640223      -12730.856                                                      -12730.856
              2       -6366.728      0.34326671      -1.6286038       -1.6286038      -12730.199                                                      -12730.199
              1      -6366.3392      0.34565757      -1.3261628       -1.3261628      -12730.026                                                      -12730.026
              3        -6368.71       0.3234495      -3.1574442       -3.1574442      -12731.105                                                      -12731.105
              1      -6368.3615       0.3292296      -2.8918279       -2.8918279      -12730.939                                                      -12730.939
              2      -6368.8199        0.311261      -3.2308597       -3.2308597      -12731.178                                                      -12731.178
              3      -6368.8121      0.32058685      -3.2340128       -3.2340128      -12731.156                                                      -12731.156
              1      -6368.4162      0.32849561      -2.9337881       -2.9337881      -12730.965                                                      -12730.965
              1      -6367.7394      0.33576531      -2.4126163       -2.4126163      -12730.653                                                      -12730.653
              1      -6368.8187       0.3203431      -3.2388498       -3.2388498       -12731.16                                                       -12731.16
              2      -6368.8666      0.31374668      -3.2694833       -3.2694833      -12731.194                                                      -12731.194
              4       -6368.697      0.30783149      -3.1324899       -3.1324899      -12731.129                                                      -12731.129
              1      -6368.4838      0.30406998      -2.9644881       -2.9644881      -12731.039                                                      -12731.039
              1      -6368.8417      0.31935557      -3.2557447       -3.2557447      -12731.172                                                      -12731.172
              2       -6368.306       0.3016843      -2.8253461       -2.8253461      -12730.961                                                      -12730.961
              3      -6368.6432      0.32484531      -3.1069011       -3.1069011      -12731.073                                                      -12731.073
              1      -6367.2528      0.33966772      -2.0359645       -2.0359645      -12730.434                                                      -12730.434
              4      -6368.0438      0.33287874      -2.6476736       -2.6476736      -12730.792                                                      -12730.792
              4      -6368.7872       0.3101386      -3.2044199       -3.2044199      -12731.166                                                      -12731.166
              1      -6368.8562      0.31298869      -3.2606155       -3.2606155      -12731.191                                                      -12731.191
              1      -6368.8125      0.32057275      -3.2342997       -3.2342997      -12731.156                                                      -12731.156
              2      -6368.6865      0.30760501      -3.1241536       -3.1241536      -12731.125                                                      -12731.125
              3      -6368.8278      0.31157509      -3.2372558       -3.2372558      -12731.181                                                      -12731.181
              3      -6368.8354      0.31190364      -3.2434772       -3.2434772      -12731.184                                                      -12731.184
              3      -6368.8376      0.31200552      -3.2453091       -3.2453091      -12731.185                                                      -12731.185
              1      -6368.6555      0.30697194      -3.0996422       -3.0996422      -12731.112                                                      -12731.112
              2      -6368.7727      0.32185152      -3.2046771       -3.2046771      -12731.136                                                      -12731.136
              1      -6368.8731       0.3144092      -3.2751429       -3.2751429      -12731.196                                                      -12731.196
              1      -6368.4082      0.30300036      -2.9052319       -2.9052319      -12731.006                                                      -12731.006
              2      -6368.8781      0.31542981      -3.2800441       -3.2800441      -12731.196                                                      -12731.196
              1      -6368.8446      0.31921311      -3.2578242       -3.2578242      -12731.173                                                      -12731.173
              2      -6368.7967      0.32111665      -3.2225885       -3.2225885      -12731.148                                                      -12731.148
              1      -6368.0662      0.33264755       -2.664898        -2.664898      -12730.803                                                      -12730.803
              2      -6368.4637      0.30377644      -2.9487322       -2.9487322       -12731.03                                                       -12731.03
              3      -6368.7907      0.32131235      -3.2180532       -3.2180532      -12731.145                                                      -12731.145
              1      -6368.8715      0.31732784      -3.2768484       -3.2768484      -12731.189                                                      -12731.189
              1      -6368.6727      0.30731663      -3.1132088       -3.1132088      -12731.119                                                      -12731.119
              2      -6368.8593      0.31318913      -3.2632088       -3.2632088      -12731.192                                                      -12731.192
              1      -6368.6434      0.32484182      -3.1070383       -3.1070383      -12731.073                                                      -12731.073
              2      -6368.6368      0.32496923      -3.1019952       -3.1019952       -12731.07                                                       -12731.07
              1      -6368.8646       0.3179738       -3.272109        -3.272109      -12731.185                                                      -12731.185
              4      -6368.8127      0.31099073      -3.2250048       -3.2250048      -12731.175                                                      -12731.175
              1       -6368.855       0.3186355      -3.2653312       -3.2653312      -12731.179                                                      -12731.179
              2      -6368.5467      0.32654927      -3.0334618       -3.0334618      -12731.026                                                      -12731.026
              2      -6368.8594      0.31835549      -3.2684369       -3.2684369      -12731.182                                                      -12731.182
              2      -6368.3887      0.30273839      -2.8899434       -2.8899434      -12730.997                                                      -12730.997
              3      -6368.8457      0.31915377      -3.2586638       -3.2586638      -12731.174                                                      -12731.174
              5       -6368.497      0.32732917      -2.9955442       -2.9955442      -12731.003                                                      -12731.003
              5      -6368.8335      0.31973407      -3.2497814       -3.2497814      -12731.168                                                      -12731.168
              2      -6368.5295      0.32682532      -3.0203497       -3.0203497      -12731.018                                                      -12731.018
              1      -6368.5307      0.30478594      -3.0013104       -3.0013104      -12731.059                                                      -12731.059
              1      -6368.8121      0.32058629      -3.2340242       -3.2340242      -12731.156                                                      -12731.156
              1      -6367.3742      0.29297804      -2.1029652       -2.1029652      -12730.542                                                      -12730.542
              2      -6367.6395      0.33662567      -2.3353927       -2.3353927      -12730.608                                                      -12730.608
              2      -6368.2794      0.33025982      -2.8288942       -2.8288942      -12730.901                                                      -12730.901
              1      -6368.5787      0.32601582      -3.0578407       -3.0578407      -12731.042                                                      -12731.042
              4      -6366.6758       0.3435989      -1.5881017       -1.5881017      -12730.175                                                      -12730.175
              2      -6367.1347      0.29124038      -1.9184587       -1.9184587      -12730.433                                                      -12730.433
              1       -6367.839       0.2968093      -2.4623596       -2.4623596      -12730.753                                                      -12730.753
              1      -6368.5974      0.30589338      -3.0537802       -3.0537802      -12731.087                                                      -12731.087
              1      -6368.7922      0.31029724      -3.2084967       -3.2084967      -12731.167                                                      -12731.167
              2      -6368.2116      0.30057026      -2.7517068       -2.7517068       -12730.92                                                       -12730.92
              3      -6367.6291      0.29498912      -2.2997508       -2.2997508      -12730.659                                                      -12730.659
              3      -6368.8402      0.31942979      -3.2546255       -3.2546255      -12731.171                                                      -12731.171
              2      -6368.8161      0.32044108      -3.2369373       -3.2369373      -12731.158                                                      -12731.158
              2      -6368.8428      0.31930255      -3.2565291       -3.2565291      -12731.173                                                      -12731.173
              1      -6367.6702      0.33636469       -2.359165        -2.359165      -12730.622                                                      -12730.622
              1      -6368.5345      0.30484625      -3.0043085       -3.0043085       -12731.06                                                       -12731.06
              3       -6367.448      0.33818407      -2.1871375       -2.1871375      -12730.522                                                      -12730.522
              1       -6367.963      0.33368954      -2.5853894       -2.5853894      -12730.755                                                      -12730.755
              3      -6368.8617      0.31819467       -3.270063        -3.270063      -12731.183                                                      -12731.183
              3      -6368.7101       0.3234469      -3.1575304       -3.1575304      -12731.105                                                      -12731.105
              2      -6368.8761      0.31667864      -3.2797431       -3.2797431      -12731.193                                                      -12731.193
              1      -6368.8133      0.32054464      -3.2348694       -3.2348694      -12731.157                                                      -12731.157
              2      -6368.7677      0.32199483      -3.2009043       -3.2009043      -12731.134                                                      -12731.134
              1      -6368.7595      0.32222261        -3.19472         -3.19472      -12731.129                                                      -12731.129
              1      -6367.9867       0.3334559      -2.6036364       -2.6036364      -12730.766                                                      -12730.766
              2        -6367.95      0.33381683      -2.5753455       -2.5753455      -12730.749                                                      -12730.749
              1      -6368.4821      0.32755361      -2.9841315       -2.9841315      -12730.996                                                      -12730.996
              3      -6368.8643      0.31799362      -3.2719343       -3.2719343      -12731.185                                                      -12731.185
              1      -6368.8684      0.31390573      -3.2710199       -3.2710199      -12731.195                                                      -12731.195
              1       -6368.696      0.30780916      -3.1316778       -3.1316778      -12731.129                                                      -12731.129
              2      -6368.4079      0.32861039      -2.9273846       -2.9273846      -12730.961                                                      -12730.961
              3      -6368.8245      0.31144152      -3.2345893       -3.2345893       -12731.18                                                       -12731.18
              6       -6368.878      0.31538403      -3.2799234       -3.2799234      -12731.196                                                      -12731.196
              1      -6368.3645      0.32918936      -2.8941904       -2.8941904      -12730.941                                                      -12730.941
              3      -6368.8769       0.3150532      -3.2787745       -3.2787745      -12731.196                                                      -12731.196
              1      -6368.5104      0.30447018      -2.9853514       -2.9853514       -12731.05                                                       -12731.05
              1      -6368.5061      0.30440434      -2.9819683       -2.9819683      -12731.048                                                      -12731.048
              4      -6368.8784      0.31592953      -3.2807555       -3.2807555      -12731.195                                                      -12731.195
              1      -6368.5982      0.32567589      -3.0727158       -3.0727158      -12731.051                                                      -12731.051
              1      -6368.7849      0.32149003      -3.2137878       -3.2137878      -12731.142                                                      -12731.142
              1      -6368.6871        0.307618      -3.1246377       -3.1246377      -12731.125                                                      -12731.125
              2      -6368.7546      0.30920946      -3.1782966       -3.1782966      -12731.153                                                      -12731.153
              1       -6368.858      0.31844483      -3.2674839       -3.2674839      -12731.181                                                      -12731.181
              1      -6368.7889      0.31019334      -3.2058393       -3.2058393      -12731.166                                                      -12731.166
              1       -6368.484      0.32752528      -2.9855842       -2.9855842      -12730.997                                                      -12730.997
              1      -6367.6038      0.29478121      -2.2802401       -2.2802401      -12730.647                                                      -12730.647
              1      -6368.7726      0.30970682      -3.1927573       -3.1927573       -12731.16                                                       -12731.16
              1      -6367.0135      0.29040772      -1.8252894       -1.8252894      -12730.377                                                      -12730.377
              1      -6368.7459      0.30898421      -3.1713859       -3.1713859      -12731.149                                                      -12731.149
              1      -6367.8204       0.3350384      -2.4752981       -2.4752981       -12730.69                                                       -12730.69
              1      -6368.0812      0.29915458      -2.6501707       -2.6501707      -12730.862                                                      -12730.862
              3      -6368.6709      0.30728016      -3.1117983       -3.1117983      -12731.118                                                      -12731.118
              2      -6368.8733      0.31711539      -3.2780019       -3.2780019      -12731.191                                                      -12731.191
              1      -6368.6183      0.32531322      -3.0880197       -3.0880197      -12731.061                                                      -12731.061
              7      -6368.8763      0.31490233       -3.278089        -3.278089      -12731.196                                                      -12731.196
              3      -6366.8136      0.34271232      -1.6951047       -1.6951047      -12730.237                                                      -12730.237
              2      -6367.1624      0.34032505      -1.9658603       -1.9658603      -12730.393                                                      -12730.393
              3      -6367.8684      0.33459491       -2.512387        -2.512387      -12730.712                                                      -12730.712
              1      -6367.2894      0.33939689        -2.06429         -2.06429       -12730.45                                                       -12730.45
              1      -6366.3524      0.34557951      -1.3364391       -1.3364391      -12730.032                                                      -12730.032
              1      -6368.6335       0.3250315      -3.0995045       -3.0995045      -12731.068                                                      -12731.068
              2      -6368.8646      0.31357693      -3.2677193       -3.2677193      -12731.194                                                      -12731.194
              1      -6368.7641      0.30946745      -3.1859349       -3.1859349      -12731.156                                                      -12731.156
              2       -6368.761      0.30938251      -3.1834528       -3.1834528      -12731.155                                                      -12731.155
              1      -6368.8737      0.31706408      -3.2782504       -3.2782504      -12731.191                                                      -12731.191
              3      -6368.6841      0.30755405      -3.1222463       -3.1222463      -12731.124                                                      -12731.124
              3      -6368.8608      0.31825298      -3.2694867       -3.2694867      -12731.183                                                      -12731.183
              2      -6367.6763      0.33631232      -2.3638991       -2.3638991      -12730.625                                                      -12730.625
              1      -6368.2359      0.33077734      -2.7955006       -2.7955006      -12730.881                                                      -12730.881
              1      -6367.7257      0.29580592       -2.374542        -2.374542      -12730.702                                                      -12730.702
              3      -6368.6515        0.306893      -3.0964613       -3.0964613       -12731.11                                                       -12731.11
              1      -6368.8729      0.31716811      -3.2777344       -3.2777344       -12731.19                                                       -12731.19
              2      -6368.8173      0.32039489      -3.2378441       -3.2378441      -12731.159                                                      -12731.159
              3      -6368.6233      0.32522255      -3.0917544       -3.0917544      -12731.063                                                      -12731.063
              1      -6368.7417      0.32268953      -3.1813226       -3.1813226      -12731.121                                                      -12731.121
              2      -6368.5896      0.32582761      -3.0661399       -3.0661399      -12731.047                                                      -12731.047
              2      -6368.8748      0.31690207      -3.2789583       -3.2789583      -12731.192                                                      -12731.192
              4      -6368.7427      0.30890417      -3.1688758       -3.1688758      -12731.148                                                      -12731.148
              2      -6368.8739      0.31702749      -3.2784205       -3.2784205      -12731.191                                                      -12731.191
              2      -6367.4194      0.33840672      -2.1650757       -2.1650757      -12730.509                                                      -12730.509
              2       -6367.532      0.29420071      -2.2247463       -2.2247463      -12730.614                                                      -12730.614
              1      -6368.7881      0.32139151      -3.2161702       -3.2161702      -12731.144                                                      -12731.144
              1      -6368.8565      0.31301091      -3.2609117       -3.2609117      -12731.191                                                      -12731.191
              4      -6368.8456      0.31916047      -3.2585697       -3.2585697      -12731.174                                                      -12731.174
              3       -6368.769      0.32195733      -3.2019003       -3.2019003      -12731.134                                                      -12731.134
              2      -6368.8131       0.3205515      -3.2347306       -3.2347306      -12731.157                                                      -12731.157
              3      -6368.8421      0.31933493      -3.2560515       -3.2560515      -12731.172                                                      -12731.172
              5      -6367.9211      0.33409606      -2.5530612       -2.5530612      -12730.736                                                      -12730.736
              1      -6366.0233       0.3474678      -1.0802724       -1.0802724      -12729.886                                                      -12729.886
              1      -6366.4284      0.34512571      -1.3956393       -1.3956393      -12730.066                                                      -12730.066
              2      -6368.4106      0.30303209      -2.9070628       -2.9070628      -12731.007                                                      -12731.007
              1      -6368.6941      0.30776932      -3.1302242       -3.1302242      -12731.128                                                      -12731.128
              2      -6368.8082      0.32072804      -3.2310901       -3.2310901      -12731.154                                                      -12731.154
              3      -6368.5734      0.32610562      -3.0538254       -3.0538254      -12731.039                                                      -12731.039
              2      -6367.6813        0.295426      -2.3401231       -2.3401231      -12730.682                                                      -12730.682
              2      -6368.2808       0.3302436      -2.8299216       -2.8299216      -12730.902                                                      -12730.902
              1      -6367.3555       0.3388984      -2.1155736       -2.1155736       -12730.48                                                       -12730.48
              6      -6368.7941      0.31035752      -3.2100163       -3.2100163      -12731.168                                                      -12731.168
              1      -6368.6878      0.32393962       -3.140683        -3.140683      -12731.094                                                      -12731.094
              1      -6368.7845      0.31005614      -3.2022566       -3.2022566      -12731.164                                                      -12731.164
              1      -6368.8779      0.31622381      -3.2806552       -3.2806552      -12731.194                                                      -12731.194
              2      -6368.8784      0.31579133      -3.2806698       -3.2806698      -12731.196                                                      -12731.196
              1       -6368.024      0.33308107      -2.6324042       -2.6324042      -12730.783                                                      -12730.783
              2      -6368.8707      0.31741415      -3.2763225       -3.2763225      -12731.189                                                      -12731.189
              2       -6368.875      0.31687078      -3.2790815       -3.2790815      -12731.192                                                      -12731.192
              3      -6368.5753      0.32607289      -3.0552928       -3.0552928       -12731.04                                                       -12731.04
              3      -6368.4971      0.30426817      -2.9749093       -2.9749093      -12731.044                                                      -12731.044
              2      -6367.8588      0.29698859      -2.4775802       -2.4775802      -12730.762                                                      -12730.762
              2      -6368.6177      0.30625574       -3.069765        -3.069765      -12731.096                                                      -12731.096
              1      -6368.0118      0.33320485      -2.6229737       -2.6229737      -12730.778                                                      -12730.778
              1       -6368.299      0.33002023      -2.8439512       -2.8439512       -12730.91                                                       -12730.91
              2      -6368.6946      0.32379109      -3.1458753       -3.1458753      -12731.098                                                      -12731.098
              1      -6368.8183      0.31119884      -3.2295417       -3.2295417      -12731.178                                                      -12731.178
              1      -6368.2768      0.33029138      -2.8268923       -2.8268923        -12730.9                                                        -12730.9
              4      -6368.8594      0.31835369      -3.2684558       -3.2684558      -12731.182                                                      -12731.182
              7      -6368.1994      0.33119932        -2.76739         -2.76739      -12730.864                                                      -12730.864
              4      -6367.2767      0.33949098      -2.0544865       -2.0544865      -12730.444                                                      -12730.444
              1      -6367.2508      0.33968242      -2.0344179       -2.0344179      -12730.433                                                      -12730.433
              1      -6365.7692      0.34885336     -0.88222572      -0.88222572      -12729.774                                                      -12729.774
              1      -6367.3039      0.33928813      -2.0755734       -2.0755734      -12730.457                                                      -12730.457
              1      -6366.9851      0.34156608      -1.8282682       -1.8282682      -12730.314                                                      -12730.314
              5      -6366.8528      0.34245482      -1.7255277       -1.7255277      -12730.255                                                      -12730.255
              1      -6368.6646      0.32442202      -3.1231434       -3.1231434      -12731.083                                                      -12731.083
              2      -6368.2045      0.33114113      -2.7713136       -2.7713136      -12730.866                                                      -12730.866
              1      -6368.8361      0.31962155      -3.2516207       -3.2516207      -12731.169                                                      -12731.169
              3      -6368.6341      0.32501842      -3.1000289       -3.1000289      -12731.068                                                      -12731.068
              7      -6367.4517      0.33815504      -2.1899981       -2.1899981      -12730.523                                                      -12730.523
              3      -6368.7468       0.3225573      -3.1852149       -3.1852149      -12731.123                                                      -12731.123
              3      -6368.5193      0.32698513      -3.0126041       -3.0126041      -12731.013                                                      -12731.013
              1      -6366.9758      0.34162952      -1.8210503       -1.8210503      -12730.309                                                      -12730.309
              3      -6367.8913      0.33437975      -2.5300661       -2.5300661      -12730.723                                                      -12730.723
              2      -6368.8336      0.31182354      -3.2420048       -3.2420048      -12731.183                                                      -12731.183
              1      -6368.4479      0.30355064      -2.9363521       -2.9363521      -12731.023                                                      -12731.023
              1      -6368.2941      0.30153871      -2.8160355       -2.8160355      -12730.956                                                      -12730.956
              1      -6368.8679      0.31386243      -3.2706127       -3.2706127      -12731.195                                                      -12731.195
              2       -6368.624      0.32520857      -3.0923272       -3.0923272      -12731.063                                                      -12731.063
              4      -6368.4617       0.3037465       -2.947104        -2.947104      -12731.029                                                      -12731.029
              1      -6367.7564      0.29607172      -2.3982411       -2.3982411      -12730.716                                                      -12730.716
              1      -6368.8783      0.31599075      -3.2807664       -3.2807664      -12731.195                                                      -12731.195
              4      -6368.8639      0.31802976      -3.2716112       -3.2716112      -12731.185                                                      -12731.185
              2      -6368.8752      0.31684304      -3.2791872       -3.2791872      -12731.192                                                      -12731.192
              1      -6368.8491      0.31897526      -3.2610951       -3.2610951      -12731.176                                                      -12731.176
              3      -6368.6587      0.30703489      -3.1021593       -3.1021593      -12731.113                                                      -12731.113
              2      -6368.7903      0.31023632      -3.2069443       -3.2069443      -12731.167                                                      -12731.167
              2      -6368.8284      0.31995676      -3.2459756       -3.2459756      -12731.165                                                      -12731.165
              1      -6367.5254      0.33756657      -2.2471737       -2.2471737      -12730.556                                                      -12730.556
              3      -6368.6767      0.32417292      -3.1323296       -3.1323296      -12731.089                                                      -12731.089
              2      -6368.3561       0.3292993      -2.8877191       -2.8877191      -12730.937                                                      -12730.937
              3      -6368.5001      0.32728171       -2.997929        -2.997929      -12731.004                                                      -12731.004
              1      -6368.6449      0.30676419      -3.0912105       -3.0912105      -12731.107                                                      -12731.107
              2      -6368.5513      0.30511471      -3.0174562       -3.0174562      -12731.068                                                      -12731.068
              1      -6368.7397      0.30882685      -3.1664242       -3.1664242      -12731.147                                                      -12731.147
              1      -6368.4187      0.32846191      -2.9356572       -2.9356572      -12730.966                                                      -12730.966
              4      -6368.4947       0.3042312      -2.9729785       -2.9729785      -12731.043                                                      -12731.043
              1      -6368.5835      0.32593198      -3.0615571       -3.0615571      -12731.044                                                      -12731.044
              4      -6368.8437      0.31925706      -3.2571922       -3.2571922      -12731.173                                                      -12731.173
              1      -6368.8535      0.31282418      -3.2583536       -3.2583536       -12731.19                                                       -12731.19
              2      -6368.6168      0.30624044       -3.069102        -3.069102      -12731.095                                                      -12731.095
              1      -6368.2893      0.30148072      -2.8123013       -2.8123013      -12730.954                                                      -12730.954
              2       -6368.622      0.30633391      -3.0731372       -3.0731372      -12731.098                                                      -12731.098
              1      -6368.6942      0.32380155      -3.1455127       -3.1455127      -12731.097                                                      -12731.097
              1      -6368.8596      0.31321561      -3.2635381       -3.2635381      -12731.192                                                      -12731.192
              1      -6368.7029      0.32360837      -3.1521282       -3.1521282      -12731.102                                                      -12731.102
              4      -6368.8646      0.31797316      -3.2721147       -3.2721147      -12731.185                                                      -12731.185
              1      -6368.5516      0.32646816      -3.0372503       -3.0372503      -12731.029                                                      -12731.029
              2      -6368.8281      0.31996545      -3.2458226       -3.2458226      -12731.165                                                      -12731.165
              4      -6368.6874      0.30762501      -3.1248987       -3.1248987      -12731.125                                                      -12731.125
              1       -6368.877      0.31649386      -3.2802245       -3.2802245      -12731.193                                                      -12731.193
              2      -6368.5731      0.30547535      -3.0346149       -3.0346149      -12731.077                                                      -12731.077
              1       -6368.176      0.33146372      -2.7493743       -2.7493743      -12730.853                                                      -12730.853
              1      -6367.4237      0.33837317      -2.1684138       -2.1684138      -12730.511                                                      -12730.511
              1      -6367.3319      0.33907748      -2.0972778       -2.0972778      -12730.469                                                      -12730.469
              8      -6367.7706      0.33548849      -2.4367639       -2.4367639      -12730.668                                                      -12730.668
              4      -6368.8151      0.31107944      -3.2269624       -3.2269624      -12731.176                                                      -12731.176
              2       -6368.331      0.32962031      -2.8685161       -2.8685161      -12730.925                                                      -12730.925
              1      -6368.7971      0.32110637      -3.2228222       -3.2228222      -12731.148                                                      -12731.148
              1      -6368.8029      0.32091051      -3.2271819       -3.2271819      -12731.151                                                      -12731.151
              4      -6368.8667      0.31374797      -3.2694963       -3.2694963      -12731.194                                                      -12731.194
              1      -6368.8641      0.31801472      -3.2717464       -3.2717464      -12731.185                                                      -12731.185
              1      -6368.7872      0.31013974      -3.2044496       -3.2044496      -12731.166                                                      -12731.166
              2      -6368.8707      0.31412687      -3.2729696       -3.2729696      -12731.195                                                      -12731.195
              1      -6368.8623       0.3134024       -3.265772        -3.265772      -12731.193                                                      -12731.193
              2      -6368.7201      0.30835404      -3.1508539       -3.1508539      -12731.139                                                      -12731.139
              2      -6368.6595      0.32452482      -3.1192721       -3.1192721      -12731.081                                                      -12731.081
              4      -6368.8772      0.31510551      -3.2789885       -3.2789885      -12731.196                                                      -12731.196
              1      -6368.4228      0.30319962      -2.9166562       -2.9166562      -12731.012                                                      -12731.012
              3      -6368.8225      0.31136223       -3.232969        -3.232969      -12731.179                                                      -12731.179
              3      -6368.5561      0.30519356      -3.0212571       -3.0212571       -12731.07                                                       -12731.07
              1      -6368.6501      0.30686546      -3.0953446       -3.0953446      -12731.109                                                      -12731.109
              2       -6368.873      0.31439229      -3.2750227       -3.2750227      -12731.196                                                      -12731.196
              2      -6368.7008      0.30791561      -3.1355281       -3.1355281      -12731.131                                                      -12731.131
              2      -6368.7809      0.32161077      -3.2108094       -3.2108094       -12731.14                                                       -12731.14
              1      -6368.8431      0.31226494      -3.2497651       -3.2497651      -12731.187                                                      -12731.187
              1      -6368.8018      0.31061004      -3.2162072       -3.2162072      -12731.171                                                      -12731.171
              1      -6367.8899      0.33439332      -2.5289568       -2.5289568      -12730.722                                                      -12730.722
              1      -6367.1308      0.34055074      -1.9413466       -1.9413466      -12730.379                                                      -12730.379
              1      -6365.6772      0.34934106     -0.81048596      -0.81048596      -12729.733                                                      -12729.733
              1       -6365.257      0.35148394      -0.4827437       -0.4827437      -12729.549                                                      -12729.549
              3      -6366.9613      0.34172806      -1.8098036       -1.8098036      -12730.303                                                      -12730.303
              3       -6368.877       0.3150633      -3.2788167       -3.2788167      -12731.196                                                      -12731.196
              2      -6368.8783      0.31556749      -3.2803509       -3.2803509      -12731.196                                                      -12731.196
              1      -6368.5578      0.30522103       -3.022575        -3.022575       -12731.07                                                       -12731.07
              1      -6368.7385       0.3087978       -3.165496        -3.165496      -12731.146                                                      -12731.146
              1      -6368.3357      0.30205378      -2.8485511       -2.8485511      -12730.974                                                      -12730.974
              2      -6368.6342      0.30656072      -3.0827664       -3.0827664      -12731.103                                                      -12731.103
              2      -6368.8214      0.32023634      -3.2408852       -3.2408852      -12731.161                                                      -12731.161
              6      -6368.4872      0.30411988      -2.9671281       -2.9671281       -12731.04                                                       -12731.04
              1      -6368.8724      0.31722898      -3.2774101       -3.2774101       -12731.19                                                       -12731.19
              2      -6368.8771      0.31646582      -3.2802844       -3.2802844      -12731.194                                                      -12731.194
              2      -6368.4408      0.32815252      -2.9525803       -2.9525803      -12730.976                                                      -12730.976
              1      -6368.5185      0.30459507      -2.9917167       -2.9917167      -12731.054                                                      -12731.054
              1      -6368.8734      0.31445171      -3.2754394       -3.2754394      -12731.196                                                      -12731.196
              2      -6368.5034      0.30436307      -2.9798372       -2.9798372      -12731.047                                                      -12731.047
              1       -6368.549      0.30507767      -3.0156615       -3.0156615      -12731.067                                                      -12731.067
              2      -6368.6524      0.30691133      -3.0972025       -3.0972025       -12731.11                                                       -12731.11
              3      -6368.4488      0.30356296      -2.9370333       -2.9370333      -12731.024                                                      -12731.024
              3       -6368.137      0.29974425      -2.6935458       -2.6935458      -12730.887                                                      -12730.887
              2      -6368.5488        0.305074      -3.0154833       -3.0154833      -12731.067                                                      -12731.067
              1      -6366.0085      0.28435557      -1.0555002       -1.0555002      -12729.906                                                      -12729.906
              1       -6365.551      0.28196761     -0.70698041      -0.70698041      -12729.688                                                      -12729.688
              3      -6368.8781      0.31613288      -3.2807273       -3.2807273      -12731.195                                                      -12731.195
              1      -6368.1874      0.33133472      -2.7582031       -2.7582031      -12730.858                                                      -12730.858
              2      -6368.8767      0.31655389      -3.2800848       -3.2800848      -12731.193                                                      -12731.193
              5      -6368.7136      0.30820356      -3.1456901       -3.1456901      -12731.136                                                      -12731.136
              1      -6366.5485      0.28744203      -1.4684167       -1.4684167       -12730.16                                                       -12730.16
              1      -6368.7295      0.32299212      -3.1721226       -3.1721226      -12731.115                                                      -12731.115
              1      -6367.4453      0.33820533      -2.1850408       -2.1850408      -12730.521                                                      -12730.521
              4      -6368.8774      0.31637553      -3.2804532       -3.2804532      -12731.194                                                      -12731.194
              5      -6368.8669      0.31376885      -3.2697042       -3.2697042      -12731.194                                                      -12731.194
              1       -6368.542      0.30496438      -3.0101333       -3.0101333      -12731.064                                                      -12731.064
              2       -6368.838      0.31953381      -3.2530159       -3.2530159       -12731.17                                                       -12731.17
              1      -6368.8448      0.31920263      -3.2579735       -3.2579735      -12731.174                                                      -12731.174
              2      -6368.5612      0.32631015       -3.044546        -3.044546      -12731.033                                                      -12731.033
              2      -6368.0868      0.33243109      -2.6808094       -2.6808094      -12730.812                                                      -12730.812
              2      -6368.6906       0.3076925       -3.127401        -3.127401      -12731.126                                                      -12731.126
              1      -6368.7902      0.31023279      -3.2068538       -3.2068538      -12731.167                                                      -12731.167
              2      -6368.7796      0.32165018      -3.2098232       -3.2098232       -12731.14                                                       -12731.14
              1      -6368.8681       0.3176701      -3.2745682       -3.2745682      -12731.187                                                      -12731.187
              2      -6368.8744      0.31458746      -3.2763326       -3.2763326      -12731.196                                                      -12731.196
              2      -6368.8784      0.31562611      -3.2804559       -3.2804559      -12731.196                                                      -12731.196
              2      -6368.8463      0.31912174      -3.2591104       -3.2591104      -12731.174                                                      -12731.174
              1      -6368.6829      0.30753071      -3.1213691       -3.1213691      -12731.123                                                      -12731.123
              2       -6368.478      0.32761349      -2.9810485       -2.9810485      -12730.994                                                      -12730.994
              1      -6368.3281      0.32965782      -2.8662422       -2.8662422      -12730.924                                                      -12730.924
              1      -6368.1575      0.33166869      -2.7351935       -2.7351935      -12730.845                                                      -12730.845
              1      -6368.0997      0.33229494      -2.6907109       -2.6907109      -12730.818                                                      -12730.818
              2      -6368.4176      0.30312817      -2.9125797       -2.9125797       -12731.01                                                       -12731.01
              3      -6368.8577      0.31308885      -3.2619337       -3.2619337      -12731.192                                                      -12731.192
              3       -6368.379      0.32899963      -2.9052325       -2.9052325      -12730.947                                                      -12730.947
              2      -6368.5662        0.326227      -3.0483408       -3.0483408      -12731.036                                                      -12731.036
              1      -6368.3789      0.30260966      -2.8823194       -2.8823194      -12730.993                                                      -12730.993
              3      -6368.8701      0.31747779      -3.2759135       -3.2759135      -12731.188                                                      -12731.188
              1       -6368.878      0.31618221      -3.2806928       -3.2806928      -12731.195                                                      -12731.195
              1      -6368.6205      0.32527319      -3.0896731       -3.0896731      -12731.062                                                      -12731.062
              1      -6368.6782      0.30743106      -3.1175962       -3.1175962      -12731.121                                                      -12731.121
              2      -6367.7033      0.29561254      -2.3571028       -2.3571028      -12730.692                                                      -12730.692
              1       -6368.725      0.30846881      -3.1547246       -3.1547246      -12731.141                                                      -12731.141
              1      -6368.5851      0.30568025      -3.0441061       -3.0441061      -12731.082                                                      -12731.082
              2      -6368.8739      0.31702835      -3.2784165       -3.2784165      -12731.191                                                      -12731.191
              1      -6368.8398      0.31944911      -3.2543302       -3.2543302      -12731.171                                                      -12731.171
              1      -6367.3744      0.29297934      -2.1030979       -2.1030979      -12730.543                                                      -12730.543
              3      -6367.8317      0.29674216      -2.4566236       -2.4566236       -12730.75                                                       -12730.75
              1      -6368.8485      0.31254472      -3.2542355       -3.2542355      -12731.189                                                      -12731.189
              1      -6368.1813      0.30022947      -2.7280786       -2.7280786      -12730.906                                                      -12730.906
              1      -6366.6684      0.28817557      -1.5603244       -1.5603244      -12730.216                                                      -12730.216
              3      -6367.7857       0.2963318      -2.4211261       -2.4211261      -12730.729                                                      -12730.729
              4      -6368.8711      0.31737914      -3.2765398       -3.2765398      -12731.189                                                      -12731.189
              1      -6368.8433      0.31927725       -3.256899        -3.256899      -12731.173                                                      -12731.173
              3      -6368.7482      0.30904285      -3.1732066       -3.1732066       -12731.15                                                       -12731.15
              1      -6368.7955       0.3211566      -3.2216765       -3.2216765      -12731.148                                                      -12731.148
              1      -6368.5781      0.30555929      -3.0385257       -3.0385257      -12731.079                                                      -12731.079
              1      -6368.6705       0.3072722      -3.1114897       -3.1114897      -12731.118                                                      -12731.118
              2      -6368.5846      0.32591333      -3.0623797       -3.0623797      -12731.045                                                      -12731.045
              1      -6368.0939      0.33235693      -2.6862131       -2.6862131      -12730.815                                                      -12730.815
              1      -6368.7777      0.32170837      -3.2083542       -3.2083542      -12731.139                                                      -12731.139
              1      -6368.7564      0.30925931      -3.1797957       -3.1797957      -12731.153                                                      -12731.153
              1       -6368.313      0.30176997      -2.8307804       -2.8307804      -12730.964                                                      -12730.964
              2      -6368.7785      0.30987704      -3.1974539       -3.1974539      -12731.162                                                      -12731.162
              3      -6367.8122      0.29656651      -2.4415206       -2.4415206      -12730.741                                                      -12730.741
              2      -6367.7159      0.33597063      -2.3944867       -2.3944867      -12730.643                                                      -12730.643
              2      -6368.7771      0.32172422      -3.2079517       -3.2079517      -12731.138                                                      -12731.138
              1      -6368.3402      0.30210979      -2.8520154       -2.8520154      -12730.976                                                      -12730.976
              3      -6368.7324      0.30864691      -3.1606155       -3.1606155      -12731.144                                                      -12731.144
              1      -6368.8301      0.31167236      -3.2391478       -3.2391478      -12731.182                                                      -12731.182
              1      -6368.8782      0.31550425      -3.2802204       -3.2802204      -12731.196                                                      -12731.196
              2      -6368.8713      0.31735378      -3.2766939       -3.2766939      -12731.189                                                      -12731.189
              3      -6368.8396      0.31209539      -3.2468867       -3.2468867      -12731.185                                                      -12731.185
              2      -6368.8768      0.31653821      -3.2801228       -3.2801228      -12731.193                                                      -12731.193
              1      -6368.5773      0.32603948      -3.0567862       -3.0567862      -12731.041                                                      -12731.041
              1      -6368.8784      0.31583246      -3.2807042       -3.2807042      -12731.195                                                      -12731.195
              1      -6368.3937      0.32880193      -2.9165681       -2.9165681      -12730.954                                                      -12730.954
              2      -6368.3605      0.30236946      -2.8678964       -2.8678964      -12730.985                                                      -12730.985
              1       -6368.555      0.30517578      -3.0204026       -3.0204026      -12731.069                                                      -12731.069
              1      -6368.8784      0.31567007      -3.2805247       -3.2805247      -12731.196                                                      -12731.196
              2      -6368.6299      0.30648138      -3.0794242       -3.0794242      -12731.101                                                      -12731.101
              2      -6368.4845      0.30408012      -2.9650252       -2.9650252      -12731.039                                                      -12731.039
              3      -6368.8726      0.31434282      -3.2746637       -3.2746637      -12731.196                                                      -12731.196
              3      -6367.9302      0.29765544      -2.5329382       -2.5329382      -12730.795                                                      -12730.795
              1      -6368.8357      0.31963998      -3.2513233       -3.2513233      -12731.169                                                      -12731.169
              1       -6368.724      0.30844426      -3.1539015       -3.1539015       -12731.14                                                       -12731.14
              1      -6368.8032      0.32090009       -3.227409        -3.227409      -12731.152                                                      -12731.152
              2      -6368.7071       0.3080566      -3.1405498       -3.1405498      -12731.133                                                      -12731.133
              2      -6368.7072      0.32351198      -3.1553671       -3.1553671      -12731.104                                                      -12731.104
              1      -6368.5474      0.32653741      -3.0340178       -3.0340178      -12731.027                                                      -12731.027
              2      -6367.6781      0.33629698      -2.3652831       -2.3652831      -12730.626                                                      -12730.626
              2      -6367.9675      0.33364562      -2.5888376       -2.5888376      -12730.757                                                      -12730.757
              1      -6367.7127      0.33599801      -2.3920548       -2.3920548      -12730.641                                                      -12730.641
              3      -6368.5231      0.32692652       -3.015458        -3.015458      -12731.015                                                      -12731.015
              1      -6368.7258      0.30848804      -3.1553675       -3.1553675      -12731.141                                                      -12731.141
              2      -6368.0221      0.33309993      -2.6309716       -2.6309716      -12730.782                                                      -12730.782
              1      -6368.7736      0.30973479      -3.1935379       -3.1935379       -12731.16                                                       -12731.16
              2      -6368.7837      0.31003241      -3.2016285       -3.2016285      -12731.164                                                      -12731.164
              1      -6367.3519      0.33892573      -2.1127908       -2.1127908      -12730.478                                                      -12730.478
              2      -6368.7447      0.32261152      -3.1836282       -3.1836282      -12731.122                                                      -12731.122
              2      -6368.3959      0.32877256      -2.9182371       -2.9182371      -12730.955                                                      -12730.955
              1      -6368.4554      0.30365675      -2.9421979       -2.9421979      -12731.026                                                      -12731.026
              1      -6367.8343      0.33491166      -2.4859868       -2.4859868      -12730.697                                                      -12730.697
              1      -6368.7104       0.3234402      -3.1577519       -3.1577519      -12731.105                                                      -12731.105
              4      -6368.6528      0.30691809      -3.0974753       -3.0974753      -12731.111                                                      -12731.111
              2      -6368.3957       0.3028317      -2.8954242       -2.8954242      -12731.001                                                      -12731.001
              2      -6368.5924      0.30580631      -3.0498526       -3.0498526      -12731.085                                                      -12731.085
              1      -6368.7153      0.30824198      -3.1470179       -3.1470179      -12731.137                                                      -12731.137
              2      -6368.5994      0.32565482       -3.073621        -3.073621      -12731.052                                                      -12731.052
              1      -6368.8303      0.31168015      -3.2392975       -3.2392975      -12731.182                                                      -12731.182
              1      -6368.0132      0.29846324      -2.5973486       -2.5973486      -12730.832                                                      -12730.832
              3       -6368.875      0.31687155      -3.2790785       -3.2790785      -12731.192                                                      -12731.192
              1      -6368.8762      0.31666315      -3.2797893       -3.2797893      -12731.193                                                      -12731.193
              1      -6368.7824      0.30999377      -3.2006004       -3.2006004      -12731.164                                                      -12731.164
              5      -6368.5887      0.32584315      -3.0654607       -3.0654607      -12731.046                                                      -12731.046
              3      -6368.8385      0.31950761      -3.2534258       -3.2534258       -12731.17                                                       -12731.17
              1      -6368.7886       0.3101839      -3.2055953       -3.2055953      -12731.166                                                      -12731.166
              1      -6368.8737      0.31449445      -3.2757295       -3.2757295      -12731.196                                                      -12731.196
              3      -6368.8684       0.3139072      -3.2710337       -3.2710337      -12731.195                                                      -12731.195
              2      -6368.2456      0.33066448      -2.8028844       -2.8028844      -12730.885                                                      -12730.885
              2       -6368.485      0.30408798      -2.9654418       -2.9654418      -12731.039                                                      -12731.039
              1       -6368.267      0.30121341      -2.7948928       -2.7948928      -12730.944                                                      -12730.944
              1      -6368.8784      0.31564417      -3.2804852       -3.2804852      -12731.196                                                      -12731.196
              2      -6368.2517      0.33059199      -2.8075971       -2.8075971      -12730.888                                                      -12730.888
              2      -6368.8393      0.31208411      -3.2466906       -3.2466906      -12731.185                                                      -12731.185
              3      -6368.7749      0.32178966      -3.2062773       -3.2062773      -12731.137                                                      -12731.137
              1      -6368.4737      0.32767804      -2.9777074       -2.9777074      -12730.992                                                      -12730.992
              4      -6368.4835      0.32753272      -2.9852028       -2.9852028      -12730.997                                                      -12730.997
              3      -6368.8658      0.31787094      -3.2729879       -3.2729879      -12731.186                                                      -12731.186
              2      -6368.0059      0.33326423      -2.6184253       -2.6184253      -12730.775                                                      -12730.775
              2      -6368.8741      0.31701056      -3.2784971       -3.2784971      -12731.191                                                      -12731.191
              5      -6368.5907      0.30577656      -3.0485029       -3.0485029      -12731.084                                                      -12731.084
              6        -6368.73      0.32297837      -3.1725494       -3.1725494      -12731.115                                                      -12731.115
              2      -6368.8782       0.3155129      -3.2802393       -3.2802393      -12731.196                                                      -12731.196
              1      -6368.8784      0.31560271      -3.2804158       -3.2804158      -12731.196                                                      -12731.196
              4      -6368.8525      0.31878675      -3.2635089       -3.2635089      -12731.178                                                      -12731.178
              1      -6368.3007      0.32999938      -2.8452493       -2.8452493      -12730.911                                                      -12730.911
              1      -6368.7723      0.32186401      -3.2043519       -3.2043519      -12731.136                                                      -12731.136
              1       -6368.785      0.31007238      -3.2026849       -3.2026849      -12731.165                                                      -12731.165
              2      -6368.2465      0.30097189       -2.778891        -2.778891      -12730.935                                                      -12730.935
              1      -6367.6336       0.3366746       -2.330902        -2.330902      -12730.605                                                      -12730.605
              2      -6368.6669      0.32437671      -3.1248348       -3.1248348      -12731.084                                                      -12731.084
              1       -6368.115      0.33213185      -2.7024627       -2.7024627      -12730.825                                                      -12730.825
              5      -6368.7215      0.32318137       -3.166162        -3.166162      -12731.111                                                      -12731.111
              1      -6368.7942      0.32119884      -3.2207044       -3.2207044      -12731.147                                                      -12731.147
              1      -6368.6772      0.32416309      -3.1326863       -3.1326863      -12731.089                                                      -12731.089
              5      -6368.6403      0.30667679      -3.0876062       -3.0876062      -12731.105                                                      -12731.105
              1      -6368.8687       0.3139303      -3.2712473       -3.2712473      -12731.195                                                      -12731.195
              1      -6368.3535      0.30228011      -2.8624654       -2.8624654      -12730.982                                                      -12730.982
              3      -6368.3268      0.30194172      -2.8415772       -2.8415772       -12730.97                                                       -12730.97
              1      -6368.8783      0.31595442      -3.2807619       -3.2807619      -12731.195                                                      -12731.195
              1      -6368.8592      0.31836787       -3.268307        -3.268307      -12731.182                                                      -12731.182
              3       -6367.859      0.33468308      -2.5050834       -2.5050834      -12730.708                                                      -12730.708
              2       -6368.411      0.32856765      -2.9297756       -2.9297756      -12730.962                                                      -12730.962
              1       -6368.265      0.30118933      -2.7933086       -2.7933086      -12730.943                                                      -12730.943
              2      -6368.7989      0.31051303      -3.2138625       -3.2138625       -12731.17                                                       -12731.17
              2      -6368.8462      0.31912833      -3.2590189       -3.2590189      -12731.174                                                      -12731.174
              2      -6368.3997      0.30288596      -2.8985929       -2.8985929      -12731.002                                                      -12731.002
              2      -6368.1452      0.29983367      -2.6999882       -2.6999882       -12730.89                                                       -12730.89
              1      -6368.6977      0.30784692      -3.1330494       -3.1330494      -12731.129                                                      -12731.129
              1      -6368.6535      0.32464484      -3.1146926       -3.1146926      -12731.078                                                      -12731.078
              2      -6368.6814      0.32407439      -3.1358869       -3.1358869      -12731.091                                                      -12731.091
              1      -6368.0644      0.33266675      -2.6634766       -2.6634766      -12730.802                                                      -12730.802
              2      -6367.6764      0.33631187      -2.3639399       -2.3639399      -12730.625                                                      -12730.625
              2      -6367.3567      0.33888917       -2.116513        -2.116513       -12730.48                                                       -12730.48
              1      -6366.1729      0.34662392      -1.1967118       -1.1967118      -12729.952                                                      -12729.952
              1      -6367.0607       0.3410446       -1.886918        -1.886918      -12730.348                                                      -12730.348
              4      -6368.1236      0.33203938      -2.7090741       -2.7090741      -12730.829                                                      -12730.829
              1      -6367.7027      0.33608457      -2.3843448       -2.3843448      -12730.637                                                      -12730.637
              1      -6364.7827      0.35376059     -0.11218367      -0.11218367      -12729.341                                                      -12729.341
              1      -6366.7885      0.34287617      -1.6755922       -1.6755922      -12730.226                                                      -12730.226
              3      -6365.1452      0.35203311     -0.39546646      -0.39546646      -12729.499                                                      -12729.499
              1      -6366.9754      0.34163196      -1.8207725       -1.8207725      -12730.309                                                      -12730.309
              1      -6367.2326      0.33981563      -2.0203575       -2.0203575      -12730.425                                                      -12730.425
              1      -6368.7331      0.30866495      -3.1612044       -3.1612044      -12731.144                                                      -12731.144
              1       -6368.749      0.30906379      -3.1738533       -3.1738533       -12731.15                                                       -12731.15
              1       -6368.877       0.3150588       -3.278798        -3.278798      -12731.196                                                      -12731.196
              1      -6368.5832      0.30564745      -3.0425991       -3.0425991      -12731.081                                                      -12731.081
              1      -6368.8333      0.31181223      -3.2417946       -3.2417946      -12731.183                                                      -12731.183
              1      -6368.7519      0.30913956      -3.1761762       -3.1761762      -12731.151                                                      -12731.151
              2      -6366.9019      0.34212858      -1.7636493       -1.7636493      -12730.277                                                      -12730.277
              5      -6366.7894      0.34287015      -1.6763116       -1.6763116      -12730.226                                                      -12730.226
              1      -6367.2444      0.33972949      -2.0294584       -2.0294584       -12730.43                                                       -12730.43
              2      -6367.1509      0.34040722      -1.9569617       -1.9569617      -12730.388                                                      -12730.388
              1      -6368.7194      0.32322991      -3.1646073       -3.1646073       -12731.11                                                       -12731.11
              4      -6368.5369      0.30488335      -3.0061445       -3.0061445      -12731.061                                                      -12731.061
              2      -6368.7409      0.32270911      -3.1807395       -3.1807395       -12731.12                                                       -12731.12
              1      -6367.5021       0.3377549      -2.2290429       -2.2290429      -12730.546                                                      -12730.546
              2       -6367.578      0.33713747      -2.2878938       -2.2878938       -12730.58                                                       -12730.58
              7      -6368.1799      0.33141961      -2.7524011       -2.7524011      -12730.855                                                      -12730.855
              3      -6368.0465      0.33285146       -2.649718        -2.649718      -12730.794                                                      -12730.794
              2      -6368.4222      0.30319064      -2.9161449       -2.9161449      -12731.012                                                      -12731.012
              1      -6367.7373      0.29590578      -2.3834827       -2.3834827      -12730.708                                                      -12730.708
              1      -6368.6419      0.30670722       -3.088865        -3.088865      -12731.106                                                      -12731.106
              1      -6363.0119      0.27103508       1.2122209        1.2122209      -12728.448                                                      -12728.448
              3      -6368.8784      0.31589181      -3.2807405       -3.2807405      -12731.195                                                      -12731.195
              4      -6368.8548      0.31290404      -3.2594666       -3.2594666      -12731.191                                                      -12731.191
              2      -6368.4848      0.30408504      -2.9652858       -2.9652858      -12731.039                                                      -12731.039
              1      -6368.2164      0.33100427      -2.7804817       -2.7804817      -12730.872                                                      -12730.872
              1       -6367.313      0.33922023      -2.0825913       -2.0825913      -12730.461                                                      -12730.461
              1      -6366.4561      0.28689007      -1.3976825       -1.3976825      -12730.117                                                      -12730.117
              1      -6368.1192      0.29955466      -2.6797681       -2.6797681      -12730.879                                                      -12730.879
              1      -6368.4891      0.30414883      -2.9686552       -2.9686552      -12731.041                                                      -12731.041
              2      -6368.2851      0.33019154      -2.8332115       -2.8332115      -12730.904                                                      -12730.904
              1       -6368.775      0.32178524      -3.2063911       -3.2063911      -12731.137                                                      -12731.137
              1      -6368.7162      0.30826349      -3.1477585       -3.1477585      -12731.137                                                      -12731.137
              3      -6367.9003       0.2973728      -2.5097164       -2.5097164      -12730.781                                                      -12730.781
              3      -6368.1223      0.29958774      -2.6821838       -2.6821838       -12730.88                                                       -12730.88
              1      -6368.4494      0.30357117      -2.9374867       -2.9374867      -12731.024                                                      -12731.024
              2      -6368.7559      0.30924601      -3.1793967       -3.1793967      -12731.153                                                      -12731.153
              2      -6368.6098      0.30611271      -3.0635254       -3.0635254      -12731.093                                                      -12731.093
              1      -6368.6459      0.32479371      -3.1089238       -3.1089238      -12731.074                                                      -12731.074
              2         -6368.5      0.32728328        -2.99785         -2.99785      -12731.004                                                      -12731.004
              2      -6368.4819      0.32755693      -2.9839605       -2.9839605      -12730.996                                                      -12730.996
              1       -6368.785      0.31007043      -3.2026335       -3.2026335      -12731.165                                                      -12731.165
              1      -6368.8068      0.32077755      -3.2300445       -3.2300445      -12731.153                                                      -12731.153
              1       -6368.807      0.32077013      -3.2302018       -3.2302018      -12731.154                                                      -12731.154
              2       -6368.782      0.32158033      -3.2115664       -3.2115664      -12731.141                                                      -12731.141
              2      -6367.2046      0.34002004      -1.9986281       -1.9986281      -12730.412                                                      -12730.412
              2      -6368.2939      0.33008374      -2.8399852       -2.8399852      -12730.908                                                      -12730.908
              1       -6368.855      0.31291748      -3.2596512       -3.2596512      -12731.191                                                      -12731.191
