#        weight    minuslogpost         Omega_m              wa              w0   minuslogprior minuslogprior__0            chi2 chi2__functions_and_classes.SO_x_DESI_Likelihood_w_emulator
              1      -8804.5167      0.32905707     -0.82057535     -0.70020832     -0.35667494      -0.35667494       -17608.32                                                   -17608.32
              1      -8804.4165      0.32980365     -0.81621989     -0.70899883     -0.35667494      -0.35667494       -17608.12                                                   -17608.12
              1      -8803.7209      0.33596685     -0.32235564     -0.59548008     -0.35667494      -0.35667494      -17606.728                                                  -17606.728
              1      -8802.4425      0.34236447     -0.39587619     -0.55025129     -0.35667494      -0.35667494      -17604.172                                                  -17604.172
              1      -8805.0303      0.32557696     -0.49749771     -0.48824003     -0.35667494      -0.35667494      -17609.347                                                  -17609.347
              2       -8805.094      0.32373951      -0.5973975     -0.57891069     -0.35667494      -0.35667494      -17609.475                                                  -17609.475
              1      -8805.1575       0.3225179     -0.59791938     -0.57746896     -0.35667494      -0.35667494      -17609.602                                                  -17609.602
              1      -8805.1806      0.32198375     -0.44904814     -0.60925642     -0.35667494      -0.35667494      -17609.648                                                  -17609.648
              1      -8805.1977      0.32036238       -0.578736     -0.75837473     -0.35667494      -0.35667494      -17609.682                                                  -17609.682
              1      -8804.3488      0.33157871     -0.33805356     -0.63189248     -0.35667494      -0.35667494      -17607.984                                                  -17607.984
              1      -8804.5488      0.33003975     -0.30973002     -0.63171929     -0.35667494      -0.35667494      -17608.384                                                  -17608.384
              1      -8805.1017      0.32426525      -0.4379778     -0.51950111     -0.35667494      -0.35667494       -17609.49                                                   -17609.49
              1       -8805.167      0.32270777     -0.32673238     -0.57681242     -0.35667494      -0.35667494      -17609.621                                                  -17609.621
              1       -8805.177      0.32316535     -0.18329844     -0.50845202     -0.35667494      -0.35667494      -17609.641                                                  -17609.641
              1      -8804.7038      0.32983518     -0.16976996     -0.52001295     -0.35667494      -0.35667494      -17608.694                                                  -17608.694
              1      -8804.8253      0.32961752     -0.13482595     -0.41560134     -0.35667494      -0.35667494      -17608.937                                                  -17608.937
              1      -8804.1103      0.33560167     -0.16718846     -0.41164615     -0.35667494      -0.35667494      -17607.507                                                  -17607.507
              1      -8804.0778      0.33586039      -0.1487789     -0.41313252     -0.35667494      -0.35667494      -17607.442                                                  -17607.442
              1      -8805.0098      0.32789976    -0.023978745     -0.38079018     -0.35667494      -0.35667494      -17609.306                                                  -17609.306
              1      -8804.8792        0.330256   -0.0062640829     -0.33988348     -0.35667494      -0.35667494      -17609.045                                                  -17609.045
              1      -8804.2941      0.33619691      0.20443623     -0.39691431     -0.35667494      -0.35667494      -17607.875                                                  -17607.875
              1      -8804.0926      0.33937531      0.30411165     -0.36556827     -0.35667494      -0.35667494      -17607.472                                                  -17607.472
              2      -8804.0917      0.33938962       0.3024512     -0.36439336     -0.35667494      -0.35667494       -17607.47                                                   -17607.47
              2      -8804.0388      0.33784373      0.32104996     -0.45708165     -0.35667494      -0.35667494      -17607.364                                                  -17607.364
              1      -8803.9847      0.33791148      0.29010095     -0.45874721     -0.35667494      -0.35667494      -17607.256                                                  -17607.256
              1      -8804.7281      0.33161438      0.27167794     -0.47663009     -0.35667494      -0.35667494      -17608.743                                                  -17608.743
              1      -8804.9155      0.32991025      0.09847525     -0.37201407     -0.35667494      -0.35667494      -17609.118                                                  -17609.118
              1      -8805.0927      0.32810705      0.19741543     -0.33399993     -0.35667494      -0.35667494      -17609.472                                                  -17609.472
              2        -8805.04      0.32829355      0.19658528     -0.39457175     -0.35667494      -0.35667494      -17609.367                                                  -17609.367
              1      -8804.6744      0.33212449     0.051935407     -0.39289657     -0.35667494      -0.35667494      -17608.635                                                  -17608.635
              2      -8804.8119       0.3296578     0.065326369     -0.48830982     -0.35667494      -0.35667494       -17608.91                                                   -17608.91
              1      -8805.1802      0.32359302    -0.035395776     -0.47616471     -0.35667494      -0.35667494      -17609.647                                                  -17609.647
              1      -8805.2387       0.3208899     0.043342639     -0.45283944     -0.35667494      -0.35667494      -17609.764                                                  -17609.764
              1       -8805.153      0.31598756    -0.075055953      -0.4097332     -0.35667494      -0.35667494      -17609.593                                                  -17609.593
              1      -8805.2242      0.32075528    -0.074382727     -0.35504905     -0.35667494      -0.35667494      -17609.735                                                  -17609.735
              1      -8805.1816      0.32377446     -0.25647258     -0.36260666     -0.35667494      -0.35667494       -17609.65                                                   -17609.65
              1       -8804.735      0.33037159     -0.20358213     -0.41763877     -0.35667494      -0.35667494      -17608.757                                                  -17608.757
              2      -8804.4782      0.33310519     -0.19137929     -0.38193694     -0.35667494      -0.35667494      -17608.243                                                  -17608.243
              1      -8804.5625      0.33261468     -0.17228086     -0.36535098     -0.35667494      -0.35667494      -17608.412                                                  -17608.412
              1      -8804.5723       0.3325189     -0.20257054     -0.35691474     -0.35667494      -0.35667494      -17608.431                                                  -17608.431
              2      -8804.9694       0.3281987     -0.15540449     -0.36729696     -0.35667494      -0.35667494      -17609.225                                                  -17609.225
              1      -8805.1004       0.3258628     -0.23346506     -0.35875327     -0.35667494      -0.35667494      -17609.487                                                  -17609.487
              2      -8804.8842      0.33096261     -0.16864402     -0.21192235     -0.35667494      -0.35667494      -17609.055                                                  -17609.055
              1      -8804.4864      0.33476295     -0.22198782      -0.2192345     -0.35667494      -0.35667494      -17608.259                                                  -17608.259
              2      -8805.0414      0.32745988      -0.4370149     -0.22863131     -0.35667494      -0.35667494      -17609.369                                                  -17609.369
              1      -8805.1474      0.31745722     -0.29469662     -0.26540526     -0.35667494      -0.35667494      -17609.581                                                  -17609.581
              1      -8805.2131      0.32127341     -0.22059585     -0.27750928     -0.35667494      -0.35667494      -17609.713                                                  -17609.713
              1       -8805.211      0.32116964     -0.21575512     -0.27337218     -0.35667494      -0.35667494      -17609.709                                                  -17609.709
              1      -8805.1765       0.3243668     -0.26664969     -0.25046528     -0.35667494      -0.35667494       -17609.64                                                   -17609.64
              1      -8805.0021      0.32853325     -0.25806505     -0.24316261     -0.35667494      -0.35667494      -17609.291                                                  -17609.291
              1      -8804.7984      0.33026624     -0.27178722     -0.33800349     -0.35667494      -0.35667494      -17608.883                                                  -17608.883
              3       -8805.039      0.32847045      0.13850241     -0.35612568     -0.35667494      -0.35667494      -17609.365                                                  -17609.365
              1      -8804.9388      0.32920702      0.12215245      -0.4118605     -0.35667494      -0.35667494      -17609.164                                                  -17609.164
              1      -8805.1918      0.32419315       0.1354077     -0.38742848     -0.35667494      -0.35667494       -17609.67                                                   -17609.67
              1      -8805.1836      0.32469844      0.17228746     -0.38206117     -0.35667494      -0.35667494      -17609.654                                                  -17609.654
              1      -8805.2039      0.32366283       0.1918822     -0.40597142     -0.35667494      -0.35667494      -17609.694                                                  -17609.694
              1      -8805.2033      0.31833161     0.089054623     -0.42483147     -0.35667494      -0.35667494      -17609.693                                                  -17609.693
              1      -8805.0969      0.32475502     0.082658863     -0.59768603     -0.35667494      -0.35667494       -17609.48                                                   -17609.48
              1      -8804.9356      0.32711945     0.026798878      -0.5883829     -0.35667494      -0.35667494      -17609.158                                                  -17609.158
              1       -8804.577      0.33020321    -0.010596342     -0.65036774     -0.35667494      -0.35667494      -17608.441                                                  -17608.441
              1      -8805.2728      0.31783422     -0.13455051     -0.69320848     -0.35667494      -0.35667494      -17609.832                                                  -17609.832
              1       -8805.241      0.31454294     0.060028619      -0.7389299     -0.35667494      -0.35667494      -17609.769                                                  -17609.769
              1      -8805.2687      0.31834282    -0.082261507     -0.72680888     -0.35667494      -0.35667494      -17609.824                                                  -17609.824
              1      -8805.2743      0.31715628    -0.088800351     -0.70880142     -0.35667494      -0.35667494      -17609.835                                                  -17609.835
              1       -8805.043      0.30921818     -0.19469375     -0.77071987     -0.35667494      -0.35667494      -17609.373                                                  -17609.373
              1       -8804.834      0.30562577     -0.28127747     -0.85502058     -0.35667494      -0.35667494      -17608.955                                                  -17608.955
              3      -8804.7729      0.30503798     -0.44503737     -0.81046704     -0.35667494      -0.35667494      -17608.832                                                  -17608.832
              1       -8804.357      0.30102496     -0.42203745     -0.82985171     -0.35667494      -0.35667494      -17608.001                                                  -17608.001
              2      -8804.8577      0.30510808     -0.49100811     -0.93483879     -0.35667494      -0.35667494      -17609.002                                                  -17609.002
              1       -8804.582      0.30239343     -0.57979583     -0.88954698     -0.35667494      -0.35667494      -17608.451                                                  -17608.451
              1      -8805.1521      0.31082083     -0.44110284     -0.77106409     -0.35667494      -0.35667494      -17609.591                                                  -17609.591
              1      -8804.8019      0.30570185     -0.35764299     -0.78139382     -0.35667494      -0.35667494       -17608.89                                                   -17608.89
              1      -8804.5548      0.30330063     -0.40543678     -0.75893806     -0.35667494      -0.35667494      -17608.396                                                  -17608.396
              1      -8804.6788      0.30507506     -0.33358117     -0.70173039     -0.35667494      -0.35667494      -17608.644                                                  -17608.644
              1      -8805.0136      0.30994951     -0.22414451     -0.63422293     -0.35667494      -0.35667494      -17609.314                                                  -17609.314
              1      -8805.0316       0.3102129     -0.22623497     -0.63527756     -0.35667494      -0.35667494       -17609.35                                                   -17609.35
              1       -8805.049      0.31037152     -0.16966361     -0.65934986     -0.35667494      -0.35667494      -17609.385                                                  -17609.385
              1      -8805.1608       0.3124412     -0.16162473     -0.66609576     -0.35667494      -0.35667494      -17609.608                                                  -17609.608
              1      -8805.0916      0.31164607   -0.0061655184      -0.6441769     -0.35667494      -0.35667494       -17609.47                                                   -17609.47
              1      -8805.1099       0.3121145    -0.012284503     -0.63162788     -0.35667494      -0.35667494      -17609.506                                                  -17609.506
              1      -8805.1231      0.31244102     0.016854421     -0.63289251     -0.35667494      -0.35667494      -17609.533                                                  -17609.533
              1      -8805.2389      0.31719515     0.012104575     -0.53750593     -0.35667494      -0.35667494      -17609.765                                                  -17609.765
              1      -8805.2515      0.32021292   -0.0040677183     -0.55274803     -0.35667494      -0.35667494       -17609.79                                                   -17609.79
              1      -8805.2576        0.317478    -0.035321227     -0.58106175     -0.35667494      -0.35667494      -17609.802                                                  -17609.802
              1      -8805.0918      0.31290928     -0.14737055     -0.50601002     -0.35667494      -0.35667494       -17609.47                                                   -17609.47
              2      -8804.5124      0.30656489    0.0065176038     -0.48719378     -0.35667494      -0.35667494      -17608.311                                                  -17608.311
              1      -8803.8226      0.30041305   -0.0033837019     -0.55212722     -0.35667494      -0.35667494      -17606.932                                                  -17606.932
              1      -8804.7456      0.30687641     -0.22054738     -0.60508294     -0.35667494      -0.35667494      -17608.778                                                  -17608.778
              1      -8805.2649      0.31855826     -0.41988778     -0.52961838     -0.35667494      -0.35667494      -17609.816                                                  -17609.816
              1      -8805.2658      0.31852438     -0.43413371     -0.53850151     -0.35667494      -0.35667494      -17609.818                                                  -17609.818
              1      -8804.8445      0.32749647     -0.30649392     -0.59309838     -0.35667494      -0.35667494      -17608.976                                                  -17608.976
              1      -8804.4277      0.33158362     -0.46325261     -0.52856696     -0.35667494      -0.35667494      -17608.142                                                  -17608.142
              1      -8804.4254      0.30712766     -0.33473777     -0.29562671     -0.35667494      -0.35667494      -17608.137                                                  -17608.137
              1       -8804.385      0.30669878       -0.344425     -0.29879335     -0.35667494      -0.35667494      -17608.057                                                  -17608.057
              1      -8804.5102      0.30767195     -0.37617404     -0.30042339     -0.35667494      -0.35667494      -17608.307                                                  -17608.307
              2      -8803.9208      0.30384769     -0.43939087     -0.22091613     -0.35667494      -0.35667494      -17607.128                                                  -17607.128
              1      -8803.2655      0.30011674     -0.32313555     -0.22454901     -0.35667494      -0.35667494      -17605.818                                                  -17605.818
              3      -8802.0564      0.29239866     -0.43217558     -0.30425121     -0.35667494      -0.35667494        -17603.4                                                    -17603.4
              1      -8802.8685      0.29625661     -0.40988531     -0.32384184     -0.35667494      -0.35667494      -17605.024                                                  -17605.024
              1      -8802.9277      0.29600834     -0.49167295     -0.35199563     -0.35667494      -0.35667494      -17605.142                                                  -17605.142
              2      -8804.1737      0.30248437     -0.62111811     -0.44901677     -0.35667494      -0.35667494      -17607.634                                                  -17607.634
              1       -8804.645      0.30669201     -0.50773344     -0.45875066     -0.35667494      -0.35667494      -17608.577                                                  -17608.577
              3      -8805.2549      0.31552355       -0.965092      -0.5052677     -0.35667494      -0.35667494      -17609.796                                                  -17609.796
              1      -8805.0115      0.32392046      -1.0945355     -0.64484264     -0.35667494      -0.35667494       -17609.31                                                   -17609.31
              1      -8805.0546      0.30841615      -1.0983512     -0.73723273     -0.35667494      -0.35667494      -17609.396                                                  -17609.396
              1      -8805.1265      0.30969439     -0.96680827     -0.76004142     -0.35667494      -0.35667494       -17609.54                                                   -17609.54
              1      -8804.9685      0.30649676      -1.0026936     -0.85334411     -0.35667494      -0.35667494      -17609.224                                                  -17609.224
              1      -8805.1531      0.30949981      -1.1743452     -0.84713125     -0.35667494      -0.35667494      -17609.593                                                  -17609.593
              1       -8805.005        0.306936      -1.1907858     -0.83676387     -0.35667494      -0.35667494      -17609.297                                                  -17609.297
              1       -8805.213      0.31150094     -0.92916845     -0.80282345     -0.35667494      -0.35667494      -17609.713                                                  -17609.713
              1      -8805.0022       0.3073768     -0.89801879     -0.80738076     -0.35667494      -0.35667494      -17609.291                                                  -17609.291
              1      -8804.6992      0.30467472     -0.95527763     -0.66069844     -0.35667494      -0.35667494      -17608.685                                                  -17608.685
              1      -8804.5924      0.30366251     -0.94503697     -0.65729579     -0.35667494      -0.35667494      -17608.471                                                  -17608.471
              1      -8804.1856      0.30020502      -1.1164681     -0.63116287     -0.35667494      -0.35667494      -17607.658                                                  -17607.658
              2      -8804.5343       0.3038063      -1.0916044     -0.54274023     -0.35667494      -0.35667494      -17608.355                                                  -17608.355
              1      -8804.1775      0.30081753      -1.0528101     -0.55478924     -0.35667494      -0.35667494      -17607.642                                                  -17607.642
              1      -8804.2915      0.30111836      -1.1219473     -0.61790176     -0.35667494      -0.35667494       -17607.87                                                   -17607.87
              1      -8804.5755      0.30401948      -0.9348892     -0.59246915     -0.35667494      -0.35667494      -17608.438                                                  -17608.438
              1      -8804.6002        0.304363     -0.94557788     -0.57673374     -0.35667494      -0.35667494      -17608.487                                                  -17608.487
              1      -8805.2526      0.31431306     -0.99127137     -0.60621531     -0.35667494      -0.35667494      -17609.792                                                  -17609.792
              1      -8805.0379       0.3093293      -1.0005065     -0.59360576     -0.35667494      -0.35667494      -17609.363                                                  -17609.363
              1      -8804.7043      0.31067647     -0.45818692     -0.20584901     -0.35667494      -0.35667494      -17608.695                                                  -17608.695
              1      -8804.1754      0.30293288    0.0042564701     -0.55323044     -0.35667494      -0.35667494      -17607.637                                                  -17607.637
              2      -8804.1861      0.30244552    -0.074684972     -0.58445706     -0.35667494      -0.35667494      -17607.659                                                  -17607.659
              1      -8805.1763       0.3213986    -0.061567772     -0.78797287     -0.35667494      -0.35667494      -17609.639                                                  -17609.639
              1      -8805.2727      0.31793006      0.20356733     -0.76338415     -0.35667494      -0.35667494      -17609.832                                                  -17609.832
              1       -8804.726      0.30265798    -0.099663404      -1.1671873     -0.35667494      -0.35667494      -17608.739                                                  -17608.739
              3      -8803.9996      0.29699982     -0.13416685      -1.0771824     -0.35667494      -0.35667494      -17607.286                                                  -17607.286
              3      -8804.5247      0.30069156     0.045715446      -1.1907397     -0.35667494      -0.35667494      -17608.336                                                  -17608.336
              3      -8805.0472      0.32242118     0.070404185     -0.99666752     -0.35667494      -0.35667494      -17609.381                                                  -17609.381
              4      -8805.1116      0.32037713     0.087247366      -1.1343464     -0.35667494      -0.35667494       -17609.51                                                   -17609.51
              1      -8805.2125      0.31880125     -0.28854478     -0.97219227     -0.35667494      -0.35667494      -17609.712                                                  -17609.712
              1      -8804.5865      0.30393315   0.00095900813     -0.79857887     -0.35667494      -0.35667494       -17608.46                                                   -17608.46
              3      -8804.1064      0.29874407     -0.13213822     -0.93046301     -0.35667494      -0.35667494        -17607.5                                                    -17607.5
              1      -8805.0387      0.31023035      0.17380663     -0.73473339     -0.35667494      -0.35667494      -17609.364                                                  -17609.364
              1      -8805.1436      0.31179996      0.14617777     -0.76042283     -0.35667494      -0.35667494      -17609.574                                                  -17609.574
              1      -8805.1575      0.32608713      0.26388194      -0.3880732     -0.35667494      -0.35667494      -17609.602                                                  -17609.602
              1      -8805.2423      0.32057156     -0.25374007     -0.41568056     -0.35667494      -0.35667494      -17609.771                                                  -17609.771
              1      -8805.1971      0.32312634     -0.26036111     -0.38785338     -0.35667494      -0.35667494      -17609.681                                                  -17609.681
              1      -8804.9843      0.32621346     -0.29691647     -0.53867745     -0.35667494      -0.35667494      -17609.255                                                  -17609.255
              1      -8804.8982      0.32968574      0.13953398     -0.42326417     -0.35667494      -0.35667494      -17609.083                                                  -17609.083
              2       -8805.176        0.311352     -0.45983595     -0.76856762     -0.35667494      -0.35667494      -17609.639                                                  -17609.639
              1      -8804.7005      0.30426059     -0.22129159      -0.8540543     -0.35667494      -0.35667494      -17608.688                                                  -17608.688
              2      -8805.0696      0.30803301     -0.22149161     -0.99014735     -0.35667494      -0.35667494      -17609.426                                                  -17609.426
              1      -8804.6214      0.30217776     -0.18042428      -1.0534628     -0.35667494      -0.35667494      -17608.529                                                  -17608.529
              2       -8805.011      0.30673574     -0.19654601      -1.0554019     -0.35667494      -0.35667494      -17609.309                                                  -17609.309
              3      -8805.0811      0.30851066     0.085914256      -1.0034724     -0.35667494      -0.35667494      -17609.449                                                  -17609.449
              1      -8804.9435      0.30564093      0.15669984      -1.1413391     -0.35667494      -0.35667494      -17609.174                                                  -17609.174
              1      -8805.2533       0.3183844      0.16271212     -0.91858229     -0.35667494      -0.35667494      -17609.793                                                  -17609.793
              1      -8805.1533      0.31161107      0.10598709     -0.79202005     -0.35667494      -0.35667494      -17609.593                                                  -17609.593
              2      -8805.2141      0.31162081     -0.22292317     -0.91576402     -0.35667494      -0.35667494      -17609.715                                                  -17609.715
              1      -8805.1831      0.31250423    -0.032435605     -0.74107825     -0.35667494      -0.35667494      -17609.653                                                  -17609.653
              1      -8805.1878      0.32204416     -0.35556229     -0.59308965     -0.35667494      -0.35667494      -17609.662                                                  -17609.662
              1      -8805.2384      0.31368175     -0.48370108     -0.70351152     -0.35667494      -0.35667494      -17609.764                                                  -17609.764
              1      -8805.2677      0.31814715      -1.0213626      -0.5950873     -0.35667494      -0.35667494      -17609.822                                                  -17609.822
              1      -8805.2512        0.315598     -0.93994628     -0.48703492     -0.35667494      -0.35667494      -17609.789                                                  -17609.789
              1      -8805.2555      0.31954049       -1.013929     -0.44298604     -0.35667494      -0.35667494      -17609.798                                                  -17609.798
              1      -8804.5968      0.30614679      -1.2279918     -0.31826931     -0.35667494      -0.35667494       -17608.48                                                   -17608.48
              1      -8804.5817      0.30388154      -1.4884155     -0.51805234     -0.35667494      -0.35667494       -17608.45                                                   -17608.45
              1        -8805.16      0.32131321      -1.6402016     -0.55992844     -0.35667494      -0.35667494      -17609.607                                                  -17609.607
              1      -8805.2636      0.31282116      -2.1218228     -0.92638173     -0.35667494      -0.35667494      -17609.814                                                  -17609.814
              2      -8805.2523      0.31356817      -1.8177901      -1.1321605     -0.35667494      -0.35667494      -17609.791                                                  -17609.791
              2      -8805.2725      0.31445844       -1.800765     -0.84811359     -0.35667494      -0.35667494      -17609.832                                                  -17609.832
              1       -8805.152      0.31953281      -2.5105133     -0.72098071     -0.35667494      -0.35667494      -17609.591                                                  -17609.591
              1      -8804.5551      0.30041173      -2.7054428     -0.87464343     -0.35667494      -0.35667494      -17608.397                                                  -17608.397
              1      -8804.8101      0.30218164      -2.8618992      -1.0712689     -0.35667494      -0.35667494      -17608.907                                                  -17608.907
              1      -8805.0285      0.31978106      -2.7760513      -1.0057587     -0.35667494      -0.35667494      -17609.344                                                  -17609.344
              2      -8805.1411      0.32157969      -2.4528338     -0.44275531     -0.35667494      -0.35667494      -17609.569                                                  -17609.569
              3      -8802.8777      0.33858765      -2.3755673     -0.44779256     -0.35667494      -0.35667494      -17605.042                                                  -17605.042
              2      -8801.8154      0.34213637      -2.2465393     -0.59852453     -0.35667494      -0.35667494      -17602.918                                                  -17602.918
              1      -8805.1118      0.31999434      -2.2606909     -0.81169514     -0.35667494      -0.35667494       -17609.51                                                   -17609.51
              1      -8805.0116      0.32125809        -2.24605     -0.87384319     -0.35667494      -0.35667494       -17609.31                                                   -17609.31
              1      -8805.0605      0.32114813       -2.040026     -0.80204499     -0.35667494      -0.35667494      -17609.408                                                  -17609.408
              1      -8804.8883      0.32365766      -2.0330372     -0.77473475     -0.35667494      -0.35667494      -17609.063                                                  -17609.063
              1      -8804.6891      0.32594323       -2.009972     -0.74677464     -0.35667494      -0.35667494      -17608.665                                                  -17608.665
              1       -8804.679      0.32601727      -2.0213257     -0.74852818     -0.35667494      -0.35667494      -17608.645                                                  -17608.645
              1      -8804.6111      0.32647466      -2.0250347      -0.7750713     -0.35667494      -0.35667494      -17608.509                                                  -17608.509
              1       -8804.114      0.33260752      -1.5356682     -0.48659391     -0.35667494      -0.35667494      -17607.515                                                  -17607.515
              1      -8804.3958      0.33026316      -1.4715377     -0.54830633     -0.35667494      -0.35667494      -17608.078                                                  -17608.078
              1      -8804.9881      0.32475233      -1.4714021     -0.50185981     -0.35667494      -0.35667494      -17609.263                                                  -17609.263
              1       -8805.252      0.31834842      -1.4313753     -0.63958534     -0.35667494      -0.35667494      -17609.791                                                  -17609.791
              1      -8805.0774      0.32274511      -1.2952287     -0.63539989     -0.35667494      -0.35667494      -17609.441                                                  -17609.441
              1      -8804.5109      0.32737225      -1.5778939     -0.83927701     -0.35667494      -0.35667494      -17608.308                                                  -17608.308
              1      -8805.2391       0.3172771      -1.7021838     -0.82399823     -0.35667494      -0.35667494      -17609.765                                                  -17609.765
              1      -8805.1723      0.31944954      -1.7650051     -0.78098071     -0.35667494      -0.35667494      -17609.631                                                  -17609.631
              1      -8805.2268      0.32051331      -1.3513442     -0.45391064     -0.35667494      -0.35667494       -17609.74                                                   -17609.74
              3      -8804.6334      0.30644105      -1.1191955     -0.34598537     -0.35667494      -0.35667494      -17608.553                                                  -17608.553
              3      -8804.6646      0.30624978      -1.0413799     -0.41410513     -0.35667494      -0.35667494      -17608.616                                                  -17608.616
              1      -8805.0674      0.31157759      -1.1160532     -0.37776627     -0.35667494      -0.35667494      -17609.422                                                  -17609.422
              2      -8804.8951      0.30952162      -1.1512897     -0.32328358     -0.35667494      -0.35667494      -17609.077                                                  -17609.077
              1      -8804.8289       0.3272081      -1.1894921     -0.47609314     -0.35667494      -0.35667494      -17608.944                                                  -17608.944
              2      -8805.1758      0.32128429     -0.92105002     -0.63820261     -0.35667494      -0.35667494      -17609.638                                                  -17609.638
              1      -8803.3798      0.34089406     0.070735156     -0.40381186     -0.35667494      -0.35667494      -17606.046                                                  -17606.046
              1       -8804.804      0.32879346      0.17825938     -0.61607356     -0.35667494      -0.35667494      -17608.895                                                  -17608.895
              2      -8805.1922      0.32244402      0.34367988     -0.40363357     -0.35667494      -0.35667494      -17609.671                                                  -17609.671
              3      -8805.1713      0.31754798      0.14787754     -0.42701217     -0.35667494      -0.35667494      -17609.629                                                  -17609.629
              1      -8805.1992      0.31360403     -0.11537362     -0.65804653     -0.35667494      -0.35667494      -17609.685                                                  -17609.685
              1      -8805.1403      0.32365371     -0.70653875     -0.43756967     -0.35667494      -0.35667494      -17609.567                                                  -17609.567
              1      -8805.2147      0.32156614     -0.54734083      -0.5003709     -0.35667494      -0.35667494      -17609.716                                                  -17609.716
              2      -8805.2462      0.31852706     -0.83223156     -0.75458441     -0.35667494      -0.35667494      -17609.779                                                  -17609.779
              1      -8805.2139      0.32019852     -0.73003066     -0.68879966     -0.35667494      -0.35667494      -17609.714                                                  -17609.714
              1       -8804.196       0.3305847     -0.68486202     -0.85426302     -0.35667494      -0.35667494      -17607.679                                                  -17607.679
              1      -8804.5553      0.32768013     -0.61766848     -0.89102991     -0.35667494      -0.35667494      -17608.397                                                  -17608.397
              2      -8804.5434      0.32773683     -0.65527001     -0.89110704     -0.35667494      -0.35667494      -17608.373                                                  -17608.373
              1      -8805.1242       0.3223391     -0.55457029     -0.70970837     -0.35667494      -0.35667494      -17609.535                                                  -17609.535
              1       -8805.174      0.32139294     -0.48870977     -0.71022684     -0.35667494      -0.35667494      -17609.635                                                  -17609.635
              4      -8805.0302      0.32656536     -0.28425247      -0.4123169     -0.35667494      -0.35667494      -17609.347                                                  -17609.347
              1       -8804.941      0.32812294     -0.49108847     -0.32290733     -0.35667494      -0.35667494      -17609.169                                                  -17609.169
              3      -8805.0601      0.32784438     -0.25326444     -0.20587638     -0.35667494      -0.35667494      -17609.407                                                  -17609.407
              3      -8805.0771       0.3274161     -0.27686102     -0.20486713     -0.35667494      -0.35667494      -17609.441                                                  -17609.441
              1      -8805.0681      0.32766933      -0.2602956     -0.20393698     -0.35667494      -0.35667494      -17609.423                                                  -17609.423
              1      -8805.0854      0.32478157     -0.41480014     -0.49368922     -0.35667494      -0.35667494      -17609.458                                                  -17609.458
              1      -8804.8819      0.30957753     -0.24564167     -0.49561657     -0.35667494      -0.35667494       -17609.05                                                   -17609.05
              2      -8804.7425      0.30947298     -0.35360397     -0.34620847     -0.35667494      -0.35667494      -17608.772                                                  -17608.772
              1      -8805.0521      0.30987854     -0.81489018     -0.58932862     -0.35667494      -0.35667494      -17609.391                                                  -17609.391
              1      -8804.8052      0.30737183     -0.75878326     -0.51044582     -0.35667494      -0.35667494      -17608.897                                                  -17608.897
              1      -8804.7652      0.30686929     -0.74085373     -0.51996074     -0.35667494      -0.35667494      -17608.817                                                  -17608.817
              2      -8804.3418       0.3020495     -0.88258395     -0.59370899     -0.35667494      -0.35667494       -17607.97                                                   -17607.97
              4       -8804.126       0.3009834     -0.91424234     -0.51396501     -0.35667494      -0.35667494      -17607.539                                                  -17607.539
              2      -8804.2774      0.30269476      -1.3627353     -0.36565209     -0.35667494      -0.35667494      -17607.841                                                  -17607.841
              1      -8805.2439      0.31494374      -1.3934688     -0.42879763     -0.35667494      -0.35667494      -17609.774                                                  -17609.774
              2      -8805.2581      0.31579932      -1.5401205     -0.39463613     -0.35667494      -0.35667494      -17609.803                                                  -17609.803
              2      -8805.2606      0.31563891      -1.6279853     -0.40657643     -0.35667494      -0.35667494      -17609.808                                                  -17609.808
              1      -8805.2429      0.31810987      -1.3986037     -0.21560727     -0.35667494      -0.35667494      -17609.772                                                  -17609.772
              2       -8804.979      0.31104958      -1.2955204     -0.25912784     -0.35667494      -0.35667494      -17609.245                                                  -17609.245
              1      -8804.8569       0.3090856      -1.3405146     -0.28221105     -0.35667494      -0.35667494          -17609                                                      -17609
              1       -8804.909      0.30663395      -1.1916578     -0.67778135     -0.35667494      -0.35667494      -17609.105                                                  -17609.105
              1      -8805.2206      0.31781446       -1.630625     -0.85199135     -0.35667494      -0.35667494      -17609.728                                                  -17609.728
              1      -8804.8941      0.30473131      -1.5517791     -0.90585147     -0.35667494      -0.35667494      -17609.075                                                  -17609.075
              1      -8805.2026      0.30999364      -1.1604411      -1.0017351     -0.35667494      -0.35667494      -17609.692                                                  -17609.692
              4      -8805.1894      0.30902954      -1.3003701      -1.1418748     -0.35667494      -0.35667494      -17609.665                                                  -17609.665
              1      -8805.2322      0.31048464      -1.3768649      -1.1596648     -0.35667494      -0.35667494      -17609.751                                                  -17609.751
              2      -8805.2661      0.31541189      -1.2922255     -0.93251071     -0.35667494      -0.35667494      -17609.819                                                  -17609.819
              2      -8805.2532      0.31195347      -1.5893175      -1.1508118     -0.35667494      -0.35667494      -17609.793                                                  -17609.793
              1      -8805.2541      0.31208197      -1.5920991      -1.1492953     -0.35667494      -0.35667494      -17609.795                                                  -17609.795
              1      -8805.2587      0.31294985       -1.701679      -1.1008053     -0.35667494      -0.35667494      -17609.804                                                  -17609.804
              1      -8805.2161      0.31530787      -1.7980397      -1.1885784     -0.35667494      -0.35667494      -17609.719                                                  -17609.719
              3      -8805.1863      0.31642929      -1.7797489      -1.1743818     -0.35667494      -0.35667494      -17609.659                                                  -17609.659
              3      -8805.0319      0.30558997      -1.5682692      -1.1509121     -0.35667494      -0.35667494       -17609.35                                                   -17609.35
              1      -8805.0285      0.30553014      -1.5651138      -1.1525687     -0.35667494      -0.35667494      -17609.344                                                  -17609.344
              1      -8805.0254      0.30608327     -0.80587572      -1.1228222     -0.35667494      -0.35667494      -17609.337                                                  -17609.337
              2      -8805.0273      0.30610427     -0.80742001       -1.124428     -0.35667494      -0.35667494      -17609.341                                                  -17609.341
              3      -8805.1601      0.31935758     -0.42389323      -1.0538346     -0.35667494      -0.35667494      -17609.607                                                  -17609.607
              2      -8805.2606      0.31653368      -1.0575726     -0.89119632     -0.35667494      -0.35667494      -17609.808                                                  -17609.808
              2      -8802.4522      0.33665977      -1.9910609      -1.1939728     -0.35667494      -0.35667494      -17604.191                                                  -17604.191
              1      -8804.7007      0.32473386       -1.176703      -1.0598944     -0.35667494      -0.35667494      -17608.688                                                  -17608.688
              1      -8805.0689      0.32005919      -1.4986255        -1.03694     -0.35667494      -0.35667494      -17609.425                                                  -17609.425
              3      -8805.2238      0.31710853      -1.3460708      -0.9795014     -0.35667494      -0.35667494      -17609.734                                                  -17609.734
              3      -8805.1159      0.31894312      -2.3417102     -0.95539328     -0.35667494      -0.35667494      -17609.518                                                  -17609.518
              2      -8804.3238      0.33068488      -2.3546224     -0.41486227     -0.35667494      -0.35667494      -17607.934                                                  -17607.934
              1      -8804.9162      0.32582585      -2.2120521     -0.34903955     -0.35667494      -0.35667494      -17609.119                                                  -17609.119
              2      -8805.2692      0.31803004      -2.5404604     -0.30427978     -0.35667494      -0.35667494      -17609.825                                                  -17609.825
              3      -8805.2361      0.31392726      -2.2327998     -0.35486177     -0.35667494      -0.35667494      -17609.759                                                  -17609.759
              1        -8804.95      0.30880303      -2.4225901     -0.24981591     -0.35667494      -0.35667494      -17609.187                                                  -17609.187
              5      -8804.8022      0.30716457      -2.3118561     -0.24575756     -0.35667494      -0.35667494      -17608.891                                                  -17608.891
              3       -8805.203      0.31173945      -2.0897027      -0.5272864     -0.35667494      -0.35667494      -17609.693                                                  -17609.693
              1      -8804.9513      0.30809932      -1.8910933      -0.4320566     -0.35667494      -0.35667494      -17609.189                                                  -17609.189
              1      -8805.2093      0.31276942      -1.4920509     -0.51325112     -0.35667494      -0.35667494      -17609.705                                                  -17609.705
              1      -8805.2683      0.31506362      -1.6116808     -0.51795265     -0.35667494      -0.35667494      -17609.823                                                  -17609.823
              2      -8805.2134      0.31099442      -1.7775658     -0.75607697     -0.35667494      -0.35667494      -17609.713                                                  -17609.713
              3      -8805.2615      0.31575329        -2.11375     -0.80648275     -0.35667494      -0.35667494       -17609.81                                                   -17609.81
              1      -8805.2435      0.31136132      -2.1457104     -0.89170538     -0.35667494      -0.35667494      -17609.774                                                  -17609.774
              2      -8804.6866      0.30452255      -1.3483688     -0.59424749     -0.35667494      -0.35667494       -17608.66                                                   -17608.66
              1       -8804.435      0.30302554      -1.3088966     -0.49088923     -0.35667494      -0.35667494      -17608.157                                                  -17608.157
              4       -8804.223      0.30118357      -1.2097422     -0.52383879     -0.35667494      -0.35667494      -17607.733                                                  -17607.733
              1      -8802.7176      0.29229232     -0.24110297     -0.66884458     -0.35667494      -0.35667494      -17604.722                                                  -17604.722
              1      -8804.5702      0.30506446      0.13674504     -0.69302283     -0.35667494      -0.35667494      -17608.427                                                  -17608.427
              2      -8804.6735      0.30392555    -0.031368317     -0.89891282     -0.35667494      -0.35667494      -17608.634                                                  -17608.634
              1      -8804.9467      0.31205101      0.32796594     -0.54502624     -0.35667494      -0.35667494       -17609.18                                                   -17609.18
              1      -8804.9655      0.31231283      0.34634938     -0.55209795     -0.35667494      -0.35667494      -17609.218                                                  -17609.218
              1      -8804.8467      0.30470249      -0.2633364      -1.0187345     -0.35667494      -0.35667494       -17608.98                                                   -17608.98
              2      -8805.1033      0.30898524      -1.7758152     -0.66677343     -0.35667494      -0.35667494      -17609.493                                                  -17609.493
              1      -8805.1625      0.30956755      -1.9264639     -0.75278367     -0.35667494      -0.35667494      -17609.612                                                  -17609.612
              1       -8804.738      0.32649467       -1.665325     -0.63881905     -0.35667494      -0.35667494      -17608.763                                                  -17608.763
              2      -8804.5961      0.32851876      -2.2487139     -0.43105607     -0.35667494      -0.35667494      -17608.479                                                  -17608.479
              3      -8805.1034      0.31981363      -1.9055699     -0.91899463     -0.35667494      -0.35667494      -17609.493                                                  -17609.493
              2      -8805.2477      0.31465777      -1.3956638      -1.1367513     -0.35667494      -0.35667494      -17609.782                                                  -17609.782
              2       -8805.263      0.31378731      -1.1050247      -1.1182809     -0.35667494      -0.35667494      -17609.813                                                  -17609.813
              1      -8805.2434      0.31126427      -1.1526516      -1.0726755     -0.35667494      -0.35667494      -17609.773                                                  -17609.773
              2      -8805.1588      0.30870199      -1.1790265      -1.0366421     -0.35667494      -0.35667494      -17609.604                                                  -17609.604
              1      -8805.2275      0.31824927      -1.8583471     -0.72113604     -0.35667494      -0.35667494      -17609.742                                                  -17609.742
              2       -8805.265       0.3158372      -2.1839723     -0.75664549     -0.35667494      -0.35667494      -17609.817                                                  -17609.817
              2      -8804.8958      0.32573726      -2.4945569     -0.35328209     -0.35667494      -0.35667494      -17609.078                                                  -17609.078
              3      -8805.2095      0.32048388      -2.5661289     -0.33946093     -0.35667494      -0.35667494      -17609.706                                                  -17609.706
              1       -8805.035      0.32404642      -2.3329627     -0.35744649     -0.35667494      -0.35667494      -17609.357                                                  -17609.357
              5      -8804.9472      0.32609705      -2.3204853     -0.22600181     -0.35667494      -0.35667494      -17609.181                                                  -17609.181
              1      -8804.7939      0.32642655      -2.8193598      -0.3702135     -0.35667494      -0.35667494      -17608.874                                                  -17608.874
              2       -8804.576      0.32899667      -2.9227892     -0.27168773     -0.35667494      -0.35667494      -17608.439                                                  -17608.439
              1      -8805.0957      0.32246301        -2.47464     -0.43168792     -0.35667494      -0.35667494      -17609.478                                                  -17609.478
              1      -8805.2673      0.31749096       -2.686209     -0.42982342     -0.35667494      -0.35667494      -17609.821                                                  -17609.821
             19      -8805.2488      0.31829388      -2.7374078     -0.45193089     -0.35667494      -0.35667494      -17609.784                                                  -17609.784
              2      -8805.1478      0.31098617      -1.5042112     -0.54527606     -0.35667494      -0.35667494      -17609.582                                                  -17609.582
              1      -8805.0618      0.30900238       -1.620075     -0.57946608     -0.35667494      -0.35667494       -17609.41                                                   -17609.41
              3      -8805.2566      0.31434268       -2.064173     -0.44054632     -0.35667494      -0.35667494        -17609.8                                                    -17609.8
              1      -8805.2186      0.31219401       -1.806159     -0.57409524     -0.35667494      -0.35667494      -17609.724                                                  -17609.724
              2      -8804.9137      0.32107636      -2.7969392      -1.0589694     -0.35667494      -0.35667494      -17609.114                                                  -17609.114
              3      -8805.2044      0.31631948      -2.8694004     -0.95244029     -0.35667494      -0.35667494      -17609.695                                                  -17609.695
              4      -8805.0048      0.32070655      -2.7652373      -0.9081421     -0.35667494      -0.35667494      -17609.296                                                  -17609.296
              7      -8805.2595      0.31461925      -2.9348355     -0.81440755     -0.35667494      -0.35667494      -17609.806                                                  -17609.806
              2      -8805.2784      0.31526447      -1.7379048     -0.63601077     -0.35667494      -0.35667494      -17609.844                                                  -17609.844
              1      -8805.1973      0.32159567      -1.8999416     -0.31822591     -0.35667494      -0.35667494      -17609.681                                                  -17609.681
              3      -8805.2752       0.3165423      -1.2360906     -0.52987513     -0.35667494      -0.35667494      -17609.837                                                  -17609.837
              1      -8805.1802      0.32109153      -1.6141115     -0.52767202     -0.35667494      -0.35667494      -17609.647                                                  -17609.647
              1      -8804.3507       0.3282722       -1.215361     -0.95639805     -0.35667494      -0.35667494      -17607.988                                                  -17607.988
              1      -8802.8071      0.33916141     -0.74700707     -0.69128298     -0.35667494      -0.35667494      -17604.901                                                  -17604.901
              9      -8803.4022      0.33963146      -0.8697017     -0.24488225     -0.35667494      -0.35667494      -17606.091                                                  -17606.091
              1      -8804.6709      0.33128164     -0.82779411     -0.22164347     -0.35667494      -0.35667494      -17608.628                                                  -17608.628
              2      -8804.6757      0.32999099      -1.3331468     -0.27439822     -0.35667494      -0.35667494      -17608.638                                                  -17608.638
              1      -8803.9722      0.33500724      -1.2890019     -0.32539712     -0.35667494      -0.35667494      -17607.231                                                  -17607.231
              3      -8804.8599       0.3280572     -0.15082812      -0.5399318     -0.35667494      -0.35667494      -17609.007                                                  -17609.007
              1      -8804.9303      0.32837412      0.22918609     -0.53129842     -0.35667494      -0.35667494      -17609.147                                                  -17609.147
              3      -8805.0426      0.32721609      0.23448044     -0.49200219     -0.35667494      -0.35667494      -17609.372                                                  -17609.372
              3       -8805.264       0.3164392    -0.054028739     -0.66619551     -0.35667494      -0.35667494      -17609.815                                                  -17609.815
              1      -8805.2654      0.31369973      -1.0373106     -0.77400546     -0.35667494      -0.35667494      -17609.817                                                  -17609.817
              2      -8805.1774       0.3219157      -1.4067424     -0.44305882     -0.35667494      -0.35667494      -17609.641                                                  -17609.641
              1      -8805.2288      0.31449944      -1.5676572     -0.38108331     -0.35667494      -0.35667494      -17609.744                                                  -17609.744
              1       -8805.064      0.30978382      -2.0926336     -0.39776234     -0.35667494      -0.35667494      -17609.415                                                  -17609.415
              4      -8805.0827      0.32148833      -2.5431606     -0.61126963     -0.35667494      -0.35667494      -17609.452                                                  -17609.452
              1      -8804.9973      0.32245594      -2.4650473     -0.67700303     -0.35667494      -0.35667494      -17609.281                                                  -17609.281
              2      -8804.9403      0.32329382      -2.4240108     -0.66988239     -0.35667494      -0.35667494      -17609.167                                                  -17609.167
              1      -8805.1554      0.31997741      -2.1679142      -0.6943109     -0.35667494      -0.35667494      -17609.597                                                  -17609.597
              1      -8804.9963      0.32130494      -2.7152356     -0.83301862     -0.35667494      -0.35667494      -17609.279                                                  -17609.279
              2      -8803.9439      0.29435054      -2.8548517      -1.1294029     -0.35667494      -0.35667494      -17607.174                                                  -17607.174
              1      -8804.6654      0.30137544      -1.9448121      -1.0100233     -0.35667494      -0.35667494      -17608.618                                                  -17608.618
              6      -8804.8754      0.30396877      -2.0290966     -0.94271303     -0.35667494      -0.35667494      -17609.037                                                  -17609.037
              2      -8804.4027      0.29783618       -2.551285      -1.1899328     -0.35667494      -0.35667494      -17608.092                                                  -17608.092
              2      -8803.6929      0.29380769      -2.4634732     -0.91862092     -0.35667494      -0.35667494      -17606.673                                                  -17606.673
              1      -8803.8339      0.29466854      -2.7032476     -0.89799274     -0.35667494      -0.35667494      -17606.954                                                  -17606.954
              1      -8803.7205      0.29419278      -2.6775334     -0.84459778     -0.35667494      -0.35667494      -17606.728                                                  -17606.728
              5      -8803.6469       0.2936655      -2.7321288     -0.84786945     -0.35667494      -0.35667494      -17606.581                                                  -17606.581
              7      -8804.4274      0.29836982      -2.4661366      -1.1185081     -0.35667494      -0.35667494      -17608.141                                                  -17608.141
              1      -8804.5057       0.2991356      -2.4762461       -1.100682     -0.35667494      -0.35667494      -17608.298                                                  -17608.298
              2      -8804.2777      0.29689797      -2.9175832      -1.1121496     -0.35667494      -0.35667494      -17607.842                                                  -17607.842
              1      -8803.7864      0.29474295      -2.8179065     -0.80012324     -0.35667494      -0.35667494       -17606.86                                                   -17606.86
              1      -8804.6041      0.30176356       -2.420669     -0.73500753     -0.35667494      -0.35667494      -17608.495                                                  -17608.495
              1      -8804.6148      0.30181059      -2.3812949     -0.75178691     -0.35667494      -0.35667494      -17608.516                                                  -17608.516
              1      -8804.3495      0.30025229        -2.12882     -0.64896909     -0.35667494      -0.35667494      -17607.986                                                  -17607.986
              1      -8805.2732      0.31756126      -1.9176857     -0.43563984     -0.35667494      -0.35667494      -17609.833                                                  -17609.833
              4       -8805.182      0.32253647      -1.7899498     -0.23611673     -0.35667494      -0.35667494      -17609.651                                                  -17609.651
              1      -8805.2153      0.32146902     -0.88040402     -0.44074051     -0.35667494      -0.35667494      -17609.717                                                  -17609.717
              3      -8805.1064      0.32501405     -0.73909262     -0.32374224     -0.35667494      -0.35667494        -17609.5                                                    -17609.5
              1      -8805.0738       0.3264381     -0.62507911     -0.23052613     -0.35667494      -0.35667494      -17609.434                                                  -17609.434
              2      -8805.2681      0.31770378     -0.96375611     -0.45946447     -0.35667494      -0.35667494      -17609.823                                                  -17609.823
              1      -8805.2498      0.31691064      -1.2899883     -0.32347192     -0.35667494      -0.35667494      -17609.786                                                  -17609.786
              1      -8804.9269      0.30924407      -1.4869498     -0.33034996     -0.35667494      -0.35667494       -17609.14                                                   -17609.14
              1      -8805.2429      0.31331017      -2.2759279     -0.45864841     -0.35667494      -0.35667494      -17609.772                                                  -17609.772
              2      -8805.2548      0.31502755      -2.3557932     -0.30672789     -0.35667494      -0.35667494      -17609.796                                                  -17609.796
              1      -8805.2542      0.31498259      -2.3653289     -0.30653756     -0.35667494      -0.35667494      -17609.795                                                  -17609.795
              2      -8805.2607      0.31811803      -2.4727143     -0.42810258     -0.35667494      -0.35667494      -17609.808                                                  -17609.808
              1       -8805.271      0.31369104      -1.4033712     -0.93125578     -0.35667494      -0.35667494      -17609.829                                                  -17609.829
              2      -8804.0733      0.33489674     -0.31152627     -0.47239536     -0.35667494      -0.35667494      -17607.433                                                  -17607.433
              1       -8804.908      0.32523517     -0.51682336     -0.75546862     -0.35667494      -0.35667494      -17609.103                                                  -17609.103
              4      -8805.0577      0.31211304      -0.6960959       -0.397549     -0.35667494      -0.35667494      -17609.402                                                  -17609.402
              1      -8805.2373      0.32095597     -0.62049289      -0.3686647     -0.35667494      -0.35667494      -17609.761                                                  -17609.761
              1       -8805.238      0.32061881      -0.6819631     -0.48200531     -0.35667494      -0.35667494      -17609.763                                                  -17609.763
              1      -8805.2547      0.31899311     0.067161733     -0.54289312     -0.35667494      -0.35667494      -17609.796                                                  -17609.796
              1      -8805.2512       0.3185974     0.082282566     -0.53821686     -0.35667494      -0.35667494      -17609.789                                                  -17609.789
              1      -8804.9354      0.30894589      -1.3214602     -0.40572329     -0.35667494      -0.35667494      -17609.157                                                  -17609.157
              1      -8804.9916      0.31038036      -1.3050722     -0.33997908     -0.35667494      -0.35667494       -17609.27                                                   -17609.27
              2      -8804.3804      0.30294513       -1.557898     -0.39872849     -0.35667494      -0.35667494      -17608.047                                                  -17608.047
              5      -8803.3562      0.29741611     -0.93621161     -0.34922851     -0.35667494      -0.35667494      -17605.999                                                  -17605.999
              1      -8804.6959      0.30819474     -0.83056456     -0.29874457     -0.35667494      -0.35667494      -17608.679                                                  -17608.679
              1      -8804.2773      0.30733603      0.15780807      -0.3700298     -0.35667494      -0.35667494      -17607.841                                                  -17607.841
              1      -8804.3462      0.30657271     -0.21069038     -0.32159695     -0.35667494      -0.35667494      -17607.979                                                  -17607.979
              3      -8804.5932      0.33097938     -0.65503375      -0.3892053     -0.35667494      -0.35667494      -17608.473                                                  -17608.473
              1      -8804.3626      0.33112131     -0.61061706     -0.62213344     -0.35667494      -0.35667494      -17608.012                                                  -17608.012
              1      -8803.9801      0.33247119       -1.485571     -0.64499356     -0.35667494      -0.35667494      -17607.247                                                  -17607.247
              1      -8804.7511      0.32645688      -1.3342536     -0.68056944     -0.35667494      -0.35667494      -17608.789                                                  -17608.789
              2      -8804.6133      0.33091373     -0.56928325     -0.39522475     -0.35667494      -0.35667494      -17608.513                                                  -17608.513
              1      -8805.2329       0.3171614      -1.5192346     -0.20256014     -0.35667494      -0.35667494      -17609.752                                                  -17609.752
              7       -8805.251      0.31731708      -1.6428033     -0.24305978     -0.35667494      -0.35667494      -17609.789                                                  -17609.789
              2      -8805.1706      0.32112018      -2.3962343     -0.42544319     -0.35667494      -0.35667494      -17609.628                                                  -17609.628
              5      -8805.2745      0.31667754      -2.9304313     -0.24064994     -0.35667494      -0.35667494      -17609.836                                                  -17609.836
              8      -8805.2779      0.31591779      -2.9484335     -0.43679905     -0.35667494      -0.35667494      -17609.842                                                  -17609.842
              3      -8805.1655      0.31058181      -2.5783233     -0.48329678     -0.35667494      -0.35667494      -17609.618                                                  -17609.618
              1      -8804.9917      0.32415896      -2.7052145     -0.37605808     -0.35667494      -0.35667494       -17609.27                                                   -17609.27
              6      -8804.9286      0.32581251      -2.6391936     -0.25346492     -0.35667494      -0.35667494      -17609.144                                                  -17609.144
              2      -8805.1566      0.32103216       -1.657834     -0.61133408     -0.35667494      -0.35667494        -17609.6                                                    -17609.6
              1      -8805.1749      0.32089457      -1.5892597     -0.58228874     -0.35667494      -0.35667494      -17609.636                                                  -17609.636
              2      -8805.1948      0.31952979      -2.5183433     -0.56589635     -0.35667494      -0.35667494      -17609.676                                                  -17609.676
              1      -8805.1713      0.32022198      -2.5150734     -0.54646619     -0.35667494      -0.35667494      -17609.629                                                  -17609.629
              7       -8805.111       0.3203459      -2.2510632     -0.75980873     -0.35667494      -0.35667494      -17609.509                                                  -17609.509
              1      -8804.9322      0.32452609      -2.4411916     -0.48438698     -0.35667494      -0.35667494      -17609.151                                                  -17609.151
              1       -8805.121      0.32188275      -2.4054169     -0.46356033     -0.35667494      -0.35667494      -17609.529                                                  -17609.529
              1      -8804.9779      0.32022837      -2.4767834       -1.101906     -0.35667494      -0.35667494      -17609.242                                                  -17609.242
              1      -8805.0285      0.30564328      -1.1578913       -1.183432     -0.35667494      -0.35667494      -17609.344                                                  -17609.344
              2       -8805.242      0.31113755     -0.79136334      -1.1515894     -0.35667494      -0.35667494      -17609.771                                                  -17609.771
              1      -8805.2653      0.31449612      -1.0310283      -1.0614213     -0.35667494      -0.35667494      -17609.817                                                  -17609.817
              1       -8805.245      0.31277483     -0.67953352     -0.82015074     -0.35667494      -0.35667494      -17609.777                                                  -17609.777
              2      -8805.1245      0.32122231     -0.32091713     -0.90971585     -0.35667494      -0.35667494      -17609.536                                                  -17609.536
              4      -8805.0545      0.32227878     -0.47552217     -0.90132672     -0.35667494      -0.35667494      -17609.396                                                  -17609.396
              4      -8805.0214      0.30676488     -0.15655344      -1.0850455     -0.35667494      -0.35667494      -17609.329                                                  -17609.329
              1      -8804.3206      0.29893734     -0.25264154      -1.1403961     -0.35667494      -0.35667494      -17607.928                                                  -17607.928
              7      -8803.9534      0.30058014      -1.1599378     -0.37217034     -0.35667494      -0.35667494      -17607.193                                                  -17607.193
              2      -8804.7564      0.30733292      -1.1009406     -0.38943959     -0.35667494      -0.35667494      -17608.799                                                  -17608.799
              4      -8804.8976      0.30935131      -1.6546297     -0.24744454     -0.35667494      -0.35667494      -17609.082                                                  -17609.082
              2      -8805.1324      0.31423472      -0.6652861     -0.34964473     -0.35667494      -0.35667494      -17609.551                                                  -17609.551
              1      -8805.2009      0.31671521      -1.6344083      -1.0923979     -0.35667494      -0.35667494      -17609.688                                                  -17609.688
              3      -8805.0992      0.31852944      -1.7052912      -1.1677179     -0.35667494      -0.35667494      -17609.485                                                  -17609.485
              4      -8805.0553      0.31870258      -2.9569947      -1.0951878     -0.35667494      -0.35667494      -17609.397                                                  -17609.397
              1      -8805.1842      0.31912665       -2.547004     -0.66485881     -0.35667494      -0.35667494      -17609.655                                                  -17609.655
              3      -8804.9736      0.32298014      -2.4601517      -0.6449171     -0.35667494      -0.35667494      -17609.234                                                  -17609.234
              2      -8805.0185      0.32228965      -2.4822839     -0.65225121     -0.35667494      -0.35667494      -17609.324                                                  -17609.324
              1      -8805.0993      0.32169201       -2.378036     -0.56025027     -0.35667494      -0.35667494      -17609.485                                                  -17609.485
              1      -8805.2062      0.31925782      -2.0112655     -0.64273186     -0.35667494      -0.35667494      -17609.699                                                  -17609.699
              1      -8805.0047      0.32251486      -1.9251289     -0.73542206     -0.35667494      -0.35667494      -17609.296                                                  -17609.296
              1      -8804.6012      0.32839931      -1.6423964     -0.54569443     -0.35667494      -0.35667494      -17608.489                                                  -17608.489
              1      -8803.3765      0.33568979       -2.884328     -0.44664523     -0.35667494      -0.35667494       -17606.04                                                   -17606.04
              4      -8801.1177      0.34568891      -2.0654289     -0.45659112     -0.35667494      -0.35667494      -17601.522                                                  -17601.522
              2      -8803.6751      0.33445431      -2.9079602     -0.38259677     -0.35667494      -0.35667494      -17606.637                                                  -17606.637
              2      -8805.2158      0.31889875      -2.4790203     -0.58001012     -0.35667494      -0.35667494      -17609.718                                                  -17609.718
              2      -8804.2972      0.33296913     -0.13726451      -0.5576097     -0.35667494      -0.35667494      -17607.881                                                  -17607.881
              1      -8805.0639      0.32188728      -1.6718043     -0.73604582     -0.35667494      -0.35667494      -17609.414                                                  -17609.414
              3      -8805.0409      0.32296921      -1.7571411     -0.60963862     -0.35667494      -0.35667494      -17609.368                                                  -17609.368
              1      -8805.0464      0.32295002      -1.7353945     -0.60339908     -0.35667494      -0.35667494      -17609.379                                                  -17609.379
              1      -8805.2243      0.31193109      -1.6301759     -0.67224185     -0.35667494      -0.35667494      -17609.735                                                  -17609.735
              1      -8805.1937      0.31547193     -0.45906442      -0.4207644     -0.35667494      -0.35667494      -17609.674                                                  -17609.674
              1      -8805.2053      0.31553963     -0.41490874     -0.45222907     -0.35667494      -0.35667494      -17609.697                                                  -17609.697
              2       -8805.254      0.31966292      -1.1469891     -0.35888334     -0.35667494      -0.35667494      -17609.795                                                  -17609.795
              1      -8805.1613      0.31036643      -1.6568101     -0.65143029     -0.35667494      -0.35667494      -17609.609                                                  -17609.609
              2      -8804.8437      0.30374943       -2.240003     -0.87551264     -0.35667494      -0.35667494      -17608.974                                                  -17608.974
              1      -8805.0419      0.31988482      -2.8733713     -0.93716093     -0.35667494      -0.35667494       -17609.37                                                   -17609.37
              1      -8804.8528      0.32260695      -1.5823307       -1.089185     -0.35667494      -0.35667494      -17608.992                                                  -17608.992
              2      -8804.8409       0.3227048      -1.5900097      -1.0947808     -0.35667494      -0.35667494      -17608.969                                                  -17608.969
              2      -8804.6242      0.32601229     -0.79443733      -1.0271285     -0.35667494      -0.35667494      -17608.535                                                  -17608.535
              4      -8804.8286      0.32408321     -0.76681703      -1.0169852     -0.35667494      -0.35667494      -17608.944                                                  -17608.944
              2      -8805.2666      0.31532742     -0.91328833     -0.99754602     -0.35667494      -0.35667494       -17609.82                                                   -17609.82
              3      -8805.0325      0.32106442      -2.7080742     -0.78524453     -0.35667494      -0.35667494      -17609.352                                                  -17609.352
              3      -8805.1595      0.31879106      -2.5218244      -0.8091827     -0.35667494      -0.35667494      -17609.606                                                  -17609.606
              1      -8805.1102      0.32275261     -0.92474504     -0.61723752     -0.35667494      -0.35667494      -17609.507                                                  -17609.507
              1      -8805.1405      0.31980603     -0.64890064      -1.0110612     -0.35667494      -0.35667494      -17609.568                                                  -17609.568
              3      -8805.1584      0.31989919     -0.41673742     -0.98367082     -0.35667494      -0.35667494      -17609.603                                                  -17609.603
              2      -8805.2603       0.3159561      -1.0864966     -0.95628166     -0.35667494      -0.35667494      -17609.807                                                  -17609.807
              4       -8805.208      0.31938242     0.023639513     -0.96815106     -0.35667494      -0.35667494      -17609.703                                                  -17609.703
              4      -8805.2655      0.31520186     0.056860206      -1.1785555     -0.35667494      -0.35667494      -17609.818                                                  -17609.818
              2      -8805.2306      0.31095346     0.028244313      -1.1909198     -0.35667494      -0.35667494      -17609.748                                                  -17609.748
              1       -8805.275      0.31667338      0.18363254     -0.95421066     -0.35667494      -0.35667494      -17609.837                                                  -17609.837
              1      -8805.2713      0.31383444      -1.1202988     -0.82512152     -0.35667494      -0.35667494      -17609.829                                                  -17609.829
              1      -8805.2398      0.31707095     -0.26658734      -1.0813046     -0.35667494      -0.35667494      -17609.766                                                  -17609.766
              1      -8805.1874      0.32296469      0.49082233      -0.7073978     -0.35667494      -0.35667494      -17609.661                                                  -17609.661
              7       -8805.147      0.32387345      0.46621473     -0.70456514     -0.35667494      -0.35667494      -17609.581                                                  -17609.581
              2      -8805.2633       0.3185494     -0.12995733     -0.75652364     -0.35667494      -0.35667494      -17609.813                                                  -17609.813
              2        -8804.47      0.33024943     -0.70057654     -0.60954884     -0.35667494      -0.35667494      -17608.227                                                  -17608.227
              1      -8805.2664      0.31802329      -2.0396079     -0.45511389     -0.35667494      -0.35667494      -17609.819                                                  -17609.819
              1      -8805.0928      0.32151394      -2.4680165     -0.59216799     -0.35667494      -0.35667494      -17609.472                                                  -17609.472
              3       -8805.093      0.32300106      -2.1073938     -0.41480975     -0.35667494      -0.35667494      -17609.473                                                  -17609.473
              6      -8804.5876      0.32679772      -1.7117349     -0.80487761     -0.35667494      -0.35667494      -17608.462                                                  -17608.462
              2      -8804.5567      0.32614891       -2.841417     -0.79098311     -0.35667494      -0.35667494        -17608.4                                                    -17608.4
              2      -8805.1739      0.31988513      -2.7935201     -0.54593601     -0.35667494      -0.35667494      -17609.635                                                  -17609.635
              6      -8805.0343      0.32430432       -1.628289     -0.44166161     -0.35667494      -0.35667494      -17609.355                                                  -17609.355
              1      -8805.2708       0.3136341      -2.6511171     -0.71685895     -0.35667494      -0.35667494      -17609.828                                                  -17609.828
              3      -8805.2498      0.31261896      -2.8792383     -0.52696973     -0.35667494      -0.35667494      -17609.786                                                  -17609.786
              1      -8804.7094      0.32532087      -1.2040881     -0.94439145     -0.35667494      -0.35667494      -17608.705                                                  -17608.705
              2      -8804.4414      0.29950487      -1.2150153      -1.0708542     -0.35667494      -0.35667494       -17608.17                                                   -17608.17
              4      -8804.4042      0.29997004      -1.3414132     -0.90156988     -0.35667494      -0.35667494      -17608.095                                                  -17608.095
              3      -8804.8341       0.3039511      -1.8397756     -0.87092961     -0.35667494      -0.35667494      -17608.955                                                  -17608.955
              2      -8804.7707      0.30387801      -1.6710193     -0.77743185     -0.35667494      -0.35667494      -17608.828                                                  -17608.828
              1      -8804.0637      0.33296721      -2.2524686      -0.3572715     -0.35667494      -0.35667494      -17607.414                                                  -17607.414
              1      -8803.9549      0.33358437      -2.3411995     -0.35331083     -0.35667494      -0.35667494      -17607.196                                                  -17607.196
              2      -8803.9597      0.33358658      -2.3409053     -0.34840098     -0.35667494      -0.35667494      -17607.206                                                  -17607.206
              1      -8805.1638      0.31991041      -1.2445608     -0.82535826     -0.35667494      -0.35667494      -17609.614                                                  -17609.614
              2      -8805.0686      0.32417376     -0.48282248     -0.60169142     -0.35667494      -0.35667494      -17609.424                                                  -17609.424
              3      -8805.1128      0.32354976     -0.85263214      -0.5056288     -0.35667494      -0.35667494      -17609.512                                                  -17609.512
              2      -8805.0384      0.31195536      -1.0279567     -0.31425966     -0.35667494      -0.35667494      -17609.363                                                  -17609.363
              2      -8804.5278      0.30701884    -0.053862511     -0.44720876     -0.35667494      -0.35667494      -17608.342                                                  -17608.342
              5      -8803.6304      0.33711924      0.40997995     -0.71311873     -0.35667494      -0.35667494      -17606.547                                                  -17606.547
              3      -8804.5025      0.32719189      -1.4258601     -0.90461962     -0.35667494      -0.35667494      -17608.292                                                  -17608.292
              1       -8805.134      0.30729877      -1.8593119      -1.1720872     -0.35667494      -0.35667494      -17609.555                                                  -17609.555
              3      -8805.1137      0.30697316      -1.8194549      -1.1439161     -0.35667494      -0.35667494      -17609.514                                                  -17609.514
              2      -8805.0827      0.30629217      -1.8695833      -1.1590486     -0.35667494      -0.35667494      -17609.452                                                  -17609.452
              2      -8805.0155      0.30532982      -1.8332272      -1.1122885     -0.35667494      -0.35667494      -17609.318                                                  -17609.318
              1      -8805.1193      0.30721027      -2.5286189      -1.0075999     -0.35667494      -0.35667494      -17609.525                                                  -17609.525
              3      -8805.1588       0.3194419      -2.3485775     -0.73734803     -0.35667494      -0.35667494      -17609.604                                                  -17609.604
              1      -8804.8747      0.32400123       -2.217675     -0.71575126     -0.35667494      -0.35667494      -17609.036                                                  -17609.036
              2      -8805.0736      0.32264876      -1.7191532     -0.58673354     -0.35667494      -0.35667494      -17609.434                                                  -17609.434
              1      -8805.2765      0.31567772      -1.8472323     -0.68853414     -0.35667494      -0.35667494       -17609.84                                                   -17609.84
              1      -8805.2776      0.31505768      -1.9648836     -0.59797162     -0.35667494      -0.35667494      -17609.842                                                  -17609.842
              1      -8805.2003      0.31283727      -1.2917604     -0.51043157     -0.35667494      -0.35667494      -17609.687                                                  -17609.687
              1      -8805.2237      0.31416749       -1.333132     -0.43803962     -0.35667494      -0.35667494      -17609.734                                                  -17609.734
              4      -8805.1637      0.32254942     -0.98154731     -0.47365455     -0.35667494      -0.35667494      -17609.614                                                  -17609.614
              2      -8804.6608       0.3294799     -0.90178958       -0.451269     -0.35667494      -0.35667494      -17608.608                                                  -17608.608
              3       -8804.647      0.33023511      -1.4175278     -0.26043201     -0.35667494      -0.35667494      -17608.581                                                  -17608.581
              3      -8805.2598      0.31749334       -1.185889     -0.75061415     -0.35667494      -0.35667494      -17609.806                                                  -17609.806
              4      -8805.2155      0.31242566      -0.5548592     -0.74771553     -0.35667494      -0.35667494      -17609.718                                                  -17609.718
              2      -8804.9632      0.32519549     -0.47341172     -0.67330984     -0.35667494      -0.35667494      -17609.213                                                  -17609.213
              9      -8804.8911      0.32757821      0.11903157     -0.62352402     -0.35667494      -0.35667494      -17609.069                                                  -17609.069
              4      -8805.0678      0.32469535      0.36979866     -0.74144978     -0.35667494      -0.35667494      -17609.422                                                  -17609.422
              1      -8805.1551      0.32324099       0.4652515     -0.75073727     -0.35667494      -0.35667494      -17609.597                                                  -17609.597
              6      -8805.0522      0.32513429      0.46941939     -0.75176045     -0.35667494      -0.35667494      -17609.391                                                  -17609.391
              3      -8805.0125       0.3271179      0.42084035     -0.61207386     -0.35667494      -0.35667494      -17609.312                                                  -17609.312
              3      -8804.7117      0.31131459     0.042230353     -0.33048105     -0.35667494      -0.35667494       -17608.71                                                   -17608.71
              3      -8804.6491      0.31202977    -0.037980102     -0.23697572     -0.35667494      -0.35667494      -17608.585                                                  -17608.585
              1      -8805.2097      0.31507958      0.48668609     -0.72273833     -0.35667494      -0.35667494      -17609.706                                                  -17609.706
              7      -8805.2238      0.31528925      0.43743061     -0.72497084     -0.35667494      -0.35667494      -17609.734                                                  -17609.734
              1      -8805.2059      0.31406621      0.32816002     -0.74020715     -0.35667494      -0.35667494      -17609.698                                                  -17609.698
              2      -8805.1277      0.32198534      0.19105571      -0.8976212     -0.35667494      -0.35667494      -17609.542                                                  -17609.542
              5      -8805.0237      0.32356034     -0.33549921       -0.811109     -0.35667494      -0.35667494      -17609.334                                                  -17609.334
              2      -8805.2638      0.31769441      -1.2658167     -0.67485784     -0.35667494      -0.35667494      -17609.814                                                  -17609.814
              1      -8805.2708      0.31722758      -1.3996081     -0.64820305     -0.35667494      -0.35667494      -17609.828                                                  -17609.828
              1      -8805.2044      0.31068863      -1.4918638     -0.80955099     -0.35667494      -0.35667494      -17609.695                                                  -17609.695
              3      -8805.2556      0.31232498      -1.6543284     -0.84945903     -0.35667494      -0.35667494      -17609.798                                                  -17609.798
              1      -8804.8532      0.30646941       -2.804916     -0.33301434     -0.35667494      -0.35667494      -17608.993                                                  -17608.993
              1      -8805.2483      0.31228359      -2.6590626     -0.61671982     -0.35667494      -0.35667494      -17609.783                                                  -17609.783
              2      -8805.2765      0.31471353      -2.7615684     -0.57273218     -0.35667494      -0.35667494       -17609.84                                                   -17609.84
              1      -8805.0868      0.30686677      -1.8721324      -1.0212339     -0.35667494      -0.35667494       -17609.46                                                   -17609.46
              1      -8804.6718      0.30246983      -1.3886876      -0.8877484     -0.35667494      -0.35667494       -17608.63                                                   -17608.63
              1      -8805.2194      0.32018225     -0.21265346     -0.76716956     -0.35667494      -0.35667494      -17609.726                                                  -17609.726
              1      -8805.0281      0.32446495      -0.2659032     -0.69279512     -0.35667494      -0.35667494      -17609.343                                                  -17609.343
              2      -8804.5981      0.32825002     0.082530245     -0.88937348     -0.35667494      -0.35667494      -17608.483                                                  -17608.483
              1      -8804.7242      0.32655666      0.24730007     -0.99276728     -0.35667494      -0.35667494      -17608.735                                                  -17608.735
             11      -8801.6285      0.34291945      0.45248043      -1.0592714     -0.35667494      -0.35667494      -17602.544                                                  -17602.544
              2      -8801.6785      0.34268655      0.45062763      -1.0659012     -0.35667494      -0.35667494      -17602.644                                                  -17602.644
              1      -8804.7928      0.32874075      0.41250933     -0.70357214     -0.35667494      -0.35667494      -17608.872                                                  -17608.872
              1      -8805.2721      0.31758325      0.46381706     -0.93182208     -0.35667494      -0.35667494      -17609.831                                                  -17609.831
              4      -8805.1685       0.3131161      0.30901927     -0.73193748     -0.35667494      -0.35667494      -17609.624                                                  -17609.624
              1      -8805.0032      0.30804819    0.0087943456     -0.88158341     -0.35667494      -0.35667494      -17609.293                                                  -17609.293
              8        -8804.83      0.30476603      0.38933826      -1.1000122     -0.35667494      -0.35667494      -17608.947                                                  -17608.947
              2      -8804.7416      0.30445871     -0.10260907     -0.90819194     -0.35667494      -0.35667494       -17608.77                                                   -17608.77
              1      -8805.1854      0.30997483      -1.8573509     -0.79268629     -0.35667494      -0.35667494      -17609.658                                                  -17609.658
              2      -8805.1665      0.31073961      -1.7627284     -0.59424731     -0.35667494      -0.35667494       -17609.62                                                   -17609.62
              2      -8805.0947      0.32201667       -2.278113     -0.53788403     -0.35667494      -0.35667494      -17609.476                                                  -17609.476
              1      -8804.5462      0.32856753      -2.4371546     -0.45990297     -0.35667494      -0.35667494      -17608.379                                                  -17608.379
              1      -8804.1336      0.32968618      -2.7191098     -0.74758038     -0.35667494      -0.35667494      -17607.554                                                  -17607.554
              1       -8803.984       0.3308207      -2.4158161     -0.76589455     -0.35667494      -0.35667494      -17607.255                                                  -17607.255
              1      -8803.4893      0.33714373      -2.4364244     -0.20253046     -0.35667494      -0.35667494      -17606.265                                                  -17606.265
              2      -8802.9353      0.33952847      -2.7129556     -0.20562772     -0.35667494      -0.35667494      -17605.157                                                  -17605.157
              4      -8802.8204      0.33996969      -2.7982025     -0.20317661     -0.35667494      -0.35667494      -17604.927                                                  -17604.927
              1      -8802.3633       0.3413197       -1.070608     -0.59497967     -0.35667494      -0.35667494      -17604.013                                                  -17604.013
              2      -8805.2787      0.31531567     -0.94344539     -0.79336769     -0.35667494      -0.35667494      -17609.844                                                  -17609.844
              1      -8805.2791      0.31578113     -0.97884936     -0.74536945     -0.35667494      -0.35667494      -17609.845                                                  -17609.845
              1      -8804.5916      0.32820767     -0.78903343     -0.73698696     -0.35667494      -0.35667494       -17608.47                                                   -17608.47
              2      -8804.9214      0.32415093     -0.94479536     -0.81228079     -0.35667494      -0.35667494       -17609.13                                                   -17609.13
              2      -8805.2579      0.31737458      -1.3253755     -0.33151513     -0.35667494      -0.35667494      -17609.802                                                  -17609.802
              1      -8804.0025      0.30025079     -0.87840339     -0.50241518     -0.35667494      -0.35667494      -17607.292                                                  -17607.292
              2      -8804.0747       0.3001729     -0.96483801     -0.55659431     -0.35667494      -0.35667494      -17607.436                                                  -17607.436
              1      -8804.5845       0.3027895      -1.5353896     -0.66907212     -0.35667494      -0.35667494      -17608.456                                                  -17608.456
              3      -8805.2351      0.32078322      -1.6823844     -0.23983504     -0.35667494      -0.35667494      -17609.757                                                  -17609.757
              7      -8805.2678      0.31826841      -1.8866567     -0.39086985     -0.35667494      -0.35667494      -17609.822                                                  -17609.822
              6      -8805.2649      0.31855251      -1.8111396     -0.39225952     -0.35667494      -0.35667494      -17609.817                                                  -17609.817
              1       -8804.728      0.32781351      -2.2471895     -0.35173874     -0.35667494      -0.35667494      -17608.743                                                  -17608.743
              2      -8804.7226      0.32534393      -2.4045471     -0.73104731     -0.35667494      -0.35667494      -17608.732                                                  -17608.732
              1      -8804.5816      0.32659428      -2.4604833     -0.73144071     -0.35667494      -0.35667494       -17608.45                                                   -17608.45
              5      -8803.3721      0.33663835     -0.80163357     -0.65768211     -0.35667494      -0.35667494      -17606.031                                                  -17606.031
              1      -8803.2306      0.33741384     -0.85908273     -0.63770665     -0.35667494      -0.35667494      -17605.748                                                  -17605.748
              1       -8804.181      0.33086729        -1.52654     -0.68299672     -0.35667494      -0.35667494      -17607.649                                                  -17607.649
              4      -8803.2088      0.33482378      -1.8003241     -0.90972039     -0.35667494      -0.35667494      -17605.704                                                  -17605.704
              1      -8802.7974      0.33673867      -1.7870604     -0.91419707     -0.35667494      -0.35667494      -17604.881                                                  -17604.881
              1       -8803.025      0.33530513      -1.5711048      -1.0182922     -0.35667494      -0.35667494      -17605.337                                                  -17605.337
              1      -8803.0261      0.33533208      -1.5546971      -1.0148743     -0.35667494      -0.35667494      -17605.339                                                  -17605.339
              5      -8802.3669      0.33802866       -2.952737     -0.84806868     -0.35667494      -0.35667494       -17604.02                                                   -17604.02
              2      -8803.0513      0.33630619      -2.3161682     -0.70232673     -0.35667494      -0.35667494      -17605.389                                                  -17605.389
              1      -8805.2606       0.3149576      -1.7954575     -0.94693513     -0.35667494      -0.35667494      -17609.808                                                  -17609.808
              3      -8805.1467      0.32116677     0.097142641     -0.93696627     -0.35667494      -0.35667494       -17609.58                                                   -17609.58
              2      -8805.0163      0.32434563      -0.7771917     -0.63134729     -0.35667494      -0.35667494      -17609.319                                                  -17609.319
              1      -8805.1414       0.3225264      -0.4201944      -0.6621353     -0.35667494      -0.35667494      -17609.569                                                  -17609.569
              3      -8805.2706      0.31811974     -0.54145915     -0.60007554     -0.35667494      -0.35667494      -17609.828                                                  -17609.828
              2      -8804.9244      0.30877517     -0.06644864     -0.66083111     -0.35667494      -0.35667494      -17609.135                                                  -17609.135
              1      -8805.1944       0.3100728     -0.59248891      -1.0246775     -0.35667494      -0.35667494      -17609.675                                                  -17609.675
              1      -8804.8408      0.30411464      0.23155229      -1.1947892     -0.35667494      -0.35667494      -17608.968                                                  -17608.968
              3      -8805.0437      0.30671503      -0.4464582      -1.1103331     -0.35667494      -0.35667494      -17609.374                                                  -17609.374
              1      -8805.2688      0.31331441     -0.54066558      -1.0241768     -0.35667494      -0.35667494      -17609.824                                                  -17609.824
              2      -8805.1612      0.30965637      -1.4367164     -0.80833816     -0.35667494      -0.35667494      -17609.609                                                  -17609.609
              1      -8804.6285      0.30187664      -1.6750285     -0.87344416     -0.35667494      -0.35667494      -17608.544                                                  -17608.544
              2      -8804.5627      0.30128849      -1.5295579     -0.88833412     -0.35667494      -0.35667494      -17608.412                                                  -17608.412
              3      -8804.6904      0.30277113       -1.606681     -0.83296046     -0.35667494      -0.35667494      -17608.667                                                  -17608.667
              2      -8805.0487      0.30699413      -1.6201462     -0.88300837     -0.35667494      -0.35667494      -17609.384                                                  -17609.384
              3      -8804.8487      0.30617088      0.46254323     -0.95948039     -0.35667494      -0.35667494      -17608.984                                                  -17608.984
              2      -8804.4871      0.30243278      0.41085727     -0.95711948     -0.35667494      -0.35667494      -17608.261                                                  -17608.261
              2      -8805.2394      0.31208359     -0.26624105     -0.97202844     -0.35667494      -0.35667494      -17609.766                                                  -17609.766
              3      -8805.2503      0.31545929      0.13768819     -0.71552931     -0.35667494      -0.35667494      -17609.787                                                  -17609.787
              1      -8805.0716      0.30806662     -0.27612157     -0.98036198     -0.35667494      -0.35667494       -17609.43                                                   -17609.43
              2      -8805.2635      0.31597529      -2.1792139     -0.75503338     -0.35667494      -0.35667494      -17609.814                                                  -17609.814
              4      -8804.3183      0.32689054      -2.3216823      -1.0854703     -0.35667494      -0.35667494      -17607.923                                                  -17607.923
              1      -8804.6094      0.32799394      -1.2056148     -0.67157292     -0.35667494      -0.35667494      -17608.506                                                  -17608.506
              1       -8804.049      0.33248296      -1.4744973     -0.57864189     -0.35667494      -0.35667494      -17607.385                                                  -17607.385
              3      -8805.0081      0.30680797      -1.1987243      -0.8656779     -0.35667494      -0.35667494      -17609.303                                                  -17609.303
              1      -8804.7681      0.30375092     -0.53827067     -0.98067894     -0.35667494      -0.35667494      -17608.823                                                  -17608.823
              3       -8804.924      0.32762333      0.46302933     -0.68568269     -0.35667494      -0.35667494      -17609.135                                                  -17609.135
              1      -8805.1391      0.32476388      0.46580735     -0.63815648     -0.35667494      -0.35667494      -17609.565                                                  -17609.565
              7      -8805.1406      0.32469905      0.46456584     -0.64054127     -0.35667494      -0.35667494      -17609.568                                                  -17609.568
              2       -8804.726      0.32418089     -0.91528836       -1.152136     -0.35667494      -0.35667494      -17608.739                                                  -17608.739
              5      -8804.8599      0.32283809      -1.1274309      -1.1050536     -0.35667494      -0.35667494      -17609.006                                                  -17609.006
              4      -8805.2647      0.31355662      -1.8009231     -0.99427327     -0.35667494      -0.35667494      -17609.816                                                  -17609.816
              3      -8804.1838      0.30413822      -1.0079237     -0.21655362     -0.35667494      -0.35667494      -17607.654                                                  -17607.654
              2      -8804.9974      0.31201127      -1.2141928     -0.21489584     -0.35667494      -0.35667494      -17609.282                                                  -17609.282
              1      -8805.0625      0.31190651      -1.0321152     -0.35484496     -0.35667494      -0.35667494      -17609.412                                                  -17609.412
              3      -8805.1676      0.31285637      -1.4176868     -0.39470828     -0.35667494      -0.35667494      -17609.622                                                  -17609.622
              1      -8805.2636      0.31815094     -0.99096305     -0.65313922     -0.35667494      -0.35667494      -17609.814                                                  -17609.814
              2      -8804.5321      0.30115174     -0.66197287      -1.0019794     -0.35667494      -0.35667494      -17608.351                                                  -17608.351
              1      -8803.5171      0.29795318      0.43626321     -0.71708794     -0.35667494      -0.35667494      -17606.321                                                  -17606.321
              4      -8802.1325      0.29141152      -0.9502686     -0.30947448     -0.35667494      -0.35667494      -17603.552                                                  -17603.552
              5      -8804.6103      0.32541974      -0.7591809      -1.1514058     -0.35667494      -0.35667494      -17608.507                                                  -17608.507
              3      -8804.9939      0.32093125     -0.81089601      -1.1874687     -0.35667494      -0.35667494      -17609.274                                                  -17609.274
              2      -8805.2238      0.31133121      0.13732169      -1.0810348     -0.35667494      -0.35667494      -17609.734                                                  -17609.734
              3      -8805.1168      0.30932958     -0.43124525     -0.88183049     -0.35667494      -0.35667494       -17609.52                                                   -17609.52
              1      -8805.2596      0.31896244      -1.3525042     -0.47256637     -0.35667494      -0.35667494      -17609.806                                                  -17609.806
              2      -8805.2595      0.31888467      -1.4214318     -0.47857301     -0.35667494      -0.35667494      -17609.806                                                  -17609.806
              4      -8805.2741      0.31744842      -1.3552538     -0.54845418     -0.35667494      -0.35667494      -17609.835                                                  -17609.835
              3      -8805.2733       0.3168835      -1.4761037     -0.65289244     -0.35667494      -0.35667494      -17609.833                                                  -17609.833
              2      -8805.2769      0.31543772      -1.2205811     -0.80574513     -0.35667494      -0.35667494      -17609.841                                                  -17609.841
              1      -8805.2777      0.31517563      -1.2088527     -0.80375828     -0.35667494      -0.35667494      -17609.842                                                  -17609.842
              2      -8805.2575      0.31339737      -1.9862687      -1.0635052     -0.35667494      -0.35667494      -17609.802                                                  -17609.802
              1       -8804.558      0.32568791      -2.2993706     -0.95232566     -0.35667494      -0.35667494      -17608.403                                                  -17608.403
              1       -8804.356      0.32767208      -2.2513616     -0.89500952     -0.35667494      -0.35667494      -17607.999                                                  -17607.999
              1      -8805.2174      0.31872562     -0.81614443     -0.87158629     -0.35667494      -0.35667494      -17609.721                                                  -17609.721
              7      -8805.1107      0.30995707      -1.5684051     -0.57407185     -0.35667494      -0.35667494      -17609.508                                                  -17609.508
              2       -8805.275      0.31542075     -0.60622098     -0.72613575     -0.35667494      -0.35667494      -17609.837                                                  -17609.837
              1      -8805.2063      0.31211055     -0.48827969     -0.76632107     -0.35667494      -0.35667494      -17609.699                                                  -17609.699
              1      -8805.2061      0.31187308     -0.51051541     -0.79282444     -0.35667494      -0.35667494      -17609.699                                                  -17609.699
              1      -8805.2485      0.31821374      -1.2975208     -0.70537262     -0.35667494      -0.35667494      -17609.784                                                  -17609.784
              1      -8804.9775      0.30702748      -1.9582385     -0.62984907     -0.35667494      -0.35667494      -17609.242                                                  -17609.242
              2      -8805.0421      0.32032229      -1.0577255      -1.1317596     -0.35667494      -0.35667494      -17609.371                                                  -17609.371
              2      -8805.1481      0.31930435     -0.47092469      -1.0904778     -0.35667494      -0.35667494      -17609.583                                                  -17609.583
              2      -8805.2072       0.3198988      -1.0343919     -0.70696362     -0.35667494      -0.35667494      -17609.701                                                  -17609.701
              4      -8804.9344      0.30558658     -0.15833933       -1.073735     -0.35667494      -0.35667494      -17609.155                                                  -17609.155
              1       -8805.248      0.32050831     0.023340892     -0.53734673     -0.35667494      -0.35667494      -17609.783                                                  -17609.783
              1      -8805.1382      0.32368784     -0.10574568     -0.58086775     -0.35667494      -0.35667494      -17609.563                                                  -17609.563
              1      -8805.2245      0.31941817     -0.80832189     -0.74277811     -0.35667494      -0.35667494      -17609.736                                                  -17609.736
              2      -8805.0908      0.31097737      -1.2260788     -0.46243413     -0.35667494      -0.35667494      -17609.468                                                  -17609.468
              3      -8805.2627      0.31440285      -1.4979086     -0.56996556     -0.35667494      -0.35667494      -17609.812                                                  -17609.812
              3      -8804.1557      0.32979919       -1.694549     -0.85804153     -0.35667494      -0.35667494      -17607.598                                                  -17607.598
              1       -8804.469      0.32776754      -1.5815549     -0.82965661     -0.35667494      -0.35667494      -17608.225                                                  -17608.225
              1      -8804.5639      0.32675979      -1.5945749     -0.86382338     -0.35667494      -0.35667494      -17608.414                                                  -17608.414
              5      -8804.7428      0.32504604      -2.1160777     -0.79271177     -0.35667494      -0.35667494      -17608.772                                                  -17608.772
              5      -8805.1777      0.31983429      -1.9642934     -0.67272933     -0.35667494      -0.35667494      -17609.642                                                  -17609.642
              2      -8805.1878      0.31590036       -2.686747      -1.1164195     -0.35667494      -0.35667494      -17609.662                                                  -17609.662
              3        -8804.74      0.32288208      -2.9326372      -1.0713632     -0.35667494      -0.35667494      -17608.767                                                  -17608.767
              1      -8804.5754       0.3242705      -2.4926726      -1.1677447     -0.35667494      -0.35667494      -17608.437                                                  -17608.437
              3      -8804.8326      0.30359308      -1.5311278      -0.9871287     -0.35667494      -0.35667494      -17608.952                                                  -17608.952
              2      -8804.8327      0.32632114      -2.2602058     -0.41356603     -0.35667494      -0.35667494      -17608.952                                                  -17608.952
              2      -8801.0275      0.34234014      -2.8336736      -1.0006724     -0.35667494      -0.35667494      -17601.342                                                  -17601.342
              1      -8801.6111      0.33981868      -2.5528327      -1.1441933     -0.35667494      -0.35667494      -17602.509                                                  -17602.509
              1      -8805.1325      0.32326906     -0.30481918     -0.60700099     -0.35667494      -0.35667494      -17609.552                                                  -17609.552
              1      -8805.1329      0.32312909     -0.29992756     -0.62651665     -0.35667494      -0.35667494      -17609.552                                                  -17609.552
              3      -8802.9121      0.34235528      0.48095402     -0.61667836     -0.35667494      -0.35667494      -17605.111                                                  -17605.111
              4      -8804.2686      0.33196822     -0.32660492     -0.65929897     -0.35667494      -0.35667494      -17607.824                                                  -17607.824
              1      -8805.1395      0.32414075     -0.28644542     -0.46817515     -0.35667494      -0.35667494      -17609.566                                                  -17609.566
              1      -8805.1908      0.32192145     -0.98382805     -0.46775664     -0.35667494      -0.35667494      -17609.668                                                  -17609.668
              2      -8805.1369      0.32270993     -0.99097813     -0.53516591     -0.35667494      -0.35667494      -17609.561                                                  -17609.561
              1      -8805.1882      0.31336013    0.0041177381     -0.67950172     -0.35667494      -0.35667494      -17609.663                                                  -17609.663
              2      -8805.2734      0.31720241      0.14443935      -0.9006185     -0.35667494      -0.35667494      -17609.833                                                  -17609.833
              5      -8804.7397      0.30319723      -0.1514957      -1.0896309     -0.35667494      -0.35667494      -17608.766                                                  -17608.766
              3      -8805.2612      0.31248293     -0.23871054      -1.1753044     -0.35667494      -0.35667494      -17609.809                                                  -17609.809
              1      -8805.1765      0.31883237      -1.7578241     -0.86032259     -0.35667494      -0.35667494       -17609.64                                                   -17609.64
              1      -8805.2663      0.31305559      -1.7662004     -0.83762459     -0.35667494      -0.35667494      -17609.819                                                  -17609.819
              3      -8805.2333      0.31926718      -2.9942622     -0.34825637     -0.35667494      -0.35667494      -17609.753                                                  -17609.753
              3      -8805.2615      0.31894908     -0.28785973     -0.52480174     -0.35667494      -0.35667494       -17609.81                                                   -17609.81
              1      -8805.1739      0.31836327      -0.1844346     -0.29418891     -0.35667494      -0.35667494      -17609.634                                                  -17609.634
              2      -8805.2154      0.31786211      -0.8183929     -0.25116619     -0.35667494      -0.35667494      -17609.717                                                  -17609.717
              3      -8805.2371      0.31897363     -0.89915345     -0.25834047     -0.35667494      -0.35667494      -17609.761                                                  -17609.761
              2      -8805.2231      0.31426113      -1.7973586     -0.34390603     -0.35667494      -0.35667494      -17609.733                                                  -17609.733
              2      -8804.4153      0.31000267      0.13609471     -0.30003438     -0.35667494      -0.35667494      -17608.117                                                  -17608.117
              1      -8804.6496      0.30748321      0.32559456     -0.61039949     -0.35667494      -0.35667494      -17608.586                                                  -17608.586
              2       -8804.787      0.32730124     -0.21632738     -0.71737831     -0.35667494      -0.35667494      -17608.861                                                  -17608.861
              2      -8805.1748      0.31814709       -1.142311      -1.0632114     -0.35667494      -0.35667494      -17609.636                                                  -17609.636
              3      -8804.9536      0.32117316      -2.2441481      -1.0259055     -0.35667494      -0.35667494      -17609.194                                                  -17609.194
              2       -8805.137       0.3205578      -1.7602403     -0.72796386     -0.35667494      -0.35667494      -17609.561                                                  -17609.561
              7      -8804.4393      0.30342809       -1.260602      -0.4551673     -0.35667494      -0.35667494      -17608.165                                                  -17608.165
              2      -8805.0957      0.30744685      -2.1759584     -0.87571218     -0.35667494      -0.35667494      -17609.478                                                  -17609.478
              2      -8805.2743      0.31407806      -1.0925204     -0.87379803     -0.35667494      -0.35667494      -17609.835                                                  -17609.835
              2      -8804.8436      0.30419573     -0.62558805      -1.0387444     -0.35667494      -0.35667494      -17608.974                                                  -17608.974
              1      -8804.9502       0.3213482      -1.8597658      -1.0594963     -0.35667494      -0.35667494      -17609.187                                                  -17609.187
              1      -8804.9273      0.32396875      -2.2184554     -0.61925582     -0.35667494      -0.35667494      -17609.141                                                  -17609.141
              1      -8804.7396      0.30439762      -2.5404725      -0.4963371     -0.35667494      -0.35667494      -17608.766                                                  -17608.766
              3       -8804.573      0.30515242      -1.4771054     -0.35428633     -0.35667494      -0.35667494      -17608.433                                                  -17608.433
              1      -8805.1138      0.31100117      -2.0857854     -0.35711923     -0.35667494      -0.35667494      -17609.514                                                  -17609.514
              2      -8805.1863       0.3215577      -1.0780179     -0.52759834     -0.35667494      -0.35667494      -17609.659                                                  -17609.659
              1      -8805.1771      0.32182722      -1.0934121     -0.51776031     -0.35667494      -0.35667494      -17609.641                                                  -17609.641
              1      -8805.0703      0.32592406     -0.13112348     -0.45316205     -0.35667494      -0.35667494      -17609.427                                                  -17609.427
              2       -8805.011      0.32777805     -0.09392442     -0.36619506     -0.35667494      -0.35667494      -17609.309                                                  -17609.309
              1      -8804.9776      0.32766845     -0.40239962     -0.34078152     -0.35667494      -0.35667494      -17609.242                                                  -17609.242
              1      -8805.1312      0.30995215     -0.85789143     -0.75457969     -0.35667494      -0.35667494      -17609.549                                                  -17609.549
             11      -8804.4032      0.30289615      -2.8769249     -0.20164388     -0.35667494      -0.35667494      -17608.093                                                  -17608.093
              6      -8805.0245      0.30990118      -2.1827013      -0.2889114     -0.35667494      -0.35667494      -17609.336                                                  -17609.336
              2      -8805.2489      0.31898645      0.34671238     -0.58983307     -0.35667494      -0.35667494      -17609.784                                                  -17609.784
              1      -8805.1163      0.32407324     0.097300858     -0.64029289     -0.35667494      -0.35667494      -17609.519                                                  -17609.519
              1      -8805.2118      0.32307412      0.13945909     -0.43246943     -0.35667494      -0.35667494       -17609.71                                                   -17609.71
              1      -8804.8647      0.32811358      -1.0256457     -0.32362274     -0.35667494      -0.35667494      -17609.016                                                  -17609.016
              2      -8804.4636      0.33246659     -0.87648811     -0.29062023     -0.35667494      -0.35667494      -17608.214                                                  -17608.214
              1      -8805.1804      0.31229727      -1.6315876     -0.45256979     -0.35667494      -0.35667494      -17609.648                                                  -17609.648
              3      -8805.1826      0.31249914      -1.6970359     -0.42373195     -0.35667494      -0.35667494      -17609.652                                                  -17609.652
              3      -8805.0762       0.3236917      -1.7582685     -0.41115831     -0.35667494      -0.35667494      -17609.439                                                  -17609.439
              2      -8804.9242      0.32633843     -0.99199238     -0.48002221     -0.35667494      -0.35667494      -17609.135                                                  -17609.135
              1      -8803.7253      0.33727064     -0.57380456     -0.38207728     -0.35667494      -0.35667494      -17606.737                                                  -17606.737
              1      -8803.3138       0.3391937      -1.0024973     -0.32104451     -0.35667494      -0.35667494      -17605.914                                                  -17605.914
              3       -8803.586      0.33415054     -0.80750462     -0.85613844     -0.35667494      -0.35667494      -17606.459                                                  -17606.459
              1      -8805.0041      0.32268812     -0.58234105     -0.93133138     -0.35667494      -0.35667494      -17609.295                                                  -17609.295
              2      -8805.0568      0.32298149        -0.49388     -0.79250024     -0.35667494      -0.35667494        -17609.4                                                    -17609.4
              1      -8804.9187      0.32569592     -0.78953739     -0.62039426     -0.35667494      -0.35667494      -17609.124                                                  -17609.124
              3      -8804.2954      0.32966334      -1.4953831     -0.75013268     -0.35667494      -0.35667494      -17607.878                                                  -17607.878
              1      -8804.5701      0.32952062     -0.82113313     -0.57197652     -0.35667494      -0.35667494      -17608.427                                                  -17608.427
              1      -8804.5502      0.32972658     -0.84771429     -0.56179844     -0.35667494      -0.35667494      -17608.387                                                  -17608.387
              2      -8805.2204      0.32059927      -2.3742802     -0.29178087     -0.35667494      -0.35667494      -17609.727                                                  -17609.727
              1       -8805.208      0.31131077      -2.3902639     -0.57102569     -0.35667494      -0.35667494      -17609.703                                                  -17609.703
              1      -8805.1484      0.31034581      -2.2009895     -0.52203546     -0.35667494      -0.35667494      -17609.583                                                  -17609.583
              4      -8805.2014      0.31165726      -2.0958528     -0.53225014     -0.35667494      -0.35667494      -17609.689                                                  -17609.689
              2      -8805.0437      0.30906913      -2.2433624     -0.42420241     -0.35667494      -0.35667494      -17609.374                                                  -17609.374
              1      -8805.0778      0.30978175      -2.1175511     -0.42472795     -0.35667494      -0.35667494      -17609.442                                                  -17609.442
              5      -8805.2778      0.31506595      -2.3583615      -0.5966009     -0.35667494      -0.35667494      -17609.842                                                  -17609.842
              4       -8805.277      0.31481004        -2.49738     -0.55546187     -0.35667494      -0.35667494      -17609.841                                                  -17609.841
              1      -8805.2756       0.3156411      -1.4318559     -0.77717142     -0.35667494      -0.35667494      -17609.838                                                  -17609.838
              1       -8804.782      0.30336335      -1.8419028     -0.86880634     -0.35667494      -0.35667494      -17608.851                                                  -17608.851
              1      -8804.6886      0.30324113      -1.9556635     -0.69236953     -0.35667494      -0.35667494      -17608.664                                                  -17608.664
              3      -8804.0738       0.2990065      -1.0209292     -0.69913827     -0.35667494      -0.35667494      -17607.434                                                  -17607.434
              3      -8803.9547      0.29775144      -1.0369325     -0.75566403     -0.35667494      -0.35667494      -17607.196                                                  -17607.196
              1      -8803.3475      0.29221272      -1.6466658     -0.93687711     -0.35667494      -0.35667494      -17605.982                                                  -17605.982
              3      -8804.5779      0.30058933      -1.9996994     -0.98539919     -0.35667494      -0.35667494      -17608.443                                                  -17608.443
              1      -8805.0428      0.31041556      -1.7249738      -0.3433338     -0.35667494      -0.35667494      -17609.372                                                  -17609.372
              1      -8805.2618      0.31540037      -2.2527271     -0.32885329     -0.35667494      -0.35667494       -17609.81                                                   -17609.81
              2      -8804.0911      0.33345794     -0.73379101      -0.5402486     -0.35667494      -0.35667494      -17607.469                                                  -17607.469
              4      -8805.2775      0.31496067      -2.6945436      -0.5250095     -0.35667494      -0.35667494      -17609.842                                                  -17609.842
              1      -8805.0396      0.30752438      -2.9373932     -0.55049233     -0.35667494      -0.35667494      -17609.366                                                  -17609.366
              5      -8805.0705      0.30699837      -2.5538792     -0.81992901     -0.35667494      -0.35667494      -17609.428                                                  -17609.428
              8      -8805.0594      0.32150594      0.21819162      -1.1243021     -0.35667494      -0.35667494      -17609.405                                                  -17609.405
              6      -8805.2511      0.31179323     -0.18155635      -1.1825386     -0.35667494      -0.35667494      -17609.789                                                  -17609.789
              2      -8805.0774      0.32181033      -1.2013496     -0.79155966     -0.35667494      -0.35667494      -17609.441                                                  -17609.441
              1      -8805.2715      0.31622686     -0.76653277     -0.88059117     -0.35667494      -0.35667494       -17609.83                                                   -17609.83
              4      -8803.8502      0.29670965      -2.3456138     -0.59132941     -0.35667494      -0.35667494      -17606.987                                                  -17606.987
              1      -8803.1064      0.29040522     -0.98870894      -1.1198921     -0.35667494      -0.35667494      -17605.499                                                  -17605.499
              2      -8803.6245      0.29353235      -1.0797791      -1.0933681     -0.35667494      -0.35667494      -17606.536                                                  -17606.536
              1      -8804.0573      0.29802093      0.14872521      -1.0353738     -0.35667494      -0.35667494      -17607.401                                                  -17607.401
              2      -8804.3678      0.30038029      0.35512579      -1.0807799     -0.35667494      -0.35667494      -17608.022                                                  -17608.022
              1      -8804.7625      0.30465277       0.1922151     -0.97055519     -0.35667494      -0.35667494      -17608.812                                                  -17608.812
              1      -8804.6319      0.30425197      0.32233841     -0.88184546     -0.35667494      -0.35667494       -17608.55                                                   -17608.55
              1      -8804.5465      0.30312759     -0.30677143     -0.79019908     -0.35667494      -0.35667494       -17608.38                                                   -17608.38
              2      -8805.2712      0.31806005     -0.35871853     -0.66316428     -0.35667494      -0.35667494      -17609.829                                                  -17609.829
              1      -8804.5146      0.30012627      -1.2868284      -1.0658812     -0.35667494      -0.35667494      -17608.316                                                  -17608.316
              2      -8804.5104      0.30005298      -1.1729831      -1.0904836     -0.35667494      -0.35667494      -17608.307                                                  -17608.307
              2       -8804.566      0.30108882      -1.1485294      -0.9910446     -0.35667494      -0.35667494      -17608.419                                                  -17608.419
              1      -8804.1434      0.29790263      -1.2185264     -0.92026065     -0.35667494      -0.35667494      -17607.573                                                  -17607.573
              2      -8804.0587      0.29725743      -1.1224241     -0.93939319     -0.35667494      -0.35667494      -17607.404                                                  -17607.404
              4      -8804.0597      0.29726601       -1.123226     -0.93906602     -0.35667494      -0.35667494      -17607.406                                                  -17607.406
              4      -8804.8192      0.30346127      -1.2149066      -1.0307115     -0.35667494      -0.35667494      -17608.925                                                  -17608.925
              2      -8804.7937      0.30291789      -1.9519729     -0.97177155     -0.35667494      -0.35667494      -17608.874                                                  -17608.874
              4      -8803.8498      0.29491622     -0.72114064      -1.1657621     -0.35667494      -0.35667494      -17606.986                                                  -17606.986
              3      -8803.0447      0.29073457     -0.73115639       -1.038915     -0.35667494      -0.35667494      -17605.376                                                  -17605.376
              3      -8804.8349      0.30397983     -0.17470161       -1.135082     -0.35667494      -0.35667494      -17608.957                                                  -17608.957
              1      -8805.2106      0.31064001     -0.71030045     -0.98340674     -0.35667494      -0.35667494      -17609.708                                                  -17609.708
              1      -8805.0799      0.30797405     -0.70167799     -0.94566349     -0.35667494      -0.35667494      -17609.446                                                  -17609.446
              1      -8805.0789      0.30791632     -0.75469213     -0.94371568     -0.35667494      -0.35667494      -17609.444                                                  -17609.444
              2      -8805.1084      0.30862086     -0.75657699     -0.91346493     -0.35667494      -0.35667494      -17609.503                                                  -17609.503
              1      -8805.1399      0.30879502      -0.9392178     -0.96481317     -0.35667494      -0.35667494      -17609.566                                                  -17609.566
              1      -8805.2449      0.31161911      -0.4636348      -1.0882256     -0.35667494      -0.35667494      -17609.776                                                  -17609.776
              1      -8804.7438      0.30339627     -0.22579109      -1.0500022     -0.35667494      -0.35667494      -17608.774                                                  -17608.774
              1      -8804.4946      0.30213701      -1.8799716     -0.58618543     -0.35667494      -0.35667494      -17608.276                                                  -17608.276
              1      -8804.7568      0.30668177       -1.377971     -0.40944705     -0.35667494      -0.35667494        -17608.8                                                    -17608.8
              2      -8805.1864      0.30962447      -2.6885272     -0.75224268     -0.35667494      -0.35667494      -17609.659                                                  -17609.659
              1      -8805.2646      0.31304114      -1.9147275     -0.96267808     -0.35667494      -0.35667494      -17609.816                                                  -17609.816
              1       -8805.266      0.31341275       -1.873585     -0.96107643     -0.35667494      -0.35667494      -17609.819                                                  -17609.819
              1        -8805.12      0.31093897      -1.9798744     -0.39772573     -0.35667494      -0.35667494      -17609.527                                                  -17609.527
              2      -8805.0574      0.32357844      -2.9093962     -0.28105509     -0.35667494      -0.35667494      -17609.401                                                  -17609.401
              2      -8804.8416      0.32645679     -0.38512985     -0.71718459     -0.35667494      -0.35667494       -17608.97                                                   -17608.97
              1      -8804.5518      0.32908418      0.17061568     -0.85221189     -0.35667494      -0.35667494       -17608.39                                                   -17608.39
              3       -8804.337      0.33243156      0.38489191     -0.72310976     -0.35667494      -0.35667494      -17607.961                                                  -17607.961
              3      -8804.3437      0.29979732     -0.19087584       -1.037526     -0.35667494      -0.35667494      -17607.974                                                  -17607.974
              7      -8804.1411      0.30037235      0.40665931     -0.87253789     -0.35667494      -0.35667494      -17607.569                                                  -17607.569
              3      -8804.1527       0.3004558      0.40389291     -0.87214502     -0.35667494      -0.35667494      -17607.592                                                  -17607.592
              1        -8804.06      0.29710328     -0.65853297      -1.0436312     -0.35667494      -0.35667494      -17607.407                                                  -17607.407
              1      -8804.0576      0.29739394     -0.41936984      -1.0313155     -0.35667494      -0.35667494      -17607.402                                                  -17607.402
              1      -8804.0936      0.29776406     -0.43991456      -1.0101618     -0.35667494      -0.35667494      -17607.474                                                  -17607.474
              2      -8804.9916      0.30609099     -0.35906928      -1.0911762     -0.35667494      -0.35667494       -17609.27                                                   -17609.27
              1      -8805.1805      0.31063649      -1.2826476     -0.74223161     -0.35667494      -0.35667494      -17609.648                                                  -17609.648
              1      -8804.7562      0.32643314     -0.82347855     -0.76524595     -0.35667494      -0.35667494      -17608.799                                                  -17608.799
              1      -8805.2678      0.31394896      -1.2385017     -0.72497211     -0.35667494      -0.35667494      -17609.822                                                  -17609.822
              1      -8805.2122      0.31229136     -0.68193122     -0.72910126     -0.35667494      -0.35667494      -17609.711                                                  -17609.711
              1      -8805.2115      0.31218522     -0.67936214     -0.74066923     -0.35667494      -0.35667494       -17609.71                                                   -17609.71
              5      -8805.2611      0.31422042      -1.3001302      -1.0815372     -0.35667494      -0.35667494      -17609.809                                                  -17609.809
              3      -8805.2634      0.31384306      -1.3252846      -1.0763174     -0.35667494      -0.35667494      -17609.813                                                  -17609.813
              1      -8805.2217      0.31609719      -1.0401971      -1.1703537     -0.35667494      -0.35667494       -17609.73                                                   -17609.73
              3      -8805.2046      0.31646909      -2.1851759      -1.0289899     -0.35667494      -0.35667494      -17609.696                                                  -17609.696
              2      -8805.1845      0.31932657      -2.6600993     -0.61472129     -0.35667494      -0.35667494      -17609.656                                                  -17609.656
              3      -8805.0843       0.3214186       -2.580333     -0.61263612     -0.35667494      -0.35667494      -17609.455                                                  -17609.455
              1      -8805.2252      0.31832565      -2.4309167     -0.62993274     -0.35667494      -0.35667494      -17609.737                                                  -17609.737
              2      -8805.0543      0.32123221       -1.058072     -0.95933931     -0.35667494      -0.35667494      -17609.395                                                  -17609.395
              1      -8805.0038      0.32125099      -1.2787247      -1.0403015     -0.35667494      -0.35667494      -17609.294                                                  -17609.294
              8      -8805.2256      0.31078617     -0.53176386      -1.0901773     -0.35667494      -0.35667494      -17609.738                                                  -17609.738
              2      -8803.5685      0.29338569      -1.0892498      -1.0529205     -0.35667494      -0.35667494      -17606.424                                                  -17606.424
              1      -8802.8327      0.28906033     -0.71798728      -1.1367159     -0.35667494      -0.35667494      -17604.952                                                  -17604.952
              1      -8802.5349      0.28710984     -0.96721748      -1.1777256     -0.35667494      -0.35667494      -17604.357                                                  -17604.357
              1      -8803.7691      0.29510651      -1.5119153     -0.90585663     -0.35667494      -0.35667494      -17606.825                                                  -17606.825
              2      -8803.3005      0.29098989      -2.4988572       -1.003064     -0.35667494      -0.35667494      -17605.888                                                  -17605.888
              1      -8803.6837      0.29536928      -2.6505615     -0.58512942     -0.35667494      -0.35667494      -17606.654                                                  -17606.654
              2      -8803.2808      0.29312751      -2.4986515     -0.57671959     -0.35667494      -0.35667494      -17605.848                                                  -17605.848
              4      -8803.8378      0.29856389     -0.85473357      -0.5726438     -0.35667494      -0.35667494      -17606.962                                                  -17606.962
              1      -8804.4971      0.30460179     -0.91685814     -0.44490092     -0.35667494      -0.35667494      -17608.281                                                  -17608.281
              3      -8803.5684      0.30108911      -0.3326467      -0.2809529     -0.35667494      -0.35667494      -17606.424                                                  -17606.424
              2      -8803.6515      0.29984359      -1.1093122     -0.25073153     -0.35667494      -0.35667494       -17606.59                                                   -17606.59
              2      -8803.3787      0.29585852      -1.0773569      -0.5110519     -0.35667494      -0.35667494      -17606.044                                                  -17606.044
              1      -8804.9255      0.30725723     -0.65842613     -0.71685796     -0.35667494      -0.35667494      -17609.138                                                  -17609.138
              2       -8805.248      0.31970515       -1.832334     -0.35159921     -0.35667494      -0.35667494      -17609.783                                                  -17609.783
              1      -8805.1575      0.30897771      -1.8728498     -0.85969631     -0.35667494      -0.35667494      -17609.602                                                  -17609.602
              2      -8805.2375      0.31247598      0.14407565     -0.97518901     -0.35667494      -0.35667494      -17609.762                                                  -17609.762
              2      -8805.2263      0.32136233     -0.28929295     -0.52368577     -0.35667494      -0.35667494      -17609.739                                                  -17609.739
              1      -8804.7105      0.30947587     -0.16836605     -0.36999197     -0.35667494      -0.35667494      -17608.708                                                  -17608.708
              4      -8804.1003      0.30149864     -0.48199003     -0.52322377     -0.35667494      -0.35667494      -17607.487                                                  -17607.487
              1      -8804.4793      0.30186019      -2.4840442     -0.51051018     -0.35667494      -0.35667494      -17608.245                                                  -17608.245
              7      -8804.8198      0.32694655       -2.331259     -0.32565273     -0.35667494      -0.35667494      -17608.926                                                  -17608.926
              1      -8805.1201      0.32002802      -2.0446708      -0.8152481     -0.35667494      -0.35667494      -17609.527                                                  -17609.527
              1      -8805.2647      0.31754673      -0.8010759     -0.76986084     -0.35667494      -0.35667494      -17609.816                                                  -17609.816
              3      -8804.3495      0.32985746     -0.41524708     -0.84786255     -0.35667494      -0.35667494      -17607.986                                                  -17607.986
              1      -8804.8419      0.32585489     -0.44825224     -0.78727647     -0.35667494      -0.35667494      -17608.971                                                  -17608.971
              3      -8804.8564      0.32177619      -2.8032777      -1.0573728     -0.35667494      -0.35667494      -17608.999                                                  -17608.999
              2      -8804.8992       0.3219101      -1.3500678      -1.1497469     -0.35667494      -0.35667494      -17609.085                                                  -17609.085
              1      -8805.2696      0.31338305      -1.3181381      -0.9066295     -0.35667494      -0.35667494      -17609.826                                                  -17609.826
              2      -8805.2489      0.31665297     -0.80329872     -0.99484951     -0.35667494      -0.35667494      -17609.784                                                  -17609.784
              1       -8805.117      0.31928812       -1.138145      -1.0789542     -0.35667494      -0.35667494      -17609.521                                                  -17609.521
              2      -8805.1063       0.3201133      -1.0492562     -0.99765345     -0.35667494      -0.35667494      -17609.499                                                  -17609.499
              4      -8804.3818      0.32805393    -0.039292299       -1.147358     -0.35667494      -0.35667494       -17608.05                                                   -17608.05
              6       -8803.384      0.33528414     -0.22677651     -0.94921693     -0.35667494      -0.35667494      -17606.055                                                  -17606.055
              6      -8804.2609      0.33009089       0.4397506      -1.0698075     -0.35667494      -0.35667494      -17607.808                                                  -17607.808
              2      -8804.9084      0.32550803     0.094105261     -0.83929589     -0.35667494      -0.35667494      -17609.103                                                  -17609.103
              5      -8805.2491      0.31290795      0.40187849       -1.034468     -0.35667494      -0.35667494      -17609.785                                                  -17609.785
              3      -8804.5761      0.32805685      -1.3242202      -0.6853982     -0.35667494      -0.35667494      -17608.439                                                  -17608.439
              3       -8804.866      0.32341655      -1.5603849     -0.93024067     -0.35667494      -0.35667494      -17609.019                                                  -17609.019
              1      -8805.1902      0.31976092      -1.3980233     -0.73111111     -0.35667494      -0.35667494      -17609.667                                                  -17609.667
              3      -8805.1134      0.30823772      -0.9180427     -0.97403484     -0.35667494      -0.35667494      -17609.514                                                  -17609.514
              2       -8805.102      0.30822335     -0.90250581     -0.93842837     -0.35667494      -0.35667494      -17609.491                                                  -17609.491
              1      -8805.1059      0.30825966     -0.88923232     -0.94693104     -0.35667494      -0.35667494      -17609.498                                                  -17609.498
              2      -8805.0871      0.32068788      -1.3641786     -0.91128888     -0.35667494      -0.35667494      -17609.461                                                  -17609.461
              2      -8805.1764       0.3187039      -1.6122268     -0.90256844     -0.35667494      -0.35667494      -17609.639                                                  -17609.639
              1      -8805.2391      0.31182103     -0.97367699     -0.89615112     -0.35667494      -0.35667494      -17609.765                                                  -17609.765
              2      -8805.2733      0.31526498     -0.57293685     -0.98627793     -0.35667494      -0.35667494      -17609.833                                                  -17609.833
              1       -8804.439      0.32661992     -0.94179056      -1.1653885     -0.35667494      -0.35667494      -17608.165                                                  -17608.165
              2       -8804.484      0.32668497      -2.5681647      -0.8446825     -0.35667494      -0.35667494      -17608.255                                                  -17608.255
              1      -8805.1799      0.31854665      -1.5886144     -0.91662102     -0.35667494      -0.35667494      -17609.646                                                  -17609.646
              1      -8805.1927      0.31209839      -2.0607235     -0.44310749     -0.35667494      -0.35667494      -17609.672                                                  -17609.672
              5      -8805.2341      0.31373154      -1.9453427     -0.41713038     -0.35667494      -0.35667494      -17609.755                                                  -17609.755
              1      -8805.1347      0.31149692      -1.9816141     -0.36527803     -0.35667494      -0.35667494      -17609.556                                                  -17609.556
              4      -8804.9422       0.3073741      -2.0337018     -0.49064667     -0.35667494      -0.35667494      -17609.171                                                  -17609.171
              2      -8804.7061       0.3036189       -2.617912      -0.5539716     -0.35667494      -0.35667494      -17608.699                                                  -17608.699
              1       -8804.121      0.29985964      -2.7748773     -0.33091691     -0.35667494      -0.35667494      -17607.529                                                  -17607.529
              1      -8804.1433      0.30025045      -2.7272082     -0.30648871     -0.35667494      -0.35667494      -17607.573                                                  -17607.573
              1      -8805.2206      0.31248907      -2.4473183     -0.43559774     -0.35667494      -0.35667494      -17609.728                                                  -17609.728
              1      -8805.0864      0.30943066      -1.7421556     -0.55742012     -0.35667494      -0.35667494      -17609.459                                                  -17609.459
              4      -8805.1616      0.30817702      -2.3684013      -1.0265009     -0.35667494      -0.35667494       -17609.61                                                   -17609.61
              2      -8805.2498       0.3140014      -1.9290631      -1.1046841     -0.35667494      -0.35667494      -17609.786                                                  -17609.786
              6        -8804.34      0.32671508       -2.730946      -1.0298399     -0.35667494      -0.35667494      -17607.967                                                  -17607.967
              1       -8803.754      0.33041751      -2.5907752      -1.0830507     -0.35667494      -0.35667494      -17606.795                                                  -17606.795
              4      -8803.9426      0.32883193      -2.6783371      -1.1645115     -0.35667494      -0.35667494      -17607.172                                                  -17607.172
              7      -8804.7852      0.32195354       -2.702577      -1.1925331     -0.35667494      -0.35667494      -17608.857                                                  -17608.857
              1       -8804.944      0.32293887      -1.9454732     -0.79444333     -0.35667494      -0.35667494      -17609.175                                                  -17609.175
              3      -8805.1492      0.30886108      -1.8403749     -0.85003295     -0.35667494      -0.35667494      -17609.585                                                  -17609.585
              1      -8805.0292      0.30585407      -1.7073231      -1.0524351     -0.35667494      -0.35667494      -17609.345                                                  -17609.345
              5      -8804.9686      0.30492564      -1.7711965      -1.0461357     -0.35667494      -0.35667494      -17609.224                                                  -17609.224
              3      -8805.2722      0.31391378      -1.5978419     -0.88180005     -0.35667494      -0.35667494      -17609.831                                                  -17609.831
              3      -8804.9015       0.3052039       -2.284026     -0.72027326     -0.35667494      -0.35667494       -17609.09                                                   -17609.09
              3      -8804.7174      0.30420273      -1.8295621     -0.60520989     -0.35667494      -0.35667494      -17608.722                                                  -17608.722
              2      -8805.2775      0.31506725     -0.89028789     -0.86490074     -0.35667494      -0.35667494      -17609.842                                                  -17609.842
              1       -8805.264      0.31856097      -1.4604035     -0.47811602     -0.35667494      -0.35667494      -17609.815                                                  -17609.815
              4      -8804.7513      0.32647685       -2.062298     -0.55518918     -0.35667494      -0.35667494      -17608.789                                                  -17608.789
              4      -8804.7185      0.33049143      0.13066702     -0.52262218     -0.35667494      -0.35667494      -17608.724                                                  -17608.724
              4      -8805.0706      0.32276198      0.48434083     -0.39629831     -0.35667494      -0.35667494      -17609.428                                                  -17609.428
              2      -8804.7993      0.31080223    -0.075250164     -0.37555354     -0.35667494      -0.35667494      -17608.885                                                  -17608.885
              1      -8804.6687      0.30672593      0.26837803     -0.66468667     -0.35667494      -0.35667494      -17608.624                                                  -17608.624
              2      -8805.1334      0.31185414     0.055840386     -0.71393677     -0.35667494      -0.35667494      -17609.553                                                  -17609.553
              1      -8805.2197      0.31289628     -0.43213287     -0.72931281     -0.35667494      -0.35667494      -17609.726                                                  -17609.726
              1       -8805.236      0.31251458     -0.27540643     -0.88028651     -0.35667494      -0.35667494      -17609.759                                                  -17609.759
              4      -8804.0783      0.33266562      0.15397344     -0.83793391     -0.35667494      -0.35667494      -17607.443                                                  -17607.443
              7      -8804.1896      0.33036062      -0.2736431     -0.96695135     -0.35667494      -0.35667494      -17607.666                                                  -17607.666
              1      -8804.2362      0.33028078     -0.15280915       -0.953363     -0.35667494      -0.35667494      -17607.759                                                  -17607.759
              1      -8804.4948      0.30331434      -1.4133749     -0.50181305     -0.35667494      -0.35667494      -17608.276                                                  -17608.276
              1      -8804.5462      0.30371274     -0.93225993     -0.59751882     -0.35667494      -0.35667494      -17608.379                                                  -17608.379
              1      -8804.5793      0.30423837     -0.89580071     -0.57725663     -0.35667494      -0.35667494      -17608.445                                                  -17608.445
              3      -8805.1235      0.31048258      -1.0603255     -0.62530887     -0.35667494      -0.35667494      -17609.534                                                  -17609.534
              1      -8805.1422       0.3111817      -1.0311348     -0.59005243     -0.35667494      -0.35667494      -17609.571                                                  -17609.571
              4      -8805.0686      0.30705912       -1.612713     -0.93961911     -0.35667494      -0.35667494      -17609.424                                                  -17609.424
              1      -8805.2552      0.31199109      -2.2240689     -0.97722915     -0.35667494      -0.35667494      -17609.797                                                  -17609.797
              3      -8805.2229      0.31003325      -2.2078382       -1.069293     -0.35667494      -0.35667494      -17609.732                                                  -17609.732
              2      -8805.2205      0.30992917      -2.2021543      -1.0725496     -0.35667494      -0.35667494      -17609.728                                                  -17609.728
              2      -8805.1908      0.31922779   -0.0065623342      -1.0443251     -0.35667494      -0.35667494      -17609.668                                                  -17609.668
              1      -8805.1709      0.32422622      0.10443549     -0.47437406     -0.35667494      -0.35667494      -17609.628                                                  -17609.628
              2       -8805.176      0.32333857     -0.34195823     -0.44215676     -0.35667494      -0.35667494      -17609.639                                                  -17609.639
              1      -8805.2446      0.32013511     -0.17354625     -0.64054848     -0.35667494      -0.35667494      -17609.776                                                  -17609.776
              1      -8805.2207      0.32098829     -0.18370349     -0.64804656     -0.35667494      -0.35667494      -17609.728                                                  -17609.728
              3      -8805.2769        0.315476      -2.1234729     -0.65166071     -0.35667494      -0.35667494       -17609.84                                                   -17609.84
              1      -8805.2764      0.31520376      -2.1393396     -0.51548682     -0.35667494      -0.35667494       -17609.84                                                   -17609.84
              2      -8805.1026      0.30843006       -1.881876     -0.74433472     -0.35667494      -0.35667494      -17609.492                                                  -17609.492
              1      -8805.1263      0.30910937      -1.6363361     -0.74236713     -0.35667494      -0.35667494      -17609.539                                                  -17609.539
              1      -8805.2707      0.31484509     -0.62591168     -0.73853371     -0.35667494      -0.35667494      -17609.828                                                  -17609.828
              4      -8802.4625      0.33917327      -1.5970037     -0.77217462     -0.35667494      -0.35667494      -17604.212                                                  -17604.212
              5      -8802.3772      0.33946722      -1.6031467     -0.78093842     -0.35667494      -0.35667494      -17604.041                                                  -17604.041
              2      -8805.1578      0.30865762      -1.1054108       -1.053355     -0.35667494      -0.35667494      -17609.602                                                  -17609.602
              1      -8805.2724      0.31613231     -0.65509552     -0.90061965     -0.35667494      -0.35667494      -17609.831                                                  -17609.831
              2      -8805.2724      0.31612545     -0.65535279     -0.90035945     -0.35667494      -0.35667494      -17609.832                                                  -17609.832
              1      -8805.2747      0.31421757     -0.13319967      -1.0107039     -0.35667494      -0.35667494      -17609.836                                                  -17609.836
              1      -8805.2396      0.31530884      0.40392606      -0.7563428     -0.35667494      -0.35667494      -17609.766                                                  -17609.766
              4      -8805.2675      0.31881133       0.4858012     -0.76787752     -0.35667494      -0.35667494      -17609.822                                                  -17609.822
              1      -8805.1837      0.31530401     -0.73369308     -0.35245895     -0.35667494      -0.35667494      -17609.654                                                  -17609.654
              5      -8805.1992      0.31216904      -1.5271493     -0.54700114     -0.35667494      -0.35667494      -17609.685                                                  -17609.685
              1      -8805.1117      0.30958445      -1.8001604     -0.59252676     -0.35667494      -0.35667494       -17609.51                                                   -17609.51
              1      -8804.5117      0.32555177      -1.5053069      -1.1664398     -0.35667494      -0.35667494       -17608.31                                                   -17608.31
              2      -8804.3301      0.32704616      -1.6685444      -1.1323055     -0.35667494      -0.35667494      -17607.947                                                  -17607.947
              6       -8805.255      0.31453883      -1.7606744      -1.0383253     -0.35667494      -0.35667494      -17609.797                                                  -17609.797
              3      -8805.1906      0.30979869      -1.5833519     -0.90260115     -0.35667494      -0.35667494      -17609.668                                                  -17609.668
              1      -8805.2069      0.31141298      -2.2433823     -0.57135302     -0.35667494      -0.35667494        -17609.7                                                    -17609.7
              1      -8804.4832      0.30548127     -0.75528972     -0.37577367     -0.35667494      -0.35667494      -17608.253                                                  -17608.253
              6      -8804.8327      0.32625379      -2.5363595     -0.37816645     -0.35667494      -0.35667494      -17608.952                                                  -17608.952
              1      -8804.9249      0.32748822     -0.62391259     -0.39865557     -0.35667494      -0.35667494      -17609.136                                                  -17609.136
              2      -8804.6634      0.33038982     -0.62770924     -0.38911786     -0.35667494      -0.35667494      -17608.613                                                  -17608.613
              1      -8804.8192      0.32890845     -0.83963502      -0.3266222     -0.35667494      -0.35667494      -17608.925                                                  -17608.925
              1      -8805.0742      0.32422182      -1.0480352     -0.46719181     -0.35667494      -0.35667494      -17609.435                                                  -17609.435
              3      -8804.8337      0.32700783      -1.3094317      -0.4751734     -0.35667494      -0.35667494      -17608.954                                                  -17608.954
              1      -8804.7469      0.32810334     -0.92643339      -0.5212226     -0.35667494      -0.35667494       -17608.78                                                   -17608.78
              2      -8802.3963      0.34006621     -0.44836308     -0.87013527     -0.35667494      -0.35667494      -17604.079                                                  -17604.079
              2       -8802.786      0.33793066     -0.53553063     -0.92556418     -0.35667494      -0.35667494      -17604.859                                                  -17604.859
              2      -8802.9745      0.33704095     -0.53869594     -0.92997402     -0.35667494      -0.35667494      -17605.236                                                  -17605.236
              2      -8803.6281      0.33424328      -0.5814889     -0.84658858     -0.35667494      -0.35667494      -17606.543                                                  -17606.543
              4      -8802.1496      0.34287046     -0.30122405     -0.65309387     -0.35667494      -0.35667494      -17603.586                                                  -17603.586
              4      -8802.1523       0.3428654     -0.30104118     -0.65234641     -0.35667494      -0.35667494      -17603.591                                                  -17603.591
              1      -8804.9959      0.30756799     -0.66619073     -0.80547076     -0.35667494      -0.35667494      -17609.278                                                  -17609.278
              1      -8805.1042      0.30846868      -1.7246409      -0.7676113     -0.35667494      -0.35667494      -17609.495                                                  -17609.495
              7      -8803.0806      0.29380283      -2.7383192     -0.26807779     -0.35667494      -0.35667494      -17605.448                                                  -17605.448
              8       -8803.338      0.29548478      -2.7767509     -0.23081436     -0.35667494      -0.35667494      -17605.963                                                  -17605.963
              1      -8804.0554      0.29906484      -2.8964558     -0.35771464     -0.35667494      -0.35667494      -17607.398                                                  -17607.398
              1      -8803.8542      0.29746627      -2.8728752     -0.39206703     -0.35667494      -0.35667494      -17606.995                                                  -17606.995
              1       -8804.494      0.30422507     -0.56684768      -0.5529613     -0.35667494      -0.35667494      -17608.275                                                  -17608.275
              3      -8804.0263      0.29650745      -1.2376872      -1.0152176     -0.35667494      -0.35667494      -17607.339                                                  -17607.339
              1      -8804.7347       0.3027839     -0.84378369      -1.0377756     -0.35667494      -0.35667494      -17608.756                                                  -17608.756
              3      -8805.1333      0.31820609      -2.9624358     -0.92888089     -0.35667494      -0.35667494      -17609.553                                                  -17609.553
              3      -8805.2631      0.31448035      -2.0934456     -0.92004392     -0.35667494      -0.35667494      -17609.813                                                  -17609.813
              1      -8805.2557      0.31232263      -1.9814121      -1.0845103     -0.35667494      -0.35667494      -17609.798                                                  -17609.798
              2      -8805.2683      0.31444883     -0.68736582       -1.086052     -0.35667494      -0.35667494      -17609.823                                                  -17609.823
              3      -8805.2675      0.31414649      -0.1180593     -0.89398942     -0.35667494      -0.35667494      -17609.822                                                  -17609.822
              3      -8805.2784      0.31547801      0.18864146     -0.95202792     -0.35667494      -0.35667494      -17609.843                                                  -17609.843
              1       -8804.816      0.31202317      0.25993661     -0.43727896     -0.35667494      -0.35667494      -17608.919                                                  -17608.919
              1      -8805.2122       0.3176615     -0.37286582     -0.35121329     -0.35667494      -0.35667494      -17609.711                                                  -17609.711
              2      -8805.2099      0.31783757      -0.4188061     -0.32652471     -0.35667494      -0.35667494      -17609.706                                                  -17609.706
              6      -8805.0971      0.31432773     -0.49610215     -0.32687596     -0.35667494      -0.35667494      -17609.481                                                  -17609.481
              1      -8805.1025      0.31515141     -0.30352146     -0.32825735     -0.35667494      -0.35667494      -17609.492                                                  -17609.492
              6      -8804.9946      0.32501413      -2.5790039       -0.253504     -0.35667494      -0.35667494      -17609.276                                                  -17609.276
              2      -8805.1657      0.32282292      -0.1119973     -0.61557475     -0.35667494      -0.35667494      -17609.618                                                  -17609.618
              1      -8804.7167      0.31401932      0.19887441     -0.29807592     -0.35667494      -0.35667494       -17608.72                                                   -17608.72
              2      -8805.2019      0.32375592      0.29248456     -0.48322062     -0.35667494      -0.35667494       -17609.69                                                   -17609.69
              4      -8805.1439      0.32595415      0.20530553      -0.4080997     -0.35667494      -0.35667494      -17609.575                                                  -17609.575
              4      -8805.1834      0.32491143      0.21105335     -0.36248111     -0.35667494      -0.35667494      -17609.653                                                  -17609.653
              2      -8805.2461      0.32044768     -0.17756518     -0.46182613     -0.35667494      -0.35667494      -17609.779                                                  -17609.779
              6      -8805.2351      0.31263372       -2.915004     -0.41348487     -0.35667494      -0.35667494      -17609.757                                                  -17609.757
              1      -8804.7065      0.30287215      -2.7859893     -0.66376634     -0.35667494      -0.35667494        -17608.7                                                    -17608.7
             11      -8804.4973      0.30120279      -2.6752187     -0.61789492     -0.35667494      -0.35667494      -17608.281                                                  -17608.281
              1      -8805.2598      0.31346294      -2.2047036      -1.0009698     -0.35667494      -0.35667494      -17609.806                                                  -17609.806
              6      -8805.1476      0.31793373      -2.9737786      -0.9210055     -0.35667494      -0.35667494      -17609.582                                                  -17609.582
              3      -8805.2634      0.31279678      -1.3257535     -0.90984539     -0.35667494      -0.35667494      -17609.813                                                  -17609.813
              2      -8804.9327      0.30779446     -0.24732469     -0.74061005     -0.35667494      -0.35667494      -17609.152                                                  -17609.152
              1      -8803.9065      0.29887473     -0.87687706     -0.58727895     -0.35667494      -0.35667494        -17607.1                                                    -17607.1
              6      -8804.8606      0.30785303      -1.5109658     -0.38691509     -0.35667494      -0.35667494      -17609.008                                                  -17609.008
              5      -8805.0778      0.30949769      -1.7210767     -0.53047004     -0.35667494      -0.35667494      -17609.442                                                  -17609.442
              1      -8805.1847      0.31067065      -2.4634658     -0.56307988     -0.35667494      -0.35667494      -17609.656                                                  -17609.656
              2      -8805.1551      0.31019709      -2.5302615     -0.51580121     -0.35667494      -0.35667494      -17609.597                                                  -17609.597
              1        -8804.83      0.30560301       -2.291284     -0.50448911     -0.35667494      -0.35667494      -17608.947                                                  -17608.947
              1      -8804.8346      0.30709998      -2.5017816       -0.267868     -0.35667494      -0.35667494      -17608.956                                                  -17608.956
              2      -8805.2302      0.31827349     -0.96339135      -0.2456315     -0.35667494      -0.35667494      -17609.747                                                  -17609.747
              2      -8804.9268      0.32607979      -2.6358324       -0.215019     -0.35667494      -0.35667494       -17609.14                                                   -17609.14
              1      -8803.2559      0.33673458      -2.9105082     -0.37060358     -0.35667494      -0.35667494      -17605.798                                                  -17605.798
              1      -8804.4964      0.32677079      -2.1925865     -0.86651312     -0.35667494      -0.35667494      -17608.279                                                  -17608.279
              1      -8803.7745      0.33294124      -1.0316008     -0.84098484     -0.35667494      -0.35667494      -17606.836                                                  -17606.836
              1      -8805.1985      0.31725684      -1.3359835      -1.0708583     -0.35667494      -0.35667494      -17609.684                                                  -17609.684
              2      -8805.0915        0.319064      -1.4608927      -1.1398212     -0.35667494      -0.35667494       -17609.47                                                   -17609.47
              2      -8805.0651      0.32177328     -0.10562582      -1.0155367     -0.35667494      -0.35667494      -17609.417                                                  -17609.417
              5      -8805.2193      0.31915522     -0.27969017     -0.89807891     -0.35667494      -0.35667494      -17609.725                                                  -17609.725
              3      -8804.6882      0.30187227     -0.72688275      -1.1389654     -0.35667494      -0.35667494      -17608.663                                                  -17608.663
              6      -8805.0409      0.30576876      -2.6604909     -0.98810594     -0.35667494      -0.35667494      -17609.368                                                  -17609.368
              1      -8804.4837      0.30400571      -2.0600562     -0.28852698     -0.35667494      -0.35667494      -17608.254                                                  -17608.254
              1      -8805.2523      0.31963899      -1.4010084     -0.27535555     -0.35667494      -0.35667494      -17609.791                                                  -17609.791
              4      -8805.2058      0.32262148     -0.73833621     -0.25192646     -0.35667494      -0.35667494      -17609.698                                                  -17609.698
              3      -8805.1069      0.32442417      -1.5257878     -0.24707199     -0.35667494      -0.35667494        -17609.5                                                    -17609.5
              1      -8805.1123       0.3202666      -2.0753583     -0.79598352     -0.35667494      -0.35667494      -17609.511                                                  -17609.511
              1      -8805.1206      0.32012315      -2.0158133     -0.80286402     -0.35667494      -0.35667494      -17609.528                                                  -17609.528
              2      -8804.9395      0.32826061     -0.73686534     -0.24285517     -0.35667494      -0.35667494      -17609.166                                                  -17609.166
              1      -8805.0951      0.31696523      0.21471069     -0.39606554     -0.35667494      -0.35667494      -17609.477                                                  -17609.477
              2      -8805.2302      0.32093079     -0.96846373     -0.21545269     -0.35667494      -0.35667494      -17609.747                                                  -17609.747
              3      -8805.1787      0.31533003       -1.202432      -0.2447546     -0.35667494      -0.35667494      -17609.644                                                  -17609.644
              1      -8805.1353      0.31454917      -1.1929098     -0.22103006     -0.35667494      -0.35667494      -17609.557                                                  -17609.557
              6      -8805.2506      0.31935252      -1.2688962     -0.25856356     -0.35667494      -0.35667494      -17609.788                                                  -17609.788
             11      -8805.1808      0.32340147      -1.0683239     -0.20074383     -0.35667494      -0.35667494      -17609.648                                                  -17609.648
              1      -8805.2455      0.31665138     -0.52429267     -0.47072525     -0.35667494      -0.35667494      -17609.778                                                  -17609.778
              3      -8805.1495      0.32349788     -0.50459459     -0.47684878     -0.35667494      -0.35667494      -17609.586                                                  -17609.586
              4      -8805.1854      0.31050437      -1.5200965     -0.74540274     -0.35667494      -0.35667494      -17609.657                                                  -17609.657
              1      -8805.2126      0.31406657      -1.8179365     -0.32462241     -0.35667494      -0.35667494      -17609.712                                                  -17609.712
              3      -8804.0676      0.30095169      -1.9003268     -0.28495058     -0.35667494      -0.35667494      -17607.422                                                  -17607.422
              1      -8805.2657      0.31872171     -0.53208038     -0.56312765     -0.35667494      -0.35667494      -17609.818                                                  -17609.818
              5      -8803.8688      0.30072807      0.42181865     -0.67333275     -0.35667494      -0.35667494      -17607.024                                                  -17607.024
              4      -8805.1783      0.32104232     -0.91716853     -0.66682094     -0.35667494      -0.35667494      -17609.643                                                  -17609.643
              3      -8804.5087      0.29974325      -2.7438618     -0.92294196     -0.35667494      -0.35667494      -17608.304                                                  -17608.304
              1      -8805.0317       0.3061355      -2.5423108     -0.87244716     -0.35667494      -0.35667494       -17609.35                                                   -17609.35
              1      -8804.9999      0.30569119      -2.3439709     -0.89021395     -0.35667494      -0.35667494      -17609.286                                                  -17609.286
              1       -8804.612      0.30267537      -2.2993707     -0.60527159     -0.35667494      -0.35667494      -17608.511                                                  -17608.511
              1      -8804.6806      0.30276639        -2.68111     -0.64929906     -0.35667494      -0.35667494      -17608.648                                                  -17608.648
              2       -8804.762      0.30321847      -2.4662249     -0.75921092     -0.35667494      -0.35667494      -17608.811                                                  -17608.811
              1       -8804.807      0.30366887      -2.5919982     -0.75122459     -0.35667494      -0.35667494      -17608.901                                                  -17608.901
              3      -8805.1268      0.31003954      -2.3268212     -0.48098678     -0.35667494      -0.35667494       -17609.54                                                   -17609.54
              4      -8805.0487      0.30866861      -1.2086538     -0.66731607     -0.35667494      -0.35667494      -17609.384                                                  -17609.384
              1      -8805.1954      0.31415261      -2.0111454      -0.2317576     -0.35667494      -0.35667494      -17609.677                                                  -17609.677
              2      -8804.4131       0.3299709      -1.9808657     -0.48455922     -0.35667494      -0.35667494      -17608.113                                                  -17608.113
              3      -8805.2579      0.31566785      -0.0484168      -1.1744255     -0.35667494      -0.35667494      -17609.802                                                  -17609.802
              5      -8805.2642      0.31370382      -0.8431037      -1.1468948     -0.35667494      -0.35667494      -17609.815                                                  -17609.815
              1      -8805.2561      0.31202331      -1.4106032      -1.0477995     -0.35667494      -0.35667494      -17609.799                                                  -17609.799
              3      -8805.2483      0.31201575      -1.1429701     -0.91285401     -0.35667494      -0.35667494      -17609.783                                                  -17609.783
              1      -8805.1482      0.30901701       -2.635972     -0.69206623     -0.35667494      -0.35667494      -17609.583                                                  -17609.583
              7      -8805.1157      0.30846784      -2.9952319     -0.61509878     -0.35667494      -0.35667494      -17609.518                                                  -17609.518
              1      -8805.1186      0.32256196      -1.6139777     -0.49781796     -0.35667494      -0.35667494      -17609.524                                                  -17609.524
              1      -8805.0235      0.32150332     -0.84747158      -1.0237693     -0.35667494      -0.35667494      -17609.334                                                  -17609.334
              1      -8805.1376      0.31992316      -1.6152008     -0.84602627     -0.35667494      -0.35667494      -17609.562                                                  -17609.562
              2      -8804.9111      0.32437989      -1.3517032      -0.7275179     -0.35667494      -0.35667494      -17609.109                                                  -17609.109
              1      -8804.3404      0.32705193      -1.8260065      -1.0936287     -0.35667494      -0.35667494      -17607.967                                                  -17607.967
              5      -8803.8223      0.33067719      -2.6965472     -0.93461163     -0.35667494      -0.35667494      -17606.931                                                  -17606.931
              2      -8803.6512      0.33169556      -2.7368805     -0.92326733     -0.35667494      -0.35667494      -17606.589                                                  -17606.589
              1      -8802.6074      0.33741703       -1.759351     -0.94713938     -0.35667494      -0.35667494      -17604.501                                                  -17604.501
              2      -8803.7011      0.33231504      -1.0787265      -1.0057658     -0.35667494      -0.35667494      -17606.689                                                  -17606.689
              1      -8805.2351      0.31785813       -1.997352     -0.71717667     -0.35667494      -0.35667494      -17609.757                                                  -17609.757
              4      -8805.2252      0.31872337      -1.9034869     -0.65559642     -0.35667494      -0.35667494      -17609.737                                                  -17609.737
              1      -8805.2279      0.31861973      -1.8829607     -0.66106204     -0.35667494      -0.35667494      -17609.743                                                  -17609.743
              1      -8805.2763      0.31613661      -1.9180882     -0.63144818     -0.35667494      -0.35667494      -17609.839                                                  -17609.839
              2      -8804.6683      0.32733081      -1.0810599     -0.71264077     -0.35667494      -0.35667494      -17608.623                                                  -17608.623
              1      -8805.2719      0.31798508     0.046520471     -0.76474775     -0.35667494      -0.35667494       -17609.83                                                   -17609.83
              4      -8805.0812      0.30849858     -0.32135172     -0.92972862     -0.35667494      -0.35667494      -17609.449                                                  -17609.449
              3      -8805.2039      0.31376368     -0.15826833     -0.64662055     -0.35667494      -0.35667494      -17609.695                                                  -17609.695
              4      -8803.4446      0.29678727     -0.48462084     -0.56457763     -0.35667494      -0.35667494      -17606.176                                                  -17606.176
              1      -8805.2218      0.31093685     -0.13833849      -1.0944383     -0.35667494      -0.35667494       -17609.73                                                   -17609.73
              7      -8805.2045      0.31039812     -0.12885811      -1.0958635     -0.35667494      -0.35667494      -17609.696                                                  -17609.696
              1      -8805.0183      0.32290285      0.31199074      -1.0362648     -0.35667494      -0.35667494      -17609.323                                                  -17609.323
              3      -8805.0618      0.32367765     -0.43162688     -0.69603409     -0.35667494      -0.35667494       -17609.41                                                   -17609.41
              1      -8805.1429      0.31300651     -0.33837169     -0.53908255     -0.35667494      -0.35667494      -17609.572                                                  -17609.572
              1      -8805.1254      0.32083666     -0.37173411     -0.95271724     -0.35667494      -0.35667494      -17609.537                                                  -17609.537
              1      -8804.7263      0.32599496      -1.1185697     -0.82534182     -0.35667494      -0.35667494      -17608.739                                                  -17608.739
              5      -8805.1732      0.30854244      -2.4244192      -0.9958059     -0.35667494      -0.35667494      -17609.633                                                  -17609.633
              3      -8804.3778      0.32649195      -2.5978861      -1.0358445     -0.35667494      -0.35667494      -17608.042                                                  -17608.042
              2      -8804.8428      0.32239646       -2.897715      -0.9572145     -0.35667494      -0.35667494      -17608.972                                                  -17608.972
              1      -8805.2695      0.31340655      -1.1005169     -0.98748081     -0.35667494      -0.35667494      -17609.826                                                  -17609.826
              1      -8805.2783      0.31647433      -1.1378905     -0.63524473     -0.35667494      -0.35667494      -17609.843                                                  -17609.843
              1      -8805.2485      0.31894063      -1.0089559     -0.64546859     -0.35667494      -0.35667494      -17609.784                                                  -17609.784
              6      -8805.2366      0.31554059      -1.6103146      -0.3094213     -0.35667494      -0.35667494       -17609.76                                                   -17609.76
              1      -8805.0685      0.32193516       -1.568655     -0.73414214     -0.35667494      -0.35667494      -17609.424                                                  -17609.424
              3      -8805.1561      0.32149671     -0.18204809     -0.81131062     -0.35667494      -0.35667494      -17609.599                                                  -17609.599
              2      -8805.1381      0.32120848      -1.8689863     -0.60715335     -0.35667494      -0.35667494      -17609.563                                                  -17609.563
              1      -8805.2553       0.3192424      -1.6666999       -0.404614     -0.35667494      -0.35667494      -17609.797                                                  -17609.797
              1      -8804.4866      0.33202668      -0.3583418     -0.44372199     -0.35667494      -0.35667494       -17608.26                                                   -17608.26
              3      -8804.9683      0.32708577     0.010005467     -0.53975473     -0.35667494      -0.35667494      -17609.223                                                  -17609.223
              1      -8805.2143      0.32227418     -0.36600454     -0.28198999     -0.35667494      -0.35667494      -17609.715                                                  -17609.715
              2      -8805.2045      0.31859503     -0.51007518      -0.2590967     -0.35667494      -0.35667494      -17609.696                                                  -17609.696
              2      -8805.2408      0.31385869     -0.60330697     -0.67123124     -0.35667494      -0.35667494      -17609.768                                                  -17609.768
              1      -8805.1739      0.31191413     -0.58305325     -0.67005844     -0.35667494      -0.35667494      -17609.634                                                  -17609.634
              1      -8805.1693      0.31259296     -0.50888195     -0.59913935     -0.35667494      -0.35667494      -17609.625                                                  -17609.625
              2      -8805.1598       0.3207187      -1.6887842     -0.64385397     -0.35667494      -0.35667494      -17609.606                                                  -17609.606
              1      -8804.8809      0.32587225      -1.4977779     -0.53044896     -0.35667494      -0.35667494      -17609.048                                                  -17609.048
              1      -8805.0633      0.32284255      -1.0742077     -0.69344531     -0.35667494      -0.35667494      -17609.413                                                  -17609.413
              1      -8805.0127      0.32331425      -1.1641813       -0.720253     -0.35667494      -0.35667494      -17609.312                                                  -17609.312
              1      -8804.7682      0.30372406      -2.3100987     -0.69946279     -0.35667494      -0.35667494      -17608.823                                                  -17608.823
              1      -8804.7162      0.30153287      -2.2175424      -1.0565265     -0.35667494      -0.35667494      -17608.719                                                  -17608.719
              3      -8805.2189      0.30990966      -2.0745548      -1.0677369     -0.35667494      -0.35667494      -17609.724                                                  -17609.724
              1      -8804.8215      0.30369237      -2.6775096     -0.76786565     -0.35667494      -0.35667494       -17608.93                                                   -17608.93
              2      -8804.5345      0.30325287      -1.0676953     -0.61833605     -0.35667494      -0.35667494      -17608.356                                                  -17608.356
              2      -8804.1495      0.29947922     -0.81218999     -0.74796631     -0.35667494      -0.35667494      -17607.586                                                  -17607.586
              1      -8804.3257       0.3007235     -0.87829086     -0.75397631     -0.35667494      -0.35667494      -17607.938                                                  -17607.938
              2      -8804.3846       0.3011001     -0.75878524     -0.79065865     -0.35667494      -0.35667494      -17608.056                                                  -17608.056
              3      -8804.3998      0.30682885      -0.3227447     -0.30427156     -0.35667494      -0.35667494      -17608.086                                                  -17608.086
              2      -8804.5898      0.30939489     -0.24502252     -0.27210742     -0.35667494      -0.35667494      -17608.466                                                  -17608.466
              2      -8804.4895      0.30884011     -0.29530015     -0.23214208     -0.35667494      -0.35667494      -17608.266                                                  -17608.266
              2      -8805.2598      0.31938754   -0.0042678692     -0.65953854     -0.35667494      -0.35667494      -17609.806                                                  -17609.806
              1      -8805.1307      0.31248677      0.33240864     -0.72143182     -0.35667494      -0.35667494      -17609.548                                                  -17609.548
              1      -8804.4859      0.30277858      -1.0397083     -0.62844798     -0.35667494      -0.35667494      -17608.258                                                  -17608.258
              1      -8804.1549      0.30264813     -0.86564154     -0.36705706     -0.35667494      -0.35667494      -17607.597                                                  -17607.597
              1      -8804.2658       0.3005284      -2.2771408     -0.47589723     -0.35667494      -0.35667494      -17607.818                                                  -17607.818
              1      -8802.2153       0.3390094      -1.3670222      -1.0128851     -0.35667494      -0.35667494      -17603.717                                                  -17603.717
              1      -8802.0871      0.33962703      -1.4010793     -0.98747137     -0.35667494      -0.35667494      -17603.461                                                  -17603.461
              1      -8799.9953      0.34662973      -1.6115165     -0.97178433     -0.35667494      -0.35667494      -17599.277                                                  -17599.277
              2      -8801.4142      0.34286672      -2.5960055     -0.67016409     -0.35667494      -0.35667494      -17602.115                                                  -17602.115
              4      -8802.2558       0.3378945      -2.8656522     -0.98115066     -0.35667494      -0.35667494      -17603.798                                                  -17603.798
              3      -8800.6095      0.34713544     -0.65477409     -0.73757361     -0.35667494      -0.35667494      -17600.506                                                  -17600.506
              1      -8805.2536      0.31760095     -0.88290451      -0.8304208     -0.35667494      -0.35667494      -17609.794                                                  -17609.794
              3      -8805.2603      0.31803136      0.27121983     -0.64609224     -0.35667494      -0.35667494      -17609.807                                                  -17609.807
              1      -8805.1449      0.31655028      0.45366388     -0.55311088     -0.35667494      -0.35667494      -17609.576                                                  -17609.576
              1      -8804.7459      0.30770649    -0.078368622     -0.56033311     -0.35667494      -0.35667494      -17608.778                                                  -17608.778
              1      -8805.2508      0.31221439     -0.73969228     -0.96061351     -0.35667494      -0.35667494      -17609.788                                                  -17609.788
              1      -8804.7459      0.32647207      -2.9610502     -0.41943999     -0.35667494      -0.35667494      -17608.778                                                  -17608.778
              9      -8804.6696      0.32729374      -2.8881707     -0.41652509     -0.35667494      -0.35667494      -17608.626                                                  -17608.626
              2      -8805.2627      0.31415008      -2.3686382     -0.45968632     -0.35667494      -0.35667494      -17609.812                                                  -17609.812
              4      -8805.1784      0.31072087      -2.9493242     -0.45242854     -0.35667494      -0.35667494      -17609.643                                                  -17609.643
              7       -8805.171      0.31182773      -2.6877852     -0.30432603     -0.35667494      -0.35667494      -17609.629                                                  -17609.629
              2      -8805.2722      0.31594804      -1.8368808     -0.43114692     -0.35667494      -0.35667494      -17609.831                                                  -17609.831
              6      -8804.6738      0.30289503       -2.824734     -0.59048709     -0.35667494      -0.35667494      -17608.634                                                  -17608.634
              1       -8804.652      0.30235991      -2.9842661     -0.62597311     -0.35667494      -0.35667494      -17608.591                                                  -17608.591
             11      -8805.2194      0.31758333      -2.9914142     -0.68043559     -0.35667494      -0.35667494      -17609.725                                                  -17609.725
              1      -8805.1124      0.30807479      -2.2932022     -0.78908856     -0.35667494      -0.35667494      -17609.512                                                  -17609.512
              2      -8805.2072      0.30986685      -2.2141174     -0.91575729     -0.35667494      -0.35667494      -17609.701                                                  -17609.701
              2      -8805.2643      0.31357821      -2.5386963     -0.88684894     -0.35667494      -0.35667494      -17609.815                                                  -17609.815
              1       -8805.272      0.31674647      -2.1898101     -0.56992044     -0.35667494      -0.35667494      -17609.831                                                  -17609.831
              2      -8805.2431      0.31942022       -1.638228     -0.48907304     -0.35667494      -0.35667494      -17609.773                                                  -17609.773
              2      -8804.7799      0.32666427      -1.7135707     -0.53979553     -0.35667494      -0.35667494      -17608.846                                                  -17608.846
              1      -8805.2327      0.31320748    -0.025101312     -0.82425173     -0.35667494      -0.35667494      -17609.752                                                  -17609.752
              1      -8805.1797      0.30937828     -0.61814266      -1.0864671     -0.35667494      -0.35667494      -17609.646                                                  -17609.646
              1      -8804.9913      0.30883523      -1.8804099     -0.41133589     -0.35667494      -0.35667494      -17609.269                                                  -17609.269
              1      -8804.1757      0.30174412      -1.4358752      -0.3707209     -0.35667494      -0.35667494      -17607.638                                                  -17607.638
              1      -8803.0752      0.29276808      -2.2661963     -0.48981789     -0.35667494      -0.35667494      -17605.437                                                  -17605.437
              2      -8802.2721      0.28869007      -2.2150831     -0.49443121     -0.35667494      -0.35667494      -17603.831                                                  -17603.831
              1      -8802.3716      0.28985848      -1.7813613     -0.46976334     -0.35667494      -0.35667494       -17604.03                                                   -17604.03
              1      -8805.2762       0.3145766     -0.91294534     -0.90202418     -0.35667494      -0.35667494      -17609.839                                                  -17609.839
              2      -8805.1717      0.30827552      -1.5936561      -1.1894323     -0.35667494      -0.35667494       -17609.63                                                   -17609.63
              1      -8805.1798      0.30857517      -1.6139256      -1.1583338     -0.35667494      -0.35667494      -17609.646                                                  -17609.646
              2      -8804.4488      0.29889075      -1.8807672      -1.1195772     -0.35667494      -0.35667494      -17608.184                                                  -17608.184
              2      -8804.3829      0.29833752      -2.1550921      -1.0763135     -0.35667494      -0.35667494      -17608.052                                                  -17608.052
              3      -8805.2789      0.31558635       -1.681029      -0.6239876     -0.35667494      -0.35667494      -17609.844                                                  -17609.844
              4      -8805.2056      0.31959862      -2.4634402     -0.51930917     -0.35667494      -0.35667494      -17609.698                                                  -17609.698
              1      -8805.1671      0.31734807      -2.1304366       -1.062218     -0.35667494      -0.35667494      -17609.621                                                  -17609.621
              1      -8805.2546      0.31292622      -2.3322541      -1.0616072     -0.35667494      -0.35667494      -17609.796                                                  -17609.796
              4      -8805.2192      0.31006164      -1.7550819      -1.0533281     -0.35667494      -0.35667494      -17609.725                                                  -17609.725
              2      -8805.2232      0.31021305      -1.7622546       -1.051959     -0.35667494      -0.35667494      -17609.733                                                  -17609.733
              1      -8805.2439       0.3111295      -1.6814187       -1.112728     -0.35667494      -0.35667494      -17609.774                                                  -17609.774
              4       -8805.201      0.31524271      -2.7777316      -1.1358056     -0.35667494      -0.35667494      -17609.689                                                  -17609.689
              3      -8804.2591      0.32830093      -2.3004183     -0.90322051     -0.35667494      -0.35667494      -17607.805                                                  -17607.805
              1      -8803.5575      0.33319846       -1.937597     -0.85689757     -0.35667494      -0.35667494      -17606.402                                                  -17606.402
              5      -8804.1899      0.33130596      -2.4403661     -0.45317411     -0.35667494      -0.35667494      -17607.667                                                  -17607.667
              1      -8804.1695      0.32918996      -2.3418575     -0.84940348     -0.35667494      -0.35667494      -17607.626                                                  -17607.626
              3      -8804.1387      0.32942254      -2.3087695     -0.85032675     -0.35667494      -0.35667494      -17607.564                                                  -17607.564
              1      -8805.2594      0.31438416      -1.2925508     -0.58437357     -0.35667494      -0.35667494      -17609.805                                                  -17609.805
              1      -8805.2698      0.31549767      -1.3155554     -0.88466738     -0.35667494      -0.35667494      -17609.826                                                  -17609.826
              3      -8804.8871       0.3234538      -2.0593095     -0.80650666     -0.35667494      -0.35667494      -17609.061                                                  -17609.061
              2      -8805.0167       0.3215177     -0.93648355      -1.0228435     -0.35667494      -0.35667494       -17609.32                                                   -17609.32
              1      -8805.1579      0.32010712     -0.75671651     -0.89726078     -0.35667494      -0.35667494      -17609.603                                                  -17609.603
              1      -8804.6025      0.32767493     -0.16294109     -0.91457784     -0.35667494      -0.35667494      -17608.492                                                  -17608.492
              1      -8804.8218      0.32544086     0.059492907     -0.97190715     -0.35667494      -0.35667494       -17608.93                                                   -17608.93
              1      -8804.8748       0.3249596     0.062970523     -0.95761942     -0.35667494      -0.35667494      -17609.036                                                  -17609.036
              1      -8805.1841      0.31886114     -0.27845419      -1.0694647     -0.35667494      -0.35667494      -17609.655                                                  -17609.655
              1       -8804.881      0.32361821      -1.6816991     -0.84973275     -0.35667494      -0.35667494      -17609.049                                                  -17609.049
              1      -8805.2153       0.3175401     -0.72763534      -1.0575926     -0.35667494      -0.35667494      -17609.717                                                  -17609.717
              5      -8804.7548       0.3240193     -0.61197897       -1.177911     -0.35667494      -0.35667494      -17608.796                                                  -17608.796
              3      -8805.2516      0.31621424      -0.2833754      -1.1162722     -0.35667494      -0.35667494       -17609.79                                                   -17609.79
              1      -8805.1798      0.31738347      -2.7988129     -0.91025747     -0.35667494      -0.35667494      -17609.646                                                  -17609.646
              1      -8804.7964      0.32444653       -2.642683     -0.72046863     -0.35667494      -0.35667494      -17608.879                                                  -17608.879
              3      -8805.2783       0.3154397       -2.635589     -0.51539786     -0.35667494      -0.35667494      -17609.843                                                  -17609.843
              2      -8805.2758      0.31616144      -2.5483238     -0.53087323     -0.35667494      -0.35667494      -17609.838                                                  -17609.838
              7      -8805.2467      0.31787855      -2.7913031     -0.52122146     -0.35667494      -0.35667494       -17609.78                                                   -17609.78
              1      -8805.0136      0.32287715      -2.7829809     -0.52157451     -0.35667494      -0.35667494      -17609.314                                                  -17609.314
              3      -8804.8044      0.32364699      -1.0644503      -1.0826913     -0.35667494      -0.35667494      -17608.895                                                  -17608.895
              2      -8805.2588       0.3154648     -0.99468121      -1.0353616     -0.35667494      -0.35667494      -17609.804                                                  -17609.804
              1      -8805.2638      0.31413854       -1.938752     -0.96011644     -0.35667494      -0.35667494      -17609.814                                                  -17609.814
              1      -8805.2703       0.3155366      -1.9143738     -0.77966715     -0.35667494      -0.35667494      -17609.827                                                  -17609.827
              1      -8804.8767      0.32407597      -1.4236218     -0.82591718     -0.35667494      -0.35667494       -17609.04                                                   -17609.04
              7      -8805.1239      0.32095211     -0.93765224     -0.84245399     -0.35667494      -0.35667494      -17609.535                                                  -17609.535
              1      -8805.2769      0.31667934     -0.76066983     -0.74339465     -0.35667494      -0.35667494       -17609.84                                                   -17609.84
              2      -8805.2763       0.3167763     -0.78372012     -0.73643226     -0.35667494      -0.35667494      -17609.839                                                  -17609.839
              2      -8805.2572      0.31721953    -0.069943816     -0.58456716     -0.35667494      -0.35667494      -17609.801                                                  -17609.801
              3      -8805.2306      0.31796251     -0.94245302     -0.26469452     -0.35667494      -0.35667494      -17609.748                                                  -17609.748
              1       -8805.076      0.30988907      -1.0067396     -0.60039351     -0.35667494      -0.35667494      -17609.439                                                  -17609.439
              3      -8804.8825      0.31293658      0.27542645     -0.44074796     -0.35667494      -0.35667494      -17609.052                                                  -17609.052
              1      -8805.1574      0.31896709     0.081181695     -0.33358283     -0.35667494      -0.35667494      -17609.601                                                  -17609.601
              4      -8805.1658      0.31887138       -2.386824     -0.79502226     -0.35667494      -0.35667494      -17609.618                                                  -17609.618
              1       -8804.944      0.30812361     -0.24704455     -0.71971242     -0.35667494      -0.35667494      -17609.175                                                  -17609.175
              1      -8804.9136      0.30617363      -2.8562976     -0.48638779     -0.35667494      -0.35667494      -17609.114                                                  -17609.114
              1      -8805.0233      0.30864526       -2.776834     -0.35229028     -0.35667494      -0.35667494      -17609.333                                                  -17609.333
              1      -8804.1952      0.30081304      -2.7309532     -0.28213131     -0.35667494      -0.35667494      -17607.677                                                  -17607.677
              2      -8803.1683      0.29495317      -2.3476783     -0.24651982     -0.35667494      -0.35667494      -17605.623                                                  -17605.623
              1      -8804.1361      0.30224019      -1.4841863     -0.27263085     -0.35667494      -0.35667494      -17607.559                                                  -17607.559
              1      -8804.1575      0.30026227      -1.0496658     -0.60716672     -0.35667494      -0.35667494      -17607.602                                                  -17607.602
              1      -8805.0513      0.30975874     -0.77363175     -0.60963562     -0.35667494      -0.35667494      -17609.389                                                  -17609.389
              1      -8805.2074      0.31158171      -1.4964661     -0.66811242     -0.35667494      -0.35667494      -17609.701                                                  -17609.701
              2      -8804.9221      0.30637034      -1.4279746      -0.7021914     -0.35667494      -0.35667494      -17609.131                                                  -17609.131
              3      -8805.0912      0.30739167      -1.5732649     -0.96035915     -0.35667494      -0.35667494      -17609.469                                                  -17609.469
              4      -8805.2441      0.31121543      -2.4114376       -1.093172     -0.35667494      -0.35667494      -17609.775                                                  -17609.775
              3      -8805.2197      0.31707462      -2.4740806      -0.8303329     -0.35667494      -0.35667494      -17609.726                                                  -17609.726
              4      -8805.1755      0.30834635      -2.6453902      -1.0577202     -0.35667494      -0.35667494      -17609.638                                                  -17609.638
              1      -8805.1743      0.30830992      -2.6357331       -1.060569     -0.35667494      -0.35667494      -17609.635                                                  -17609.635
              1      -8801.8892      0.34046813      -1.3260172     -0.98499218     -0.35667494      -0.35667494      -17603.065                                                  -17603.065
              1      -8801.7171      0.34102316      -1.2270203      -1.0162192     -0.35667494      -0.35667494      -17602.721                                                  -17602.721
              1      -8804.6418      0.32596792     -0.52060161      -1.0537338     -0.35667494      -0.35667494       -17608.57                                                   -17608.57
              1      -8804.2903      0.33160323      0.22299362     -0.80615084     -0.35667494      -0.35667494      -17607.867                                                  -17607.867
              2      -8804.1788      0.33215181      -1.1344589     -0.56201179     -0.35667494      -0.35667494      -17607.644                                                  -17607.644
              1      -8805.2099      0.31974126      -1.3851762     -0.65807661     -0.35667494      -0.35667494      -17609.706                                                  -17609.706
              2      -8805.1707      0.32055951      -1.3552043     -0.68782124     -0.35667494      -0.35667494      -17609.628                                                  -17609.628
              1       -8803.584      0.33915865     -0.42257031     -0.30448222     -0.35667494      -0.35667494      -17606.455                                                  -17606.455
              6      -8803.1907      0.33947881      -1.7815402     -0.20698041     -0.35667494      -0.35667494      -17605.668                                                  -17605.668
              5      -8805.2495      0.31580318      -2.3842404     -0.20553599     -0.35667494      -0.35667494      -17609.786                                                  -17609.786
              1      -8805.1274      0.31045299      -2.2266461     -0.43938716     -0.35667494      -0.35667494      -17609.541                                                  -17609.541
              3      -8804.2338      0.29888366      -2.5422022     -0.66128213     -0.35667494      -0.35667494      -17607.754                                                  -17607.754
              3        -8804.33      0.30030017      -1.7545242     -0.67526078     -0.35667494      -0.35667494      -17607.947                                                  -17607.947
              1      -8804.3295      0.30027827      -1.7550179      -0.6781974     -0.35667494      -0.35667494      -17607.946                                                  -17607.946
              1      -8803.7885      0.29720234     -0.75456328     -0.72429412     -0.35667494      -0.35667494      -17606.864                                                  -17606.864
              1      -8805.2459      0.31364302     -0.24148255     -0.78946872     -0.35667494      -0.35667494      -17609.778                                                  -17609.778
              2      -8805.2381      0.31347608     -0.46167779     -0.72977147     -0.35667494      -0.35667494      -17609.763                                                  -17609.763
              1      -8803.6609      0.29334775      -1.5336047      -1.1082417     -0.35667494      -0.35667494      -17606.608                                                  -17606.608
              1      -8803.2727      0.29141702      -1.5817619      -1.0155589     -0.35667494      -0.35667494      -17605.832                                                  -17605.832
              2      -8803.0307      0.29132418     -0.10736291      -1.0373367     -0.35667494      -0.35667494      -17605.348                                                  -17605.348
              6      -8803.5121      0.29356868     -0.24890568      -1.0959746     -0.35667494      -0.35667494      -17606.311                                                  -17606.311
              3      -8805.2562      0.31351568      -1.4644593     -0.64812829     -0.35667494      -0.35667494      -17609.799                                                  -17609.799
              2      -8805.2562      0.31356916       -1.386205     -0.65370951     -0.35667494      -0.35667494      -17609.799                                                  -17609.799
              5      -8804.9014      0.32297559      -1.4875719     -0.94563895     -0.35667494      -0.35667494       -17609.09                                                   -17609.09
              1      -8805.1486      0.30835457      -1.9415489     -0.94973017     -0.35667494      -0.35667494      -17609.584                                                  -17609.584
              1      -8804.5229       0.3046236     -0.51924746     -0.54783343     -0.35667494      -0.35667494      -17608.332                                                  -17608.332
              6       -8804.418      0.30248337      -0.4805931     -0.69501539     -0.35667494      -0.35667494      -17608.123                                                  -17608.123
              1      -8805.2558      0.31406298      -0.1938403     -0.80274185     -0.35667494      -0.35667494      -17609.798                                                  -17609.798
              1      -8805.2675      0.31513247     -0.28576349     -0.74482195     -0.35667494      -0.35667494      -17609.822                                                  -17609.822
              1      -8805.2584      0.31453798      -2.1430679     -0.95221898     -0.35667494      -0.35667494      -17609.803                                                  -17609.803
              1      -8804.8042      0.30478739      -1.9023762     -0.64964163     -0.35667494      -0.35667494      -17608.895                                                  -17608.895
              2      -8804.8055      0.30467026      -2.3779696     -0.59585007     -0.35667494      -0.35667494      -17608.898                                                  -17608.898
              1      -8805.2523      0.31187663      -2.6589453     -0.80493523     -0.35667494      -0.35667494      -17609.791                                                  -17609.791
              4      -8805.2274      0.31774663      -1.1698404     -0.90414749     -0.35667494      -0.35667494      -17609.741                                                  -17609.741
              3      -8804.4597       0.3284423      -2.5222585     -0.58178633     -0.35667494      -0.35667494      -17608.206                                                  -17608.206
              3      -8805.2216      0.31096851      -2.5742641     -0.69563423     -0.35667494      -0.35667494       -17609.73                                                   -17609.73
              2      -8805.2732      0.31693553       -1.688126     -0.60947264     -0.35667494      -0.35667494      -17609.833                                                  -17609.833
              1       -8805.173      0.32438028     -0.29661236     -0.27465775     -0.35667494      -0.35667494      -17609.633                                                  -17609.633
              1      -8805.0033      0.32786449     0.016831695     -0.40857893     -0.35667494      -0.35667494      -17609.293                                                  -17609.293
              3      -8804.9302      0.32804108     -0.11422826      -0.4546124     -0.35667494      -0.35667494      -17609.147                                                  -17609.147
              2        -8805.27      0.31789154      -2.5341651     -0.23680657     -0.35667494      -0.35667494      -17609.827                                                  -17609.827
              1      -8804.8848      0.30609112      -2.3847203     -0.51559915     -0.35667494      -0.35667494      -17609.056                                                  -17609.056
              2      -8804.8025      0.30598025      -2.7699471     -0.32469612     -0.35667494      -0.35667494      -17608.892                                                  -17608.892
              6      -8803.6129      0.29732611      -2.3305109     -0.28162622     -0.35667494      -0.35667494      -17606.512                                                  -17606.512
              2        -8805.21      0.31726464     -0.94139488      -1.0830912     -0.35667494      -0.35667494      -17609.707                                                  -17609.707
              2      -8805.2476      0.31581957     -0.83914715      -1.0961096     -0.35667494      -0.35667494      -17609.782                                                  -17609.782
              6      -8805.2435       0.3111648      -1.0977166      -1.1347372     -0.35667494      -0.35667494      -17609.774                                                  -17609.774
              6      -8805.2679      0.31322919      -1.2147671      -1.0005195     -0.35667494      -0.35667494      -17609.822                                                  -17609.822
              1      -8804.9169      0.30552761     -0.92496972     -0.91401094     -0.35667494      -0.35667494       -17609.12                                                   -17609.12
              2      -8804.8677      0.30541742      -1.7107973     -0.69931091     -0.35667494      -0.35667494      -17609.022                                                  -17609.022
              1      -8804.8323      0.30609408      -2.4698725     -0.40635093     -0.35667494      -0.35667494      -17608.951                                                  -17608.951
              2       -8805.027      0.30897079      -2.3400312     -0.38571965     -0.35667494      -0.35667494      -17609.341                                                  -17609.341
              5      -8804.8644      0.30651935      -2.5370346     -0.38910577     -0.35667494      -0.35667494      -17609.016                                                  -17609.016
              3      -8804.3341      0.30290275      -2.3796963      -0.2121918     -0.35667494      -0.35667494      -17607.955                                                  -17607.955
              1      -8804.4694      0.30380095      -2.5855676     -0.20747719     -0.35667494      -0.35667494      -17608.225                                                  -17608.225
              1      -8805.0963       0.3099083      -2.3838652     -0.40774931     -0.35667494      -0.35667494      -17609.479                                                  -17609.479
              3      -8805.0825        0.309668      -2.3530589     -0.41240995     -0.35667494      -0.35667494      -17609.452                                                  -17609.452
              1       -8805.259      0.31308539      -2.7330256     -0.54791521     -0.35667494      -0.35667494      -17609.805                                                  -17609.805
              5      -8805.2731      0.31429679      -2.8949548     -0.48751871     -0.35667494      -0.35667494      -17609.833                                                  -17609.833
              5      -8804.3131      0.33079834      -2.7024893     -0.35241765     -0.35667494      -0.35667494      -17607.913                                                  -17607.913
              2      -8804.4926       0.3297894      -2.4995676     -0.32749777     -0.35667494      -0.35667494      -17608.272                                                  -17608.272
              1      -8804.4932      0.32951455      -2.3895791     -0.38778527     -0.35667494      -0.35667494      -17608.273                                                  -17608.273
              6      -8805.2345      0.32150796      0.30765201     -0.61916255     -0.35667494      -0.35667494      -17609.756                                                  -17609.756
              5      -8804.7322      0.32445325     -0.69216022       -1.131051     -0.35667494      -0.35667494      -17608.751                                                  -17608.751
              2      -8804.6484      0.32719065     -0.99440228     -0.77622214     -0.35667494      -0.35667494      -17608.583                                                  -17608.583
              1      -8804.8701      0.32254122      -1.5600875      -1.0694932     -0.35667494      -0.35667494      -17609.027                                                  -17609.027
              2      -8805.2519      0.31502698     -0.85714633      -1.1523414     -0.35667494      -0.35667494       -17609.79                                                   -17609.79
              2      -8805.2612      0.31797129      -1.0821225     -0.68725291     -0.35667494      -0.35667494      -17609.809                                                  -17609.809
              2      -8805.2431      0.31192047      -1.4429568     -0.83342624     -0.35667494      -0.35667494      -17609.773                                                  -17609.773
              3      -8805.1317      0.31944864      -2.0286223       -0.872889     -0.35667494      -0.35667494       -17609.55                                                   -17609.55
              3      -8805.2471      0.31580923      -1.1940854     -0.40492252     -0.35667494      -0.35667494      -17609.781                                                  -17609.781
              1      -8805.2583      0.31253681      -2.6295098     -0.69015349     -0.35667494      -0.35667494      -17609.803                                                  -17609.803
              1      -8804.9597      0.32523603     -0.95223023     -0.58136878     -0.35667494      -0.35667494      -17609.206                                                  -17609.206
              1      -8804.9487      0.32489642     -0.81957384     -0.67539669     -0.35667494      -0.35667494      -17609.184                                                  -17609.184
              4      -8804.6076      0.30619417     0.023190849     -0.59409692     -0.35667494      -0.35667494      -17608.502                                                  -17608.502
              1      -8804.2587      0.30323382     -0.11613936     -0.55367142     -0.35667494      -0.35667494      -17607.804                                                  -17607.804
              4      -8804.6526      0.31105985     -0.24052895     -0.21412166     -0.35667494      -0.35667494      -17608.592                                                  -17608.592
              2      -8805.0834      0.31164494     -0.68780226     -0.48336131     -0.35667494      -0.35667494      -17609.453                                                  -17609.453
              1      -8805.2335      0.32123451     -0.38134842     -0.44879062     -0.35667494      -0.35667494      -17609.754                                                  -17609.754
              3      -8805.2362      0.32111417     -0.40933008     -0.40261936     -0.35667494      -0.35667494      -17609.759                                                  -17609.759
              1       -8805.155       0.3136621       -1.186352      -0.3327879     -0.35667494      -0.35667494      -17609.597                                                  -17609.597
             10      -8804.6615      0.30704024      -1.5508581     -0.23039525     -0.35667494      -0.35667494       -17608.61                                                   -17608.61
              9      -8805.1443      0.32423528      -1.0973404     -0.23010052     -0.35667494      -0.35667494      -17609.575                                                  -17609.575
              2      -8805.0062      0.31207838      -1.1499647     -0.23418151     -0.35667494      -0.35667494      -17609.299                                                  -17609.299
              5      -8805.0479      0.31258847     -0.89372441     -0.30124617     -0.35667494      -0.35667494      -17609.382                                                  -17609.382
              3      -8805.0722      0.31003175      -1.0185012     -0.57302112     -0.35667494      -0.35667494      -17609.431                                                  -17609.431
              5      -8805.2712       0.3141572        -2.22482     -0.57671534     -0.35667494      -0.35667494      -17609.829                                                  -17609.829
              1      -8805.0998      0.30916268     -0.54356476     -0.83921721     -0.35667494      -0.35667494      -17609.486                                                  -17609.486
              2      -8805.0038      0.30980272     -0.24349655     -0.63002707     -0.35667494      -0.35667494      -17609.294                                                  -17609.294
              2      -8805.0828      0.30987161     -0.12096195     -0.78645268     -0.35667494      -0.35667494      -17609.452                                                  -17609.452
              1      -8805.2073       0.3101139      -2.7735791     -0.76649621     -0.35667494      -0.35667494      -17609.701                                                  -17609.701
              2      -8805.2477      0.31204617      -2.5726068      -1.1182618     -0.35667494      -0.35667494      -17609.782                                                  -17609.782
              1      -8805.2509      0.31200403      -2.8497884      -1.0158626     -0.35667494      -0.35667494      -17609.789                                                  -17609.789
              3      -8805.2693       0.3162328     -0.67065339     -0.59121573     -0.35667494      -0.35667494      -17609.825                                                  -17609.825
              1        -8805.06       0.3231564      -1.0612116     -0.65688563     -0.35667494      -0.35667494      -17609.407                                                  -17609.407
              3      -8805.0218      0.32322243     -0.69933145     -0.79585953     -0.35667494      -0.35667494       -17609.33                                                   -17609.33
              2      -8804.4432      0.32901638      -2.0420663     -0.58672625     -0.35667494      -0.35667494      -17608.173                                                  -17608.173
              4      -8804.3689      0.32947601      -2.2688858     -0.56821016     -0.35667494      -0.35667494      -17608.024                                                  -17608.024
              1      -8804.9031      0.32736406     -0.70598812     -0.43307949     -0.35667494      -0.35667494      -17609.093                                                  -17609.093
              2      -8805.1404       0.3243604    -0.029724782     -0.50773924     -0.35667494      -0.35667494      -17609.567                                                  -17609.567
              1      -8802.4312      0.34038346      0.35199345      -0.9626148     -0.35667494      -0.35667494      -17604.149                                                  -17604.149
              1      -8803.1681      0.33697365      0.35421627     -0.97796584     -0.35667494      -0.35667494      -17605.623                                                  -17605.623
              1      -8804.0482      0.33343746      -1.4979498     -0.43588114     -0.35667494      -0.35667494      -17607.383                                                  -17607.383
              2      -8804.3162      0.33347311     -0.94665273     -0.29253756     -0.35667494      -0.35667494      -17607.919                                                  -17607.919
              3      -8803.8832      0.33508067     -0.60644215      -0.5262109     -0.35667494      -0.35667494      -17607.053                                                  -17607.053
              1      -8804.5055      0.33046483     -0.75173928      -0.5314151     -0.35667494      -0.35667494      -17608.298                                                  -17608.298
              2      -8804.5054      0.33046925     -0.75332529     -0.53069471     -0.35667494      -0.35667494      -17608.297                                                  -17608.297
              1      -8804.5261      0.33261219    -0.019491564     -0.44276823     -0.35667494      -0.35667494      -17608.339                                                  -17608.339
              2      -8804.0879       0.3360794      -0.1815841     -0.37628062     -0.35667494      -0.35667494      -17607.463                                                  -17607.463
              1      -8804.0552      0.33590822     -0.28132017     -0.38562778     -0.35667494      -0.35667494      -17607.397                                                  -17607.397
              1      -8805.0906      0.31399569      -0.2078615     -0.41111025     -0.35667494      -0.35667494      -17609.468                                                  -17609.468
              1      -8804.8519      0.32744644     -0.71871866     -0.50021638     -0.35667494      -0.35667494       -17608.99                                                   -17608.99
              7      -8805.2633      0.31270404      -2.1789974     -0.87108989     -0.35667494      -0.35667494      -17609.813                                                  -17609.813
              1      -8805.2637       0.3127957      -2.2184839     -0.89699383     -0.35667494      -0.35667494      -17609.814                                                  -17609.814
              4      -8804.9859      0.30464276       -1.870412      -1.1692219     -0.35667494      -0.35667494      -17609.258                                                  -17609.258
              1      -8805.1916      0.31025644      -1.8923012     -0.76202041     -0.35667494      -0.35667494       -17609.67                                                   -17609.67
              1      -8805.0552      0.30755494      -1.9655941     -0.74140367     -0.35667494      -0.35667494      -17609.397                                                  -17609.397
              6      -8805.2249      0.31428335      -2.8382455      -1.1188612     -0.35667494      -0.35667494      -17609.737                                                  -17609.737
              3      -8805.2034      0.31503113      -2.9652179      -1.1272655     -0.35667494      -0.35667494      -17609.693                                                  -17609.693
              6      -8805.0888      0.30869684      -2.3727504     -0.57581506     -0.35667494      -0.35667494      -17609.464                                                  -17609.464
              1      -8804.2047      0.30300213      -1.6136083     -0.22210717     -0.35667494      -0.35667494      -17607.696                                                  -17607.696
              1       -8802.666       0.2925036      -1.8195598     -0.31099055     -0.35667494      -0.35667494      -17604.619                                                  -17604.619
              1       -8802.658      0.29247756      -1.9091506     -0.29305452     -0.35667494      -0.35667494      -17604.603                                                  -17604.603
              1      -8802.6151      0.29180894      -2.3585589     -0.27159462     -0.35667494      -0.35667494      -17604.517                                                  -17604.517
              2      -8802.6227      0.29214896      -2.3585834     -0.23272947     -0.35667494      -0.35667494      -17604.532                                                  -17604.532
              3      -8803.6262      0.29793852       -1.069412     -0.44386717     -0.35667494      -0.35667494      -17606.539                                                  -17606.539
              1        -8804.72      0.30742415    -0.032504136     -0.57196431     -0.35667494      -0.35667494      -17608.727                                                  -17608.727
              1      -8805.0551      0.31248128     -0.27180401     -0.45785607     -0.35667494      -0.35667494      -17609.397                                                  -17609.397
              1       -8805.078      0.32010483      -1.6356546     -0.98467084     -0.35667494      -0.35667494      -17609.443                                                  -17609.443
              2      -8805.0999      0.31965647      -1.6582373     -0.99109281     -0.35667494      -0.35667494      -17609.487                                                  -17609.487
              1      -8805.1149      0.31987191       -2.347808     -0.80855886     -0.35667494      -0.35667494      -17609.517                                                  -17609.517
              2      -8805.0611      0.32073152      -1.8850334     -0.89053969     -0.35667494      -0.35667494      -17609.409                                                  -17609.409
              5       -8805.116      0.32067575      -1.6825901     -0.78397139     -0.35667494      -0.35667494      -17609.519                                                  -17609.519
              1      -8805.1458      0.31993884       -1.720932     -0.80138921     -0.35667494      -0.35667494      -17609.578                                                  -17609.578
              3      -8805.0533       0.3088763       -1.188514     -0.65191563     -0.35667494      -0.35667494      -17609.393                                                  -17609.393
              2      -8805.0038       0.3080853      -0.7658889     -0.73092275     -0.35667494      -0.35667494      -17609.294                                                  -17609.294
              1      -8804.6051      0.32888754     -0.91060372     -0.60062124     -0.35667494      -0.35667494      -17608.497                                                  -17608.497
              4       -8804.207      0.33072549     -0.59828855     -0.83717716     -0.35667494      -0.35667494      -17607.701                                                  -17607.701
              2      -8805.2243      0.32121175     -0.64165684       -0.482943     -0.35667494      -0.35667494      -17609.735                                                  -17609.735
              3      -8805.0235      0.32555476      -1.0931862     -0.37817791     -0.35667494      -0.35667494      -17609.334                                                  -17609.334
              2      -8805.2757      0.31490994      -1.9585101     -0.57031956     -0.35667494      -0.35667494      -17609.838                                                  -17609.838
              2      -8805.2139      0.32143204     0.081750668     -0.67866652     -0.35667494      -0.35667494      -17609.715                                                  -17609.715
              2       -8805.237      0.31977843     -0.13832619     -0.75557656     -0.35667494      -0.35667494      -17609.761                                                  -17609.761
              1      -8805.2745      0.31754134     -0.27272462     -0.70436371     -0.35667494      -0.35667494      -17609.836                                                  -17609.836
              3      -8805.2778      0.31630642     -0.73284161     -0.67889788     -0.35667494      -0.35667494      -17609.842                                                  -17609.842
              1      -8805.2061      0.31205057     -0.84988665     -0.70724585     -0.35667494      -0.35667494      -17609.699                                                  -17609.699
              2      -8805.2141      0.31745295      -2.2765485     -0.83258785     -0.35667494      -0.35667494      -17609.715                                                  -17609.715
              4      -8805.2567      0.31854024      -1.2166881       -0.611045     -0.35667494      -0.35667494        -17609.8                                                    -17609.8
              2      -8804.3803      0.33149514      -1.5514194      -0.3716657     -0.35667494      -0.35667494      -17608.047                                                  -17608.047
              3      -8804.4233      0.33042404     -0.96058316     -0.58665861     -0.35667494      -0.35667494      -17608.133                                                  -17608.133
              1      -8805.0076      0.32312192      -2.5844152     -0.52733123     -0.35667494      -0.35667494      -17609.302                                                  -17609.302
              1      -8805.2565      0.31590374      -2.3783794     -0.23329855     -0.35667494      -0.35667494        -17609.8                                                    -17609.8
              2      -8805.0762      0.31021772      -2.2096415     -0.34882226     -0.35667494      -0.35667494      -17609.439                                                  -17609.439
              1      -8804.7253      0.30582612      -1.2618453     -0.49243404     -0.35667494      -0.35667494      -17608.737                                                  -17608.737
              1      -8804.6905      0.30554676      -1.2622912     -0.48264557     -0.35667494      -0.35667494      -17608.668                                                  -17608.668
              1       -8804.793      0.30655989       -1.261365      -0.4923562     -0.35667494      -0.35667494      -17608.873                                                  -17608.873
              1      -8804.9319      0.30902757      -1.7974833     -0.30450849     -0.35667494      -0.35667494       -17609.15                                                   -17609.15
              2       -8804.843       0.3064745      -2.3084935     -0.39661272     -0.35667494      -0.35667494      -17608.973                                                  -17608.973
              1      -8805.1039      0.31296431      -1.1817806     -0.29822977     -0.35667494      -0.35667494      -17609.494                                                  -17609.494
              1      -8804.6432         0.30502     -0.35835706     -0.66204207     -0.35667494      -0.35667494      -17608.573                                                  -17608.573
              3      -8804.6536      0.32834919      -1.3774696     -0.52968789     -0.35667494      -0.35667494      -17608.594                                                  -17608.594
              2      -8804.7545      0.32601684      -1.6923608     -0.68327627     -0.35667494      -0.35667494      -17608.796                                                  -17608.796
              1      -8804.8746      0.32479226      -1.8284806     -0.65117648     -0.35667494      -0.35667494      -17609.036                                                  -17609.036
              2      -8804.0071      0.33273184      -1.6962372     -0.54327732     -0.35667494      -0.35667494      -17607.301                                                  -17607.301
              1      -8805.1752      0.32434011      0.10539438     -0.26436523     -0.35667494      -0.35667494      -17609.637                                                  -17609.637
              6      -8805.0865      0.32446201      0.22623767       -0.236006     -0.35667494      -0.35667494       -17609.46                                                   -17609.46
              2      -8805.1078      0.32318977     -0.43477387     -0.65562154     -0.35667494      -0.35667494      -17609.502                                                  -17609.502
              3      -8804.3219      0.33183298      0.15173345     -0.73553505     -0.35667494      -0.35667494       -17607.93                                                   -17607.93
              1      -8805.1409      0.32020438      -1.0120347     -0.89171421     -0.35667494      -0.35667494      -17609.568                                                  -17609.568
              7      -8805.2678      0.31522484      -1.6778979     -0.87319586     -0.35667494      -0.35667494      -17609.822                                                  -17609.822
              1      -8805.2183      0.31766861      -1.8108028     -0.85469385     -0.35667494      -0.35667494      -17609.723                                                  -17609.723
              3      -8805.2054      0.30973696      -2.9070984     -0.84171287     -0.35667494      -0.35667494      -17609.698                                                  -17609.698
              1      -8805.2174      0.31016293      -2.7679606     -0.85185504     -0.35667494      -0.35667494      -17609.721                                                  -17609.721
              2      -8805.2273      0.31042837      -2.7826818     -0.89083216     -0.35667494      -0.35667494      -17609.741                                                  -17609.741
              2      -8804.4973      0.32716404      -1.8427369     -0.85154501     -0.35667494      -0.35667494      -17608.281                                                  -17608.281
              2      -8805.1827      0.31679575      -1.5380143      -1.1710139     -0.35667494      -0.35667494      -17609.652                                                  -17609.652
              2      -8805.0653      0.32109551      -1.0778962     -0.95048665     -0.35667494      -0.35667494      -17609.417                                                  -17609.417
              1      -8805.2152      0.31815355      -1.4484744     -0.85718687     -0.35667494      -0.35667494      -17609.717                                                  -17609.717
              1      -8805.2041      0.31847861      -1.4473087     -0.85689159     -0.35667494      -0.35667494      -17609.695                                                  -17609.695
              4      -8805.2155      0.31910213     -0.88058636     -0.81491158     -0.35667494      -0.35667494      -17609.718                                                  -17609.718
              1      -8805.1289      0.32194911     -0.37376628     -0.78675642     -0.35667494      -0.35667494      -17609.544                                                  -17609.544
              2      -8805.2246      0.32019465     -0.35744456     -0.71220935     -0.35667494      -0.35667494      -17609.736                                                  -17609.736
              1      -8805.0615      0.32337664      -1.2625679     -0.58452243     -0.35667494      -0.35667494       -17609.41                                                   -17609.41
              1      -8805.0658      0.32512057     -0.53024317     -0.46601026     -0.35667494      -0.35667494      -17609.418                                                  -17609.418
              5       -8805.223      0.31523085     -0.32993286     -0.53886972     -0.35667494      -0.35667494      -17609.733                                                  -17609.733
              4      -8805.1209      0.32507221     0.028378871     -0.48935478     -0.35667494      -0.35667494      -17609.528                                                  -17609.528
              1       -8805.224      0.32179837     -0.33653684     -0.33082198     -0.35667494      -0.35667494      -17609.735                                                  -17609.735
              2      -8805.2471        0.320276     -0.68341605      -0.3974774     -0.35667494      -0.35667494      -17609.781                                                  -17609.781
              1      -8805.2557       0.3191347     -0.60146253     -0.41446894     -0.35667494      -0.35667494      -17609.798                                                  -17609.798
              3       -8805.268      0.31596971      -1.1234747     -0.51746792     -0.35667494      -0.35667494      -17609.823                                                  -17609.823
              2      -8805.1752      0.32526363      0.16865751     -0.33651096     -0.35667494      -0.35667494      -17609.637                                                  -17609.637
              1      -8805.1743      0.32478588    -0.082103805     -0.26557831     -0.35667494      -0.35667494      -17609.635                                                  -17609.635
              2      -8804.6268      0.30970575    -0.087735001     -0.32403957     -0.35667494      -0.35667494       -17608.54                                                   -17608.54
              1       -8805.042      0.31787775     0.039622327     -0.25496448     -0.35667494      -0.35667494      -17609.371                                                  -17609.371
              2      -8805.2151      0.32139579     -0.64872851     -0.50634056     -0.35667494      -0.35667494      -17609.717                                                  -17609.717
              1      -8804.6807        0.307485      -1.4190627     -0.23018466     -0.35667494      -0.35667494      -17608.648                                                  -17608.648
              1       -8804.644      0.30402438      -2.2319542     -0.45466269     -0.35667494      -0.35667494      -17608.575                                                  -17608.575
              6      -8805.2379      0.31403981      -2.4850602     -0.30792971     -0.35667494      -0.35667494      -17609.762                                                  -17609.762
              4      -8804.1993      0.33102013      0.39636963      -0.9954764     -0.35667494      -0.35667494      -17607.685                                                  -17607.685
              1      -8804.1713      0.33203802     -0.77421069     -0.65219137     -0.35667494      -0.35667494      -17607.629                                                  -17607.629
              2      -8804.9934       0.3238309      -1.0595535     -0.70133657     -0.35667494      -0.35667494      -17609.273                                                  -17609.273
              5      -8805.1922      0.32327917     -0.23136063     -0.40150516     -0.35667494      -0.35667494      -17609.671                                                  -17609.671
              2      -8805.1485         0.31636     -0.52450164     -0.26688027     -0.35667494      -0.35667494      -17609.584                                                  -17609.584
              2      -8804.8018      0.30664183     -0.66556816     -0.60621824     -0.35667494      -0.35667494       -17608.89                                                   -17608.89
              2      -8805.2706       0.3154955      -2.3207704     -0.71466653     -0.35667494      -0.35667494      -17609.828                                                  -17609.828
              1      -8804.8333      0.30731228      -2.1944301      -0.2917512     -0.35667494      -0.35667494      -17608.953                                                  -17608.953
              3      -8805.1321      0.31297564      -1.7092925     -0.25029904     -0.35667494      -0.35667494      -17609.551                                                  -17609.551
              3      -8805.1342      0.31310825      -1.7287376     -0.23832257     -0.35667494      -0.35667494      -17609.555                                                  -17609.555
              1      -8805.1364      0.31348388      -1.6623036     -0.22087856     -0.35667494      -0.35667494      -17609.559                                                  -17609.559
              1      -8805.0414      0.31072864     -0.52955844     -0.53533258     -0.35667494      -0.35667494      -17609.369                                                  -17609.369
              1      -8805.0715      0.30917563      -1.6220911     -0.57724878     -0.35667494      -0.35667494       -17609.43                                                   -17609.43
              1      -8804.6389      0.32804438      -1.6203155     -0.55249015     -0.35667494      -0.35667494      -17608.564                                                  -17608.564
              2      -8804.6616      0.32804278      -1.6578003     -0.51480773     -0.35667494      -0.35667494       -17608.61                                                   -17608.61
              1      -8804.9144      0.32453789       -1.118544     -0.73707617     -0.35667494      -0.35667494      -17609.115                                                  -17609.115
              1       -8805.084      0.32271393     -0.95958764      -0.6834404     -0.35667494      -0.35667494      -17609.455                                                  -17609.455
              1      -8804.8656      0.32588415      -0.6472325     -0.70885305     -0.35667494      -0.35667494      -17609.018                                                  -17609.018
              1      -8805.2181      0.32046048     -0.19321874     -0.73712737     -0.35667494      -0.35667494      -17609.723                                                  -17609.723
              1      -8805.2272      0.32142657      -0.1187075     -0.55114309     -0.35667494      -0.35667494      -17609.741                                                  -17609.741
              3      -8805.2185      0.32154297      -1.0440868     -0.36408779     -0.35667494      -0.35667494      -17609.724                                                  -17609.724
              3      -8804.8648      0.32944119     -0.39948098     -0.30680446     -0.35667494      -0.35667494      -17609.016                                                  -17609.016
              8      -8804.6299      0.33601368      0.42243291     -0.39826813     -0.35667494      -0.35667494      -17608.547                                                  -17608.547
              3      -8804.3638      0.33615783      0.25536089     -0.39363713     -0.35667494      -0.35667494      -17608.014                                                  -17608.014
              2      -8805.0728      0.32430138      -0.4496643     -0.58154653     -0.35667494      -0.35667494      -17609.432                                                  -17609.432
              1      -8804.6768       0.3250576     -0.90634803      -1.0860889     -0.35667494      -0.35667494       -17608.64                                                   -17608.64
              3       -8804.405      0.32722311      -1.8263184     -0.97155068     -0.35667494      -0.35667494      -17608.097                                                  -17608.097
              2      -8805.1629      0.31990735     -0.36111895     -0.97843861     -0.35667494      -0.35667494      -17609.612                                                  -17609.612
              3      -8804.6962      0.30694358      -1.4910647     -0.28811952     -0.35667494      -0.35667494      -17608.679                                                  -17608.679
              1      -8804.2757      0.30204464      -1.2577911     -0.45970776     -0.35667494      -0.35667494      -17607.838                                                  -17607.838
              1      -8805.1106      0.31036288      -1.0539575     -0.61018256     -0.35667494      -0.35667494      -17609.508                                                  -17609.508
              2      -8805.2448      0.31245332      -2.5372292     -0.56799192     -0.35667494      -0.35667494      -17609.776                                                  -17609.776
              1      -8805.2396      0.31535226      -2.3712654     -0.96628304     -0.35667494      -0.35667494      -17609.766                                                  -17609.766
              2      -8805.2404      0.31118838        -2.67942      -0.8272478     -0.35667494      -0.35667494      -17609.767                                                  -17609.767
              2      -8805.0678      0.30798593      -1.5365887     -0.76932986     -0.35667494      -0.35667494      -17609.422                                                  -17609.422
              2      -8805.2764      0.31476669      -2.8491492     -0.57051606     -0.35667494      -0.35667494      -17609.839                                                  -17609.839
              4      -8805.1688      0.31962683      -2.9704726     -0.57756128     -0.35667494      -0.35667494      -17609.624                                                  -17609.624
              4       -8805.265      0.31365386      -2.8943159     -0.48328072     -0.35667494      -0.35667494      -17609.817                                                  -17609.817
              2      -8803.4665      0.29369115      -2.1180363     -0.72539685     -0.35667494      -0.35667494       -17606.22                                                   -17606.22
              2      -8803.4536      0.29371849      -1.7384328     -0.76711285     -0.35667494      -0.35667494      -17606.194                                                  -17606.194
              1      -8804.9442      0.32317845      -1.1108787     -0.88936722     -0.35667494      -0.35667494      -17609.175                                                  -17609.175
              1      -8805.0186       0.3227926     -0.59996123     -0.88275269     -0.35667494      -0.35667494      -17609.324                                                  -17609.324
              1      -8804.9427      0.32642066     -0.83843492     -0.46662221     -0.35667494      -0.35667494      -17609.172                                                  -17609.172
              1      -8805.0442      0.32427377      -1.3061346     -0.48229964     -0.35667494      -0.35667494      -17609.375                                                  -17609.375
              1      -8804.7534      0.32894042      -1.6253488     -0.25699079     -0.35667494      -0.35667494      -17608.793                                                  -17608.793
              1      -8804.7929      0.32857434      -1.6210637     -0.25123563     -0.35667494      -0.35667494      -17608.872                                                  -17608.872
              1      -8804.9521      0.32285969      -0.9611377     -0.94780215     -0.35667494      -0.35667494      -17609.191                                                  -17609.191
              1      -8804.3305      0.30103217     -0.29684793     -0.82295226     -0.35667494      -0.35667494      -17607.948                                                  -17607.948
              2      -8804.4783      0.30285255     0.036136706     -0.81721073     -0.35667494      -0.35667494      -17608.243                                                  -17608.243
              1      -8804.7988      0.30719525      -1.0625879     -0.46283489     -0.35667494      -0.35667494      -17608.884                                                  -17608.884
              1      -8805.1507      0.31166483      -1.1464649     -0.53297478     -0.35667494      -0.35667494      -17609.588                                                  -17609.588
              1      -8805.2243       0.3139654     -0.98293393     -0.52458407     -0.35667494      -0.35667494      -17609.735                                                  -17609.735
              1      -8805.2212       0.3189236      -1.3731564     -0.73239132     -0.35667494      -0.35667494      -17609.729                                                  -17609.729
              1      -8805.2749      0.31421814     -0.59341117     -0.96598587     -0.35667494      -0.35667494      -17609.836                                                  -17609.836
              1       -8804.693       0.3028158      -1.0269506     -0.92305369     -0.35667494      -0.35667494      -17608.673                                                  -17608.673
              1       -8804.827      0.30360562      -1.4260121     -0.98709857     -0.35667494      -0.35667494      -17608.941                                                  -17608.941
              6      -8805.2061      0.31294798      -2.8798068     -0.24653614     -0.35667494      -0.35667494      -17609.699                                                  -17609.699
              1      -8805.0014      0.30913596      -1.9757183     -0.37509425     -0.35667494      -0.35667494      -17609.289                                                  -17609.289
              3      -8805.2631      0.31749398      -1.2088462     -0.37978688     -0.35667494      -0.35667494      -17609.813                                                  -17609.813
              1      -8805.2476      0.31659312      -1.1587492     -0.35832542     -0.35667494      -0.35667494      -17609.782                                                  -17609.782
              1      -8805.0117      0.30953393      -2.2471209     -0.29846263     -0.35667494      -0.35667494       -17609.31                                                   -17609.31
              7      -8805.0648      0.31065336      -2.2878032     -0.25890067     -0.35667494      -0.35667494      -17609.416                                                  -17609.416
              1      -8805.2459      0.31486332       -2.375626     -0.27543325     -0.35667494      -0.35667494      -17609.778                                                  -17609.778
              1      -8805.1955      0.30988042      -2.2523122     -0.81345554     -0.35667494      -0.35667494      -17609.678                                                  -17609.678
              1      -8805.2283      0.31986121      0.41130227     -0.90631017     -0.35667494      -0.35667494      -17609.743                                                  -17609.743
              1       -8805.258      0.31547846      0.22692071     -0.76799533     -0.35667494      -0.35667494      -17609.803                                                  -17609.803
              1      -8805.1913      0.31093812     -0.42096507     -0.88695159     -0.35667494      -0.35667494      -17609.669                                                  -17609.669
              2      -8805.2642      0.31737735     -0.99325055     -0.76472985     -0.35667494      -0.35667494      -17609.815                                                  -17609.815
              1      -8805.1556      0.31957274       -1.743053     -0.82247106     -0.35667494      -0.35667494      -17609.598                                                  -17609.598
              2       -8804.932      0.32438238       -1.909119     -0.59508878     -0.35667494      -0.35667494      -17609.151                                                  -17609.151
              3      -8804.9295      0.32441044      -1.9039362     -0.59575766     -0.35667494      -0.35667494      -17609.146                                                  -17609.146
              8      -8805.0458      0.32189766      -2.9167556     -0.58254531     -0.35667494      -0.35667494      -17609.378                                                  -17609.378
              2      -8804.7465      0.32931923      -1.0711282      -0.3246813     -0.35667494      -0.35667494       -17608.78                                                   -17608.78
              2      -8804.8674      0.32848747      -1.3120443     -0.20425049     -0.35667494      -0.35667494      -17609.021                                                  -17609.021
              1      -8805.2712       0.3180403     -0.38326758     -0.66737975     -0.35667494      -0.35667494      -17609.829                                                  -17609.829
              2      -8805.1281      0.31812927      -2.5463879      -1.0182971     -0.35667494      -0.35667494      -17609.543                                                  -17609.543
              1      -8805.0906      0.30775195      -2.7934327     -0.69692573     -0.35667494      -0.35667494      -17609.468                                                  -17609.468
              2      -8805.2593      0.31856059      -1.8358714     -0.47180303     -0.35667494      -0.35667494      -17609.805                                                  -17609.805
              2      -8804.8611      0.30650384      -1.1628474     -0.61850757     -0.35667494      -0.35667494      -17609.009                                                  -17609.009
              1      -8804.7322      0.30719808     -0.96088674     -0.40364645     -0.35667494      -0.35667494      -17608.751                                                  -17608.751
              2       -8804.397      0.33295486     -0.16146747      -0.4713928     -0.35667494      -0.35667494      -17608.081                                                  -17608.081
              1      -8804.0926      0.33472426      -0.2423356     -0.49450281     -0.35667494      -0.35667494      -17607.472                                                  -17607.472
              3      -8804.1217      0.33417594      0.26561453     -0.66637783     -0.35667494      -0.35667494       -17607.53                                                   -17607.53
              2      -8804.6413      0.33294357      0.49323482     -0.55003775     -0.35667494      -0.35667494      -17608.569                                                  -17608.569
              2      -8804.3041      0.33272415      -0.6469559     -0.46280622     -0.35667494      -0.35667494      -17607.895                                                  -17607.895
              1      -8805.0104      0.32636199     -0.68150103     -0.37905875     -0.35667494      -0.35667494      -17609.307                                                  -17609.307
              1      -8804.3147      0.33279838     -0.60740397     -0.45275019     -0.35667494      -0.35667494      -17607.916                                                  -17607.916
              1      -8804.0196      0.33580686     -0.83566482     -0.28322227     -0.35667494      -0.35667494      -17607.326                                                  -17607.326
              2      -8804.1071      0.33281627      -2.0734785     -0.36801393     -0.35667494      -0.35667494      -17607.501                                                  -17607.501
              1      -8803.9284      0.33267176     -0.59825594     -0.81799757     -0.35667494      -0.35667494      -17607.144                                                  -17607.144
              2      -8804.2618      0.33060343     -0.56582598     -0.80496085     -0.35667494      -0.35667494       -17607.81                                                   -17607.81
              2       -8803.814      0.33491367     -0.55369454     -0.61150848     -0.35667494      -0.35667494      -17606.915                                                  -17606.915
              1       -8803.922      0.33167762       -1.665198     -0.80000025     -0.35667494      -0.35667494      -17607.131                                                  -17607.131
              4      -8805.1268      0.30773301     -0.57089307      -1.1972224     -0.35667494      -0.35667494       -17609.54                                                   -17609.54
              2      -8805.2609      0.31405833     -0.82829791     -0.71729404     -0.35667494      -0.35667494      -17609.808                                                  -17609.808
              1      -8805.2195      0.31230771      0.36137173     -0.96172187     -0.35667494      -0.35667494      -17609.726                                                  -17609.726
              1      -8805.2224      0.31215469      0.31092898      -0.9820908     -0.35667494      -0.35667494      -17609.731                                                  -17609.731
              2      -8804.1214      0.30186383      -1.3106912     -0.33477232     -0.35667494      -0.35667494       -17607.53                                                   -17607.53
              1      -8804.9964      0.30836095       -2.300516     -0.41336794     -0.35667494      -0.35667494      -17609.279                                                  -17609.279
              2      -8805.0559      0.30941132      -2.2718812     -0.39937218     -0.35667494      -0.35667494      -17609.398                                                  -17609.398
              3      -8805.1028      0.31041579      -1.0127619       -0.593079     -0.35667494      -0.35667494      -17609.492                                                  -17609.492
              1      -8805.2219      0.31839235     -0.24037494     -0.99716553     -0.35667494      -0.35667494       -17609.73                                                   -17609.73
              2       -8805.273      0.31433965     -0.11360848      -1.1144419     -0.35667494      -0.35667494      -17609.833                                                  -17609.833
              1      -8805.2246      0.31688899     -0.19975747      -1.1879918     -0.35667494      -0.35667494      -17609.736                                                  -17609.736
              1      -8805.1628      0.30853893     -0.76256423      -1.1657391     -0.35667494      -0.35667494      -17609.612                                                  -17609.612
              2      -8805.0374       0.3063668     -0.43041261       -1.163169     -0.35667494      -0.35667494      -17609.361                                                  -17609.361
              1      -8805.2348      0.31128962     -0.54293646      -1.0490854     -0.35667494      -0.35667494      -17609.756                                                  -17609.756
              1      -8805.2319       0.3116546     -0.15380406      -1.0191413     -0.35667494      -0.35667494      -17609.751                                                  -17609.751
              1      -8803.8268      0.29797265     -0.80728015     -0.64628681     -0.35667494      -0.35667494       -17606.94                                                   -17606.94
              3      -8804.6432      0.30308385      -1.2157716     -0.76448185     -0.35667494      -0.35667494      -17608.573                                                  -17608.573
              3       -8803.554      0.29812132      -0.8411311     -0.41929156     -0.35667494      -0.35667494      -17606.395                                                  -17606.395
              5      -8802.4144      0.28949073     0.034804932     -0.87831686     -0.35667494      -0.35667494      -17604.115                                                  -17604.115
              1      -8805.2094      0.31645302      -1.2940709      -1.1421083     -0.35667494      -0.35667494      -17609.706                                                  -17609.706
              3      -8805.0647      0.32044981     -0.93410213      -1.0740544     -0.35667494      -0.35667494      -17609.416                                                  -17609.416
              1      -8805.1379      0.32136685     -0.64806182     -0.79352528     -0.35667494      -0.35667494      -17609.562                                                  -17609.562
              1      -8805.1769      0.32091409    0.0064641387     -0.86530932     -0.35667494      -0.35667494       -17609.64                                                   -17609.64
              1      -8805.2374      0.31291034      -0.1433163     -0.85836477     -0.35667494      -0.35667494      -17609.762                                                  -17609.762
              6      -8805.2321      0.31401732      -1.3380029     -0.48316042     -0.35667494      -0.35667494      -17609.751                                                  -17609.751
              1      -8805.1689      0.31586485      0.30897227     -0.55510255     -0.35667494      -0.35667494      -17609.625                                                  -17609.625
              1      -8802.9491       0.2965828      0.21669355     -0.51147562     -0.35667494      -0.35667494      -17605.185                                                  -17605.185
              1      -8802.6151       0.2974276      0.23730542     -0.38182431     -0.35667494      -0.35667494      -17604.517                                                  -17604.517
              3      -8802.5501      0.30091149      0.48910351     -0.40597491     -0.35667494      -0.35667494      -17604.387                                                  -17604.387
              2      -8802.6972       0.3053458      0.28503913      -0.2175491     -0.35667494      -0.35667494      -17604.681                                                  -17604.681
              2      -8804.7055      0.30881166     -0.46596115     -0.33839797     -0.35667494      -0.35667494      -17608.698                                                  -17608.698
              2      -8804.7407      0.30868047     -0.41550773      -0.3917427     -0.35667494      -0.35667494      -17608.768                                                  -17608.768
              1      -8804.5526      0.30604397     -0.46532987     -0.44548875     -0.35667494      -0.35667494      -17608.392                                                  -17608.392
              1      -8804.8997      0.30926843     -0.14666358     -0.56575185     -0.35667494      -0.35667494      -17609.086                                                  -17609.086
              1      -8805.2346      0.31310461      -1.1272299     -0.63774402     -0.35667494      -0.35667494      -17609.756                                                  -17609.756
              3      -8803.0826      0.29829334      -0.5124939     -0.22776064     -0.35667494      -0.35667494      -17605.452                                                  -17605.452
              1      -8803.0904      0.29829727     -0.52360899     -0.22790035     -0.35667494      -0.35667494      -17605.467                                                  -17605.467
              3      -8804.8273      0.31221358     -0.23744263     -0.26269024     -0.35667494      -0.35667494      -17608.941                                                  -17608.941
              1      -8805.2326      0.31972132   -0.0021316114     -0.41909142     -0.35667494      -0.35667494      -17609.752                                                  -17609.752
              1      -8805.0873      0.30854952      -1.1649253     -0.79164009     -0.35667494      -0.35667494      -17609.461                                                  -17609.461
              1      -8803.2439      0.29675201     -0.57733719      -0.4265482     -0.35667494      -0.35667494      -17605.774                                                  -17605.774
              3      -8802.9581      0.29476109     -0.45378902     -0.49444917     -0.35667494      -0.35667494      -17605.203                                                  -17605.203
              1      -8805.2669      0.31840634      -1.5312522     -0.37745493     -0.35667494      -0.35667494      -17609.821                                                  -17609.821
              3      -8804.8498        0.323386     -0.91970463      -1.0659311     -0.35667494      -0.35667494      -17608.986                                                  -17608.986
              3      -8804.9166       0.3219036      -1.5864297       -1.078665     -0.35667494      -0.35667494       -17609.12                                                   -17609.12
              4      -8805.1843      0.31234008     -0.17316221     -0.73206794     -0.35667494      -0.35667494      -17609.655                                                  -17609.655
              6      -8805.1544      0.30970674     -0.50089588      -0.9305285     -0.35667494      -0.35667494      -17609.596                                                  -17609.596
              2      -8805.2694      0.31515929     -0.55182398      -1.0435305     -0.35667494      -0.35667494      -17609.825                                                  -17609.825
              2      -8805.1536      0.32041598     -0.97342289     -0.82859109     -0.35667494      -0.35667494      -17609.594                                                  -17609.594
              5      -8805.1668      0.31999673      -1.0307825     -0.83870365     -0.35667494      -0.35667494       -17609.62                                                   -17609.62
              3      -8805.1368      0.32040073      -1.0492633      -0.8685521     -0.35667494      -0.35667494       -17609.56                                                   -17609.56
              3      -8805.2535      0.31193846      -1.7434545      -1.1151071     -0.35667494      -0.35667494      -17609.794                                                  -17609.794
              6      -8805.2138      0.30993101      -1.8822493      -1.0122338     -0.35667494      -0.35667494      -17609.714                                                  -17609.714
              3      -8805.2726      0.31528095      -1.0358455      -0.9176491     -0.35667494      -0.35667494      -17609.832                                                  -17609.832
              1      -8805.2585      0.31614082    -0.066659398     -0.65529262     -0.35667494      -0.35667494      -17609.804                                                  -17609.804
              3      -8805.2606      0.31618091     0.053883901     -0.68940415     -0.35667494      -0.35667494      -17609.808                                                  -17609.808
              1      -8804.0364      0.29952484    -0.092880101     -0.77191512     -0.35667494      -0.35667494       -17607.36                                                   -17607.36
              2      -8804.0154      0.29906456     -0.52252948     -0.72549562     -0.35667494      -0.35667494      -17607.317                                                  -17607.317
              1      -8804.9729      0.31069914       0.1628739     -0.60653279     -0.35667494      -0.35667494      -17609.233                                                  -17609.233
              1      -8804.9511      0.32383469      -1.6702901     -0.68213206     -0.35667494      -0.35667494      -17609.189                                                  -17609.189
              1      -8805.0147      0.32254809      -1.6207567     -0.75666361     -0.35667494      -0.35667494      -17609.316                                                  -17609.316
